storm_id,split,name,season,basin,area,n_fixes
1999343S09095,test,ILSA,2000,SI,south_indian_ocean,35
2000031S11074,test,DAMIENNE,2000,SI,south_indian_ocean,30
2000058S14063,test,GLORIA,2000,SI,south_indian_ocean,51
2000164N12256,test,BUD,2000,EP,eastern_pacific,23
2000185N15117,test,KAI-TAK,2000,WP,western_pacific,39
2000187N12245,test,UNNAMED,2000,EP,eastern_pacific,11
2000214N22155,test,JELAWAT,2000,WP,western_pacific,49
2000220N24149,test,UNNAMED,2000,WP,western_pacific,16
2000222N14143,test,EWINIAR,2000,WP,western_pacific,52
2000226N16258,test,ILEANA,2000,EP,eastern_pacific,17
2000230N30169,test,UNNAMED,2000,WP,western_pacific,10
2000245N14157,test,SAOMAI,2000,WP,western_pacific,74
2000260N19253,test,MIRIAM,2000,EP,eastern_pacific,8
2000315S08083,test,UNNAMED,2001,SI,south_indian_ocean,41
2001028S15128,test,TERRI,2001,SI,south_indian_ocean,17
2001049S17198,test,OMA,2001,SP,southern_pacific,25
2001091S11111,test,WALTER,2001,SI,south_indian_ocean,29
2001180N15118,test,DURIAN,2001,WP,western_pacific,19
2001181N08141,test,UTOR,2001,WP,western_pacific,32
2001189N13130,test,TRAMI,2001,WP,western_pacific,19
2001192N21177,test,UNNAMED,2001,WP,western_pacific,3
2001212N10158,test,MAN-YI,2001,WP,western_pacific,44
2001235N17225,test,UNNAMED,2001,EP,eastern_pacific,7
2001264N13269,test,JULIETTE,2001,EP,eastern_pacific,48
2001284N14261,test,MANUEL,2001,EP,eastern_pacific,31
2001294N11235,test,NARDA,2001,EP,eastern_pacific,20
2001309N10130,test,LINGLING,2001,WP,western_pacific,30
2001313N12084,test,UNNAMED,2001,NI,bay_of_bengal,14
2002015S20159,test,UNNAMED,2002,SP,southern_pacific,5
2002017S07078,test,DINA,2002,SI,south_indian_ocean,49
2002096S10103,test,DIANNE:JERY,2002,SI,south_indian_ocean,31
2002227N14115,test,VONGFONG,2002,WP,western_pacific,23
2002234N11221,test,ALIKA,2002,EP,eastern_pacific,27
2002237N10202,test,ELE,2002,EP,eastern_pacific,73
2002247S03067,test,ABAIMBA,2003,SI,south_indian_ocean,20
2002314N12083,test,UNNAMED,2002,NI,bay_of_bengal,12
2002319S06078,test,BOURA,2003,SI,south_indian_ocean,51
2002335S13182,test,YOLANDE,2003,SP,southern_pacific,40
2002355N04077,test,UNNAMED,2002,NI,bay_of_bengal,19
2003062S10080,test,KALUNDE,2003,SI,south_indian_ocean,57
2003144N16119,test,LINFA,2003,WP,western_pacific,45
2003212N09150,test,ETAU,2003,WP,western_pacific,47
2003212N12130,test,MORAKOT,2003,WP,western_pacific,22
2003219N16244,test,GUILLERMO,2003,EP,eastern_pacific,24
2003262N17254,test,MARTY,2003,EP,eastern_pacific,30
2003267N15140,test,KOPPU,2003,WP,western_pacific,40
2003294N11112,test,UNNAMED,2003,WP,western_pacific,13
2003338S09065,test,CELA,2004,SI,south_indian_ocean,73
2003358S06067,test,DARIUS,2004,SI,south_indian_ocean,48
2004061S12072,test,GAFILO,2004,SI,south_indian_ocean,69
2004072S11146,test,FAY,2004,SP,southern_pacific,67
2004125S08084,test,JUBA,2004,SI,south_indian_ocean,54
2004158N07142,test,CHANTHU,2004,WP,western_pacific,41
2004216N16166,test,MERANTI,2004,WP,western_pacific,42
2004219N15137,test,RANANIM,2004,WP,western_pacific,38
2004230N09172,test,CHABA,2004,WP,western_pacific,79
2004276N12087,test,UNNAMED,2004,NI,bay_of_bengal,8
2004284N07157,test,TOKAGE,2004,WP,western_pacific,52
2004286N14263,test,LESTER,2004,EP,eastern_pacific,8
2004357S16216,test,JUDY,2005,SP,southern_pacific,25
2004365S13120,test,RAYMOND,2005,SI,south_indian_ocean,45
2005006S09099,test,SALLY,2005,SI,south_indian_ocean,17
2005013N05153,test,KULAP,2005,WP,western_pacific,27
2005026S20040,test,FELAPI,2005,SI,south_indian_ocean,35
2005042S12190,test,NANCY,2005,SP,southern_pacific,32
2005089S10085,test,ISANG,2005,SI,south_indian_ocean,42
2005138N10265,test,ADRIAN,2005,EP,eastern_pacific,14
2005172N22069,test,UNNAMED,2005,NI,arabian_sea,6
2005177N13263,test,CALVIN,2005,EP,eastern_pacific,30
2005210N21088,test,UNNAMED,2005,NI,bay_of_bengal,10
2005230N20144,test,MAWAR,2005,WP,western_pacific,57
2005237N14148,test,TALIM,2005,WP,western_pacific,39
2005308S07098,test,UNNAMED,2006,SI,south_indian_ocean,17
2005311N08140,test,TEMBIN,2005,WP,western_pacific,25
2005322S04095,test,ALVIN:BERTIE,2006,SI,south_indian_ocean,61
2005338N09093,test,FANOOS,2005,NI,bay_of_bengal,35
2006021S11053,test,BOLOETSE,2006,SI,south_indian_ocean,69
2006049S16051,test,UNNAMED,2006,SI,south_indian_ocean,24
2006093S15115,test,HUBERT,2006,SI,south_indian_ocean,24
2006192N13250,test,BUD,2006,EP,eastern_pacific,27
2006252N13139,test,SHANSHAN,2006,WP,western_pacific,44
2006257N16259,test,LANE,2006,EP,eastern_pacific,16
2006264N23087,test,UNNAMED,2006,NI,bay_of_bengal,12
2006281N11201,test,UNNAMED,2006,EP,eastern_pacific,37
2006350S07071,test,BONDO,2007,SI,south_indian_ocean,52
2007021S12183,test,ARTHUR,2007,SP,southern_pacific,34
2007043S11071,test,FAVIO,2007,SI,south_indian_ocean,49
2007050S16079,test,GAMEDE,2007,SI,south_indian_ocean,62
2007084S12157,test,BECKY,2007,SP,southern_pacific,21
2007133N15091,test,AKASH,2007,NI,bay_of_bengal,9
2007136S10158,test,PIERRE,2007,SP,southern_pacific,32
2007196N15246,test,UNNAMED,2007,EP,eastern_pacific,7
2007208N20155,test,USAGI,2007,WP,western_pacific,36
2007213N12115,test,UNNAMED,2007,WP,western_pacific,29
2007249N24161,test,DANAS,2007,WP,western_pacific,29
2007254N18140,test,NARI,2007,WP,western_pacific,28
2007262N09138,test,UNNAMED,2007,WP,western_pacific,8
2007262N16233,test,UNNAMED,2007,EP,eastern_pacific,24
2007272N15251,test,JULIETTE,2007,EP,eastern_pacific,25
2007300N11068,test,UNNAMED,2007,NI,arabian_sea,13
2008150N10274,test,ALMA,2008,EP,eastern_pacific,7
2008198N10265,test,FAUSTO,2008,EP,eastern_pacific,33
2008223N27151,test,PHANFONE,2008,WP,western_pacific,10
2008278N13261,test,NORBERT,2008,EP,eastern_pacific,35
2008343N16168,test,DOLPHIN,2008,WP,western_pacific,43
2009008S13069,test,DONGO,2009,SI,south_indian_ocean,29
2009051S11075,test,HINA,2009,SI,south_indian_ocean,41
2009075S18197,test,KEN,2009,SP,southern_pacific,19
2009167N14257,test,UNNAMED,2009,EP,eastern_pacific,17
2009185N13260,test,BLANCA,2009,EP,eastern_pacific,35
2009192N16130,test,UNNAMED,2009,WP,western_pacific,13
2009196N14129,test,MOLAVE,2009,WP,western_pacific,19
2009201N21089,test,UNNAMED,2009,NI,bay_of_bengal,5
2009215N13252,test,ENRIQUE,2009,EP,eastern_pacific,23
2009239N10253,test,KEVIN,2009,EP,eastern_pacific,43
2009287N10154,test,LUPIT,2009,WP,western_pacific,69
2010020S14147,test,NEVILLE,2010,SP,southern_pacific,17
2010040S11185,test,RENE,2010,SP,southern_pacific,40
2010051S06195,test,SARAH,2010,SP,southern_pacific,51
2010084S09138,test,PAUL,2010,SP,southern_pacific,37
2010136N09057,test,BANDU,2010,NI,arabian_sea,30
2010137N10090,test,LAILA,2010,NI,bay_of_bengal,21
2010198N15123,test,CHANTHU,2010,WP,western_pacific,27
2010200N26127,test,UNNAMED,2010,WP,western_pacific,8
2010263N15149,test,MALAKAS,2010,WP,western_pacific,35
2010350N30175,test,OMEKA,2010,WP,western_pacific,28
2011009S15113,test,VINCE,2011,SI,south_indian_ocean,30
2011022S16146,test,ANTHONY,2011,SP,southern_pacific,37
2011140N08142,test,SONGDA,2011,WP,western_pacific,54
2011151N19116,test,UNNAMED,2011,WP,western_pacific,8
2011167N22089,test,UNNAMED,2011,NI,bay_of_bengal,27
2011192N18158,test,MA-ON,2011,WP,western_pacific,82
2011195N15134,test,TOKAGE,2011,WP,western_pacific,11
2011257N19154,test,SONCA,2011,WP,western_pacific,32
2011266N13139,test,NESAT,2011,WP,western_pacific,32
2011280N10268,test,UNNAMED,2011,EP,eastern_pacific,26
2011302N13062,test,KEILA,2011,NI,arabian_sea,29
2011311N13111,test,UNNAMED,2011,WP,western_pacific,14
2011354S14155,test,UNNAMED,2012,SP,southern_pacific,24
2011361S09095,test,BENILDE,2012,SI,south_indian_ocean,53
2012056S13057,test,IRINA,2012,SI,south_indian_ocean,65
2012142N09262,test,BUD,2012,EP,eastern_pacific,25
2012168N19112,test,TALIM,2012,WP,western_pacific,20
2012189N10262,test,EMILIA,2012,EP,eastern_pacific,44
2012201N15129,test,VICENTE,2012,WP,western_pacific,28
2012215N23146,test,HAIKUI,2012,WP,western_pacific,40
2012232N13141,test,BOLAVEN,2012,WP,western_pacific,58
2012239N11261,test,ILEANA,2012,EP,eastern_pacific,47
2012267N16141,test,EWINIAR,2012,WP,western_pacific,31
2012317N07118,test,UNNAMED,2012,WP,western_pacific,16
2012359N08134,test,WUKONG,2012,WP,western_pacific,24
2013026S13067,test,FELLENG,2013,SI,south_indian_ocean,45
2013040S16199,test,HALEY,2013,SP,southern_pacific,25
2013097S06099,test,VICTORIA,2013,SI,south_indian_ocean,23
2013149N21090,test,UNNAMED,2013,NI,bay_of_bengal,9
2013158N13129,test,YAGI,2013,WP,western_pacific,39
2013178N09133,test,RUMBIA,2013,WP,western_pacific,24
2013211N21088,test,UNNAMED,2013,NI,bay_of_bengal,8
2013214N13243,test,HENRIETTE,2013,EP,eastern_pacific,41
2013221N11244,test,UNNAMED,2013,EP,eastern_pacific,48
2013241N29169,test,YUTU,2013,WP,western_pacific,30
2013255N20148,test,MAN-YI,2013,WP,western_pacific,36
2013269N15118,test,WUTIP,2013,WP,western_pacific,22
2013272N26152,test,SEPAT,2013,WP,western_pacific,19
2013286N15251,test,OCTAVE,2013,EP,eastern_pacific,14
2013289N14149,test,FRANCISCO,2013,WP,western_pacific,45
2013348S10082,test,AMARA,2014,SI,south_indian_ocean,57
2013350S08099,test,BRUCE,2014,SI,south_indian_ocean,39
2014068S16169,test,LUSI,2014,SP,southern_pacific,37
2014093N02148,test,PEIPAH,2014,WP,western_pacific,29
2014106S10099,test,JACK,2014,SI,south_indian_ocean,27
2014141N16091,test,UNNAMED,2014,NI,bay_of_bengal,8
2014180N14255,test,DOUGLAS,2014,EP,eastern_pacific,42
2014209N16134,test,NAKRI,2014,WP,western_pacific,31
2014254N10142,test,KALMAEGI,2014,WP,western_pacific,30
2014271N10160,test,PHANFONE,2014,WP,western_pacific,42
2014284N10231,test,ANA,2014,EP,eastern_pacific,65
2014290N14261,test,TRUDY,2014,EP,eastern_pacific,8
2015009S19054,test,BANSI,2015,SI,south_indian_ocean,45
2015024S11090,test,DIAMONDRA,2015,SI,south_indian_ocean,33
2015024S15078,test,EUNICE,2015,SI,south_indian_ocean,41
2015030S16161,test,OLA,2015,SP,southern_pacific,24
2015047S15152,test,MARCIA,2015,SP,southern_pacific,26
2015122N07144,test,NOUL,2015,WP,western_pacific,56
2015152N12258,test,BLANCA,2015,EP,eastern_pacific,36
2015188N08194,test,HALOLA,2015,EP,eastern_pacific,80
2015192N11263,test,DOLORES,2015,EP,eastern_pacific,45
2015260N12187,test,MALIA,2015,EP,eastern_pacific,24
2015309N14067,test,MEGH,2015,NI,arabian_sea,25
2015330S10178,test,TUNI,2016,SP,southern_pacific,19
2015364S09190,test,ULA,2016,SP,southern_pacific,72
2016006N02188,test,PALI,2016,EP,eastern_pacific,36
2016039S14061,test,DAYA,2016,SI,south_indian_ocean,24
2016055S15202,test,YALO,2016,SP,southern_pacific,13
2016074S16137,test,UNNAMED,2016,SP,southern_pacific,14
2016102S12074,test,FANTALA,2016,SI,south_indian_ocean,65
2016188N12254,test,CELIA,2016,EP,eastern_pacific,63
2016216N14243,test,IVETTE,2016,EP,eastern_pacific,33
2016232N22153,test,KOMPASU,2016,WP,western_pacific,16
2016236N13146,test,UNNAMED,2016,WP,western_pacific,8
2016288N06146,test,HAIMA,2016,WP,western_pacific,50
2016335N07088,test,NADA,2016,NI,bay_of_bengal,12
2017060S09139,test,BLANCHE,2017,SP,southern_pacific,24
2017061S11063,test,ENAWO,2017,SI,south_indian_ocean,40
2017065S14079,test,FERNANDO,2017,SI,south_indian_ocean,43
2017094S17191,test,UNNAMED,2017,SP,southern_pacific,32
2017104N08085,test,MAARUTHA,2017,NI,bay_of_bengal,13
2017122S13170,test,DONNA,2017,SP,southern_pacific,55
2017152N14262,test,BEATRIZ,2017,EP,eastern_pacific,8
2017175N13264,test,DORA,2017,EP,eastern_pacific,29
2017203N14248,test,IRWIN,2017,EP,eastern_pacific,50
2017206N13129,test,NESAT,2017,WP,western_pacific,25
2017230N13249,test,KENNETH,2017,EP,eastern_pacific,42
2017267N18116,test,UNNAMED,2017,WP,western_pacific,9
2017291N09116,test,UNNAMED,2017,WP,western_pacific,8
2017321N07124,test,KIROGI,2017,WP,western_pacific,13
2017329S10110,test,CEMPAKA,2018,SI,south_indian_ocean,17
2017364N07138,test,BOLAVEN,2018,WP,western_pacific,23
2018027S11156,test,FEHI,2018,SP,southern_pacific,23
2018073S12057,test,ELIAKIM,2018,SI,south_indian_ocean,38
2018082S12164,test,IRIS,2018,SP,southern_pacific,73
2018089S18172,test,JOSIE,2018,SP,southern_pacific,22
2018136N11054,test,SAGAR,2018,NI,arabian_sea,19
2018165N22117,test,GAEMI,2018,WP,western_pacific,33
2018179N19134,test,PRAPIROON,2018,WP,western_pacific,32
2018199N18128,test,AMPIL,2018,WP,western_pacific,36
2018208N13238,test,GILMA,2018,EP,eastern_pacific,22
2018213N12245,test,HECTOR,2018,EP,eastern_pacific,66
2018217N12266,test,ILEANA,2018,EP,eastern_pacific,11
2018218N18134,test,YAGI,2018,WP,western_pacific,41
2018256S07076,test,UNNAMED,2019,SI,south_indian_ocean,25
2018263N26249,test,UNNAMED,2018,EP,eastern_pacific,4
2018292N13269,test,VICENTE,2018,EP,eastern_pacific,19
2018358N07140,test,UNNAMED,2018,WP,western_pacific,27
2019042S17162,test,OMA,2019,SP,southern_pacific,71
2019071N04161,test,UNNAMED,2019,WP,western_pacific,32
2019176N18128,test,SEPAT,2019,WP,western_pacific,33
2019181N10252,test,BARBARA,2019,EP,eastern_pacific,33
2019182N18114,test,MUN,2019,WP,western_pacific,15
2019188N16245,test,COSME,2019,EP,eastern_pacific,18
2019216N16147,test,KROSA,2019,WP,western_pacific,55
2019255N15251,test,KIKO,2019,EP,eastern_pacific,59
2019260N20129,test,TAPAH,2019,WP,western_pacific,27
2019268N10155,test,MITAG,2019,WP,western_pacific,45
2019290N11234,test,OCTAVE,2019,EP,eastern_pacific,18
2019317N11248,test,RAYMOND,2019,EP,eastern_pacific,19
2020005S13121,test,BLAKE,2020,SI,south_indian_ocean,23
2020024S14190,test,UNNAMED,2020,SP,southern_pacific,19
2020045S15075,test,GABEKILE,2020,SI,south_indian_ocean,38
2020069S11113,test,UNNAMED,2020,SI,south_indian_ocean,21
2020092S12069,test,IRONDRO,2020,SI,south_indian_ocean,25
2020104S12091,test,JERUTO,2020,SI,south_indian_ocean,21
2020136N10088,test,AMPHAN,2020,NI,bay_of_bengal,26
2020176N10228,test,BORIS,2020,EP,eastern_pacific,25
2020213N15131,test,HAGUPIT,2020,WP,western_pacific,51
2020222N15117,test,MEKKHALA,2020,WP,western_pacific,15
2020226N13233,test,UNNAMED,2020,EP,eastern_pacific,21
2020249N14265,test,JULIO,2020,EP,eastern_pacific,11
2020277N21141,test,CHAN-HOM,2020,WP,western_pacific,65
2020281N14126,test,LINFA,2020,WP,western_pacific,23
2020285N17120,test,NANGKA,2020,WP,western_pacific,15
2020288N13124,test,UNNAMED,2020,WP,western_pacific,10
2020299N11144,test,GONI,2020,WP,western_pacific,49
2020332S11091,test,BONGOYO,2021,SI,south_indian_ocean,65
2020345S13183,test,UNNAMED,2021,SP,southern_pacific,13
2021005S10101,test,UNNAMED,2021,SI,south_indian_ocean,23
2021028S15128,test,UNNAMED,2021,SI,south_indian_ocean,45
2021029S14162,test,BINA,2021,SP,southern_pacific,14
2021062S18040,test,IMAN,2021,SI,south_indian_ocean,37
2021093S11122,test,SEROJA,2021,SI,south_indian_ocean,39
2021133N10071,test,TAUKTAE,2021,NI,arabian_sea,25
2021161N18115,test,KOGUMA,2021,WP,western_pacific,14
2021235N20251,test,MARTY,2021,EP,eastern_pacific,18
2021256N20087,test,UNNAMED,2021,NI,bay_of_bengal,10
2021264N13119,test,DIANMU,2021,WP,western_pacific,21
2021267N18094,test,GULAB:SHAHEEN-GU,2021,NI,bay_of_bengal,43
2021307N09275,test,TERRY,2021,EP,eastern_pacific,32
2021311N13248,test,SANDRA,2021,EP,eastern_pacific,12
2021333N11146,test,NYATOH,2021,WP,western_pacific,26
2021346N05145,test,RAI,2021,WP,western_pacific,41
2022008S13148,test,TIFFANY,2022,SP,southern_pacific,38
2022076S10126,test,CHARLOTTE,2022,SI,south_indian_ocean,40
2022099N11128,test,MEGI,2022,WP,western_pacific,20
2022114S12100,test,UNNAMED,2022,SI,south_indian_ocean,13
2022126S06088,test,KARIM,2022,SI,south_indian_ocean,25
2022140N16097,test,UNNAMED,2022,NI,bay_of_bengal,3
2022165N14258,test,BLAS,2022,EP,eastern_pacific,35
2022207N11262,test,FRANK,2022,EP,eastern_pacific,39
2022211N20129,test,TRASES,2022,WP,western_pacific,14
2022219N14255,test,HOWARD,2022,EP,eastern_pacific,27
2022220N16110,test,MULAN,2022,WP,western_pacific,14
2022224N22067,test,UNNAMED,2022,NI,arabian_sea,10
2022226N22088,test,UNNAMED,2022,NI,bay_of_bengal,9
2022268N20147,test,KULAP,2022,WP,western_pacific,32
2022292N21132,test,UNNAMED,2022,WP,western_pacific,18
2023054S19117,test,UNNAMED,2023,SI,south_indian_ocean,63
2023156N10067,test,BIPARJOY,2023,NI,arabian_sea,57
2023228N12259,test,HILARY,2023,EP,eastern_pacific,19
2023239N18144,test,HAIKUI,2023,WP,western_pacific,59
2023317N10094,test,MIDHILI,2023,NI,bay_of_bengal,20
2023326N10240,test,RAMON,2023,EP,eastern_pacific,25
2023334N08088,test,MICHAUNG,2023,NI,bay_of_bengal,25
2023337S08165,test,JASPER,2024,SP,southern_pacific,59
2024049S17052,test,ELEANOR,2024,SI,south_indian_ocean,36
2024121S07047,test,HIDAYA,2024,SI,south_indian_ocean,20
2024186N15256,test,ALETTA,2024,EP,eastern_pacific,13
2024198N08130,test,PRAPIROON,2024,WP,western_pacific,40
2024216N12231,test,DANIEL,2024,EP,eastern_pacific,12
2024218N16247,test,EMILIA,2024,EP,eastern_pacific,26
2024231N24126,test,JONGDARI,2024,WP,western_pacific,19
2024238N25077,test,ASNA,2024,NI,arabian_sea,38
2024252N18087,test,UNNAMED,2024,NI,bay_of_bengal,10
2024267N14261,test,JOHN,2024,EP,eastern_pacific,22
2024269N14150,test,JEBI,2024,WP,western_pacific,33
2024275N14264,test,UNNAMED,2024,EP,eastern_pacific,12
2024278N11150,test,BARIJAT,2024,WP,western_pacific,46
2024290N11084,test,UNNAMED,2024,NI,bay_of_bengal,6
2024298N13150,test,KONG-REY,2024,WP,western_pacific,39
2024314N07151,test,USAGI,2024,WP,western_pacific,31
2025057S25184,test,RAE,2025,SP,southern_pacific,15
2025168N11269,test,ERICK,2025,EP,eastern_pacific,14
2025231N19085,test,UNNAMED,2025,NI,bay_of_bengal,4
2025278N15254,test,PRISCILLA,2025,EP,eastern_pacific,31
2025297N13247,test,SONIA,2025,EP,eastern_pacific,23
1999343S11123,train,JOHN,2000,SI,south_indian_ocean,27
1999357S08076,train,ASTRIDE,2000,SI,south_indian_ocean,46
2000003S13082,train,BABIOLA,2000,SI,south_indian_ocean,46
2000018S15190,train,UNNAMED,2000,SP,southern_pacific,33
2000023S15172,train,JO,2000,SP,southern_pacific,43
2000024S12100,train,KIRRILY,2000,SI,south_indian_ocean,35
2000025S15056,train,CONNIE,2000,SI,south_indian_ocean,35
2000032S11116,train,ELINE:LEONE,2000,SI,south_indian_ocean,114
2000045S14100,train,MARCIA,2000,SI,south_indian_ocean,16
2000050S13078,train,FELICIA,2000,SI,south_indian_ocean,32
2000055S23227,train,KIM,2000,SP,southern_pacific,35
2000056S17152,train,STEVE,2000,SP,southern_pacific,64
2000060S12086,train,UNNAMED,2000,SI,south_indian_ocean,44
2000060S17123,train,NORMAN,2000,SI,south_indian_ocean,41
2000064S19209,train,LEO,2000,SP,southern_pacific,25
2000067S15189,train,MONA,2000,SP,southern_pacific,31
2000075S17119,train,OLGA,2000,SI,south_indian_ocean,22
2000083S17102,train,HUDAH,2000,SI,south_indian_ocean,72
2000088N08090,train,UNNAMED,2000,NI,bay_of_bengal,13
2000089S20168,train,VAUGHAN,2000,SP,southern_pacific,37
2000091S14156,train,TESSI,2000,SP,southern_pacific,15
2000099S28037,train,UNNAMED,2000,SI,south_indian_ocean,33
2000102S13128,train,PAUL,2000,SI,south_indian_ocean,44
2000103S10095,train,INNOCENTE,2000,SI,south_indian_ocean,53
2000104S17182,train,NEIL,2000,SP,southern_pacific,30
2000105S09127,train,ROSITA,2000,SI,south_indian_ocean,28
2000125N06136,train,DAMREY,2000,WP,western_pacific,53
2000138N16119,train,LONGWANG,2000,WP,western_pacific,29
2000142N12262,train,ALETTA,2000,EP,eastern_pacific,29
2000150N11117,train,UNNAMED,2000,WP,western_pacific,16
2000169N17114,train,UNNAMED,2000,WP,western_pacific,9
2000170N10268,train,CARLOTTA,2000,EP,eastern_pacific,32
2000184N13133,train,KIROGI,2000,WP,western_pacific,34
2000193N10131,train,UNNAMED,2000,WP,western_pacific,38
2000199N20145,train,TEMBIN,2000,WP,western_pacific,26
2000201N11224,train,UPANA,2000,EP,eastern_pacific,22
2000202N12131,train,BOLAVEN,2000,WP,western_pacific,55
2000205N10260,train,DANIEL,2000,EP,eastern_pacific,56
2000206N11266,train,EMILIA,2000,EP,eastern_pacific,25
2000214S06080,train,UNNAMED,2001,SI,south_indian_ocean,11
2000215N15254,train,FABIO,2000,EP,eastern_pacific,26
2000217N12260,train,GILMA,2000,EP,eastern_pacific,29
2000223N18257,train,HECTOR,2000,EP,eastern_pacific,27
2000228N31180,train,WENE,2000,WP,western_pacific,12
2000230N08139,train,BILIS,2000,WP,western_pacific,41
2000237N08138,train,PRAPIROON,2000,WP,western_pacific,46
2000240N22115,train,MARIA,2000,WP,western_pacific,27
2000241N15223,train,JOHN,2000,EP,eastern_pacific,18
2000244N13229,train,KRISTY,2000,EP,eastern_pacific,13
2000248N17117,train,WUKONG,2000,WP,western_pacific,27
2000248N18126,train,BOPHA,2000,WP,western_pacific,32
2000249N15258,train,LANE,2000,EP,eastern_pacific,37
2000258N22138,train,SONAMU,2000,WP,western_pacific,27
2000260N15178,train,SHANSHAN,2000,WP,western_pacific,41
2000277N15257,train,OLIVIA,2000,EP,eastern_pacific,32
2000281N11111,train,UNNAMED,2000,WP,western_pacific,33
2000289N15089,train,UNNAMED,2000,NI,bay_of_bengal,19
2000295N20146,train,YAGI,2000,WP,western_pacific,30
2000299N08139,train,XANGSANE,2000,WP,western_pacific,35
2000299N10252,train,PAUL,2000,EP,eastern_pacific,16
2000309N10270,train,ROSA,2000,EP,eastern_pacific,20
2000313N18126,train,UNNAMED,2000,WP,western_pacific,12
2000333S11140,train,SAM,2001,SP,southern_pacific,65
2000349S23190,train,UNNAMED,2001,SP,southern_pacific,3
2000358N08086,train,UNNAMED,2000,NI,bay_of_bengal,24
2000364N07130,train,SOULIK,2000,WP,western_pacific,31
2000366S09068,train,ANDO,2001,SI,south_indian_ocean,52
2001003S09091,train,BINDU,2001,SI,south_indian_ocean,77
2001005S12136,train,UNNAMED,2001,SP,southern_pacific,21
2001018S12086,train,CHARLY,2001,SI,south_indian_ocean,60
2001031S13072,train,UNNAMED,2001,SI,south_indian_ocean,29
2001039S11139,train,WINSOME,2001,SP,southern_pacific,25
2001039S13117,train,VINCENT,2001,SI,south_indian_ocean,33
2001045S14142,train,WYLVA,2001,SP,southern_pacific,33
2001047N09134,train,UNNAMED,2001,WP,western_pacific,24
2001047S17157,train,UNNAMED,2001,SP,southern_pacific,13
2001054S15155,train,ABIGAIL,2001,SP,southern_pacific,53
2001056S11163,train,PAULA,2001,SP,southern_pacific,47
2001060S19223,train,RITA,2001,SP,southern_pacific,22
2001064S10052,train,DERA,2001,SI,south_indian_ocean,35
2001091S13094,train,UNNAMED,2001,SI,south_indian_ocean,25
2001093S10062,train,EVARISTE,2001,SI,south_indian_ocean,26
2001094S12172,train,SOSE,2001,SP,southern_pacific,35
2001106N04138,train,UNNAMED,2001,WP,western_pacific,28
2001106S08137,train,ALISTAIR,2001,SP,southern_pacific,35
2001125N05129,train,CIMARON,2001,WP,western_pacific,43
2001141N14068,train,UNNAMED,2001,NI,arabian_sea,34
2001163N20087,train,UNNAMED,2001,NI,bay_of_bengal,6
2001170N11138,train,CHEBI,2001,WP,western_pacific,27
2001171N12234,train,BARBARA,2001,EP,eastern_pacific,26
2001171S35037,train,UNNAMED,2001,SI,south_indian_ocean,19
2001194N15252,train,COSME,2001,EP,eastern_pacific,9
2001202N11266,train,DALILA,2001,EP,eastern_pacific,31
2001202N23152,train,KONG-REY,2001,WP,western_pacific,55
2001206N14134,train,TORAJI,2001,WP,western_pacific,35
2001213N18139,train,UNNAMED,2001,WP,western_pacific,29
2001220N17118,train,USAGI,2001,WP,western_pacific,13
2001228N15118,train,UNNAMED,2001,WP,western_pacific,17
2001236N21161,train,UNNAMED,2001,WP,western_pacific,6
2001238N16139,train,WUTIP,2001,WP,western_pacific,38
2001238N18162,train,SEPAT,2001,WP,western_pacific,22
2001238N19252,train,FLOSSIE,2001,EP,eastern_pacific,28
2001239N19116,train,FITOW,2001,WP,western_pacific,64
2001246N19156,train,DANAS,2001,WP,western_pacific,40
2001247N15237,train,GIL,2001,EP,eastern_pacific,23
2001248N17251,train,HENRIETTE,2001,EP,eastern_pacific,17
2001253N13213,train,UNNAMED,2001,EP,eastern_pacific,7
2001254N15261,train,IVO,2001,EP,eastern_pacific,19
2001259N20138,train,VIPA,2001,WP,western_pacific,26
2001260N14167,train,FRANCISCO,2001,WP,western_pacific,40
2001264N21126,train,LEKIMA,2001,WP,western_pacific,38
2001265N16244,train,KIKO,2001,EP,eastern_pacific,17
2001276N13146,train,KROSA,2001,WP,western_pacific,31
2001284N16132,train,HAIYAN,2001,WP,western_pacific,31
2001288N13084,train,UNNAMED,2001,NI,bay_of_bengal,10
2001291N05158,train,PODUL,2001,WP,western_pacific,49
2001298S07098,train,ALEX:ANDRE,2002,SI,south_indian_ocean,59
2001304N12237,train,OCTAVE,2001,EP,eastern_pacific,16
2001320S11146,train,UNNAMED,2002,SP,southern_pacific,29
2001323N05107,train,UNNAMED,2001,WP,western_pacific,20
2001324S12081,train,UNNAMED,2002,SI,south_indian_ocean,18
2001329S06095,train,BAKO:BESSI,2002,SI,south_indian_ocean,59
2001334S21200,train,TRINA,2002,SP,southern_pacific,16
2001338N10130,train,KAJIKI,2001,WP,western_pacific,23
2001345N05155,train,UNNAMED,2001,WP,western_pacific,11
2001347N04162,train,FAXAI,2001,WP,western_pacific,54
2001361N01106,train,VAMEI,2001,WP,western_pacific,24
2001363S10185,train,WAKA,2002,SP,southern_pacific,35
2001364S19036,train,CYPRIEN,2002,SI,south_indian_ocean,20
2001365S12138,train,BERNIE,2002,SP,southern_pacific,26
2002001S09165,train,UNNAMED,2002,SP,southern_pacific,16
2002008N07141,train,TAPAH,2002,WP,western_pacific,24
2002023S10089,train,EDDY,2002,SI,south_indian_ocean,31
2002030S13093,train,FRANCESCA,2002,SI,south_indian_ocean,61
2002033S13121,train,CHRIS,2002,SI,south_indian_ocean,20
2002042S20156,train,CLAUDIA,2002,SP,southern_pacific,21
2002045S18049,train,GUILLAUME,2002,SI,south_indian_ocean,40
2002054S17176,train,UNNAMED,2002,SP,southern_pacific,12
2002057N06156,train,MITAG,2002,WP,western_pacific,44
2002062S15154,train,DES,2002,SP,southern_pacific,25
2002063S11066,train,HARY,2002,SI,south_indian_ocean,57
2002073S16161,train,UNNAMED,2002,SP,southern_pacific,11
2002078N04138,train,UNNAMED,2002,WP,western_pacific,27
2002096N11155,train,UNNAMED,2002,WP,western_pacific,7
2002122S07063,train,KESINY,2002,SI,south_indian_ocean,39
2002126N09068,train,UNNAMED,2002,NI,arabian_sea,21
2002128S05097,train,ERROL,2002,SI,south_indian_ocean,26
2002129N08096,train,UNNAMED,2002,NI,bay_of_bengal,14
2002133N03150,train,HAGIBIS,2002,WP,western_pacific,37
2002143S07157,train,UPIA,2002,SP,southern_pacific,27
2002145N11259,train,ALMA,2002,EP,eastern_pacific,32
2002146N17113,train,UNNAMED,2002,WP,western_pacific,16
2002155N20112,train,NOGURI,2002,WP,western_pacific,32
2002160N16258,train,BORIS,2002,EP,eastern_pacific,15
2002178N04155,train,CHATAAN,2002,WP,western_pacific,64
2002178N10139,train,RAMMASUN,2002,WP,western_pacific,46
2002179N12238,train,UNNAMED,2002,EP,eastern_pacific,8
2002187N11160,train,HALONG,2002,WP,western_pacific,58
2002189N21116,train,NAKRI,2002,WP,western_pacific,24
2002191N12260,train,CRISTINA,2002,EP,eastern_pacific,30
2002195N11172,train,FENGSHEN,2002,WP,western_pacific,60
2002198N09182,train,KALMAEGI,2002,EP,eastern_pacific,17
2002199N08130,train,UNNAMED,2002,WP,western_pacific,20
2002204N12263,train,ELIDA,2002,EP,eastern_pacific,35
2002215N34140,train,UNNAMED,2002,WP,western_pacific,15
2002218N13241,train,UNNAMED,2002,EP,eastern_pacific,9
2002222N09163,train,PHANFONE,2002,WP,western_pacific,60
2002222N11131,train,UNNAMED,2002,WP,western_pacific,19
2002234N13253,train,FAUSTO,2002,EP,eastern_pacific,51
2002234N14164,train,RUSA,2002,WP,western_pacific,52
2002238N15250,train,GENEVIEVE,2002,EP,eastern_pacific,26
2002240N16155,train,SINLAKU,2002,WP,western_pacific,51
2002242N14257,train,HERNAN,2002,EP,eastern_pacific,31
2002258N15256,train,ISELLE,2002,EP,eastern_pacific,22
2002263N22139,train,CHANGMI,2002,WP,western_pacific,22
2002264N13114,train,MEKKHALA,2002,WP,western_pacific,30
2002268N15258,train,JULIO,2002,EP,eastern_pacific,7
2002282N10156,train,BAVI,2002,WP,western_pacific,32
2002289N18162,train,UNNAMED,2002,WP,western_pacific,19
2002291N13177,train,UNNAMED,2002,WP,western_pacific,8
2002295N11261,train,KENNA,2002,EP,eastern_pacific,17
2002295N14082,train,UNNAMED,2002,NI,bay_of_bengal,6
2002297N09206,train,HUKO,2002,EP,eastern_pacific,61
2002298N17169,train,MAYSAK,2002,WP,western_pacific,22
2002307S07070,train,ATANG,2003,SI,south_indian_ocean,40
2002323N09155,train,HAISHEN,2002,WP,western_pacific,31
2002327N10089,train,UNNAMED,2002,NI,bay_of_bengal,24
2002358S08185,train,ZOE,2003,SP,southern_pacific,48
2002359S03089,train,UNNAMED,2003,SI,south_indian_ocean,38
2003004S10136,train,UNNAMED,2003,SP,southern_pacific,87
2003007S10072,train,EBULA,2003,SI,south_indian_ocean,36
2003011N02180,train,YANYAN,2003,EP,eastern_pacific,42
2003021S10163,train,BENI,2003,SP,southern_pacific,62
2003021S11081,train,FARI,2003,SI,south_indian_ocean,51
2003025S16173,train,CILLA,2003,SP,southern_pacific,24
2003034S12117,train,FIONA,2003,SI,south_indian_ocean,41
2003035S10099,train,ISHA,2003,SI,south_indian_ocean,47
2003036S10197,train,DOVI,2003,SP,southern_pacific,42
2003039S15066,train,HAPE,2003,SI,south_indian_ocean,35
2003056S17119,train,GRAHAM,2003,SI,south_indian_ocean,22
2003056S21042,train,JAPHET,2003,SI,south_indian_ocean,36
2003060S13103,train,HARRIET,2003,SI,south_indian_ocean,40
2003061S21148,train,ERICA,2003,SP,southern_pacific,63
2003066S16176,train,UNNAMED,2003,SP,southern_pacific,5
2003067S13130,train,CRAIG,2003,SI,south_indian_ocean,23
2003068S14172,train,ESETA,2003,SP,southern_pacific,27
2003088S07131,train,INIGO,2003,SI,south_indian_ocean,43
2003103S14180,train,FILI,2003,SP,southern_pacific,11
2003122S11065,train,MANOU,2003,SI,south_indian_ocean,47
2003137N07131,train,UNNAMED,2003,WP,western_pacific,21
2003138N04148,train,CHAN-HOM,2003,WP,western_pacific,42
2003140N10258,train,ANDRES,2003,EP,eastern_pacific,28
2003150N17119,train,NANGKA,2003,WP,western_pacific,35
2003156S07155,train,EPI,2003,SP,southern_pacific,5
2003158N08156,train,SOUDELOR,2003,WP,western_pacific,69
2003168N16257,train,BLANCA,2003,EP,eastern_pacific,31
2003177N14263,train,CARLOS,2003,EP,eastern_pacific,12
2003187N14244,train,DOLORES,2003,EP,eastern_pacific,11
2003192N14254,train,ENRIQUE,2003,EP,eastern_pacific,23
2003196N05150,train,IMBUDO,2003,WP,western_pacific,43
2003196N11137,train,KONI,2003,WP,western_pacific,34
2003199N14255,train,FELICIA,2003,EP,eastern_pacific,28
2003206N21089,train,UNNAMED,2003,NI,bay_of_bengal,12
2003221N14249,train,HILDA,2003,EP,eastern_pacific,18
2003223N13224,train,UNNAMED,2003,EP,eastern_pacific,25
2003226N07156,train,KROVANH,2003,WP,western_pacific,52
2003230N18125,train,VAMCO,2003,WP,western_pacific,11
2003231N20118,train,UNNAMED,2003,WP,western_pacific,8
2003235N20253,train,IGNACIO,2003,EP,eastern_pacific,22
2003240N14230,train,JIMENA,2003,EP,eastern_pacific,35
2003240N20139,train,DUJUAN,2003,WP,western_pacific,28
2003240N21089,train,UNNAMED,2003,NI,bay_of_bengal,5
2003247N10153,train,MAEMI,2003,WP,western_pacific,49
2003247N19249,train,KEVIN,2003,EP,eastern_pacific,28
2003257N15252,train,LINDA,2003,EP,eastern_pacific,39
2003271N18275,train,LARRY,2003,EP,eastern_pacific,2
2003272S05066,train,ABAIMBA,2004,SI,south_indian_ocean,28
2003275N16252,train,NORA,2003,EP,eastern_pacific,31
2003276N12262,train,OLAF,2003,EP,eastern_pacific,20
2003279N17084,train,UNNAMED,2003,NI,bay_of_bengal,14
2003279N18118,train,UNNAMED,2003,WP,western_pacific,21
2003283N26131,train,UNNAMED,2003,WP,western_pacific,13
2003290N15132,train,KETSANA,2003,WP,western_pacific,39
2003291N17147,train,PARMA,2003,WP,western_pacific,59
2003294N10260,train,PATRICIA,2003,EP,eastern_pacific,25
2003295N09101,train,UNNAMED,2003,WP,western_pacific,29
2003302N11133,train,MELOR,2003,WP,western_pacific,34
2003315N09067,train,UNNAMED,2003,NI,arabian_sea,32
2003316N11141,train,NEPARTAK,2003,WP,western_pacific,33
2003340S07093,train,JANA,2004,SI,south_indian_ocean,48
2003345N05092,train,UNNAMED,2003,NI,bay_of_bengal,22
2003350S10140,train,DEBBIE,2004,SP,southern_pacific,29
2003357N11142,train,UNNAMED,2003,WP,western_pacific,20
2004001S16124,train,KEN,2004,SI,south_indian_ocean,22
2004025S16044,train,ELITA,2004,SI,south_indian_ocean,79
2004028S06090,train,LINDA,2004,SI,south_indian_ocean,22
2004041S14147,train,FRITZ,2004,SP,southern_pacific,20
2004042N08148,train,UNNAMED,2004,WP,western_pacific,35
2004052S15172,train,IVY,2004,SP,southern_pacific,41
2004056S18125,train,MONTY,2004,SI,south_indian_ocean,28
2004058S13142,train,EVAN,2004,SP,southern_pacific,25
2004068S13089,train,HELMA:NICKY,2004,SI,south_indian_ocean,37
2004074N03143,train,UNNAMED,2004,WP,western_pacific,39
2004081S12103,train,ITSANG:ITSENG:OSCAR,2004,SI,south_indian_ocean,35
2004081S15148,train,GRACE,2004,SP,southern_pacific,23
2004083S08056,train,UNNAMED,2004,SI,south_indian_ocean,22
2004093N07154,train,SUDAL,2004,WP,western_pacific,65
2004125N11074,train,UNNAMED,2004,NI,arabian_sea,26
2004134N07132,train,NIDA,2004,WP,western_pacific,40
2004135N09114,train,UNNAMED,2004,WP,western_pacific,19
2004136N15090,train,UNNAMED,2004,NI,bay_of_bengal,21
2004143N15252,train,AGATHA,2004,EP,eastern_pacific,17
2004156N16117,train,CONSON,2004,WP,western_pacific,43
2004162N18068,train,UNNAMED,2004,NI,arabian_sea,12
2004163N15090,train,UNNAMED,2004,NI,bay_of_bengal,13
2004164N06139,train,DIANMU,2004,WP,western_pacific,68
2004174N14146,train,MINDULLE,2004,WP,western_pacific,57
2004177N12154,train,TINGTING,2004,WP,western_pacific,74
2004185N16241,train,UNNAMED,2004,EP,eastern_pacific,11
2004186N06203,train,UNNAMED,2004,EP,eastern_pacific,9
2004195N15255,train,BLAS,2004,EP,eastern_pacific,28
2004201N14247,train,CELIA,2004,EP,eastern_pacific,30
2004206N20151,train,NAMTHEUN,2004,WP,western_pacific,43
2004208N19118,train,UNNAMED,2004,WP,western_pacific,5
2004209N12247,train,DARBY,2004,EP,eastern_pacific,24
2004214N12234,train,UNNAMED,2004,EP,eastern_pacific,4
2004222N24150,train,MALAKAS,2004,WP,western_pacific,21
2004227N15144,train,MEGI,2004,WP,western_pacific,35
2004232N12228,train,ESTELLE,2004,EP,eastern_pacific,27
2004236N17250,train,FRANK,2004,EP,eastern_pacific,18
2004237N17236,train,UNNAMED,2004,EP,eastern_pacific,19
2004239N11171,train,SONGDA,2004,WP,western_pacific,64
2004240N15254,train,GEORGETTE,2004,EP,eastern_pacific,33
2004243S03088,train,PHOEBE,2005,SI,south_indian_ocean,26
2004244N12257,train,HOWARD,2004,EP,eastern_pacific,44
2004248N14156,train,SARIKA,2004,WP,western_pacific,22
2004252N15250,train,ISIS,2004,EP,eastern_pacific,52
2004255N11267,train,JAVIER,2004,EP,eastern_pacific,38
2004255N23120,train,HAIMA,2004,WP,western_pacific,35
2004256N23089,train,UNNAMED,2004,NI,bay_of_bengal,14
2004263N13153,train,MEARI,2004,WP,western_pacific,58
2004279N14249,train,KAY,2004,EP,eastern_pacific,12
2004288N09164,train,NOCK-TEN,2004,WP,western_pacific,54
2004299N18251,train,UNNAMED,2004,EP,eastern_pacific,7
2004299S09063,train,UNNAMED,2005,SI,south_indian_ocean,18
2004307N09068,train,UNNAMED,2004,NI,arabian_sea,29
2004312S05085,train,AROLA,2005,SI,south_indian_ocean,50
2004319N10134,train,MUIFA,2004,WP,western_pacific,50
2004325S06078,train,BENTOJANA,2005,SI,south_indian_ocean,60
2004327N16125,train,MERBOK,2004,WP,western_pacific,8
2004332N02072,train,UNNAMED,2004,NI,arabian_sea,34
2004333N06154,train,NANMADOL,2004,WP,western_pacific,26
2004338S09113,train,UNNAMED,2005,SI,south_indian_ocean,13
2004344N06178,train,TALAS,2004,WP,western_pacific,46
2004348S15173,train,UNNAMED,2005,SP,southern_pacific,9
2004357S06095,train,CHAMBO,2005,SI,south_indian_ocean,54
2005003S09177,train,KERRY,2005,SP,southern_pacific,61
2005007N04085,train,UNNAMED,2005,NI,bay_of_bengal,15
2005012N04090,train,UNNAMED,2005,NI,bay_of_bengal,24
2005013S14124,train,UNNAMED,2005,SI,south_indian_ocean,22
2005017S09061,train,ERNEST,2005,SI,south_indian_ocean,36
2005022S14112,train,TIM,2005,SI,south_indian_ocean,19
2005027S18168,train,LOLA,2005,SP,southern_pacific,26
2005029S11072,train,GERARD,2005,SI,south_indian_ocean,31
2005032S14195,train,MEENA,2005,SP,southern_pacific,43
2005035S14136,train,HARVEY,2005,SP,southern_pacific,19
2005035S15118,train,VIVIENNE,2005,SI,south_indian_ocean,23
2005054S09173,train,PERCY,2005,SP,southern_pacific,43
2005060S12179,train,RAE,2005,SP,southern_pacific,30
2005063S12141,train,INGRID,2005,SP,southern_pacific,54
2005067S12120,train,WILLY,2005,SI,south_indian_ocean,26
2005079S10067,train,HENNIE,2005,SI,south_indian_ocean,54
2005092S11102,train,ADELINE:JULIET,2005,SI,south_indian_ocean,60
2005103S08138,train,UNNAMED,2005,SP,southern_pacific,11
2005107N07151,train,SONCA,2005,WP,western_pacific,51
2005110S17180,train,SHEILA,2005,SP,southern_pacific,14
2005148N06156,train,NESAT,2005,WP,western_pacific,60
2005173N14258,train,BEATRIZ,2005,EP,eastern_pacific,19
2005179N22088,train,UNNAMED,2005,NI,bay_of_bengal,33
2005185N15261,train,DORA,2005,EP,eastern_pacific,12
2005192N22155,train,HAITANG,2005,WP,western_pacific,45
2005199N15256,train,EUGENE,2005,EP,eastern_pacific,15
2005199N21168,train,NALGAE,2005,WP,western_pacific,40
2005202N13138,train,BANYAN,2005,WP,western_pacific,44
2005210N19115,train,WASHI,2005,WP,western_pacific,14
2005215N14224,train,UNNAMED,2005,EP,eastern_pacific,10
2005222N14131,train,SANVU,2005,WP,western_pacific,22
2005222N14246,train,FERNANDA,2005,EP,eastern_pacific,33
2005232N13263,train,HILARY,2005,EP,eastern_pacific,34
2005238N17255,train,IRWIN,2005,EP,eastern_pacific,34
2005241N15155,train,NABI,2005,WP,western_pacific,49
2005248N08142,train,KHANUN,2005,WP,western_pacific,35
2005255N14113,train,UNNAMED,2005,WP,western_pacific,4
2005255N15246,train,JOVA,2005,EP,eastern_pacific,53
2005255N20088,train,UNNAMED,2005,NI,bay_of_bengal,18
2005257N20069,train,UNNAMED,2005,NI,arabian_sea,10
2005258N12242,train,KENNETH,2005,EP,eastern_pacific,65
2005260N20091,train,UNNAMED,2005,NI,bay_of_bengal,18
2005261N13245,train,LIDIA,2005,EP,eastern_pacific,7
2005261N14252,train,MAX,2005,EP,eastern_pacific,21
2005262N13127,train,DAMREY,2005,WP,western_pacific,37
2005262N20155,train,SAOLA,2005,WP,western_pacific,37
2005266N15252,train,NORMA,2005,EP,eastern_pacific,33
2005268N19146,train,LONGWANG,2005,WP,western_pacific,36
2005274N17086,train,UNNAMED,2005,NI,bay_of_bengal,9
2005279N17111,train,UNNAMED,2005,WP,western_pacific,9
2005282N22138,train,KIROGI,2005,WP,western_pacific,43
2005287S09084,train,UNNAMED,2006,SI,south_indian_ocean,15
2005298N12088,train,UNNAMED,2005,NI,bay_of_bengal,17
2005301N13117,train,KAI-TAK,2005,WP,western_pacific,24
2005316N05134,train,BOLAVEN,2005,WP,western_pacific,36
2005330N09096,train,BAAZ,2005,NI,bay_of_bengal,32
2005349N06090,train,UNNAMED,2005,NI,bay_of_bengal,38
2005350N08127,train,UNNAMED,2005,WP,western_pacific,24
2005351S09084,train,UNNAMED,2006,SI,south_indian_ocean,52
2006006S11129,train,CLARE,2006,SI,south_indian_ocean,19
2006007S15182,train,TAM,2006,SP,southern_pacific,33
2006013S13184,train,URMIL,2006,SP,southern_pacific,14
2006017S15126,train,DARYL,2006,SI,south_indian_ocean,27
2006040S15181,train,VAIANU,2006,SP,southern_pacific,53
2006053S11144,train,KATE,2006,SP,southern_pacific,9
2006055S10138,train,UNNAMED,2006,SP,southern_pacific,41
2006057S12114,train,EMMA,2006,SI,south_indian_ocean,17
2006060N04141,train,UNNAMED,2006,WP,western_pacific,26
2006060S13058,train,DIWA,2006,SI,south_indian_ocean,40
2006075S14185,train,WATI,2006,SP,southern_pacific,50
2006078S12119,train,FLOYD,2006,SI,south_indian_ocean,36
2006081S14129,train,GLENDA,2006,SI,south_indian_ocean,38
2006094S08087,train,ELIA,2006,SI,south_indian_ocean,56
2006106S10153,train,MONICA,2006,SP,southern_pacific,48
2006114N08090,train,MALA,2006,NI,bay_of_bengal,23
2006155N16257,train,UNNAMED,2006,EP,eastern_pacific,7
2006180N06140,train,EWINIAR,2006,WP,western_pacific,55
2006182N20088,train,UNNAMED,2006,NI,bay_of_bengal,19
2006184N16110,train,UNNAMED,2006,WP,western_pacific,7
2006193N13258,train,CARLOTTA,2006,EP,eastern_pacific,33
2006198N08152,train,KAEMI,2006,WP,western_pacific,49
2006198N12252,train,DANIEL,2006,EP,eastern_pacific,48
2006203N12257,train,EMILIA,2006,EP,eastern_pacific,41
2006209N13130,train,PRAPIROON,2006,WP,western_pacific,34
2006213N14239,train,FABIO,2006,EP,eastern_pacific,21
2006216N07151,train,SAOMAI,2006,WP,western_pacific,34
2006217N20134,train,BOPHA,2006,WP,western_pacific,25
2006224N21141,train,WUKONG,2006,WP,western_pacific,37
2006225N17126,train,SONAMU,2006,WP,western_pacific,15
2006228N10218,train,IOKE,2006,EP,eastern_pacific,91
2006228N13247,train,HECTOR,2006,EP,eastern_pacific,35
2006228N21088,train,UNNAMED,2006,NI,bay_of_bengal,9
2006234N12258,train,ILEANA,2006,EP,eastern_pacific,32
2006234N18109,train,UNNAMED,2006,WP,western_pacific,14
2006240N12265,train,JOHN,2006,EP,eastern_pacific,31
2006241N20088,train,UNNAMED,2006,NI,bay_of_bengal,13
2006242N16246,train,KRISTY,2006,EP,eastern_pacific,42
2006253N20120,train,UNNAMED,2006,WP,western_pacific,15
2006259N17245,train,MIRIAM,2006,EP,eastern_pacific,22
2006259N19155,train,YAGI,2006,WP,western_pacific,46
2006262N19069,train,MUKDA,2006,NI,arabian_sea,30
2006264N13115,train,UNNAMED,2006,WP,western_pacific,18
2006268N10187,train,UNNAMED,2006,EP,eastern_pacific,10
2006268N12129,train,XANGSANE,2006,WP,western_pacific,31
2006271N18089,train,UNNAMED,2006,NI,bay_of_bengal,9
2006272N13144,train,BEBINCA,2006,WP,western_pacific,32
2006276N18151,train,RUMBIA,2006,WP,western_pacific,16
2006282N13160,train,SOULIK,2006,WP,western_pacific,36
2006282N14243,train,NORMAN,2006,EP,eastern_pacific,28
2006283N13232,train,OLIVIA,2006,EP,eastern_pacific,21
2006294N16254,train,PAUL,2006,EP,eastern_pacific,21
2006294S10168,train,XAVIER,2007,SP,southern_pacific,24
2006298N12143,train,CIMARON,2006,WP,western_pacific,55
2006300N07078,train,UNNAMED,2006,NI,bay_of_bengal,14
2006311N16143,train,CHEBI,2006,WP,western_pacific,32
2006312N13256,train,ROSA,2006,EP,eastern_pacific,11
2006315N13248,train,UNNAMED,2006,EP,eastern_pacific,3
2006318N12256,train,SERGIO,2006,EP,eastern_pacific,29
2006322S09172,train,YANI,2007,SP,southern_pacific,36
2006329N06150,train,DURIAN,2006,WP,western_pacific,62
2006330S06049,train,ANITA,2007,SI,south_indian_ocean,33
2006335S10164,train,UNNAMED,2007,SP,southern_pacific,9
2006340N08142,train,UTOR,2006,WP,western_pacific,38
2006349N08157,train,TRAMI,2006,WP,western_pacific,21
2006365S12114,train,ISOBEL,2007,SI,south_indian_ocean,14
2007021S12195,train,ZITA,2007,SP,southern_pacific,21
2007027S07069,train,DORA,2007,SI,south_indian_ocean,73
2007032S11137,train,NELSON,2007,SP,southern_pacific,28
2007037S19050,train,ENOK,2007,SI,south_indian_ocean,32
2007052S10093,train,HUMBA,2007,SI,south_indian_ocean,47
2007058S12135,train,GEORGE,2007,SP,southern_pacific,54
2007062S14119,train,JACOB,2007,SI,south_indian_ocean,41
2007066S12066,train,INDLALA,2007,SI,south_indian_ocean,51
2007082S16125,train,KARA,2007,SI,south_indian_ocean,28
2007085S11085,train,JAYA,2007,SI,south_indian_ocean,55
2007090N06158,train,KONG-REY,2007,WP,western_pacific,30
2007091S14175,train,CLIFF,2007,SP,southern_pacific,24
2007135N08147,train,YUTU,2007,WP,western_pacific,41
2007147N13249,train,ALVIN,2007,EP,eastern_pacific,43
2007151N14072,train,GONU,2007,NI,arabian_sea,32
2007163N15250,train,UNNAMED,2007,EP,eastern_pacific,15
2007172N15088,train,UNNAMED,2007,NI,bay_of_bengal,28
2007184N16112,train,TORAJI,2007,WP,western_pacific,13
2007191N17241,train,UNNAMED,2007,EP,eastern_pacific,9
2007196N11234,train,COSME,2007,EP,eastern_pacific,42
2007203N13255,train,DALILA,2007,EP,eastern_pacific,34
2007208S03086,train,UNNAMED,2008,SI,south_indian_ocean,23
2007213N13238,train,ERICK,2007,EP,eastern_pacific,7
2007216N18138,train,PABUK,2007,WP,western_pacific,45
2007219N15130,train,WUTIP,2007,WP,western_pacific,12
2007223N19136,train,SEPAT,2007,WP,western_pacific,54
2007240N17153,train,FITOW,2007,WP,western_pacific,46
2007242N13264,train,HENRIETTE,2007,EP,eastern_pacific,29
2007242N19251,train,GIL,2007,EP,eastern_pacific,19
2007257N16134,train,WIPHA,2007,WP,western_pacific,26
2007261N13254,train,IVO,2007,EP,eastern_pacific,28
2007265N20122,train,FRANCISCO,2007,WP,western_pacific,19
2007272N17125,train,LEKIMA,2007,WP,western_pacific,25
2007274N28173,train,HAIYAN,2007,WP,western_pacific,28
2007276N20147,train,PODUL,2007,WP,western_pacific,24
2007288N15251,train,KIKO,2007,EP,eastern_pacific,50
2007291N19148,train,KAJIKI,2007,WP,western_pacific,22
2007298N18136,train,FAXAI,2007,WP,western_pacific,17
2007306N18133,train,PEIPAH,2007,WP,western_pacific,36
2007313N16148,train,TAPAH,2007,WP,western_pacific,16
2007314N10093,train,SIDR,2007,NI,bay_of_bengal,24
2007315S05095,train,ARIEL:LEE,2008,SI,south_indian_ocean,70
2007317S10150,train,GUBA,2008,SP,southern_pacific,27
2007322S06075,train,BONGWE,2008,SI,south_indian_ocean,43
2007323N09128,train,HAGIBIS,2007,WP,western_pacific,39
2007324N10140,train,MITAG,2007,WP,western_pacific,34
2007327N09152,train,UNNAMED,2007,WP,western_pacific,21
2007346S12073,train,CELINA,2008,SI,south_indian_ocean,49
2007360S10116,train,MELANIE,2008,SI,south_indian_ocean,30
2007363S20043,train,ELNUS,2008,SI,south_indian_ocean,31
2007365S15134,train,HELEN,2008,SI,south_indian_ocean,31
2008012N12123,train,UNNAMED,2008,WP,western_pacific,23
2008015S16162,train,FUNA,2008,SP,southern_pacific,27
2008023S10050,train,FAME,2008,SI,south_indian_ocean,40
2008026S11064,train,GULA,2008,SI,south_indian_ocean,36
2008026S12179,train,GENE,2008,SP,southern_pacific,57
2008033S11083,train,HONDO,2008,SI,south_indian_ocean,109
2008034S12103,train,UNNAMED,2008,SI,south_indian_ocean,33
2008037S10055,train,IVAN,2008,SI,south_indian_ocean,88
2008042S16122,train,NICHOLAS,2008,SI,south_indian_ocean,41
2008058S15131,train,OPHELIA,2008,SI,south_indian_ocean,40
2008060S19151,train,UNNAMED,2008,SP,southern_pacific,8
2008062S10064,train,JOKWE,2008,SI,south_indian_ocean,57
2008065S12096,train,KAMBA,2008,SI,south_indian_ocean,37
2008080S17163,train,UNNAMED,2008,SP,southern_pacific,25
2008083S12102,train,PANCHO,2008,SI,south_indian_ocean,29
2008104N08128,train,NEOGURI,2008,WP,western_pacific,28
2008108S13158,train,UNNAMED,2008,SP,southern_pacific,9
2008111S06082,train,DURGA,2008,SI,south_indian_ocean,26
2008117N11090,train,NARGIS,2008,NI,bay_of_bengal,35
2008128N07134,train,RAMMASUN,2008,WP,western_pacific,31
2008135N16125,train,MATMO,2008,WP,western_pacific,14
2008157N16066,train,UNNAMED,2008,NI,arabian_sea,8
2008169N08135,train,FENGSHEN,2008,WP,western_pacific,40
2008179N12252,train,BORIS,2008,EP,eastern_pacific,37
2008180N14238,train,CRISTINA,2008,EP,eastern_pacific,22
2008188N14260,train,UNNAMED,2008,EP,eastern_pacific,7
2008193N20126,train,KALMAEGI,2008,WP,western_pacific,53
2008204N13260,train,GENEVIEVE,2008,EP,eastern_pacific,40
2008206N22133,train,FUNG-WONG,2008,WP,western_pacific,33
2008217N19120,train,KAMMURI,2008,WP,western_pacific,20
2008220N12250,train,HERNAN,2008,EP,eastern_pacific,41
2008226N22134,train,VONGFONG,2008,WP,western_pacific,25
2008227N16255,train,ISELLE,2008,EP,eastern_pacific,41
2008229N13147,train,NURI,2008,WP,western_pacific,30
2008237N18253,train,JULIO,2008,EP,eastern_pacific,16
2008238N13130,train,UNNAMED,2008,WP,western_pacific,18
2008246N19250,train,KARINA,2008,EP,eastern_pacific,7
2008251N15256,train,LOWELL,2008,EP,eastern_pacific,21
2008252N16128,train,SINLAKU,2008,WP,western_pacific,65
2008253N29150,train,UNNAMED,2008,WP,western_pacific,14
2008257N28148,train,UNNAMED,2008,WP,western_pacific,11
2008259N20089,train,UNNAMED,2008,NI,bay_of_bengal,17
2008272N08139,train,HIGOS,2008,WP,western_pacific,35
2008283N12271,train,ODILE,2008,EP,eastern_pacific,21
2008292N20152,train,BAVI,2008,WP,western_pacific,20
2008293N09060,train,UNNAMED,2008,NI,arabian_sea,18
2008298N16085,train,RASHMI,2008,NI,bay_of_bengal,13
2008308N08252,train,POLO,2008,EP,eastern_pacific,11
2008311N08128,train,MAYSAK,2008,WP,western_pacific,34
2008317N11089,train,KHAI-MUK,2008,NI,bay_of_bengal,19
2008319S07086,train,BERNARD,2009,SI,south_indian_ocean,31
2008320N08122,train,NOUL,2008,WP,western_pacific,13
2008323S08089,train,ANIKA,2009,SI,south_indian_ocean,19
2008329N09082,train,NISHA,2008,NI,bay_of_bengal,16
2008338N06092,train,UNNAMED,2008,NI,bay_of_bengal,28
2008348S10077,train,CINDA,2009,SI,south_indian_ocean,45
2008351S11128,train,BILLY,2009,SI,south_indian_ocean,77
2008356S14138,train,UNNAMED,2009,SP,southern_pacific,17
2009011S16139,train,CHARLOTTE,2009,SP,southern_pacific,9
2009017S15059,train,ERIC,2009,SI,south_indian_ocean,25
2009024S17123,train,DOMINIC,2009,SI,south_indian_ocean,18
2009025S12177,train,HETTIE,2009,SP,southern_pacific,20
2009031S16147,train,ELLIE,2009,SP,southern_pacific,13
2009032S15071,train,GAEL,2009,SI,south_indian_ocean,48
2009034S16126,train,FREDDY,2009,SI,south_indian_ocean,50
2009059S10101,train,GABRIELLE,2009,SI,south_indian_ocean,25
2009064S13148,train,HAMISH,2009,SP,southern_pacific,38
2009066S12081,train,UNNAMED,2009,SI,south_indian_ocean,29
2009069S19204,train,JONI,2009,SP,southern_pacific,19
2009074S10129,train,ILSA,2009,SI,south_indian_ocean,47
2009092S15178,train,LIN,2009,SP,southern_pacific,20
2009093S12062,train,JADE,2009,SI,south_indian_ocean,40
2009104N13088,train,BIJLI,2009,NI,bay_of_bengal,17
2009107S07133,train,KIRRILY,2009,SI,south_indian_ocean,57
2009123N10111,train,CHAN-HOM,2009,WP,western_pacific,42
2009143N17089,train,AILA,2009,NI,bay_of_bengal,15
2009164N10131,train,LINFA,2009,WP,western_pacific,70
2009171N15264,train,ANDRES,2009,EP,eastern_pacific,21
2009173N10132,train,NANGKA,2009,WP,western_pacific,22
2009174N18072,train,UNNAMED,2009,NI,arabian_sea,5
2009190N09254,train,CARLOS,2009,EP,eastern_pacific,34
2009194N11257,train,DOLORES,2009,EP,eastern_pacific,30
2009210N11231,train,LANA,2009,EP,eastern_pacific,24
2009215N10242,train,FELICIA,2009,EP,eastern_pacific,39
2009215N20133,train,MORAKOT,2009,WP,western_pacific,43
2009219N19140,train,ETAU,2009,WP,western_pacific,38
2009220N12246,train,UNNAMED,2009,EP,eastern_pacific,31
2009221N10201,train,MAKA,2009,EP,eastern_pacific,41
2009222N09262,train,GUILLERMO,2009,EP,eastern_pacific,55
2009228N11163,train,VAMCO,2009,WP,western_pacific,45
2009233N13230,train,HILDA,2009,EP,eastern_pacific,46
2009235N14252,train,IGNACIO,2009,EP,eastern_pacific,25
2009238N12189,train,UNNAMED,2009,EP,eastern_pacific,28
2009238N20151,train,KROVANH,2009,WP,western_pacific,29
2009239N12270,train,JIMENA,2009,EP,eastern_pacific,40
2009246N12250,train,LINDA,2009,EP,eastern_pacific,48
2009246N18130,train,DUJUAN,2009,WP,western_pacific,36
2009251N16118,train,MUJIGAE,2009,WP,western_pacific,18
2009254N14130,train,KOPPU,2009,WP,western_pacific,19
2009255N13155,train,CHOI-WAN,2009,WP,western_pacific,38
2009268N14128,train,KETSANA,2009,WP,western_pacific,24
2009269N10163,train,UNNAMED,2009,WP,western_pacific,18
2009270N10148,train,PARMA,2009,WP,western_pacific,72
2009271N15257,train,OLAF,2009,EP,eastern_pacific,27
2009272N07164,train,MELOR,2009,WP,western_pacific,51
2009289N12230,train,NEKI,2009,EP,eastern_pacific,47
2009291N16111,train,UNNAMED,2009,WP,western_pacific,11
2009299N12153,train,MIRINAE,2009,WP,western_pacific,33
2009305N14134,train,UNNAMED,2009,WP,western_pacific,11
2009313N11072,train,PHYAN,2009,NI,arabian_sea,10
2009324N06129,train,UNNAMED,2009,WP,western_pacific,20
2009325S12066,train,BONGANI,2010,SI,south_indian_ocean,25
2009328N06108,train,UNNAMED,2009,WP,western_pacific,7
2009337N14143,train,UNNAMED,2009,WP,western_pacific,13
2009337S07096,train,CLEO,2010,SI,south_indian_ocean,58
2009342S09140,train,LAURENCE,2010,SP,southern_pacific,64
2009344N06085,train,WARD,2009,NI,bay_of_bengal,19
2009346S07086,train,DAVID,2010,SI,south_indian_ocean,78
2010002S09096,train,EDZANI,2010,SI,south_indian_ocean,55
2010018N07113,train,UNNAMED,2010,WP,western_pacific,10
2010019S11123,train,MAGDA,2010,SI,south_indian_ocean,24
2010020S08163,train,OLGA,2010,SP,southern_pacific,45
2010027S14184,train,NISHA,2010,SP,southern_pacific,19
2010027S17058,train,UNNAMED,2010,SI,south_indian_ocean,19
2010029S12177,train,OLI,2010,SP,southern_pacific,43
2010038S08194,train,PAT,2010,SP,southern_pacific,22
2010046S10058,train,GELANE,2010,SI,south_indian_ocean,42
2010066S19050,train,HUBERT,2010,SI,south_indian_ocean,33
2010069S12188,train,TOMAS,2010,SP,southern_pacific,42
2010078N03153,train,OMAIS,2010,WP,western_pacific,31
2010110S10118,train,SEAN,2010,SI,south_indian_ocean,39
2010143S20035,train,JOEL,2010,SI,south_indian_ocean,29
2010149N13266,train,AGATHA,2010,EP,eastern_pacific,8
2010166N15255,train,BLAS,2010,EP,eastern_pacific,32
2010167N15265,train,UNNAMED,2010,EP,eastern_pacific,4
2010169N13266,train,CELIA,2010,EP,eastern_pacific,50
2010172N08272,train,DARBY,2010,EP,eastern_pacific,38
2010191N12138,train,CONSON,2010,WP,western_pacific,32
2010195N14257,train,UNNAMED,2010,EP,eastern_pacific,18
2010217N15265,train,ESTELLE,2010,EP,eastern_pacific,26
2010218N20127,train,DIANMU,2010,WP,western_pacific,29
2010232N18253,train,UNNAMED,2010,EP,eastern_pacific,12
2010233N17119,train,MINDULLE,2010,WP,western_pacific,18
2010234N14267,train,FRANK,2010,EP,eastern_pacific,30
2010239N15118,train,LIONROCK,2010,WP,western_pacific,35
2010240N15142,train,KOMPASU,2010,WP,western_pacific,40
2010241N25125,train,NAMTHEUN,2010,WP,western_pacific,12
2010243N12146,train,MALOU,2010,WP,western_pacific,41
2010246N19251,train,UNNAMED,2010,EP,eastern_pacific,10
2010247N15266,train,HERMINE,2010,EP,eastern_pacific,6
2010249N24125,train,MERANTI,2010,WP,western_pacific,33
2010278N18110,train,UNNAMED,2010,WP,western_pacific,24
2010280N17085,train,UNNAMED,2010,NI,bay_of_bengal,7
2010285N13145,train,MEGI,2010,WP,western_pacific,52
2010286N18090,train,UNNAMED,2010,NI,bay_of_bengal,12
2010293N13165,train,UNNAMED,2010,WP,western_pacific,31
2010293N16147,train,CHABA,2010,WP,western_pacific,48
2010293N17093,train,GIRI,2010,NI,bay_of_bengal,19
2010298S09087,train,UNNAMED,2011,SI,south_indian_ocean,26
2010302S08098,train,ANGGREK,2011,SI,south_indian_ocean,34
2010315N14112,train,UNNAMED,2010,WP,western_pacific,18
2010331S07089,train,ABELE,2011,SI,south_indian_ocean,35
2010341N14082,train,UNNAMED,2010,NI,bay_of_bengal,4
2010349S18109,train,UNNAMED,2011,SI,south_indian_ocean,21
2010358S13152,train,TASHA,2011,SP,southern_pacific,11
2010363S15133,train,UNNAMED,2011,SI,south_indian_ocean,29
2011010S17169,train,VANIA,2011,SP,southern_pacific,25
2011013S15151,train,ZELIA,2011,SP,southern_pacific,23
2011020S13182,train,WILMA,2011,SP,southern_pacific,44
2011021S16129,train,BIANCA,2011,SI,south_indian_ocean,38
2011028S13180,train,YASI,2011,SP,southern_pacific,40
2011033N06083,train,UNNAMED,2011,NI,bay_of_bengal,2
2011034S19199,train,ZAKA,2011,SP,southern_pacific,22
2011038S11062,train,BINGIZA,2011,SI,south_indian_ocean,61
2011045S14132,train,CARLOS,2011,SI,south_indian_ocean,53
2011045S17119,train,DIANNE,2011,SI,south_indian_ocean,37
2011048S14171,train,ATU,2011,SP,southern_pacific,44
2011073S11089,train,CHERONO,2011,SI,south_indian_ocean,47
2011082S17184,train,BUNE,2011,SP,southern_pacific,45
2011088S10133,train,UNNAMED,2011,SI,south_indian_ocean,29
2011091N09112,train,UNNAMED,2011,WP,western_pacific,12
2011093N10131,train,UNNAMED,2011,WP,western_pacific,15
2011102S26048,train,UNNAMED,2011,SI,south_indian_ocean,22
2011103S12126,train,ERROL,2011,SI,south_indian_ocean,23
2011126N11129,train,AERE,2011,WP,western_pacific,39
2011158N11260,train,ADRIAN,2011,EP,eastern_pacific,30
2011159N13122,train,SARIKA,2011,WP,western_pacific,14
2011167N08129,train,HAIMA,2011,WP,western_pacific,39
2011170N12263,train,BEATRIZ,2011,EP,eastern_pacific,14
2011172N11133,train,MEARI,2011,WP,western_pacific,27
2011188N14261,train,CALVIN,2011,EP,eastern_pacific,29
2011199N10271,train,DORA,2011,EP,eastern_pacific,33
2011208N09145,train,MUIFA,2011,WP,western_pacific,81
2011212N10264,train,EUGENE,2011,EP,eastern_pacific,43
2011221N17139,train,UNNAMED,2011,WP,western_pacific,27
2011227N12234,train,FERNANDA,2011,EP,eastern_pacific,29
2011229N14261,train,GREG,2011,EP,eastern_pacific,26
2011233N12129,train,NANMADOL,2011,WP,western_pacific,42
2011243N17259,train,UNNAMED,2011,EP,eastern_pacific,9
2011249N18133,train,KULAP,2011,WP,western_pacific,22
2011253N20145,train,ROKE,2011,WP,western_pacific,61
2011264N13264,train,HILARY,2011,EP,eastern_pacific,50
2011265N21088,train,UNNAMED,2011,NI,bay_of_bengal,5
2011267N16111,train,HAITANG,2011,WP,western_pacific,15
2011270N18139,train,NALGAE,2011,WP,western_pacific,37
2011278N12248,train,IRWIN,2011,EP,eastern_pacific,56
2011279N10257,train,JOVA,2011,EP,eastern_pacific,30
2011282N08136,train,BANYAN,2011,WP,western_pacific,26
2011290N15090,train,UNNAMED,2011,NI,bay_of_bengal,13
2011310N11066,train,UNNAMED,2011,NI,arabian_sea,22
2011323N09264,train,KENNETH,2011,EP,eastern_pacific,31
2011330N06078,train,UNNAMED,2011,NI,bay_of_bengal,24
2011336S06098,train,ALENGA,2012,SI,south_indian_ocean,33
2011337S13069,train,UNNAMED,2012,SI,south_indian_ocean,38
2011344N12117,train,UNNAMED,2011,WP,western_pacific,17
2011346N03156,train,WASHI,2011,WP,western_pacific,32
2011358S11132,train,GRANT,2012,SI,south_indian_ocean,25
2011360N09088,train,THANE,2011,NI,bay_of_bengal,21
2012006S15043,train,CHANDA,2012,SI,south_indian_ocean,21
2012010S24049,train,DANDO,2012,SI,south_indian_ocean,34
2012017S10074,train,ETHEL,2012,SI,south_indian_ocean,28
2012018S16041,train,FUNSO,2012,SI,south_indian_ocean,62
2012024S15116,train,IGGY,2012,SI,south_indian_ocean,43
2012032S15141,train,JASMINE,2012,SP,southern_pacific,65
2012039S14075,train,GIOVANNA,2012,SI,south_indian_ocean,60
2012042S12110,train,HILWA,2012,SI,south_indian_ocean,52
2012046N08130,train,UNNAMED,2012,WP,western_pacific,27
2012060S12069,train,UNNAMED,2012,SI,south_indian_ocean,13
2012066S10101,train,JONI:KOJI,2012,SI,south_indian_ocean,40
2012070S17112,train,LUA,2012,SI,south_indian_ocean,34
2012092S16166,train,DAPHNE,2012,SP,southern_pacific,21
2012127S05127,train,UNNAMED,2012,SI,south_indian_ocean,14
2012135N10255,train,ALETTA,2012,EP,eastern_pacific,26
2012141N11148,train,SANVU,2012,WP,western_pacific,42
2012152N12130,train,MAWAR,2012,WP,western_pacific,53
2012156S07066,train,KUENA,2012,SI,south_indian_ocean,21
2012162N06150,train,GUCHOL,2012,WP,western_pacific,50
2012166N09269,train,CARLOTTA,2012,EP,eastern_pacific,15
2012177N11135,train,DOKSURI,2012,WP,western_pacific,22
2012179S09153,train,UNNAMED,2012,SP,southern_pacific,17
2012186N12255,train,DANIEL,2012,EP,eastern_pacific,41
2012196N19144,train,KHANUN,2012,WP,western_pacific,26
2012209N25149,train,DAMREY,2012,WP,western_pacific,32
2012216N24162,train,KIROGI,2012,WP,western_pacific,37
2012219N12254,train,GILMA,2012,EP,eastern_pacific,33
2012225N16133,train,KAI-TAK,2012,WP,western_pacific,29
2012225N18255,train,HECTOR,2012,EP,eastern_pacific,36
2012230N21126,train,TEMBIN,2012,WP,western_pacific,60
2012247N18252,train,JOHN,2012,EP,eastern_pacific,20
2012256N15257,train,KRISTY,2012,EP,eastern_pacific,33
2012263N15141,train,JELAWAT,2012,WP,western_pacific,57
2012266N14254,train,MIRIAM,2012,EP,eastern_pacific,44
2012272N22251,train,NORMAN,2012,EP,eastern_pacific,9
2012273N13112,train,GAEMI,2012,WP,western_pacific,35
2012274N13151,train,MALIKSI,2012,WP,western_pacific,30
2012279N15145,train,PRAPIROON,2012,WP,western_pacific,76
2012281N14242,train,OLIVIA,2012,EP,eastern_pacific,17
2012285N21091,train,UNNAMED,2012,NI,bay_of_bengal,3
2012285S04077,train,ANAIS,2013,SI,south_indian_ocean,37
2012287N16147,train,MARIA,2012,WP,western_pacific,30
2012288N14248,train,PAUL,2012,EP,eastern_pacific,19
2012296N06135,train,SON-TINH,2012,WP,western_pacific,33
2012297N11067,train,MURJAN,2012,NI,arabian_sea,14
2012301N11087,train,NILAM,2012,NI,bay_of_bengal,23
2012321N14090,train,UNNAMED,2012,NI,bay_of_bengal,30
2012331N03157,train,BOPHA,2012,WP,western_pacific,56
2012337S06089,train,CLAUDIA,2013,SI,south_indian_ocean,48
2012346S14180,train,EVAN,2013,SP,southern_pacific,66
2012357N09064,train,UNNAMED,2012,NI,arabian_sea,12
2012362S08071,train,DUMILE,2013,SI,south_indian_ocean,42
2012362S08165,train,FREDA,2013,SP,southern_pacific,34
2012362S13116,train,MITCHELL,2013,SI,south_indian_ocean,22
2013001N04141,train,SONAMU,2013,WP,western_pacific,37
2013009S11084,train,EMANG,2013,SI,south_indian_ocean,45
2013020S16137,train,OSWALD,2013,SP,southern_pacific,35
2013020S17124,train,PETA,2013,SI,south_indian_ocean,26
2013041S10087,train,GINO,2013,SI,south_indian_ocean,33
2013046S20042,train,HARUNA,2013,SI,south_indian_ocean,58
2013051S12102,train,UNNAMED,2013,SI,south_indian_ocean,34
2013064S18149,train,SANDRA,2013,SP,southern_pacific,50
2013072S12140,train,TIM,2013,SP,southern_pacific,32
2013093S08074,train,IMELDA,2013,SI,south_indian_ocean,70
2013117S10155,train,ZANE,2013,SP,southern_pacific,23
2013130N04093,train,MAHASEN:VIYARU,2013,NI,bay_of_bengal,29
2013134N07265,train,ALVIN,2013,EP,eastern_pacific,15
2013149N14264,train,BARBARA,2013,EP,eastern_pacific,9
2013167N12128,train,LEEPI,2013,WP,western_pacific,31
2013171N15117,train,BEBINCA,2013,WP,western_pacific,19
2013175N12256,train,COSME,2013,EP,eastern_pacific,30
2013180N11256,train,DALILA,2013,EP,eastern_pacific,41
2013186N13262,train,ERICK,2013,EP,eastern_pacific,22
2013187N20156,train,SOULIK,2013,WP,western_pacific,35
2013196N14128,train,CIMARON,2013,WP,western_pacific,18
2013206N15238,train,FLOSSIE,2013,EP,eastern_pacific,23
2013210N13122,train,JEBI,2013,WP,western_pacific,24
2013211N11248,train,GIL,2013,EP,eastern_pacific,32
2013217N11118,train,MANGKHUT,2013,WP,western_pacific,14
2013220N12137,train,UTOR,2013,WP,western_pacific,41
2013224N12220,train,UNALA,2013,EP,eastern_pacific,30
2013227N08193,train,PEWA,2013,EP,eastern_pacific,48
2013228N23124,train,TRAMI,2013,WP,western_pacific,34
2013229N26132,train,UNNAMED,2013,WP,western_pacific,11
2013232N14252,train,IVO,2013,EP,eastern_pacific,31
2013232N22088,train,UNNAMED,2013,NI,bay_of_bengal,13
2013237N11129,train,KONG-REY,2013,WP,western_pacific,26
2013241N19254,train,JULIETTE,2013,EP,eastern_pacific,10
2013242N15245,train,KIKO,2013,EP,eastern_pacific,23
2013243N26122,train,TORAJI,2013,WP,western_pacific,22
2013259N17132,train,USAGI,2013,WP,western_pacific,33
2013260N15112,train,UNNAMED,2013,WP,western_pacific,9
2013272N10135,train,FITOW,2013,WP,western_pacific,33
2013274N18152,train,DANAS,2013,WP,western_pacific,34
2013280N13242,train,NARDA,2013,EP,eastern_pacific,24
2013281N12098,train,PHAILIN,2013,NI,bay_of_bengal,28
2013282N14149,train,WIPHA,2013,WP,western_pacific,39
2013287N13243,train,PRISCILLA,2013,EP,eastern_pacific,21
2013292N09162,train,LEKIMA,2013,WP,western_pacific,40
2013293N13260,train,RAYMOND,2013,EP,eastern_pacific,50
2013296S07079,train,UNNAMED,2014,SI,south_indian_ocean,28
2013301N13142,train,KROSA,2013,WP,western_pacific,33
2013305N07141,train,UNNAMED,2013,WP,western_pacific,80
2013305N16252,train,SONIA,2013,EP,eastern_pacific,13
2013306N07162,train,HAIYAN,2013,WP,western_pacific,38
2013310N06066,train,UNNAMED,2013,NI,arabian_sea,25
2013316N06130,train,PODUL,2013,WP,western_pacific,16
2013322N13090,train,HELEN,2013,NI,bay_of_bengal,22
2013324N07103,train,LEHAR,2013,WP,western_pacific,38
2013324S11113,train,ALESSIA,2014,SI,south_indian_ocean,44
2013337N15139,train,UNNAMED,2013,WP,western_pacific,8
2013339N09084,train,MADI,2013,NI,bay_of_bengal,32
2013360S12124,train,CHRISTINE,2014,SI,south_indian_ocean,28
2013362S09053,train,BEJISA,2014,SI,south_indian_ocean,46
2014003N08086,train,UNNAMED,2014,NI,bay_of_bengal,24
2014007S11104,train,COLIN,2014,SI,south_indian_ocean,38
2014015N10129,train,LINGLING,2014,WP,western_pacific,22
2014015S16043,train,DELIWE,2014,SI,south_indian_ocean,32
2014017S14160,train,JUNE,2014,SP,southern_pacific,22
2014029N10143,train,KAJIKI,2014,WP,western_pacific,15
2014030S14129,train,FLETCHER,2014,SI,south_indian_ocean,53
2014031S17149,train,EDNA,2014,SP,southern_pacific,29
2014032S13123,train,UNNAMED,2014,SI,south_indian_ocean,53
2014036S12073,train,FOBANE,2014,SI,south_indian_ocean,50
2014056S18175,train,KOFI,2014,SP,southern_pacific,36
2014058N09149,train,FAXAI,2014,WP,western_pacific,39
2014066S09138,train,GILLIAN,2014,SP,southern_pacific,88
2014066S15152,train,HADI,2014,SP,southern_pacific,23
2014080N08128,train,UNNAMED,2014,WP,western_pacific,14
2014117N10145,train,TAPAH,2014,WP,western_pacific,24
2014142N10254,train,AMANDA,2014,EP,eastern_pacific,30
2014153N12267,train,BORIS,2014,EP,eastern_pacific,14
2014159N12068,train,NANAUK,2014,NI,arabian_sea,26
2014160N15259,train,CRISTINA,2014,EP,eastern_pacific,41
2014164N19116,train,HAGIBIS,2014,WP,western_pacific,41
2014184N08147,train,NEOGURI,2014,WP,western_pacific,44
2014187N11247,train,FAUSTO,2014,EP,eastern_pacific,13
2014195N11232,train,WALI,2014,EP,eastern_pacific,23
2014197N10137,train,MATMO,2014,WP,western_pacific,40
2014204N10239,train,GENEVIEVE,2014,EP,eastern_pacific,91
2014207N12255,train,HERNAN,2014,EP,eastern_pacific,22
2014209N12152,train,HALONG,2014,WP,western_pacific,74
2014212N11242,train,ISELLE,2014,EP,eastern_pacific,45
2014214N13249,train,JULIO,2014,EP,eastern_pacific,66
2014216N21089,train,UNNAMED,2014,NI,bay_of_bengal,15
2014225N15255,train,KARINA,2014,EP,eastern_pacific,63
2014229N16246,train,LOWELL,2014,EP,eastern_pacific,48
2014231N21117,train,UNNAMED,2014,WP,western_pacific,11
2014246N17254,train,NORBERT,2014,EP,eastern_pacific,35
2014248N19129,train,FENGSHEN,2014,WP,western_pacific,25
2014249N14118,train,UNNAMED,2014,WP,western_pacific,12
2014253N13244,train,UNNAMED,2014,EP,eastern_pacific,25
2014253N13260,train,ODILE,2014,EP,eastern_pacific,35
2014260N13135,train,FUNG-WONG,2014,WP,western_pacific,33
2014267N15257,train,RACHEL,2014,EP,eastern_pacific,37
2014267N18150,train,KAMMURI,2014,WP,western_pacific,34
2014274N15260,train,SIMON,2014,EP,eastern_pacific,35
2014275N06166,train,VONGFONG,2014,WP,western_pacific,60
2014279N11096,train,HUDHUD,2014,NI,bay_of_bengal,33
2014297N11062,train,NILOFAR,2014,NI,arabian_sea,37
2014303N11261,train,VANCE,2014,EP,eastern_pacific,27
2014303N13141,train,NURI,2014,WP,western_pacific,34
2014309N13088,train,UNNAMED,2014,NI,bay_of_bengal,18
2014327S08077,train,UNNAMED,2015,SI,south_indian_ocean,36
2014334N02156,train,HAGUPIT,2014,WP,western_pacific,50
2014356S08101,train,KATE,2015,SI,south_indian_ocean,56
2014362N07130,train,JANGMI,2014,WP,western_pacific,21
2015013S18038,train,CHEDZA,2015,SI,south_indian_ocean,38
2015020S12208,train,NIKO,2015,SP,southern_pacific,21
2015036S20038,train,FUNDI,2015,SI,south_indian_ocean,27
2015038N08158,train,HIGOS,2015,WP,western_pacific,25
2015047S12142,train,LAM,2015,SP,southern_pacific,23
2015063S14042,train,UNNAMED,2015,SI,south_indian_ocean,20
2015064S14052,train,HALIBA,2015,SI,south_indian_ocean,34
2015066S08170,train,PAM,2015,SP,southern_pacific,52
2015068S14113,train,OLWYN,2015,SI,south_indian_ocean,24
2015079S15182,train,REUBEN,2015,SP,southern_pacific,24
2015085N06162,train,MAYSAK,2015,WP,western_pacific,50
2015092N06161,train,HAISHEN,2015,WP,western_pacific,20
2015092S18074,train,JOALANE,2015,SI,south_indian_ocean,63
2015094S10087,train,IKOLA,2015,SI,south_indian_ocean,17
2015099S13163,train,SOLO,2015,SP,southern_pacific,15
2015127N04158,train,DOLPHIN,2015,WP,western_pacific,72
2015157N13069,train,ASHOBAA,2015,NI,arabian_sea,25
2015162N12262,train,CARLOS,2015,EP,eastern_pacific,31
2015171N15112,train,KUJIRA,2015,WP,western_pacific,22
2015171N18086,train,UNNAMED,2015,NI,bay_of_bengal,7
2015173N20067,train,UNNAMED,2015,NI,arabian_sea,11
2015180S04163,train,RAQUEL,2015,SP,southern_pacific,24
2015183N13130,train,LINFA,2015,WP,western_pacific,34
2015184N08172,train,NANGKA,2015,WP,western_pacific,63
2015189N13223,train,ELA,2015,EP,eastern_pacific,21
2015191N23085,train,UNNAMED,2015,NI,bay_of_bengal,9
2015194N13235,train,ENRIQUE,2015,EP,eastern_pacific,38
2015203N16126,train,UNNAMED,2015,WP,western_pacific,16
2015204N16247,train,FELICIA,2015,EP,eastern_pacific,22
2015209N07248,train,GUILLERMO,2015,EP,eastern_pacific,50
2015209N15236,train,UNNAMED,2015,EP,eastern_pacific,16
2015209N26072,train,UNNAMED,2015,NI,arabian_sea,11
2015211N13162,train,SOUDELOR,2015,WP,western_pacific,55
2015213N29146,train,UNNAMED,2015,WP,western_pacific,17
2015213S08169,train,UNNAMED,2016,SP,southern_pacific,25
2015216N23081,train,UNNAMED,2015,NI,bay_of_bengal,3
2015218N12231,train,HILDA,2015,EP,eastern_pacific,36
2015218N18149,train,MOLAVE,2015,WP,western_pacific,49
2015226N15164,train,ATSANI,2015,WP,western_pacific,62
2015228N17247,train,UNNAMED,2015,EP,eastern_pacific,17
2015229N08212,train,KILO,2015,EP,eastern_pacific,108
2015231N13183,train,LOKE,2015,EP,eastern_pacific,32
2015244N12248,train,KEVIN,2015,EP,eastern_pacific,23
2015248N10256,train,LINDA,2015,EP,eastern_pacific,41
2015249N18142,train,ETAU,2015,WP,western_pacific,25
2015256N16113,train,VAMCO,2015,WP,western_pacific,10
2015259N20084,train,UNNAMED,2015,NI,bay_of_bengal,12
2015263N14148,train,DUJUAN,2015,WP,western_pacific,43
2015264N24246,train,UNNAMED,2015,EP,eastern_pacific,4
2015270N13257,train,MARTY,2015,EP,eastern_pacific,18
2015273N12130,train,MUJIGAE,2015,WP,western_pacific,22
2015274N17167,train,CHOI-WAN,2015,WP,western_pacific,43
2015275N13187,train,UNNAMED,2015,EP,eastern_pacific,19
2015280N13071,train,UNNAMED,2015,NI,arabian_sea,21
2015282N11230,train,NORA,2015,EP,eastern_pacific,27
2015285N14151,train,KOPPU,2015,WP,western_pacific,38
2015286N12163,train,CHAMPI,2015,WP,western_pacific,57
2015288N10243,train,OLAF,2015,EP,eastern_pacific,55
2015293N16164,train,UNNAMED,2015,WP,western_pacific,14
2015301N11065,train,CHAPALA,2015,NI,arabian_sea,31
2015312N11084,train,UNNAMED,2015,NI,bay_of_bengal,8
2015321N04164,train,IN-FA,2015,WP,western_pacific,43
2015322N13253,train,RICK,2015,EP,eastern_pacific,33
2015323S05080,train,ANNABELLE,2016,SI,south_indian_ocean,36
2015328N11260,train,SANDRA,2015,EP,eastern_pacific,25
2015342S09079,train,BOHALE,2016,SI,south_indian_ocean,38
2015344N07145,train,MELOR,2015,WP,western_pacific,29
2015355S16136,train,UNNAMED,2016,SP,southern_pacific,44
2015362N01179,train,UNNAMED,2015,WP,western_pacific,20
2016014S13195,train,VICTOR,2016,SP,southern_pacific,36
2016020S14078,train,CORENTIN,2016,SI,south_indian_ocean,47
2016027S13119,train,STAN,2016,SI,south_indian_ocean,21
2016040S16155,train,TATIANA,2016,SP,southern_pacific,27
2016041S14170,train,WINSTON,2016,SP,southern_pacific,76
2016042S10094,train,URIAH,2016,SI,south_indian_ocean,59
2016075S11087,train,EMERAUDE,2016,SI,south_indian_ocean,35
2016087S13073,train,UNNAMED,2016,SI,south_indian_ocean,14
2016095S13162,train,ZENA,2016,SP,southern_pacific,14
2016138N10081,train,ROANU,2016,NI,bay_of_bengal,21
2016147N18115,train,UNNAMED,2016,WP,western_pacific,10
2016158N13261,train,UNNAMED,2016,EP,eastern_pacific,9
2016178N22068,train,UNNAMED,2016,NI,arabian_sea,12
2016183N13246,train,AGATHA,2016,EP,eastern_pacific,29
2016194N15255,train,DARBY,2016,EP,eastern_pacific,61
2016195S06076,train,ABELA,2017,SI,south_indian_ocean,33
2016197N14256,train,ESTELLE,2016,EP,eastern_pacific,38
2016199N18131,train,UNNAMED,2016,WP,western_pacific,11
2016203N10249,train,GEORGETTE,2016,EP,eastern_pacific,37
2016203N13259,train,FRANK,2016,EP,eastern_pacific,39
2016205N25152,train,LUPIT,2016,WP,western_pacific,15
2016207N17116,train,MIRINAE,2016,WP,western_pacific,15
2016211N11128,train,NIDA,2016,WP,western_pacific,20
2016214N15240,train,HOWARD,2016,EP,eastern_pacific,29
2016216N17149,train,OMAIS,2016,WP,western_pacific,40
2016220N18258,train,JAVIER,2016,EP,eastern_pacific,16
2016221N19163,train,CONSON,2016,WP,western_pacific,37
2016222N22089,train,UNNAMED,2016,NI,bay_of_bengal,14
2016225N16138,train,CHANTHU,2016,WP,western_pacific,30
2016228N22117,train,DIANMU,2016,WP,western_pacific,20
2016230N12254,train,KAY,2016,EP,eastern_pacific,38
2016230N15138,train,MINDULLE,2016,WP,western_pacific,27
2016230N21089,train,UNNAMED,2016,NI,bay_of_bengal,18
2016230N25160,train,LIONROCK,2016,WP,western_pacific,57
2016237N14253,train,LESTER,2016,EP,eastern_pacific,60
2016240N13224,train,MADELINE,2016,EP,eastern_pacific,33
2016244N21123,train,NAMTHEUN,2016,WP,western_pacific,24
2016248N15255,train,NEWTON,2016,EP,eastern_pacific,17
2016250N25125,train,MALOU,2016,WP,western_pacific,10
2016253N13144,train,MERANTI,2016,WP,western_pacific,36
2016253N26152,train,UNNAMED,2016,WP,western_pacific,13
2016255N12114,train,RAI,2016,WP,western_pacific,13
2016255N12247,train,ORLENE,2016,EP,eastern_pacific,28
2016256N12146,train,MALAKAS,2016,WP,western_pacific,37
2016262N16251,train,PAINE,2016,EP,eastern_pacific,15
2016269N15165,train,CHABA,2016,WP,western_pacific,53
2016270N12223,train,ULIKA,2016,EP,eastern_pacific,31
2016270N15240,train,ROSLYN,2016,EP,eastern_pacific,22
2016277S30044,train,BRANSBY,2017,SI,south_indian_ocean,18
2016278N16181,train,SONGDA,2016,EP,eastern_pacific,41
2016279N19130,train,AERE,2016,WP,western_pacific,41
2016287N12131,train,SARIKA,2016,WP,western_pacific,31
2016295N13089,train,KYANT,2016,NI,bay_of_bengal,34
2016296N11262,train,SEYMOUR,2016,EP,eastern_pacific,33
2016308N13088,train,UNNAMED,2016,NI,bay_of_bengal,15
2016313N11163,train,MA-ON,2016,WP,western_pacific,20
2016315N11171,train,UNNAMED,2016,WP,western_pacific,16
2016318N18253,train,TINA,2016,EP,eastern_pacific,22
2016323N13279,train,OTTO,2016,EP,eastern_pacific,6
2016341N08092,train,VARDAH,2016,NI,bay_of_bengal,52
2016347N10110,train,UNNAMED,2016,WP,western_pacific,4
2016353S11130,train,UNNAMED,2017,SI,south_indian_ocean,20
2016355N07146,train,NOCK-TEN,2016,WP,western_pacific,35
2017008N08128,train,UNNAMED,2017,WP,western_pacific,35
2017033S14056,train,CARLOS,2017,SI,south_indian_ocean,54
2017043S19040,train,DINEO,2017,SI,south_indian_ocean,24
2017046S17137,train,ALFRED,2017,SP,southern_pacific,30
2017051S18189,train,BART,2017,SP,southern_pacific,13
2017052S16178,train,UNNAMED,2017,SP,southern_pacific,8
2017079S13122,train,UNNAMED,2017,SI,south_indian_ocean,18
2017082S14152,train,DEBBIE,2017,SP,southern_pacific,36
2017094S10115,train,ERNIE,2017,SI,south_indian_ocean,31
2017097S08134,train,UNNAMED,2017,SI,south_indian_ocean,35
2017097S12171,train,COOK,2017,SP,southern_pacific,43
2017119S08103,train,GREG,2017,SI,south_indian_ocean,10
2017127S18184,train,ELLA,2017,SP,southern_pacific,34
2017130N09269,train,ADRIAN,2017,EP,eastern_pacific,11
2017147N14087,train,MORA,2017,NI,bay_of_bengal,15
2017161N13119,train,MERBOK,2017,WP,western_pacific,16
2017163N14265,train,CALVIN,2017,EP,eastern_pacific,8
2017163N20090,train,UNNAMED,2017,NI,bay_of_bengal,6
2017182N15132,train,NANMADOL,2017,WP,western_pacific,30
2017189N11250,train,EUGENE,2017,EP,eastern_pacific,28
2017195N16114,train,TALAS,2017,WP,western_pacific,16
2017198N13245,train,UNNAMED,2017,EP,eastern_pacific,18
2017199N14255,train,GREG,2017,EP,eastern_pacific,40
2017199N19086,train,UNNAMED,2017,NI,bay_of_bengal,5
2017200N26162,train,NORU,2017,WP,western_pacific,85
2017201N23178,train,KULAP,2017,WP,western_pacific,33
2017202N08274,train,HILARY,2017,EP,eastern_pacific,47
2017202N16116,train,SONCA,2017,WP,western_pacific,37
2017202N19124,train,ROKE,2017,WP,western_pacific,10
2017207N24085,train,UNNAMED,2017,NI,bay_of_bengal,5
2017209N19118,train,HAITANG,2017,WP,western_pacific,28
2017212N27158,train,NALGAE,2017,WP,western_pacific,37
2017216N16254,train,UNNAMED,2017,EP,eastern_pacific,17
2017223N16172,train,BANYAN,2017,WP,western_pacific,31
2017224N19253,train,JOVA,2017,EP,eastern_pacific,23
2017232N19130,train,HATO,2017,WP,western_pacific,23
2017236N15129,train,PAKHAR,2017,WP,western_pacific,17
2017239N18147,train,SANVU,2017,WP,western_pacific,44
2017242N17253,train,LIDIA,2017,EP,eastern_pacific,20
2017242N19122,train,MAWAR,2017,WP,western_pacific,21
2017247N16132,train,GUCHOL,2017,WP,western_pacific,18
2017252N14147,train,TALIM,2017,WP,western_pacific,58
2017254N16251,train,OTIS,2017,EP,eastern_pacific,40
2017257N16251,train,NORMA,2017,EP,eastern_pacific,33
2017257N16258,train,MAX,2017,EP,eastern_pacific,8
2017265N17257,train,PILAR,2017,EP,eastern_pacific,15
2017282N17113,train,UNNAMED,2017,WP,western_pacific,9
2017288N09138,train,LAN,2017,WP,western_pacific,36
2017292N13151,train,SAOLA,2017,WP,western_pacific,42
2017292N17087,train,UNNAMED,2017,NI,bay_of_bengal,3
2017300N10271,train,SELMA,2017,EP,eastern_pacific,8
2017304N11127,train,DAMREY,2017,WP,western_pacific,21
2017307N07102,train,UNNAMED,2017,WP,western_pacific,21
2017319N15083,train,UNNAMED,2017,NI,bay_of_bengal,8
2017332S08098,train,DAHLIA,2018,SI,south_indian_ocean,39
2017333N06082,train,OCKHI,2017,NI,bay_of_bengal,29
2017340N09089,train,UNNAMED,2017,NI,bay_of_bengal,17
2017347N11131,train,KAI-TAK,2017,WP,western_pacific,45
2017354N08134,train,TEMBIN,2017,WP,western_pacific,27
2017364S12065,train,AVA,2018,SI,south_indian_ocean,43
2018004S09096,train,IRVING,2018,SI,south_indian_ocean,30
2018007S13130,train,JOYCE,2018,SI,south_indian_ocean,34
2018010S10069,train,BERGUITTA,2018,SI,south_indian_ocean,58
2018025S09080,train,CEBILE,2018,SI,south_indian_ocean,63
2018038S15172,train,GITA,2018,SP,southern_pacific,63
2018039N08151,train,SANBA,2018,WP,western_pacific,34
2018044S10133,train,KELVIN,2018,SI,south_indian_ocean,35
2018064S16172,train,HOLA,2018,SP,southern_pacific,32
2018070S10160,train,LINDA,2018,SP,southern_pacific,19
2018072N05076,train,UNNAMED,2018,NI,arabian_sea,7
2018073S09129,train,MARCUS,2018,SI,south_indian_ocean,45
2018079S08137,train,NORA,2018,SP,southern_pacific,33
2018082N04147,train,JELAWAT,2018,WP,western_pacific,42
2018096S15172,train,KENI,2018,SP,southern_pacific,26
2018111S07055,train,FAKIR,2018,SI,south_indian_ocean,26
2018117S07098,train,FLAMBOYAN,2018,SI,south_indian_ocean,29
2018129N15153,train,UNNAMED,2018,WP,western_pacific,24
2018131N12235,train,UNNAMED,2018,EP,eastern_pacific,13
2018148N17090,train,UNNAMED,2018,NI,bay_of_bengal,9
2018153N12113,train,EWINIAR,2018,WP,western_pacific,37
2018155N10132,train,MALIKSI,2018,WP,western_pacific,37
2018157N14255,train,ALETTA,2018,EP,eastern_pacific,41
2018161N12260,train,BUD,2018,EP,eastern_pacific,26
2018161N22092,train,UNNAMED,2018,NI,bay_of_bengal,3
2018164N21120,train,UNNAMED,2018,WP,western_pacific,6
2018174N12244,train,DANIEL,2018,EP,eastern_pacific,22
2018178N12253,train,EMILIA,2018,EP,eastern_pacific,28
2018182N11256,train,FABIO,2018,EP,eastern_pacific,35
2018184N10147,train,MARIA,2018,WP,western_pacific,41
2018202N18116,train,UNNAMED,2018,WP,western_pacific,15
2018202N21088,train,UNNAMED,2018,NI,bay_of_bengal,8
2018202N21159,train,WUKONG,2018,WP,western_pacific,26
2018204N15137,train,JONGDARI,2018,WP,western_pacific,52
2018208N11225,train,UNNAMED,2018,EP,eastern_pacific,5
2018218N14255,train,JOHN,2018,EP,eastern_pacific,34
2018221N17112,train,BEBINCA,2018,WP,western_pacific,36
2018222N16147,train,LEEPI,2018,WP,western_pacific,24
2018226N11245,train,LANE,2018,EP,eastern_pacific,64
2018226N23128,train,RUMBIA,2018,WP,western_pacific,28
2018227N11145,train,SOULIK,2018,WP,western_pacific,62
2018227N20086,train,UNNAMED,2018,NI,bay_of_bengal,8
2018229N11160,train,CIMARON,2018,WP,western_pacific,34
2018234N22119,train,UNNAMED,2018,WP,western_pacific,15
2018239N11161,train,JEBI,2018,WP,western_pacific,47
2018240N15251,train,NORMAN,2018,EP,eastern_pacific,55
2018249N22088,train,UNNAMED,2018,NI,bay_of_bengal,5
2018250N12170,train,MANGKHUT,2018,WP,western_pacific,46
2018251N15248,train,PAUL,2018,EP,eastern_pacific,30
2018251N20122,train,BARIJAT,2018,WP,western_pacific,23
2018263N12146,train,TRAMI,2018,WP,western_pacific,55
2018263N17089,train,DAYE,2018,NI,bay_of_bengal,11
2018268N14253,train,ROSA,2018,EP,eastern_pacific,30
2018268N24155,train,UNNAMED,2018,WP,western_pacific,11
2018269N11220,train,WALAKA,2018,EP,eastern_pacific,46
2018269S09157,train,LIUA,2019,SP,southern_pacific,21
2018271N06154,train,KONG-REY,2018,WP,western_pacific,41
2018273N12259,train,SERGIO,2018,EP,eastern_pacific,54
2018279N11069,train,LUBAN,2018,NI,arabian_sea,38
2018288N17257,train,TARA,2018,EP,eastern_pacific,10
2018292N14261,train,WILLA,2018,EP,eastern_pacific,22
2018294N08161,train,YUTU,2018,WP,western_pacific,55
2018306N14249,train,XAVIER,2018,EP,eastern_pacific,29
2018309S06068,train,ALCIDE,2019,SI,south_indian_ocean,46
2018321N10113,train,TORAJI,2018,WP,western_pacific,18
2018324N04156,train,MAN-YI,2018,WP,western_pacific,44
2018334S09156,train,OWEN,2019,SP,southern_pacific,89
2018347N07089,train,PHETHAI,2018,NI,bay_of_bengal,20
2018348S08093,train,KENANGA,2019,SI,south_indian_ocean,43
2018351S09059,train,CILIDA,2019,SI,south_indian_ocean,48
2018363S12145,train,PENNY,2019,SP,southern_pacific,49
2018365N08115,train,PABUK,2018,WP,western_pacific,34
2019004N03175,train,UNNAMED,2019,WP,western_pacific,75
2019018S24033,train,DESMOND,2019,SI,south_indian_ocean,19
2019019S13106,train,UNNAMED,2019,SI,south_indian_ocean,42
2019023S21041,train,EKETSANG,2019,SI,south_indian_ocean,13
2019035S11058,train,GELENA,2019,SI,south_indian_ocean,50
2019035S13070,train,FUNANI,2019,SI,south_indian_ocean,28
2019040S17183,train,NEIL,2019,SP,southern_pacific,7
2019050N05163,train,WUTIP,2019,WP,western_pacific,48
2019057S13184,train,POLA,2019,SP,southern_pacific,23
2019063S18038,train,IDAI,2019,SI,south_indian_ocean,51
2019067S11115,train,SAVANNAH,2019,SI,south_indian_ocean,59
2019074S08151,train,TREVOR,2019,SP,southern_pacific,53
2019077S13123,train,VERONICA,2019,SI,south_indian_ocean,51
2019078S13066,train,JOANINHA,2019,SI,south_indian_ocean,57
2019093S07133,train,WALLACE,2019,SI,south_indian_ocean,44
2019112S04079,train,LORNA,2019,SI,south_indian_ocean,36
2019112S10053,train,KENNETH,2019,SI,south_indian_ocean,27
2019116N02090,train,FANI,2019,NI,bay_of_bengal,36
2019126S05129,train,LILI,2019,SI,south_indian_ocean,24
2019129S10160,train,ANN,2019,SP,southern_pacific,39
2019160N11073,train,VAYU,2019,NI,arabian_sea,39
2019177N15256,train,ALVIN,2019,EP,eastern_pacific,19
2019178N10137,train,UNNAMED,2019,WP,western_pacific,18
2019193N14255,train,UNNAMED,2019,EP,eastern_pacific,13
2019195N13136,train,DANAS,2019,WP,western_pacific,38
2019203N15244,train,DALILA,2019,EP,eastern_pacific,18
2019209N11237,train,ERICK,2019,EP,eastern_pacific,47
2019210N11253,train,FLOSSIE,2019,EP,eastern_pacific,39
2019210N16117,train,WIPHA,2019,WP,western_pacific,26
2019215N13242,train,GIL,2019,EP,eastern_pacific,14
2019218N21088,train,UNNAMED,2019,NI,bay_of_bengal,13
2019224N18252,train,HENRIETTE,2019,EP,eastern_pacific,14
2019231N13135,train,BAILU,2019,WP,western_pacific,30
2019236N08143,train,PODUL,2019,WP,western_pacific,28
2019242N14180,train,FAXAI,2019,EP,eastern_pacific,50
2019242N18126,train,KAJIKI,2019,WP,western_pacific,34
2019243N06136,train,LINGLING,2019,WP,western_pacific,51
2019244N13253,train,JULIETTE,2019,EP,eastern_pacific,35
2019246N15225,train,AKONI,2019,EP,eastern_pacific,15
2019250N24123,train,UNNAMED,2019,WP,western_pacific,16
2019255N09162,train,PEIPAH,2019,WP,western_pacific,21
2019260N10253,train,MARIO,2019,EP,eastern_pacific,34
2019272N14261,train,NARDA,2019,EP,eastern_pacific,12
2019273N23070,train,UNNAMED,2019,NI,arabian_sea,7
2019278N16165,train,HAGIBIS,2019,WP,western_pacific,42
2019285N15198,train,EMA,2019,EP,eastern_pacific,20
2019288N16136,train,NEOGURI,2019,WP,western_pacific,29
2019290N08169,train,BUALOI,2019,WP,western_pacific,36
2019293N17257,train,PRISCILLA,2019,EP,eastern_pacific,7
2019296N15066,train,KYAAR:KYARR,2019,NI,arabian_sea,47
2019301N05081,train,MAHA,2019,NI,bay_of_bengal,56
2019302N11118,train,BULBUL:MATMO,2019,WP,western_pacific,55
2019306N10162,train,HALONG,2019,WP,western_pacific,36
2019314N14136,train,KALMAEGI,2019,WP,western_pacific,52
2019320N09264,train,UNNAMED,2019,EP,eastern_pacific,12
2019326S08163,train,RITA,2020,SP,southern_pacific,29
2019329N09160,train,KAMMURI,2019,WP,western_pacific,49
2019335N05058,train,PAWAN,2019,NI,arabian_sea,29
2019336S06055,train,BELNA,2020,SI,south_indian_ocean,38
2019337N11072,train,UNNAMED,2019,NI,arabian_sea,16
2019337S04065,train,AMBALI,2020,SI,south_indian_ocean,25
2019342N09062,train,UNNAMED,2019,NI,arabian_sea,7
2019352S14070,train,CALVINIA,2020,SI,south_indian_ocean,70
2019354N05151,train,PHANFONE,2019,WP,western_pacific,40
2019359S08175,train,SARAI,2020,SP,southern_pacific,36
2020005S08133,train,CLAUDIA,2020,SI,south_indian_ocean,59
2020022S17043,train,DIANE,2020,SI,south_indian_ocean,31
2020023S19056,train,ESAMI,2020,SI,south_indian_ocean,17
2020034S13063,train,FRANCISCO,2020,SI,south_indian_ocean,51
2020037S13163,train,UESI,2020,SP,southern_pacific,45
2020051S13186,train,VICKY,2020,SP,southern_pacific,18
2020052S11181,train,WASI,2020,SP,southern_pacific,13
2020052S13140,train,ESTHER,2020,SP,southern_pacific,49
2020053S12119,train,FERDINAND,2020,SI,south_indian_ocean,33
2020073S14149,train,GRETEL,2020,SP,southern_pacific,25
2020091S10145,train,UNNAMED,2020,SP,southern_pacific,13
2020092S09155,train,HAROLD,2020,SP,southern_pacific,41
2020116N14245,train,UNNAMED,2020,EP,eastern_pacific,10
2020129N07134,train,VONGFONG,2020,WP,western_pacific,41
2020139S04095,train,MANGGA,2020,SI,south_indian_ocean,24
2020150N17054,train,UNNAMED,2020,NI,arabian_sea,10
2020152N12269,train,AMANDA,2020,EP,eastern_pacific,4
2020153N13072,train,NISARGA,2020,NI,arabian_sea,15
2020160N10133,train,NURI,2020,WP,western_pacific,27
2020182N20248,train,UNNAMED,2020,EP,eastern_pacific,7
2020189N10261,train,CRISTINA,2020,EP,eastern_pacific,37
2020196N17250,train,UNNAMED,2020,EP,eastern_pacific,5
2020202N15241,train,DOUGLAS,2020,EP,eastern_pacific,41
2020211N14124,train,SINLAKU,2020,WP,western_pacific,21
2020220N14128,train,JANGMI,2020,WP,western_pacific,33
2020221N13262,train,ELIDA,2020,EP,eastern_pacific,25
2020229N18123,train,HIGOS,2020,WP,western_pacific,17
2020229N18242,train,FAUSTO,2020,EP,eastern_pacific,9
2020230N11264,train,GENEVIEVE,2020,EP,eastern_pacific,24
2020234N19123,train,BAVI,2020,WP,western_pacific,37
2020238N16252,train,HERNAN,2020,EP,eastern_pacific,15
2020239N13134,train,MAYSAK,2020,WP,western_pacific,49
2020239N15243,train,ISELLE,2020,EP,eastern_pacific,24
2020254N26143,train,UNNAMED,2020,WP,western_pacific,9
2020257N16248,train,KARINA,2020,EP,eastern_pacific,23
2020258N11127,train,NOUL,2020,WP,western_pacific,21
2020263N21136,train,DOLPHIN,2020,WP,western_pacific,43
2020270N17159,train,KUJIRA,2020,WP,western_pacific,27
2020272N12257,train,MARIE,2020,EP,eastern_pacific,51
2020279N11256,train,NORBERT,2020,EP,eastern_pacific,43
2020285N15087,train,UNNAMED,2020,NI,bay_of_bengal,14
2020291N06141,train,SAUDEL,2020,WP,western_pacific,40
2020291N18069,train,UNNAMED,2020,NI,arabian_sea,7
2020293N23139,train,UNNAMED,2020,WP,western_pacific,16
2020296N09137,train,MOLAVE,2020,WP,western_pacific,31
2020296N19087,train,UNNAMED,2020,NI,bay_of_bengal,7
2020303N05149,train,ATSANI,2020,WP,western_pacific,39
2020309N14245,train,ODALYS,2020,EP,eastern_pacific,17
2020312N10131,train,ETAU,2020,WP,western_pacific,20
2020313N08135,train,VAMCO,2020,WP,western_pacific,34
2020317S04092,train,ALICIA,2021,SI,south_indian_ocean,37
2020323N15248,train,POLO,2020,EP,eastern_pacific,15
2020335N06090,train,BUREVI,2020,NI,bay_of_bengal,24
2020339S09106,train,UNNAMED,2021,SI,south_indian_ocean,32
2020346S13168,train,YASA,2021,SP,southern_pacific,41
2020347S14190,train,ZAZU,2021,SP,southern_pacific,18
2020352S26195,train,ZAZU,2021,SP,southern_pacific,11
2020355S11065,train,CHALANE,2021,SI,south_indian_ocean,61
2021001S14136,train,IMOGEN,2021,SP,southern_pacific,14
2021012S12086,train,ELOISE,2021,SI,south_indian_ocean,65
2021013S12099,train,JOSHUA,2021,SI,south_indian_ocean,36
2021018S11133,train,UNNAMED,2021,SI,south_indian_ocean,22
2021020S13107,train,UNNAMED,2021,SI,south_indian_ocean,56
2021029S16171,train,ANA,2021,SP,southern_pacific,24
2021035S11080,train,FARAJI,2021,SI,south_indian_ocean,50
2021038S14178,train,UNNAMED,2021,SP,southern_pacific,20
2021042S23040,train,GUAMBE,2021,SI,south_indian_ocean,47
2021046N06142,train,DUJUAN,2021,WP,western_pacific,35
2021053S13128,train,MARIAN,2021,SI,south_indian_ocean,60
2021062S14064,train,HABANA,2021,SI,south_indian_ocean,60
2021079S12097,train,UNNAMED,2021,SI,south_indian_ocean,28
2021093S10103,train,ODETTE,2021,SI,south_indian_ocean,31
2021097S10090,train,UNNAMED,2021,SI,south_indian_ocean,18
2021099S15159,train,UNNAMED,2021,SP,southern_pacific,16
2021102N06144,train,SURIGAE,2021,WP,western_pacific,78
2021129N13254,train,ANDRES,2021,EP,eastern_pacific,17
2021132N06132,train,UNNAMED,2021,WP,western_pacific,14
2021143N15090,train,YAAS,2021,NI,bay_of_bengal,20
2021148N05142,train,CHOI-WAN,2021,WP,western_pacific,37
2021151N11257,train,BLANCA,2021,EP,eastern_pacific,25
2021163N11240,train,CARLOS,2021,EP,eastern_pacific,21
2021169N14260,train,DOLORES,2021,EP,eastern_pacific,10
2021171N09152,train,CHAMPI,2021,WP,western_pacific,37
2021176N15259,train,ENRIQUE,2021,EP,eastern_pacific,22
2021185N13121,train,UNNAMED,2021,WP,western_pacific,18
2021195N13249,train,FELICIA,2021,EP,eastern_pacific,35
2021197N17135,train,IN-FA,2021,WP,western_pacific,63
2021198N15254,train,GUILLERMO,2021,EP,eastern_pacific,17
2021198N19117,train,CEMPAKA,2021,WP,western_pacific,33
2021208N13245,train,JIMENA,2021,EP,eastern_pacific,46
2021212N12248,train,HILDA,2021,EP,eastern_pacific,31
2021213N14253,train,IGNACIO,2021,EP,eastern_pacific,15
2021214N20155,train,UNNAMED,2021,WP,western_pacific,19
2021214N21110,train,LUPIT,2021,WP,western_pacific,55
2021215N24124,train,MIRINAE,2021,WP,western_pacific,32
2021216N22144,train,NIDA,2021,WP,western_pacific,21
2021219N08193,train,OMAIS,2021,EP,eastern_pacific,99
2021219N15258,train,KEVIN,2021,EP,eastern_pacific,38
2021222N12262,train,LINDA,2021,EP,eastern_pacific,60
2021236N12265,train,NORA,2021,EP,eastern_pacific,26
2021244N24164,train,UNNAMED,2021,WP,western_pacific,14
2021248N11131,train,CONSON,2021,WP,western_pacific,35
2021248N12141,train,CHANTHU,2021,WP,western_pacific,60
2021250N17254,train,OLAF,2021,EP,eastern_pacific,22
2021265N11150,train,MINDULLE,2021,WP,western_pacific,59
2021276N07131,train,LIONROCK,2021,WP,western_pacific,33
2021282N16165,train,NAMTHEUN,2021,WP,western_pacific,46
2021295N09145,train,MALOU,2021,WP,western_pacific,38
2021296N06127,train,UNNAMED,2021,WP,western_pacific,21
2021296N13260,train,RICK,2021,EP,eastern_pacific,14
2021312N07090,train,UNNAMED,2021,NI,bay_of_bengal,15
2021323S10103,train,PADDY,2022,SI,south_indian_ocean,26
2021334S07101,train,TERATAI,2022,SI,south_indian_ocean,50
2021335N08096,train,JAWAD,2021,NI,bay_of_bengal,23
2021343S09155,train,RUBY,2022,SP,southern_pacific,33
2021349N05108,train,UNNAMED,2021,WP,western_pacific,10
2022008S17173,train,CODY,2022,SP,southern_pacific,49
2022020S13060,train,ANA,2022,SI,south_indian_ocean,23
2022024S09090,train,BATSIRAI,2022,SI,south_indian_ocean,71
2022030S14147,train,UNNAMED,2022,SP,southern_pacific,22
2022037S10103,train,EMNATI,2022,SI,south_indian_ocean,94
2022038S19164,train,DOVI,2022,SP,southern_pacific,27
2022042S12063,train,DUMAKO,2022,SI,south_indian_ocean,30
2022054S13100,train,VERNON,2022,SI,south_indian_ocean,62
2022054S14085,train,UNNAMED,2022,SI,south_indian_ocean,20
2022055S13129,train,ANIKA,2022,SI,south_indian_ocean,34
2022058S17163,train,EVA,2022,SP,southern_pacific,32
2022059S10106,train,UNNAMED,2022,SI,south_indian_ocean,17
2022062N06085,train,UNNAMED,2022,NI,bay_of_bengal,16
2022065S16055,train,GOMBE,2022,SI,south_indian_ocean,48
2022072S11107,train,BILLY,2022,SI,south_indian_ocean,21
2022080S09087,train,HALIMA,2022,SI,south_indian_ocean,72
2022088N09116,train,UNNAMED,2022,WP,western_pacific,14
2022089S16109,train,UNNAMED,2022,SI,south_indian_ocean,17
2022094S15163,train,FILI,2022,SP,southern_pacific,46
2022096N03150,train,MALAKAS,2022,WP,western_pacific,48
2022102S29032,train,ISSA,2022,SI,south_indian_ocean,11
2022110S12051,train,JASMINE,2022,SI,south_indian_ocean,49
2022116S14102,train,UNNAMED,2022,SI,south_indian_ocean,17
2022126N07095,train,ASANI,2022,NI,bay_of_bengal,32
2022137S13171,train,GINA,2022,SP,southern_pacific,26
2022148N13263,train,AGATHA,2022,EP,eastern_pacific,19
2022167N11269,train,CELIA,2022,EP,eastern_pacific,59
2022179N08310,train,BONNIE,2022,EP,eastern_pacific,35
2022180N15117,train,CHABA,2022,WP,western_pacific,37
2022180N15130,train,AERE,2022,WP,western_pacific,49
2022191N14249,train,DARBY,2022,EP,eastern_pacific,31
2022197N12260,train,ESTELLE,2022,EP,eastern_pacific,35
2022197N22069,train,UNNAMED,2022,NI,arabian_sea,7
2022208S08092,train,UNNAMED,2023,SI,south_indian_ocean,22
2022209N16246,train,GEORGETTE,2022,EP,eastern_pacific,37
2022215N21118,train,UNNAMED,2022,WP,western_pacific,6
2022221N21086,train,UNNAMED,2022,NI,bay_of_bengal,3
2022221N24149,train,MEARI,2022,WP,western_pacific,33
2022230N18095,train,UNNAMED,2022,NI,bay_of_bengal,23
2022232N18131,train,MA-ON,2022,WP,western_pacific,26
2022233N22151,train,TOKAGE,2022,WP,western_pacific,25
2022239N22150,train,HINNAMNOR,2022,WP,western_pacific,53
2022242N20133,train,UNNAMED,2022,WP,western_pacific,10
2022244N15254,train,JAVIER,2022,EP,eastern_pacific,27
2022247N26147,train,MUIFA,2022,WP,western_pacific,54
2022248N14259,train,KAY,2022,EP,eastern_pacific,35
2022254N20085,train,UNNAMED,2022,NI,bay_of_bengal,5
2022254N21158,train,MERBOK,2022,WP,western_pacific,38
2022254N24143,train,NANMADOL,2022,WP,western_pacific,37
2022255N16256,train,MADELINE,2022,EP,eastern_pacific,55
2022263N18137,train,TALAS,2022,WP,western_pacific,32
2022264N17132,train,NORU,2022,WP,western_pacific,34
2022265N17256,train,NEWTON,2022,EP,eastern_pacific,31
2022268S09088,train,ASHLEY,2023,SI,south_indian_ocean,20
2022270N14136,train,ROKE,2022,WP,western_pacific,37
2022272N14258,train,ORLENE,2022,EP,eastern_pacific,21
2022276N15249,train,PAINE,2022,EP,eastern_pacific,18
2022280N11294,train,JULIA,2022,EP,eastern_pacific,3
2022284N15152,train,HAITANG,2022,WP,western_pacific,38
2022285N12116,train,SONCA,2022,WP,western_pacific,13
2022285N17140,train,NESAT,2022,WP,western_pacific,36
2022288N25158,train,UNNAMED,2022,WP,western_pacific,6
2022293N15259,train,ROSLYN,2022,EP,eastern_pacific,17
2022295N13093,train,SITRANG,2022,NI,bay_of_bengal,14
2022299N11134,train,NALGAE,2022,WP,western_pacific,33
2022301N07140,train,BANYAN,2022,WP,western_pacific,24
2022305S04091,train,UNNAMED,2023,SI,south_indian_ocean,25
2022316N20167,train,YAMANEKO,2022,WP,western_pacific,14
2022324N10086,train,UNNAMED,2022,NI,bay_of_bengal,9
2022342N06133,train,PAKHAR,2022,WP,western_pacific,22
2022346S10098,train,DARIAN,2023,SI,south_indian_ocean,87
2022347N12074,train,UNNAMED,2022,NI,arabian_sea,27
2022355S10128,train,ELLIE,2023,SI,south_indian_ocean,73
2022356N09085,train,UNNAMED,2022,NI,bay_of_bengal,13
2023005S18142,train,HALE,2023,SP,southern_pacific,28
2023013S08081,train,CHENESO,2023,SI,south_indian_ocean,79
2023016S15160,train,IRENE,2023,SP,southern_pacific,20
2023020S18156,train,UNNAMED,2023,SP,southern_pacific,18
2023030N08087,train,UNNAMED,2023,NI,bay_of_bengal,14
2023032S12091,train,DINGANI,2023,SI,south_indian_ocean,68
2023036S12117,train,FREDDY,2023,SI,south_indian_ocean,153
2023036S12163,train,GABRIELLE,2023,SP,southern_pacific,42
2023050S09094,train,ENALA,2023,SI,south_indian_ocean,53
2023084S11065,train,UNNAMED,2023,SI,south_indian_ocean,25
2023087S10096,train,HERMAN,2023,SI,south_indian_ocean,31
2023101N14127,train,UNNAMED,2023,WP,western_pacific,10
2023108N03160,train,SANVU,2023,WP,western_pacific,36
2023129N08091,train,MOCHA,2023,NI,bay_of_bengal,26
2023132S03090,train,FABIEN,2023,SI,south_indian_ocean,58
2023138N05151,train,MAWAR,2023,WP,western_pacific,67
2023156N12135,train,GUCHOL,2023,WP,western_pacific,51
2023160N20092,train,UNNAMED,2023,NI,bay_of_bengal,8
2023179N15256,train,ADRIAN,2023,EP,eastern_pacific,30
2023180N13264,train,BEATRIZ,2023,EP,eastern_pacific,10
2023191N10262,train,CALVIN,2023,EP,eastern_pacific,39
2023194N16123,train,TALIM,2023,WP,western_pacific,25
2023207N09141,train,KHANUN,2023,WP,western_pacific,67
2023212N19090,train,UNNAMED,2023,NI,bay_of_bengal,16
2023213N14257,train,DORA,2023,EP,eastern_pacific,88
2023225N14248,train,FERNANDA,2023,EP,eastern_pacific,49
2023234N18128,train,SAOLA,2023,WP,western_pacific,53
2023234N19154,train,DAMREY,2023,WP,western_pacific,37
2023239N16242,train,IRWIN,2023,EP,eastern_pacific,30
2023247N20130,train,YUN-YEUNG,2023,WP,western_pacific,22
2023248N12257,train,JOVA,2023,EP,eastern_pacific,39
2023259N15225,train,UNNAMED,2023,EP,eastern_pacific,13
2023261N13248,train,KENNETH,2023,EP,eastern_pacific,28
2023271N14144,train,KOINU,2023,WP,western_pacific,51
2023273N16073,train,UNNAMED,2023,NI,arabian_sea,4
2023276N11254,train,LIDIA,2023,EP,eastern_pacific,35
2023281N14260,train,MAX,2023,EP,eastern_pacific,9
2023289N15111,train,SANBA,2023,WP,western_pacific,22
2023292N11063,train,TEJ,2023,NI,arabian_sea,22
2023293N12089,train,HAMOON,2023,NI,bay_of_bengal,21
2023294N09264,train,OTIS,2023,EP,eastern_pacific,20
2023302N10267,train,PILAR,2023,EP,eastern_pacific,41
2023314N05149,train,UNNAMED,2023,WP,western_pacific,32
2023316S08168,train,MAL,2024,SP,southern_pacific,21
2023349N04141,train,JELAWAT,2023,WP,western_pacific,18
2023364S19035,train,ALVARO,2024,SI,south_indian_ocean,34
2024012S09093,train,ANGGREK,2024,SI,south_indian_ocean,85
2024012S12059,train,BELAL,2024,SI,south_indian_ocean,47
2024017S15151,train,KIRRILY,2024,SP,southern_pacific,78
2024022S16058,train,CANDICE,2024,SI,south_indian_ocean,26
2024029S15063,train,UNNAMED,2024,SI,south_indian_ocean,20
2024031S24154,train,UNNAMED,2024,SP,southern_pacific,54
2024044S15134,train,LINCOLN,2024,SI,south_indian_ocean,50
2024045S15192,train,UNNAMED,2024,SP,southern_pacific,12
2024061S11062,train,FILIPO,2024,SI,south_indian_ocean,59
2024073S14128,train,MEGAN,2024,SI,south_indian_ocean,36
2024096S11120,train,OLGA,2024,SI,south_indian_ocean,30
2024100S11152,train,PAUL,2024,SP,southern_pacific,16
2024139S02072,train,UNNAMED,2024,SI,south_indian_ocean,14
2024141N03142,train,EWINIAR,2024,WP,western_pacific,55
2024145N14087,train,REMAL,2024,NI,bay_of_bengal,20
2024151N18113,train,MALIKSI,2024,WP,western_pacific,26
2024195N13114,train,UNNAMED,2024,WP,western_pacific,12
2024201N12133,train,GAEMI,2024,WP,western_pacific,40
2024201N19086,train,UNNAMED,2024,NI,bay_of_bengal,5
2024213N14254,train,CARLOTTA,2024,EP,eastern_pacific,32
2024216N24085,train,UNNAMED,2024,NI,bay_of_bengal,14
2024218N14254,train,FABIO,2024,EP,eastern_pacific,12
2024224N27154,train,SON-TINH,2024,WP,western_pacific,33
2024225N24147,train,WUKONG,2024,WP,western_pacific,31
2024231N14251,train,GILMA,2024,EP,eastern_pacific,47
2024233N15148,train,SHANSHAN,2024,WP,western_pacific,51
2024244N09137,train,YAGI,2024,WP,western_pacific,41
2024244N18085,train,UNNAMED,2024,NI,bay_of_bengal,10
2024246N22147,train,LEEPI,2024,WP,western_pacific,31
2024247N28179,train,HONE,2024,WP,western_pacific,4
2024253N11148,train,BEBINCA,2024,WP,western_pacific,40
2024255N24080,train,UNNAMED,2024,NI,bay_of_bengal,8
2024258N22091,train,UNNAMED,2024,NI,bay_of_bengal,18
2024259N12145,train,PULASAN,2024,WP,western_pacific,40
2024259N17126,train,SOULIK,2024,WP,western_pacific,23
2024264N20128,train,UNNAMED,2024,WP,western_pacific,13
2024267N29129,train,CIMARON,2024,WP,western_pacific,29
2024270N24128,train,KRATHON,2024,WP,western_pacific,32
2024288N16065,train,UNNAMED,2024,NI,arabian_sea,9
2024295N15092,train,DANA,2024,NI,bay_of_bengal,20
2024296N13260,train,KRISTY,2024,EP,eastern_pacific,31
2024307N06143,train,YINXING,2024,WP,western_pacific,45
2024307N11232,train,LANE,2024,EP,eastern_pacific,9
2024312N14145,train,TORAJI,2024,WP,western_pacific,34
2024313N10169,train,MAN-YI,2024,WP,western_pacific,50
2024329N04089,train,FENGAL,2024,NI,bay_of_bengal,44
2024356N14084,train,UNNAMED,2024,NI,bay_of_bengal,4
2024357N10115,train,PABUK,2024,WP,western_pacific,19
2025107S30034,train,KANTO,2025,SI,south_indian_ocean,23
2025144N17073,train,UNNAMED,2025,NI,arabian_sea,4
2025149N12256,train,ALVIN,2025,EP,eastern_pacific,15
2025149N21088,train,UNNAMED,2025,NI,bay_of_bengal,6
2025159N12250,train,COSME,2025,EP,eastern_pacific,15
2025180N13261,train,FLOSSIE,2025,EP,eastern_pacific,27
2025195N23089,train,UNNAMED,2025,NI,bay_of_bengal,4
2025196N27075,train,UNNAMED,2025,NI,arabian_sea,3
2025198N25082,train,UNNAMED,2025,NI,bay_of_bengal,12
2025207N11219,train,IONA,2025,EP,eastern_pacific,27
2025209N12220,train,KELI,2025,EP,eastern_pacific,12
2025216N13243,train,HENRIETTE,2025,EP,eastern_pacific,41
2025237N16251,train,JULIETTE,2025,EP,eastern_pacific,22
2025243N14239,train,KIKO,2025,EP,eastern_pacific,45
2025245N17255,train,LORENA,2025,EP,eastern_pacific,22
2025250N25073,train,UNNAMED,2025,NI,arabian_sea,17
2025254N14262,train,MARIO,2025,EP,eastern_pacific,30
2025265N14261,train,NARDA,2025,EP,eastern_pacific,38
2025270N19086,train,UNNAMED,2025,NI,bay_of_bengal,7
2025295N09068,train,UNNAMED,2025,NI,arabian_sea,40
2000006S15164,val,IRIS,2000,SP,southern_pacific,20
2000019S11127,val,UNNAMED,2000,SI,south_indian_ocean,19
2000141N18116,val,UNNAMED,2000,WP,western_pacific,10
2000203N17249,val,UNNAMED,2000,EP,eastern_pacific,10
2000209N06182,val,CHANCHU,2000,EP,eastern_pacific,16
2000232N12116,val,KAEMI,2000,WP,western_pacific,22
2000236N17084,val,UNNAMED,2000,NI,bay_of_bengal,4
2000264N17257,val,NORMAN,2000,EP,eastern_pacific,12
2000272N24165,val,UNNAMED,2000,WP,western_pacific,13
2000299N13093,val,UNNAMED,2000,NI,bay_of_bengal,15
2000305N06136,val,BEBINCA,2000,WP,western_pacific,35
2000331N09092,val,UNNAMED,2000,NI,bay_of_bengal,40
2000332N08133,val,RUMBIA,2000,WP,western_pacific,45
2001146N14259,val,ADOLPH,2001,EP,eastern_pacific,29
2001202N14243,val,ERICK,2001,EP,eastern_pacific,14
2001204N19127,val,YUTU,2001,WP,western_pacific,18
2001225N18146,val,PABUK,2001,WP,western_pacific,40
2001248N23125,val,NARI,2001,WP,western_pacific,65
2001266N10217,val,UNNAMED,2001,EP,eastern_pacific,12
2001267N17070,val,UNNAMED,2001,NI,arabian_sea,19
2001275N12258,val,LORENA,2001,EP,eastern_pacific,12
2001276N14240,val,UNNAMED,2001,EP,eastern_pacific,5
2001277S10082,val,UNNAMED,2002,SI,south_indian_ocean,16
2001281N18071,val,UNNAMED,2001,NI,arabian_sea,21
2001321N07148,val,UNNAMED,2001,WP,western_pacific,37
2001357S14203,val,VICKY,2002,SP,southern_pacific,16
2002040S14130,val,UNNAMED,2002,SI,south_indian_ocean,64
2002081S08084,val,IKALA,2002,SI,south_indian_ocean,50
2002098S07133,val,BONNIE,2002,SI,south_indian_ocean,32
2002200N21150,val,FUNG-WONG,2002,WP,western_pacific,37
2002202N13254,val,DOUGLAS,2002,EP,eastern_pacific,27
2002214N19120,val,KAMMURI,2002,WP,western_pacific,22
2002249N19253,val,UNNAMED,2002,EP,eastern_pacific,18
2002252N20121,val,HAGUPIT,2002,WP,western_pacific,29
2002268N15163,val,HIGOS,2002,WP,western_pacific,37
2002296N11230,val,LOWELL,2002,EP,eastern_pacific,34
2002318N15250,val,UNNAMED,2002,EP,eastern_pacific,10
2002335N05166,val,PONGSONA,2002,WP,western_pacific,43
2002356S07070,val,CRYSTAL,2003,SI,south_indian_ocean,50
2002364S16045,val,DELFINA,2003,SI,south_indian_ocean,61
2003011S09182,val,AMI,2003,SP,southern_pacific,27
2003037S12061,val,GERRY,2003,SI,south_indian_ocean,53
2003098N03159,val,KUJIRA,2003,WP,western_pacific,70
2003098S23041,val,LUMA,2003,SI,south_indian_ocean,17
2003129N05091,val,UNNAMED,2003,NI,bay_of_bengal,46
2003155S10172,val,GINA,2003,SP,southern_pacific,22
2003259N13133,val,CHOI-WAN,2003,WP,western_pacific,33
2003313S05079,val,BENI,2004,SI,south_indian_ocean,68
2003319N13172,val,LUPIT,2003,WP,western_pacific,76
2003359S15177,val,HETA,2004,SP,southern_pacific,72
2004026S12063,val,FRANK,2004,SI,south_indian_ocean,58
2004098S15173,val,UNNAMED,2004,SP,southern_pacific,8
2004136N05148,val,OMAIS,2004,WP,western_pacific,29
2004193N19136,val,KOMPASU,2004,WP,western_pacific,22
2004215N22148,val,MALOU,2004,WP,western_pacific,19
2004231N09147,val,AERE,2004,WP,western_pacific,54
2004238N13154,val,UNNAMED,2004,WP,western_pacific,13
2004274N16069,val,UNNAMED,2004,NI,arabian_sea,40
2004275N14139,val,MA-ON,2004,WP,western_pacific,36
2004281N23087,val,UNNAMED,2004,NI,bay_of_bengal,4
2004352N10154,val,NORU,2004,WP,western_pacific,27
2005015S06089,val,DAREN,2005,SI,south_indian_ocean,35
2005041S13181,val,OLAF,2005,SP,southern_pacific,53
2005071N06152,val,ROKE,2005,WP,western_pacific,30
2005211N09141,val,MATSA,2005,WP,western_pacific,43
2005223N13251,val,GREG,2005,EP,eastern_pacific,19
2005229N21156,val,GUCHOL,2005,WP,western_pacific,40
2005257N15120,val,VICENTE,2005,WP,western_pacific,20
2005271N17255,val,OTIS,2005,EP,eastern_pacific,31
2005288N11259,val,UNNAMED,2005,EP,eastern_pacific,26
2005324N08085,val,UNNAMED,2005,NI,bay_of_bengal,9
2006012N03081,val,UNNAMED,2006,NI,bay_of_bengal,30
2006025S18147,val,JIM,2006,SP,southern_pacific,37
2006054S09082,val,CARINA,2006,SI,south_indian_ocean,68
2006074S13158,val,LARRY,2006,SP,southern_pacific,29
2006128N09138,val,CHANCHU,2006,WP,western_pacific,48
2006147N15259,val,ALETTA,2006,EP,eastern_pacific,16
2006174N08135,val,JELAWAT,2006,WP,western_pacific,27
2006188N10143,val,BILIS,2006,WP,western_pacific,43
2006213N13256,val,GILMA,2006,EP,eastern_pacific,17
2006214N20088,val,UNNAMED,2006,NI,bay_of_bengal,13
2006216N21152,val,MARIA,2006,WP,western_pacific,44
2006224N21088,val,UNNAMED,2006,NI,bay_of_bengal,4
2006247N21089,val,UNNAMED,2006,NI,bay_of_bengal,6
2006258N11215,val,UNNAMED,2006,EP,eastern_pacific,38
2006300N17256,val,UNNAMED,2006,EP,eastern_pacific,11
2006364S12058,val,CLOVIS,2007,SI,south_indian_ocean,26
2007033S12177,val,UNNAMED,2007,SP,southern_pacific,17
2007100S22037,val,UNNAMED,2007,SI,south_indian_ocean,15
2007150N14263,val,BARBARA,2007,EP,eastern_pacific,17
2007178N18089,val,UNNAMED,2007,NI,bay_of_bengal,14
2007188N04148,val,MAN-YI,2007,WP,western_pacific,67
2007221N13234,val,FLOSSIE,2007,EP,eastern_pacific,32
2007274N18131,val,KROSA,2007,WP,western_pacific,52
2007282N19181,val,LINGLING,2007,EP,eastern_pacific,27
2007330N10141,val,UNNAMED,2007,WP,western_pacific,14
2007337S12186,val,DAMAN,2008,SP,southern_pacific,29
2007352S12088,val,DAMA,2008,SI,south_indian_ocean,27
2008008S18184,val,ELISA,2008,SP,southern_pacific,17
2008079S12069,val,LOLA,2008,SI,south_indian_ocean,53
2008111S08096,val,ROSIE,2008,SI,south_indian_ocean,18
2008135N12116,val,HALONG,2008,WP,western_pacific,41
2008147N10141,val,NAKRI,2008,WP,western_pacific,45
2008168N22090,val,UNNAMED,2008,NI,bay_of_bengal,8
2008184N15254,val,DOUGLAS,2008,EP,eastern_pacific,19
2008194N11266,val,ELIDA,2008,EP,eastern_pacific,41
2008218N10224,val,KIKA,2008,EP,eastern_pacific,48
2008223N20086,val,UNNAMED,2008,NI,bay_of_bengal,4
2008224N24122,val,UNNAMED,2008,WP,western_pacific,20
2008262N16142,val,HAGUPIT,2008,WP,western_pacific,34
2008268N12140,val,JANGMI,2008,WP,western_pacific,47
2008272N15113,val,MEKKHALA,2008,WP,western_pacific,13
2008275N16245,val,MARIE,2008,EP,eastern_pacific,74
2008286N17109,val,UNNAMED,2008,WP,western_pacific,16
2008290S05071,val,ASMA,2009,SI,south_indian_ocean,37
2008297N12255,val,UNNAMED,2008,EP,eastern_pacific,19
2008320N23146,val,HAISHEN,2008,WP,western_pacific,18
2009017S20043,val,FANELE,2009,SI,south_indian_ocean,37
2009045S18174,val,INNIS,2009,SP,southern_pacific,22
2009082S15154,val,JASPER,2009,SP,southern_pacific,11
2009082S16039,val,IZILDA,2009,SI,south_indian_ocean,30
2009121N13124,val,KUJIRA,2009,WP,western_pacific,51
2009176N23069,val,UNNAMED,2009,NI,arabian_sea,2
2009189N17129,val,SOUDELOR,2009,WP,western_pacific,20
2009213N16130,val,GONI,2009,WP,western_pacific,39
2009247N19089,val,UNNAMED,2009,NI,bay_of_bengal,15
2009257N14256,val,MARTY,2009,EP,eastern_pacific,37
2009264N13252,val,NORA,2009,EP,eastern_pacific,36
2009281N15144,val,NEPARTAK,2009,WP,western_pacific,32
2009282N16252,val,PATRICIA,2009,EP,eastern_pacific,29
2009288N07267,val,RICK,2009,EP,eastern_pacific,30
2009311N20157,val,UNNAMED,2009,WP,western_pacific,16
2009317S10073,val,ANJA,2010,SI,south_indian_ocean,28
2009325N06148,val,NIDA,2009,WP,western_pacific,50
2009346S10172,val,MICK,2010,SP,southern_pacific,20
2010032S20042,val,FAMI,2010,SI,south_indian_ocean,9
2010070S15168,val,ULUI,2010,SP,southern_pacific,47
2010080S06089,val,IMANI,2010,SI,south_indian_ocean,37
2010091S09093,val,ROBYN,2010,SI,south_indian_ocean,37
2010151N14065,val,PHET,2010,NI,arabian_sea,32
2010256N17137,val,FANAPI,2010,WP,western_pacific,35
2010264N20252,val,GEORGETTE,2010,EP,eastern_pacific,11
2010305N06105,val,JAL,2010,WP,western_pacific,30
2010346N09115,val,UNNAMED,2010,WP,western_pacific,12
2011041S17113,val,UNNAMED,2011,SI,south_indian_ocean,17
2011160N18070,val,UNNAMED,2011,NI,arabian_sea,14
2011203N24085,val,UNNAMED,2011,NI,bay_of_bengal,4
2011205N12130,val,NOCK-TEN,2011,WP,western_pacific,29
2011215N24164,val,MERBOK,2011,WP,western_pacific,39
2011236N15143,val,TALAS,2011,WP,western_pacific,59
2011245N21150,val,NORU,2011,WP,western_pacific,31
2011338N06114,val,UNNAMED,2011,WP,western_pacific,7
2012009S12118,val,HEIDI,2012,SI,south_indian_ocean,18
2012037S17176,val,CYRIL,2012,SP,southern_pacific,16
2012071S10132,val,UNNAMED,2012,SI,south_indian_ocean,43
2012086N10116,val,PAKHAR,2012,WP,western_pacific,30
2012193N12259,val,FABIO,2012,EP,eastern_pacific,40
2012209N11131,val,SAOLA,2012,WP,western_pacific,38
2012254N09135,val,SANBA,2012,WP,western_pacific,36
2012260N13237,val,LANE,2012,EP,eastern_pacific,20
2012304N14246,val,ROSA,2012,EP,eastern_pacific,27
2012325S09084,val,BOLDWIN,2013,SI,south_indian_ocean,23
2013005S10126,val,NARELLE,2013,SI,south_indian_ocean,42
2013019S12174,val,GARRY,2013,SP,southern_pacific,44
2013049N05131,val,SHANSHAN,2013,WP,western_pacific,21
2013052S13126,val,RUSTY,2013,SI,south_indian_ocean,32
2013128S05086,val,JAMALA,2013,SI,south_indian_ocean,36
2013248N17255,val,LORENA,2013,EP,eastern_pacific,19
2013257N15259,val,MANUEL,2013,EP,eastern_pacific,26
2013262N14149,val,PABUK,2013,WP,western_pacific,40
2013282N14132,val,NARI,2013,WP,western_pacific,33
2013290N14153,val,UNNAMED,2013,WP,western_pacific,22
2014004S17183,val,IAN,2014,SP,southern_pacific,45
2014027S14155,val,DYLAN,2014,SP,southern_pacific,19
2014034S14058,val,EDILSON,2014,SI,south_indian_ocean,27
2014048S16039,val,GUITO,2014,SI,south_indian_ocean,29
2014077S11196,val,MIKE,2014,SP,southern_pacific,35
2014086S10041,val,HELLEN,2014,SI,south_indian_ocean,40
2014092S11159,val,ITA,2014,SP,southern_pacific,68
2014093S11085,val,IVANOE,2014,SI,south_indian_ocean,18
2014160N21120,val,MITAG,2014,WP,western_pacific,13
2014181N17257,val,ELIDA,2014,EP,eastern_pacific,11
2014190N08154,val,RAMMASUN,2014,WP,western_pacific,45
2014202N22087,val,UNNAMED,2014,NI,bay_of_bengal,9
2014234N12261,val,MARIE,2014,EP,eastern_pacific,46
2014259N11262,val,POLO,2014,EP,eastern_pacific,44
2014319S06066,val,ADJALI,2015,SI,south_indian_ocean,39
2014329N08131,val,SINLAKU,2014,WP,western_pacific,21
2014344S09102,val,BAKUNG,2015,SI,south_indian_ocean,18
2015012N09146,val,MEKKHALA,2015,WP,western_pacific,35
2015050S11094,val,GLENDA,2015,SI,south_indian_ocean,48
2015068S12151,val,NATHAN,2015,SP,southern_pacific,73
2015069N04173,val,BAVI,2015,WP,western_pacific,46
2015117S12115,val,QUANG,2015,SI,south_indian_ocean,19
2015148N11250,val,ANDRES,2015,EP,eastern_pacific,40
2015180N09160,val,CHAN-HOM,2015,WP,western_pacific,56
2015190N12210,val,IUNE,2015,EP,eastern_pacific,35
2015207N22091,val,KOMEN,2015,NI,bay_of_bengal,30
2015226N12151,val,GONI,2015,WP,western_pacific,67
2015236N12231,val,IGNACIO,2015,EP,eastern_pacific,64
2015238N10255,val,JIMENA,2015,EP,eastern_pacific,63
2015257N14152,val,KROVANH,2015,WP,western_pacific,51
2015266N11214,val,NIALA,2015,EP,eastern_pacific,31
2015274N13201,val,OHO,2015,EP,eastern_pacific,38
2015286S10175,val,UNNAMED,2016,SP,southern_pacific,22
2015293N13266,val,PATRICIA,2015,EP,eastern_pacific,18
2015348N04146,val,UNNAMED,2015,WP,western_pacific,23
2016108S17181,val,AMOS,2016,SP,southern_pacific,31
2016185N08145,val,NEPARTAK,2016,WP,western_pacific,31
2016185N11253,val,BLAS,2016,EP,eastern_pacific,37
2016265N10150,val,MEGI,2016,WP,western_pacific,35
2016305N10147,val,MEARI,2016,WP,western_pacific,41
2016328N09130,val,TOKAGE,2016,WP,western_pacific,20
2016354S15116,val,YVETTE,2017,SI,south_indian_ocean,28
2017025S16128,val,UNNAMED,2017,SI,south_indian_ocean,37
2017081S10096,val,CALEB,2017,SI,south_indian_ocean,36
2017104N11130,val,UNNAMED,2017,WP,western_pacific,25
2017111S09146,val,FRANCES,2017,SP,southern_pacific,45
2017113N09144,val,MUIFA,2017,WP,western_pacific,27
2017193N12252,val,FERNANDA,2017,EP,eastern_pacific,46
2017253N14130,val,DOKSURI,2017,WP,western_pacific,26
2017277N14265,val,RAMON,2017,EP,eastern_pacific,5
2017282N22088,val,UNNAMED,2017,NI,bay_of_bengal,6
2017284N15134,val,KHANUN,2017,WP,western_pacific,22
2017305N08108,val,UNNAMED,2017,WP,western_pacific,6
2017312N10134,val,HAIKUI,2017,WP,western_pacific,29
2017360S15124,val,HILDA,2018,SI,south_indian_ocean,22
2018060S13057,val,DUMAZILE,2018,SI,south_indian_ocean,38
2018141N08059,val,MEKUNU,2018,NI,arabian_sea,25
2018166N15260,val,CARLOTTA,2018,EP,eastern_pacific,18
2018195N19138,val,SON-TINH,2018,WP,western_pacific,46
2018211N27152,val,UNNAMED,2018,WP,western_pacific,13
2018214N19153,val,SHANSHAN,2018,WP,western_pacific,38
2018219N15237,val,KRISTY,2018,EP,eastern_pacific,26
2018219N21088,val,UNNAMED,2018,NI,bay_of_bengal,3
2018238N13239,val,MIRIAM,2018,EP,eastern_pacific,35
2018244N14252,val,OLIVIA,2018,EP,eastern_pacific,55
2018281N14088,val,TITLI,2018,NI,bay_of_bengal,20
2018311N07179,val,USAGI,2018,WP,western_pacific,80
2018313S05090,val,BOUCHRA,2019,SI,south_indian_ocean,52
2018314N12093,val,GAJA,2018,NI,bay_of_bengal,38
2019001S10162,val,MONA,2019,SP,southern_pacific,35
2019021S09128,val,RILEY,2019,SI,south_indian_ocean,61
2019060S10078,val,HALEH,2019,SI,south_indian_ocean,39
2019205N23137,val,NARI,2019,WP,western_pacific,23
2019213N17155,val,FRANCISCO,2019,WP,western_pacific,42
2019214N15134,val,LEKIMA,2019,WP,western_pacific,51
2019233N15255,val,IVO,2019,EP,eastern_pacific,24
2019260N12262,val,LORENA,2019,EP,eastern_pacific,22
2019264N19071,val,HIKAA:HIKKA,2019,NI,arabian_sea,23
2019289N14267,val,UNNAMED,2019,EP,eastern_pacific,3
2019308N13114,val,NAKRI,2019,WP,western_pacific,30
2019314N12172,val,FENGSHEN,2019,WP,western_pacific,36
2019322N11144,val,FUNG-WONG,2019,WP,western_pacific,31
2020015S12170,val,TINO,2020,SP,southern_pacific,23
2020019S11063,val,UNNAMED,2020,SI,south_indian_ocean,21
2020034S17129,val,DAMIEN,2020,SI,south_indian_ocean,31
2020072S14054,val,HEROLD,2020,SI,south_indian_ocean,36
2020195N17125,val,UNNAMED,2020,WP,western_pacific,5
2020202N15234,val,UNNAMED,2020,EP,eastern_pacific,10
2020222N26149,val,UNNAMED,2020,WP,western_pacific,17
2020244N25146,val,HAISHEN,2020,WP,western_pacific,44
2020265N16252,val,LOWELL,2020,EP,eastern_pacific,29
2020326N11063,val,GATI,2020,NI,arabian_sea,17
2020327N08086,val,NIVAR,2020,NI,bay_of_bengal,22
2020353N06129,val,KROVANH,2020,WP,western_pacific,33
2020366S12073,val,DANILO,2021,SI,south_indian_ocean,54
2021015S14147,val,KIMI,2021,SP,southern_pacific,18
2021025S14138,val,LUCAS,2021,SP,southern_pacific,43
2021058S14149,val,NIRAN,2021,SP,southern_pacific,37
2021092N11096,val,UNNAMED,2021,NI,bay_of_bengal,5
2021108S11067,val,JOBO,2021,SI,south_indian_ocean,29
2021186N16129,val,UNNAMED,2021,WP,western_pacific,7
2021204N21146,val,NEPARTAK,2021,WP,western_pacific,36
2021280N14068,val,UNNAMED,2021,NI,arabian_sea,7
2021280N14137,val,KOMPASU,2021,WP,western_pacific,31
2021283N14258,val,PAMELA,2021,EP,eastern_pacific,15
2021322N11082,val,UNNAMED,2021,NI,bay_of_bengal,4
2021358S09130,val,SETH,2022,SI,south_indian_ocean,60
2022034S16082,val,CLIFF,2022,SI,south_indian_ocean,43
2022046S15095,val,FEZILE,2022,SI,south_indian_ocean,22
2022079N10093,val,UNNAMED,2022,NI,bay_of_bengal,13
2022208N15143,val,SONGDA,2022,WP,western_pacific,27
2022225N15253,val,IVETTE,2022,EP,eastern_pacific,42
2022259N12265,val,LESTER,2022,EP,eastern_pacific,9
2022276S05090,val,BALITA,2023,SI,south_indian_ocean,42
2022338N05100,val,MANDOUS,2022,NI,bay_of_bengal,27
2023055S14184,val,JUDY,2023,SP,southern_pacific,40
2023059S15149,val,KEVIN,2023,SP,southern_pacific,36
2023096S07135,val,ILSA,2023,SP,southern_pacific,40
2023201N13134,val,DOKSURI,2023,WP,western_pacific,44
2023202N13240,val,UNNAMED,2023,EP,eastern_pacific,11
2023217N15256,val,EUGENE,2023,EP,eastern_pacific,23
2023218N25145,val,LAN,2023,WP,western_pacific,51
2023226N11222,val,GREG,2023,EP,eastern_pacific,20
2023241N10158,val,KIROGI,2023,WP,western_pacific,39
2023266N16116,val,UNNAMED,2023,WP,western_pacific,16
2023267N14242,val,UNNAMED,2023,EP,eastern_pacific,17
2023279N08157,val,BOLAVEN,2023,WP,western_pacific,43
2023290N12256,val,NORMA,2023,EP,eastern_pacific,26
2023292S03172,val,LOLA,2024,SP,southern_pacific,32
2024035S16188,val,NAT,2024,SP,southern_pacific,24
2024037S09184,val,OSAI,2024,SP,southern_pacific,13
2024044S14066,val,DJOUNGOU,2024,SI,south_indian_ocean,29
2024067S10090,val,NEVILLE,2024,SI,south_indian_ocean,75
2024082S08054,val,GAMANE,2024,SI,south_indian_ocean,45
2024134S07055,val,IALY,2024,SI,south_indian_ocean,40
2024207N16250,val,BUD,2024,EP,eastern_pacific,18
2024218N23143,val,MARIA,2024,WP,western_pacific,39
2024225N22135,val,AMPIL,2024,WP,western_pacific,41
2024235N16223,val,HONE,2024,EP,eastern_pacific,42
2024236N14248,val,HECTOR,2024,EP,eastern_pacific,26
2024256N18254,val,ILEANA,2024,EP,eastern_pacific,22
2024293N13141,val,TRAMI,2024,WP,western_pacific,45
2024307N11250,val,UNNAMED,2024,EP,eastern_pacific,21
2025008S13107,val,UNNAMED,2025,SI,south_indian_ocean,23
2025159N15258,val,BARBARA,2025,EP,eastern_pacific,15
2025164N11260,val,DALILA,2025,EP,eastern_pacific,21
2025206N21090,val,UNNAMED,2025,NI,bay_of_bengal,8
2025212N13247,val,GIL,2025,EP,eastern_pacific,21
2025219N13264,val,IVO,2025,EP,eastern_pacific,23
2025273N09248,val,OCTAVE,2025,EP,eastern_pacific,41
2025282N16261,val,RAYMOND,2025,EP,eastern_pacific,14
