SAMPLE_ID,nearest_system_deg,nearest_system_nature,nearest_system_sid,nearest_ds_ts_mx_deg,systems_in_crop,natures_in_crop
NONCYCLONE_00001,19.29306255230073,TS,2020327N08086,19.29306255230073,0,
NONCYCLONE_00002,23.394227559930997,TS,2005017S09061,23.394227559930997,0,
NONCYCLONE_00003,15.845081182212446,TS,2023132S03090,15.845081182212446,0,
NONCYCLONE_00004,21.730842622069478,DS,2008290S05071,21.730842622069478,0,
NONCYCLONE_00005,12.406361281663054,TS,2015191N23085,12.406361281663054,0,
NONCYCLONE_00006,41.19797955304266,TS,2001361N01106,41.19797955304266,0,
NONCYCLONE_00007,40.73359946380268,DS,2021143N15090,40.73359946380268,0,
NONCYCLONE_00008,24.97444064276946,TS,2016295N13089,24.97444064276946,0,
NONCYCLONE_00009,20.848950571942236,TS,2016341N08092,20.848950571942236,0,
NONCYCLONE_00010,29.57433300841946,MX,2020353N06129,29.57433300841946,0,
NONCYCLONE_00011,18.31064614532908,MX,2017333N06082,18.31064614532908,0,
NONCYCLONE_00012,15.731720701604901,TS,2005255N20088,15.731720701604901,0,
NONCYCLONE_00013,34.65559173564557,TS,2023156N10067,34.65559173564557,0,
NONCYCLONE_00014,41.336883529083956,TS,2006247N21089,41.336883529083956,0,
NONCYCLONE_00015,36.20755518476684,TS,2000088N08090,36.20755518476684,0,
NONCYCLONE_00016,21.51121070886146,DS,2011290N15090,21.51121070886146,0,
NONCYCLONE_00017,25.118686091428586,TS,2000236N17084,25.118686091428586,0,
NONCYCLONE_00018,25.61641489126035,TS,2003279N17084,25.61641489126035,0,
NONCYCLONE_00019,19.328586629555573,TS,2016341N08092,19.328586629555573,0,
NONCYCLONE_00020,18.677864876483124,TS,2019264N19071,18.677864876483124,0,
NONCYCLONE_00021,12.073357690889114,TS,2017319N15083,12.073357690889114,0,
NONCYCLONE_00022,24.802740217280355,TS,2003129N05091,24.802740217280355,0,
NONCYCLONE_00023,13.786282060785272,MX,2018314N12093,13.786282060785272,0,
NONCYCLONE_00024,29.020532527621707,DS,2011290N15090,29.020532527621707,0,
NONCYCLONE_00025,21.791933673154865,TS,2015157N13069,21.791933673154865,0,
NONCYCLONE_00026,11.516233111342972,TS,2019296N15066,11.516233111342972,0,
NONCYCLONE_00027,21.02010084867654,TS,2000331N09092,21.02010084867654,0,
NONCYCLONE_00028,6.667985691329491,TS,2006329N06150,6.667985691329491,1,TS
NONCYCLONE_00029,22.48555521499908,TS,2002355N04077,22.48555521499908,0,
NONCYCLONE_00030,21.844649248257564,TS,2005172N22069,21.844649248257564,0,
NONCYCLONE_00031,12.913011688937575,TS,2022230N18095,12.913011688937575,0,
NONCYCLONE_00032,14.779281096950566,TS,2022347N12074,14.779281096950566,0,
NONCYCLONE_00033,26.326055971323814,TS,2015157N13069,26.326055971323814,0,
NONCYCLONE_00034,26.86618893643556,TS,2006224N21088,26.86618893643556,0,
NONCYCLONE_00035,31.673736091489047,MX,2013128S05086,31.673736091489047,0,
NONCYCLONE_00036,33.53304118501768,TS,2018202N21088,33.53304118501768,0,
NONCYCLONE_00037,31.44770149586866,TS,2012297N11067,31.44770149586866,0,
NONCYCLONE_00038,14.13248957419379,DS,2009247N19089,14.13248957419379,0,
NONCYCLONE_00039,10.090828700378825,TS,2003315N09067,10.090828700378825,0,
NONCYCLONE_00040,28.11140686290335,TS,2003129N05091,28.11140686290335,0,
NONCYCLONE_00041,22.19058882371588,TS,2024255N24080,22.19058882371588,0,
NONCYCLONE_00042,31.882592393382915,TS,2016230N21089,31.882592393382915,0,
NONCYCLONE_00043,22.57825083039169,TS,2003206N21089,22.57825083039169,0,
NONCYCLONE_00044,34.05786774116549,TS,2011360N09088,34.05786774116549,0,
NONCYCLONE_00045,20.900372088800793,TS,2025250N25073,20.900372088800793,0,
NONCYCLONE_00046,35.59674399949068,TS,2023317N10094,35.59674399949068,0,
NONCYCLONE_00047,11.815595124162684,TS,2014003N08086,11.815595124162684,0,
NONCYCLONE_00048,28.29786037387445,TS,2005349N06090,28.29786037387445,0,
NONCYCLONE_00049,19.20638514606281,TS,2004125S08084,19.20638514606281,0,
NONCYCLONE_00050,13.843033532576328,TS,2005349N06090,13.843033532576328,0,
NONCYCLONE_00051,11.139522112259012,DS,2005274N17086,11.139522112259012,1,DS
NONCYCLONE_00052,29.161598407913118,TS,2022140N16097,29.161598407913118,0,
NONCYCLONE_00053,21.27857353400062,TS,2009104N13088,21.27857353400062,0,
NONCYCLONE_00054,16.182673450909476,TS,2016341N08092,16.182673450909476,0,
NONCYCLONE_00055,19.65599022296601,TS,2003345N05092,19.65599022296601,0,
NONCYCLONE_00056,15.705720788370638,TS,2015207N22091,15.705720788370638,0,
NONCYCLONE_00057,22.330432751636003,TS,2004325S06078,22.330432751636003,0,
NONCYCLONE_00058,39.41618203420762,DS,2006182N20088,39.41618203420762,0,
NONCYCLONE_00059,40.41103759391012,TS,2013281N12098,40.41103759391012,0,
NONCYCLONE_00060,26.01462544382807,TS,2004274N16069,26.01462544382807,0,
NONCYCLONE_00061,20.12946312086598,TS,2024238N25077,20.12946312086598,0,
NONCYCLONE_00062,25.063016562673514,TS,2010136N09057,25.063016562673514,0,
NONCYCLONE_00063,27.164416219508215,DS,2006012N03081,27.164416219508215,0,
NONCYCLONE_00064,15.23861690016753,DS,2010137N10090,15.23861690016753,0,
NONCYCLONE_00065,26.070075534017043,TS,2022230N18095,26.070075534017043,0,
NONCYCLONE_00066,12.258676348876357,TS,2016295N13089,12.258676348876357,0,
NONCYCLONE_00067,44.569793933504066,TS,2004312S05085,44.569793933504066,0,
NONCYCLONE_00068,29.72437185514216,TS,2019301N05081,29.72437185514216,0,
NONCYCLONE_00069,32.3963041619805,TS,2006114N08090,32.3963041619805,0,
NONCYCLONE_00070,31.184958013895862,TS,2013324N07103,31.184958013895862,0,
NONCYCLONE_00071,42.18843728776454,TS,2013130N04093,42.18843728776454,0,
NONCYCLONE_00072,22.002870198460823,TS,2015207N22091,22.002870198460823,0,
NONCYCLONE_00073,13.334390069526918,TS,2001281N18071,13.334390069526918,0,
NONCYCLONE_00074,12.94623143286823,TS,2019116N02090,12.94623143286823,0,
NONCYCLONE_00075,14.834865497808437,TS,2019302N11118,14.834865497808437,0,
NONCYCLONE_00076,20.144855853735084,TS,2013339N09084,20.144855853735084,0,
NONCYCLONE_00077,37.504302592500956,TS,2005298N12088,37.504302592500956,0,
NONCYCLONE_00078,35.72332425089443,TS,2000299N13093,35.72332425089443,0,
NONCYCLONE_00079,24.51125291772592,TS,2003315N09067,24.51125291772592,0,
NONCYCLONE_00080,17.348262711569312,DS,2021312N07090,17.348262711569312,0,
NONCYCLONE_00081,17.761936553616586,TS,2019342N09062,17.761936553616586,0,
NONCYCLONE_00082,18.335401257639507,TS,2013339N09084,18.335401257639507,0,
NONCYCLONE_00083,34.71120985887122,TS,2015216N23081,34.71120985887122,0,
NONCYCLONE_00084,25.742176483767096,MX,2014159N12068,25.742176483767096,0,
NONCYCLONE_00085,38.14625613917506,TS,2016341N08092,38.14625613917506,0,
NONCYCLONE_00086,64.83431895775637,TS,2017232N19130,64.83431895775637,0,
NONCYCLONE_00087,19.15455391324354,TS,2021280N14068,19.15455391324354,0,
NONCYCLONE_00088,19.537672002615736,NR,2025252S09069,23.042725696378014,0,
NONCYCLONE_00089,11.267682045321951,TS,2000236N17084,11.267682045321951,0,
NONCYCLONE_00090,21.56742804857608,TS,2005255N20088,21.56742804857608,0,
NONCYCLONE_00091,23.19734841190446,TS,2011203N24085,23.19734841190446,0,
NONCYCLONE_00092,37.87145726536581,TS,2016295N13089,37.87145726536581,0,
NONCYCLONE_00093,21.534407835861682,TS,2013130N04093,21.534407835861682,0,
NONCYCLONE_00094,18.793559756852925,TS,2015157N13069,18.793559756852925,0,
NONCYCLONE_00095,28.936240355501624,MX,2015207N22091,28.936240355501624,0,
NONCYCLONE_00096,24.75609863815886,MX,2020353N06129,24.75609863815886,0,
NONCYCLONE_00097,22.60424266140889,TS,2005338N09093,22.60424266140889,0,
NONCYCLONE_00098,30.309501855068305,DS,2013281N12098,30.309501855068305,0,
NONCYCLONE_00099,24.157579865952858,TS,2014297N11062,24.157579865952858,0,
NONCYCLONE_00100,17.003582055669423,TS,2015312N11084,17.003582055669423,0,
NONCYCLONE_00101,17.613107558827195,TS,2011160N18070,17.613107558827195,0,
NONCYCLONE_00102,29.350345382578645,TS,2005349N06090,29.350345382578645,0,
NONCYCLONE_00103,64.8369397146726,TS,2025266N11137,64.8369397146726,0,
NONCYCLONE_00104,26.124510935465104,TS,2001264N21126,26.124510935465104,0,
NONCYCLONE_00105,21.497225232947947,TS,2017147N14087,21.497225232947947,0,
NONCYCLONE_00106,38.655787147420796,TS,2013301N13142,38.655787147420796,0,
NONCYCLONE_00107,29.520722624250457,TS,2005330N09096,29.520722624250457,0,
NONCYCLONE_00108,45.778267244384466,TS,2023129N08091,45.778267244384466,0,
NONCYCLONE_00109,17.185090625438804,TS,2020285N15087,17.185090625438804,0,
NONCYCLONE_00110,19.64803253226981,NR,2025291S08074,21.42451466913335,0,
NONCYCLONE_00111,13.349019915437603,TS,2002307S07070,13.349019915437603,0,
NONCYCLONE_00112,12.05760387591113,TS,2004125N11074,12.05760387591113,0,
NONCYCLONE_00113,17.34977410662238,TS,2022347N12074,17.34977410662238,0,
NONCYCLONE_00114,26.145563261639587,TS,2005260N20091,26.145563261639587,0,
NONCYCLONE_00115,31.863948795230574,TS,2022230N18095,31.863948795230574,0,
NONCYCLONE_00116,21.87279234838562,DS,2014279N11096,21.87279234838562,0,
NONCYCLONE_00117,24.19013256007661,TS,2012357N09064,24.19013256007661,0,
NONCYCLONE_00118,12.938024066464752,TS,2020327N08086,12.938024066464752,0,
NONCYCLONE_00119,33.558581649327365,TS,2007151N14072,33.558581649327365,0,
NONCYCLONE_00120,14.414066519869063,TS,2002295N14082,14.414066519869063,0,
NONCYCLONE_00121,12.527593213364405,TS,2017333N06082,12.527593213364405,0,
NONCYCLONE_00122,35.36451730205396,TS,2010286N18090,35.36451730205396,0,
NONCYCLONE_00123,13.862486605927048,TS,2019342N09062,13.862486605927048,0,
NONCYCLONE_00124,11.010606809483312,TS,2010151N14065,11.010606809483312,0,
NONCYCLONE_00125,11.924180639204367,TS,2021267N18094,11.924180639204367,0,
NONCYCLONE_00126,16.43375840205714,TS,2004312S05085,16.43375840205714,0,
NONCYCLONE_00127,41.71269812332059,TS,2003129N05091,41.71269812332059,0,
NONCYCLONE_00128,23.561239030046142,TS,2015280N13071,23.561239030046142,0,
NONCYCLONE_00129,24.049091950734105,TS,2021335N08096,24.049091950734105,0,
NONCYCLONE_00130,27.91782157256938,TS,2005179N22088,27.91782157256938,0,
NONCYCLONE_00131,21.36414496135834,TS,2025331N06083,21.36414496135834,0,
NONCYCLONE_00132,19.391066901704413,TS,2023156N10067,19.391066901704413,0,
NONCYCLONE_00133,30.556228891444814,TS,2008223N20086,30.556228891444814,0,
NONCYCLONE_00134,23.455692256488682,TS,2012321N14090,23.455692256488682,0,
NONCYCLONE_00135,14.576969965878046,TS,2006262N19069,14.576969965878046,0,
NONCYCLONE_00136,13.496185769155614,TS,2024238N25077,13.496185769155614,0,
NONCYCLONE_00137,28.818483568082137,DS,2004307N09068,28.818483568082137,0,
NONCYCLONE_00138,53.881150107020375,TS,2001361N01106,53.881150107020375,0,
NONCYCLONE_00139,11.317292185052397,TS,2001141N14068,11.317292185052397,0,
NONCYCLONE_00140,30.584174217432917,DS,2019335N05058,30.584174217432917,0,
NONCYCLONE_00141,22.931955485517932,DS,2024329N04089,22.931955485517932,0,
NONCYCLONE_00142,22.839250454581464,TS,2016341N08092,22.839250454581464,0,
NONCYCLONE_00143,41.576213608609635,TS,2014141N16091,41.576213608609635,0,
NONCYCLONE_00144,15.82555931246663,TS,2023334N08088,15.82555931246663,0,
NONCYCLONE_00145,17.539204835980485,TS,2000332N08133,17.539204835980485,0,
NONCYCLONE_00146,20.966663542149288,DS,2008117N11090,20.966663542149288,0,
NONCYCLONE_00147,21.55579564162562,TS,2025198N25082,21.55579564162562,0,
NONCYCLONE_00148,18.653194701159617,MX,2005298N12088,18.653194701159617,0,
NONCYCLONE_00149,22.101232742542162,TS,2004274N16069,22.101232742542162,0,
NONCYCLONE_00150,15.703145467301322,TS,2004274N16069,15.703145467301322,0,
NONCYCLONE_00151,20.871289806601762,TS,2015209N26072,20.871289806601762,0,
NONCYCLONE_00152,26.589121370892077,TS,2021267N18094,26.589121370892077,0,
NONCYCLONE_00153,13.189868521111414,TS,2022295N13093,13.189868521111414,0,
NONCYCLONE_00154,11.196231407973887,TS,2005179N22088,11.196231407973887,0,
NONCYCLONE_00155,24.30238528599099,TS,2005260N20091,24.30238528599099,0,
NONCYCLONE_00156,17.17751883643869,TS,2025270N19086,17.17751883643869,0,
NONCYCLONE_00157,27.14057309203782,DS,2022126N07095,27.14057309203782,0,
NONCYCLONE_00158,21.417884762283347,DS,2021267N18094,21.417884762283347,0,
NONCYCLONE_00159,21.315636819052614,TS,2006012N03081,21.315636819052614,0,
NONCYCLONE_00160,18.13906864556491,TS,2007151N14072,18.13906864556491,0,
NONCYCLONE_00161,12.879289870017717,TS,2003315N09067,12.879289870017717,0,
NONCYCLONE_00162,12.664177202704831,TS,2015280N13071,12.664177202704831,0,
NONCYCLONE_00163,23.687103239971254,TS,2019160N11073,23.687103239971254,0,
NONCYCLONE_00164,16.91569473714866,MX,2005301N13117,16.91569473714866,0,
NONCYCLONE_00165,21.800242291739863,TS,2020335N06090,21.800242291739863,0,
NONCYCLONE_00166,19.05208522263778,TS,2011330N06078,19.05208522263778,0,
NONCYCLONE_00167,17.1578395634228,TS,2023129N08091,17.1578395634228,0,
NONCYCLONE_00168,15.871526310595218,TS,2022347N12074,15.871526310595218,0,
NONCYCLONE_00169,25.151001140339044,TS,2008293N09060,25.151001140339044,0,
NONCYCLONE_00170,37.672979129743915,TS,2014279N11096,37.672979129743915,0,
NONCYCLONE_00171,18.811343890054264,TS,2023156N10067,18.811343890054264,0,
NONCYCLONE_00172,23.544175989632418,TS,2007172N15088,23.544175989632418,0,
NONCYCLONE_00173,30.59055529916083,TS,2011360N09088,30.59055529916083,0,
NONCYCLONE_00174,40.8076303067251,TS,2003206N21089,40.8076303067251,0,
NONCYCLONE_00175,35.23545905509385,TS,2018202N21088,35.23545905509385,0,
NONCYCLONE_00176,33.90049045339622,TS,2023129N08091,33.90049045339622,0,
NONCYCLONE_00177,28.834526641777924,TS,2015309N14067,28.834526641777924,0,
NONCYCLONE_00178,13.254864817736207,TS,2004125N11074,13.254864817736207,0,
NONCYCLONE_00179,45.061707024589694,TS,2010302S08098,45.061707024589694,0,
NONCYCLONE_00180,22.607730385917883,TS,2023273N16073,22.607730385917883,0,
NONCYCLONE_00181,31.88613739969164,TS,2003240N21089,31.88613739969164,0,
NONCYCLONE_00182,29.577995429965394,TS,2003129N05091,29.577995429965394,0,
NONCYCLONE_00183,23.23067864887853,TS,2021312N07090,23.23067864887853,0,
NONCYCLONE_00184,17.05228712040737,TS,2010280N17085,17.05228712040737,0,
NONCYCLONE_00185,42.65117725447186,TS,2018136N11054,42.65117725447186,0,
NONCYCLONE_00186,37.34054427905613,DS,2018148N17090,37.34054427905613,0,
NONCYCLONE_00187,34.46203382109912,TS,2003129N05091,34.46203382109912,0,
NONCYCLONE_00188,31.149935494386227,TS,2021256N20087,31.149935494386227,0,
NONCYCLONE_00189,11.131602341693226,TS,2025274N16087,11.131602341693226,0,
NONCYCLONE_00190,19.655845656528143,TS,2018136N11054,19.655845656528143,0,
NONCYCLONE_00191,35.9491197369305,TS,2013339N09084,35.9491197369305,0,
NONCYCLONE_00192,25.904573259845534,TS,2022226N22088,25.904573259845534,0,
NONCYCLONE_00193,23.6484555744798,DS,2006012N03081,23.6484555744798,0,
NONCYCLONE_00194,16.121358172969227,TS,2019218N21088,16.121358172969227,0,
NONCYCLONE_00195,11.079093475490462,TS,2011167N22089,11.079093475490462,0,
NONCYCLONE_00196,19.534218015932993,TS,2017333N06082,19.534218015932993,0,
NONCYCLONE_00197,16.70513906121803,TS,2018281N14088,16.70513906121803,0,
NONCYCLONE_00198,26.365011512555512,TS,2005179N22088,26.365011512555512,0,
NONCYCLONE_00199,14.807072418319256,TS,2004274N16069,14.807072418319256,0,
NONCYCLONE_00200,27.774692901264252,TS,2020285N15087,27.774692901264252,0,
NONCYCLONE_00201,16.90731730409362,TS,2024238N25077,16.90731730409362,0,
NONCYCLONE_00202,34.99486229618774,MX,2017232N19130,34.99486229618774,0,
NONCYCLONE_00203,27.236506743929326,TS,2013324N07103,27.236506743929326,0,
NONCYCLONE_00204,29.00291695750862,TS,2025206N21090,29.00291695750862,0,
NONCYCLONE_00205,20.796290020474927,TS,2025295N09068,20.796290020474927,0,
NONCYCLONE_00206,40.074548707741194,TS,2006300N07078,40.074548707741194,0,
NONCYCLONE_00207,41.061827042218916,DS,2021335N08096,41.061827042218916,0,
NONCYCLONE_00208,31.959650518306074,TS,2005349N06090,31.959650518306074,0,
NONCYCLONE_00209,37.671769527795185,TS,2020136N10088,37.671769527795185,0,
NONCYCLONE_00210,39.761311530233336,TS,2020136N10088,39.761311530233336,0,
NONCYCLONE_00211,21.681562872184625,TS,2021267N18094,21.681562872184625,0,
NONCYCLONE_00212,16.991363392111666,TS,2015207N22091,16.991363392111666,0,
NONCYCLONE_00213,23.57911925196144,TS,2019296N15066,23.57911925196144,0,
NONCYCLONE_00214,14.22215065960017,TS,2010137N10090,14.22215065960017,0,
NONCYCLONE_00215,11.042029650725672,MX,2024145N14087,11.042029650725672,0,
NONCYCLONE_00216,13.616504565663949,TS,2022338N05100,13.616504565663949,0,
NONCYCLONE_00217,13.353102781354188,DS,2024329N04089,13.353102781354188,0,
NONCYCLONE_00218,31.55637037691338,TS,2004312S05085,31.55637037691338,0,
NONCYCLONE_00219,23.256826569628682,DS,2012321N14090,23.256826569628682,0,
NONCYCLONE_00220,38.729209973312365,TS,2017340N09089,38.729209973312365,0,
NONCYCLONE_00221,31.326636692238505,TS,2022197N22069,31.326636692238505,0,
NONCYCLONE_00222,21.577358914102152,TS,2019273N23070,21.577358914102152,0,
NONCYCLONE_00223,31.614414132025164,TS,2005012N04090,31.614414132025164,0,
NONCYCLONE_00224,31.454623686928002,TS,2016295N13089,31.454623686928002,0,
NONCYCLONE_00225,32.950282897788284,TS,2022126N07095,32.950282897788284,0,
NONCYCLONE_00226,14.235163213372218,DS,2013305N07141,14.235163213372218,0,
NONCYCLONE_00227,18.264676920360024,TS,2004307N09068,18.264676920360024,0,
NONCYCLONE_00228,27.694859342569345,TS,2000289N15089,27.694859342569345,0,
NONCYCLONE_00229,11.463201049901892,TS,2004276N12087,11.463201049901892,0,
NONCYCLONE_00230,30.874896176053063,TS,2016230N21089,30.874896176053063,0,
NONCYCLONE_00231,25.301246122835124,TS,2022226N22088,25.301246122835124,0,
NONCYCLONE_00232,15.942428631341416,TS,2012357N09064,15.942428631341416,0,
NONCYCLONE_00233,24.42262171022359,TS,2013130N04093,24.42262171022359,0,
NONCYCLONE_00234,11.560132697524423,TS,2014297N11062,11.560132697524423,0,
NONCYCLONE_00235,37.9645546524533,TS,2022356N09085,37.9645546524533,0,
NONCYCLONE_00236,23.935442361489905,TS,2016138N10081,23.935442361489905,0,
NONCYCLONE_00237,23.277263486983173,TS,2002314N12083,23.277263486983173,0,
NONCYCLONE_00238,22.407327133561573,TS,2003315N09067,22.407327133561573,0,
NONCYCLONE_00239,37.52619066790742,TS,2011302N13062,37.52619066790742,0,
NONCYCLONE_00240,16.725875816133506,TS,2003315N09067,16.725875816133506,0,
NONCYCLONE_00241,24.169574167109698,TS,2019160N11073,24.169574167109698,0,
NONCYCLONE_00242,28.770887746998095,TS,2016295N13089,28.770887746998095,0,
NONCYCLONE_00243,55.41281693135394,TS,2018365N08115,55.41281693135394,0,
NONCYCLONE_00244,26.875252426667686,TS,2024329N04089,26.875252426667686,0,
NONCYCLONE_00245,71.96444329347855,TS,2017232N19130,71.96444329347855,0,
NONCYCLONE_00246,20.575218803333847,TS,2001281N18071,20.575218803333847,0,
NONCYCLONE_00247,38.270475761829005,TS,2013339N09084,38.270475761829005,0,
NONCYCLONE_00248,29.259951234161687,TS,2013281N12098,29.259951234161687,0,
NONCYCLONE_00249,16.560470645202813,TS,2001141N14068,16.560470645202813,0,
NONCYCLONE_00250,14.932593947816251,TS,2012301N11087,14.932593947816251,0,
NONCYCLONE_00251,16.787976314518392,TS,2017340N09089,16.787976314518392,0,
NONCYCLONE_00252,27.27822751771929,DS,2024329N04089,27.27822751771929,0,
NONCYCLONE_00253,22.853158440303073,TS,2017333N06082,22.853158440303073,0,
NONCYCLONE_00254,18.196870717750247,TS,2015301N11065,18.196870717750247,0,
NONCYCLONE_00255,24.884305132843593,TS,2004325S06078,24.884305132843593,0,
NONCYCLONE_00256,36.869006201847405,TS,2019342N09062,36.869006201847405,0,
NONCYCLONE_00257,46.377952894638646,TS,2022230N18095,46.377952894638646,0,
NONCYCLONE_00258,17.844781609772323,TS,2013324N07103,17.844781609772323,0,
NONCYCLONE_00259,22.236768223263905,TS,2001264N21126,22.236768223263905,0,
NONCYCLONE_00260,11.029563099110922,TS,2005210N21088,11.029563099110922,1,TS
NONCYCLONE_00261,14.366466843493024,DS,2014297N11062,14.366466843493024,0,
NONCYCLONE_00262,34.133818349342306,TS,2006114N08090,34.133818349342306,0,
NONCYCLONE_00263,22.46684945397785,TS,2004125N11074,22.46684945397785,0,
NONCYCLONE_00264,25.214630077783994,TS,2005260N20091,25.214630077783994,0,
NONCYCLONE_00265,23.55045922885072,TS,2022347N12074,23.55045922885072,0,
NONCYCLONE_00266,25.147399986712415,TS,2016295N13089,25.147399986712415,0,
NONCYCLONE_00267,21.52526595343175,TS,2021133N10071,21.52526595343175,0,
NONCYCLONE_00268,15.837860229434273,TS,2006262N19069,15.837860229434273,0,
NONCYCLONE_00269,13.768926334023798,TS,2005255N20088,13.768926334023798,0,
NONCYCLONE_00270,32.8369259034392,TS,2003129N05091,32.8369259034392,0,
NONCYCLONE_00271,13.625272629975443,TS,2004274N16069,13.625272629975443,0,
NONCYCLONE_00272,34.41242777148124,TS,2006017S15126,34.41242777148124,0,
NONCYCLONE_00273,18.41135641520307,TS,2018279N11069,18.41135641520307,0,
NONCYCLONE_00274,12.633107408063657,DS,2013305N07141,12.633107408063657,0,
NONCYCLONE_00275,19.056688872843274,TS,2015171N15112,19.056688872843274,0,
NONCYCLONE_00276,23.399759826612375,TS,2016341N08092,23.399759826612375,0,
NONCYCLONE_00277,27.507296502438383,TS,2011160N18070,27.507296502438383,0,
NONCYCLONE_00278,32.25324258390662,TS,2023212N19090,32.25324258390662,0,
NONCYCLONE_00279,28.662085858154306,TS,2015301N11065,28.662085858154306,0,
NONCYCLONE_00280,14.562455485701197,TS,2023156N10067,14.562455485701197,0,
NONCYCLONE_00281,11.100614421513217,TS,2005257N15120,11.100614421513217,0,
NONCYCLONE_00282,9.941130313313753,TS,2018281N14088,9.941130313313753,1,TS
NONCYCLONE_00283,23.24303583154852,TS,2006228N21088,23.24303583154852,0,
NONCYCLONE_00284,12.18131616007214,TS,2023292N11063,12.18131616007214,0,
NONCYCLONE_00285,23.953469719587424,TS,2015209N26072,23.953469719587424,0,
NONCYCLONE_00286,22.8318864094505,TS,2022062N06085,22.8318864094505,0,
NONCYCLONE_00287,35.53042777618774,TS,2013281N12098,35.53042777618774,0,
NONCYCLONE_00288,44.53342408872159,TS,2021143N15090,44.53342408872159,0,
NONCYCLONE_00289,17.311638549945872,TS,2002356S07070,17.311638549945872,0,
NONCYCLONE_00290,12.512649609637153,TS,2019218N21088,12.512649609637153,0,
NONCYCLONE_00291,22.37501719390046,TS,2015209N26072,22.37501719390046,0,
NONCYCLONE_00292,19.793256412772426,TS,2009176N23069,19.793256412772426,0,
NONCYCLONE_00293,20.412923177389853,TS,2012301N11087,20.412923177389853,0,
NONCYCLONE_00294,10.385297142459686,TS,2014003N08086,10.385297142459686,0,
NONCYCLONE_00295,6.962436119399453,TS,2017307N07102,6.962436119399453,1,TS
NONCYCLONE_00296,14.54002849807365,TS,2008117N11090,14.54002849807365,0,
NONCYCLONE_00297,23.15461679096482,TS,2000331N09092,23.15461679096482,0,
NONCYCLONE_00298,69.05174451318044,MX,2020353N06129,69.05174451318044,0,
NONCYCLONE_00299,38.930632082381535,TS,2010286N18090,38.930632082381535,0,
NONCYCLONE_00300,20.1067994092031,TS,2003240N21089,20.1067994092031,0,
NONCYCLONE_00301,19.937206254750322,TS,2009174N18072,19.937206254750322,0,
NONCYCLONE_00302,13.446301036282259,TS,2013324N07103,13.446301036282259,0,
NONCYCLONE_00303,18.466520511430023,DS,2019301N05081,18.466520511430023,0,
NONCYCLONE_00304,16.52534353914056,TS,2014279N11096,16.52534353914056,0,
NONCYCLONE_00305,15.012877514088705,TS,2003345N05092,15.012877514088705,0,
NONCYCLONE_00306,41.3658464830699,TS,2020296N19087,41.3658464830699,0,
NONCYCLONE_00307,28.501278448045884,TS,2014297N11062,28.501278448045884,0,
NONCYCLONE_00308,27.762058739088808,TS,2019218N21088,27.762058739088808,0,
NONCYCLONE_00309,27.852206939621894,TS,2022226N22088,27.852206939621894,0,
NONCYCLONE_00310,15.74539758421516,TS,2021267N18094,15.74539758421516,0,
NONCYCLONE_00311,16.26889673141475,TS,2006241N20088,16.26889673141475,0,
NONCYCLONE_00312,11.400980231299709,DS,2019335N05058,11.400980231299709,0,
NONCYCLONE_00313,23.62399143880281,DS,2008259N20089,23.62399143880281,0,
NONCYCLONE_00314,15.479980262034454,TS,2014216N21089,15.479980262034454,0,
NONCYCLONE_00315,14.88150577125911,TS,2001141N14068,14.88150577125911,0,
NONCYCLONE_00316,29.06295228410463,TS,2012296N06135,29.06295228410463,0,
NONCYCLONE_00317,24.921108523826366,TS,2024288N16065,24.921108523826366,0,
NONCYCLONE_00318,22.608356568878428,TS,2025295N09068,22.608356568878428,0,
NONCYCLONE_00319,25.676168730570236,TS,2008259N20089,25.676168730570236,0,
NONCYCLONE_00320,20.05657836686317,TS,2011167N22089,20.05657836686317,0,
NONCYCLONE_00321,16.89635894250889,TS,2021256N20087,16.89635894250889,0,
NONCYCLONE_00322,10.91490586083184,TS,2024290N11084,10.91490586083184,0,
NONCYCLONE_00323,23.009721270671527,TS,2004125N11074,23.009721270671527,0,
NONCYCLONE_00324,17.618339637338828,DS,2014309N13088,17.618339637338828,0,
NONCYCLONE_00325,15.930613677642004,TS,2025295N09068,15.930613677642004,0,
NONCYCLONE_00326,26.37935309106323,TS,2024238N25077,26.37935309106323,0,
NONCYCLONE_00327,20.277097469958882,TS,2022062N06085,20.277097469958882,0,
NONCYCLONE_00328,28.144202817922405,TS,2008117N11090,28.144202817922405,0,
NONCYCLONE_00329,15.019453846166943,TS,2014279N11096,15.019453846166943,0,
NONCYCLONE_00330,44.802200109253576,TS,2017104N08085,44.802200109253576,0,
NONCYCLONE_00331,11.983758321982783,TS,2018136N11054,11.983758321982783,0,
NONCYCLONE_00332,46.40287250682393,TS,2013301N13142,46.40287250682393,0,
NONCYCLONE_00333,31.366632742316195,TS,2022338N05100,31.366632742316195,0,
NONCYCLONE_00334,10.64484544146177,TS,2009104N13088,10.64484544146177,1,TS
NONCYCLONE_00335,14.085528982951981,DS,2019302N11118,14.085528982951981,0,
NONCYCLONE_00336,28.04179477092894,TS,2015309N14067,28.04179477092894,0,
NONCYCLONE_00337,25.59074175973817,TS,2002356S07070,25.59074175973817,0,
NONCYCLONE_00338,20.230356082696815,TS,2022338N05100,20.230356082696815,0,
NONCYCLONE_00339,12.97589554227707,TS,2000236N17084,12.97589554227707,0,
NONCYCLONE_00340,11.177871568932874,TS,2005179N22088,11.177871568932874,0,
NONCYCLONE_00341,20.476383280926083,TS,2017163N20090,20.476383280926083,0,
NONCYCLONE_00342,44.17809824712248,TS,2006329N06150,44.17809824712248,0,
NONCYCLONE_00343,20.71552490439569,TS,2015207N22091,20.71552490439569,0,
NONCYCLONE_00344,19.50461868233971,TS,2024295N15092,19.50461868233971,0,
NONCYCLONE_00345,14.334122982687516,TS,2013339N09084,14.334122982687516,0,
NONCYCLONE_00346,21.107905889328222,TS,2021276N07131,21.107905889328222,0,
NONCYCLONE_00347,21.00792419246674,DS,2024329N04089,21.00792419246674,0,
NONCYCLONE_00348,14.4338375071289,TS,2000358N08086,14.4338375071289,0,
NONCYCLONE_00349,21.039915753842404,TS,2016308N13088,21.039915753842404,0,
NONCYCLONE_00350,24.660054000999487,TS,2006214N20088,24.660054000999487,0,
NONCYCLONE_00351,12.800000000000022,TS,2019296N15066,12.800000000000022,0,
NONCYCLONE_00352,28.424000579715226,DS,2019301N05081,28.424000579715226,0,
NONCYCLONE_00353,26.82351062866973,TS,2007151N14072,26.82351062866973,0,
NONCYCLONE_00354,22.116239486447054,TS,2009104N13088,22.116239486447054,0,
NONCYCLONE_00355,31.697193441564384,TS,2020291N18069,31.697193441564384,0,
NONCYCLONE_00356,10.665769240605469,TS,2018314N12093,10.665769240605469,0,
NONCYCLONE_00357,13.39792818816981,TS,2011310N11066,13.39792818816981,0,
NONCYCLONE_00358,46.369552081742384,DS,2018365N08115,46.369552081742384,0,
NONCYCLONE_00359,13.629405269529617,DS,2010136N09057,13.629405269529617,0,
NONCYCLONE_00360,24.10778039647641,TS,2005260N20091,24.10778039647641,0,
NONCYCLONE_00361,27.780820049688412,TS,2004319N10134,27.780820049688412,0,
NONCYCLONE_00362,16.47338927854155,TS,2017282N22088,16.47338927854155,0,
NONCYCLONE_00363,31.064301346139466,TS,2020353N06129,31.064301346139466,0,
NONCYCLONE_00364,15.40600986780314,TS,2014003N08086,15.40600986780314,0,
NONCYCLONE_00365,23.1895483002885,DS,2013128S05086,23.1895483002885,0,
NONCYCLONE_00366,30.09836901412987,TS,2004274N16069,30.09836901412987,0,
NONCYCLONE_00367,23.266831374396233,TS,2014309N13088,23.266831374396233,0,
NONCYCLONE_00368,10.451383065916003,TS,2022295N13093,10.451383065916003,0,
NONCYCLONE_00369,19.22423433541472,TS,2024238N25077,19.22423433541472,0,
NONCYCLONE_00370,27.438482995205838,TS,2022338N05100,27.438482995205838,0,
NONCYCLONE_00371,14.26208559687866,NR,2025252S09069,23.69931516106573,0,
NONCYCLONE_00372,23.23075985734435,TS,2020335N06090,23.23075985734435,0,
NONCYCLONE_00373,34.690815546815415,TS,2005210N21088,34.690815546815415,0,
NONCYCLONE_00374,14.20963311946138,TS,2016222N22089,14.20963311946138,0,
NONCYCLONE_00375,27.21259019790383,TS,2025233N15126,27.21259019790383,0,
NONCYCLONE_00376,26.66304876408066,DS,2005338N09093,26.66304876408066,0,
NONCYCLONE_00377,31.00721910764581,TS,2012296N06135,31.00721910764581,0,
NONCYCLONE_00378,67.04779269671407,TS,2020353N06129,67.04779269671407,0,
NONCYCLONE_00379,35.37561824623911,DS,2021276N07131,35.37561824623911,0,
NONCYCLONE_00380,26.898537336660098,DS,2006330S06049,26.898537336660098,0,
NONCYCLONE_00381,17.44564239334666,DS,2001163N20087,17.44564239334666,0,
NONCYCLONE_00382,37.56008777963121,TS,2008117N11090,37.56008777963121,0,
NONCYCLONE_00383,27.67556213195293,TS,2007314N10093,27.67556213195293,0,
NONCYCLONE_00384,17.9346079994337,TS,2019116N02090,17.9346079994337,0,
NONCYCLONE_00385,10.211138870751292,TS,2022295N13093,10.211138870751292,0,
NONCYCLONE_00386,23.65368512608603,TS,2023030N08087,23.65368512608603,0,
NONCYCLONE_00387,35.381724635258266,TS,2022062N06085,35.381724635258266,0,
NONCYCLONE_00388,31.966663319023166,DS,2010151N14065,31.966663319023166,0,
NONCYCLONE_00389,68.01896602758076,TS,2025229N22127,68.01896602758076,0,
NONCYCLONE_00390,6.891012535709029,TS,2003295N09101,6.891012535709029,1,TS
NONCYCLONE_00391,31.385661796723184,TS,2024329N04089,31.385661796723184,0,
NONCYCLONE_00392,20.152736841144698,NR,2025198S10090,23.719777183324172,0,
NONCYCLONE_00393,15.632844551041535,TS,2022347N12074,15.632844551041535,0,
NONCYCLONE_00394,11.721408352740116,TS,2003279N17084,11.721408352740116,0,
NONCYCLONE_00395,14.98769768686874,TS,2011160N18070,14.98769768686874,0,
NONCYCLONE_00396,14.7484402101897,TS,2012321N14090,14.7484402101897,0,
NONCYCLONE_00397,34.59725340763705,MX,2006330S06049,34.59725340763705,0,
NONCYCLONE_00398,23.1402378586621,TS,2002307S07070,23.1402378586621,0,
NONCYCLONE_00399,14.410354447001895,DS,2005338N09093,14.410354447001895,0,
NONCYCLONE_00400,19.04323091711107,TS,2013305N07141,19.04323091711107,0,
NONCYCLONE_00401,16.5742020748636,TS,2015207N22091,16.5742020748636,0,
NONCYCLONE_00402,14.891745291948363,TS,2019342N09062,14.891745291948363,0,
NONCYCLONE_00403,20.369124651110745,TS,2004307N09068,20.369124651110745,0,
NONCYCLONE_00404,15.823351468727168,TS,2001141N14068,15.823351468727168,0,
NONCYCLONE_00405,15.78352508316238,TS,2017319N15083,15.78352508316238,0,
NONCYCLONE_00406,39.450302633714614,TS,2010280N17085,39.450302633714614,0,
NONCYCLONE_00407,23.18755554749959,TS,2007151N14072,23.18755554749959,0,
NONCYCLONE_00408,22.377713210611656,TS,2004307N09068,22.377713210611656,0,
NONCYCLONE_00409,10.37934137573719,TS,2025295N09068,10.37934137573719,0,
NONCYCLONE_00410,30.252527087899207,TS,2025198N25082,30.252527087899207,0,
NONCYCLONE_00411,50.62719806430657,TS,2013324N07103,50.62719806430657,0,
NONCYCLONE_00412,15.027314108231447,TS,2021133N10071,15.027314108231447,0,
NONCYCLONE_00413,29.023684549583972,TS,2024238N25077,29.023684549583972,0,
NONCYCLONE_00414,17.937993060118362,TS,2001267N17070,17.937993060118362,0,
NONCYCLONE_00415,29.846163416981597,TS,2005330N09096,29.846163416981597,0,
NONCYCLONE_00416,15.729612827355947,TS,2024238N25077,15.729612827355947,0,
NONCYCLONE_00417,20.301743664968907,TS,2023156N10067,20.301743664968907,0,
NONCYCLONE_00418,20.77370241059667,TS,2019296N15066,20.77370241059667,0,
NONCYCLONE_00419,21.603473284327336,TS,2024238N25077,21.603473284327336,0,
NONCYCLONE_00420,39.11784559460163,TS,2011302N13062,39.11784559460163,0,
NONCYCLONE_00421,20.711225573039943,TS,2018136N11054,20.711225573039943,0,
NONCYCLONE_00422,15.081434204194279,TS,2006214N20088,15.081434204194279,0,
NONCYCLONE_00423,22.361447303881953,TS,2020136N10088,22.361447303881953,0,
NONCYCLONE_00424,12.807171725354813,TS,2015259N20084,12.807171725354813,0,
NONCYCLONE_00425,33.092554448668935,TS,2023156N10067,33.092554448668935,0,
NONCYCLONE_00426,19.502122475114152,TS,2005012N04090,19.502122475114152,0,
NONCYCLONE_00427,37.346329833922496,TS,2001313N12084,37.346329833922496,0,
NONCYCLONE_00428,23.644745705163835,TS,2023212N19090,23.644745705163835,0,
NONCYCLONE_00429,24.643602778811065,TS,2024255N24080,24.643602778811065,0,
NONCYCLONE_00430,21.97492723938623,DS,2007172N15088,21.97492723938623,0,
NONCYCLONE_00431,17.46468305782009,TS,2019296N15066,17.46468305782009,0,
NONCYCLONE_00432,19.76423968338713,TS,2005012N04090,19.76423968338713,0,
NONCYCLONE_00433,11.594286267403946,TS,2019296N15066,11.594286267403946,0,
NONCYCLONE_00434,12.82794256374977,TS,2019116N02090,12.82794256374977,0,
NONCYCLONE_00435,19.588735038012537,DS,2016335N07088,19.588735038012537,0,
NONCYCLONE_00436,16.955702405660126,TS,2013305N07141,16.955702405660126,0,
NONCYCLONE_00437,17.723176336405377,TS,2016341N08092,17.723176336405377,0,
NONCYCLONE_00438,37.400518465766545,TS,2009104N13088,37.400518465766545,0,
NONCYCLONE_00439,31.124774514140004,TS,2015301N11065,31.124774514140004,0,
NONCYCLONE_00440,31.442703947052397,TS,2006271N18089,31.442703947052397,0,
NONCYCLONE_00441,23.885541920862412,TS,2025295N09068,23.885541920862412,0,
NONCYCLONE_00442,36.24062398925236,TS,2006329N06150,36.24062398925236,0,
NONCYCLONE_00443,15.420137333595292,TS,2010137N10090,15.420137333595292,0,
NONCYCLONE_00444,29.372077243953193,TS,2006330S06049,29.372077243953193,0,
NONCYCLONE_00445,28.546361618558095,TS,2015280N13071,28.546361618558095,0,
NONCYCLONE_00446,13.19784347172404,TS,2007314N10093,13.19784347172404,0,
NONCYCLONE_00447,29.560150044524562,TS,2022324N10086,29.560150044524562,0,
NONCYCLONE_00448,28.721953248252312,TS,2020335N06090,28.721953248252312,0,
NONCYCLONE_00449,18.951370115397246,TS,2024238N25077,18.951370115397246,0,
NONCYCLONE_00450,20.594299424312332,TS,2005324N08085,20.594299424312332,0,
NONCYCLONE_00451,18.208699359668312,TS,2015312N11084,18.208699359668312,0,
NONCYCLONE_00452,29.87228384766695,TS,2013324N07103,29.87228384766695,0,
NONCYCLONE_00453,43.851543272844744,TS,2013281N12098,43.851543272844744,0,
NONCYCLONE_00454,29.019883864058393,TS,2003313S05079,29.019883864058393,0,
NONCYCLONE_00455,24.362408769288955,TS,2012357N09064,24.362408769288955,0,
NONCYCLONE_00456,33.113716125343196,TS,2023129N08091,33.113716125343196,0,
NONCYCLONE_00457,20.33375937786845,TS,2013281N12098,20.33375937786845,0,
NONCYCLONE_00458,19.00796270447576,TS,2016295N13089,19.00796270447576,0,
NONCYCLONE_00459,33.26670526830494,TS,2020285N15087,33.26670526830494,0,
NONCYCLONE_00460,38.55484477330717,TS,2013339N09084,38.55484477330717,0,
NONCYCLONE_00461,31.963604446148832,TS,2018263N17089,31.963604446148832,0,
NONCYCLONE_00462,19.436409516371288,DS,2024145N14087,19.436409516371288,0,
NONCYCLONE_00463,39.00388268131578,TS,2008298N16085,39.00388268131578,0,
NONCYCLONE_00464,26.823241160609093,TS,2009313N11072,26.823241160609093,0,
NONCYCLONE_00465,13.86083601223897,TS,2013339N09084,13.86083601223897,0,
NONCYCLONE_00466,22.64352419599724,TS,2018314N12093,22.64352419599724,0,
NONCYCLONE_00467,39.312879757707194,TS,2025198N25082,39.312879757707194,0,
NONCYCLONE_00468,32.33040736091427,TS,2011302N13062,32.33040736091427,0,
NONCYCLONE_00469,17.865189059823262,TS,2004307N09068,17.865189059823262,0,
NONCYCLONE_00470,31.023329866738916,TS,2016341N08092,31.023329866738916,0,
NONCYCLONE_00471,18.818556738749603,TS,2007300N11068,18.818556738749603,0,
NONCYCLONE_00472,12.043029393694907,TS,2022079N10093,12.043029393694907,0,
NONCYCLONE_00473,24.678596198531523,MX,2004333N06154,24.678596198531523,0,
NONCYCLONE_00474,22.786438390057405,TS,2019301N05081,22.786438390057405,0,
NONCYCLONE_00475,10.83596637966814,TS,2005349N06090,10.83596637966814,1,TS
NONCYCLONE_00476,15.031995593858635,TS,2017333N06082,15.031995593858635,0,
NONCYCLONE_00477,29.737999242382138,TS,2022254N20085,29.737999242382138,0,
NONCYCLONE_00478,11.669823795960324,TS,2016222N22089,11.669823795960324,0,
NONCYCLONE_00479,37.63368262547654,TS,2015157N13069,37.63368262547654,0,
NONCYCLONE_00480,17.847799517608518,TS,2015309N14067,17.847799517608518,0,
NONCYCLONE_00481,19.719837405198987,TS,2000358N08086,19.719837405198987,0,
NONCYCLONE_00482,20.88256386215161,TS,2014141N16091,20.88256386215161,0,
NONCYCLONE_00483,14.854637739556416,MX,2021335N08096,14.854637739556416,0,
NONCYCLONE_00484,20.910570643321773,MX,2011302N13062,20.910570643321773,0,
NONCYCLONE_00485,24.769647272789232,TS,2000331N09092,24.769647272789232,0,
NONCYCLONE_00486,18.79421195232112,MX,2022346S10098,18.79421195232112,0,
NONCYCLONE_00487,25.077946823597305,TS,2015259N20084,25.077946823597305,0,
NONCYCLONE_00488,44.18551814165838,TS,2017307N07102,44.18551814165838,0,
NONCYCLONE_00489,11.900373565722525,TS,2012321N14090,11.900373565722525,0,
NONCYCLONE_00490,31.813219241266065,TS,2016295N13089,31.813219241266065,0,
NONCYCLONE_00491,12.702925992854393,TS,2016222N22089,12.702925992854393,0,
NONCYCLONE_00492,45.61634822868228,TS,2022079N10093,45.61634822868228,0,
NONCYCLONE_00493,15.834267796884152,TS,2019116N02090,15.834267796884152,0,
NONCYCLONE_00494,10.646082974943608,DS,2020153N13072,10.646082974943608,0,
NONCYCLONE_00495,12.77115928984976,TS,2000331N09092,12.77115928984976,0,
NONCYCLONE_00496,13.376010779305457,TS,2002314N12083,13.376010779305457,0,
NONCYCLONE_00497,18.211075981076416,TS,2011302N13062,18.211075981076416,0,
NONCYCLONE_00498,10.492076125187248,TS,2013281N12098,10.492076125187248,0,
NONCYCLONE_00499,10.942547434673736,TS,2017333N06082,10.942547434673736,0,
NONCYCLONE_00500,55.15364911643502,TS,2006329N06150,55.15364911643502,0,
NONCYCLONE_00501,19.48378695938344,TS,2023156N10067,19.48378695938344,0,
NONCYCLONE_00502,25.987953663510122,TS,2023129N08091,25.987953663510122,0,
NONCYCLONE_00503,4.254112513481553,TS,2005262N13127,4.254112513481553,1,TS
NONCYCLONE_00504,33.84037404444637,TS,2006329N06150,33.84037404444637,0,
NONCYCLONE_00505,24.976328219992244,TS,2022338N05100,24.976328219992244,0,
NONCYCLONE_00506,19.319902469662598,TS,2005257N20069,19.319902469662598,0,
NONCYCLONE_00507,15.697212166634886,TS,2021133N10071,15.697212166634886,0,
NONCYCLONE_00508,15.696506212899637,TS,2019273N23070,15.696506212899637,0,
NONCYCLONE_00509,11.638322030864375,TS,2015312N11084,11.638322030864375,0,
NONCYCLONE_00510,23.4073046079664,TS,2005257N15120,23.4073046079664,0,
NONCYCLONE_00511,15.006786908267214,TS,2005012N04090,15.006786908267214,0,
NONCYCLONE_00512,30.724266941595296,TS,2020291N18069,30.724266941595296,0,
NONCYCLONE_00513,15.941808053700056,TS,2024295N15092,15.941808053700056,0,
NONCYCLONE_00514,12.778881841737402,TS,2016295N13089,12.778881841737402,0,
NONCYCLONE_00515,39.69440804109193,DS,2005349N06090,39.69440804109193,0,
NONCYCLONE_00516,11.116275999212156,TS,2024329N04089,11.116275999212156,1,TS
NONCYCLONE_00517,37.210035188393306,TS,2005330N09096,37.210035188393306,0,
NONCYCLONE_00518,26.40676777492074,TS,2010293N17093,26.40676777492074,0,
NONCYCLONE_00519,11.103232816933259,TS,2003315N09067,11.103232816933259,0,
NONCYCLONE_00520,15.170976292179038,TS,2018314N12093,15.170976292179038,0,
NONCYCLONE_00521,19.645272014259003,TS,2016341N08092,19.645272014259003,0,
NONCYCLONE_00522,14.560045708432705,TS,2009313N11072,14.560045708432705,0,
NONCYCLONE_00523,22.225747721471965,TS,2004274N16069,22.225747721471965,0,
NONCYCLONE_00524,10.707886813211118,MX,2021143N15090,10.707886813211118,0,
NONCYCLONE_00525,21.709561571183475,DS,2004274N16069,21.709561571183475,0,
NONCYCLONE_00526,27.17082749689728,TS,2025198N25082,27.17082749689728,0,
NONCYCLONE_00527,16.398756917654485,TS,2015157N13069,16.398756917654485,0,
NONCYCLONE_00528,14.422702868567825,TS,2005179N22088,14.422702868567825,0,
NONCYCLONE_00529,28.37252100644963,TS,2005338N09093,28.37252100644963,0,
NONCYCLONE_00530,20.690616786735532,TS,2021267N18094,20.690616786735532,0,
NONCYCLONE_00531,33.589321527094576,TS,2003295N09101,33.589321527094576,0,
NONCYCLONE_00532,10.959427702321062,MX,2006271N18089,10.959427702321062,0,
NONCYCLONE_00533,13.978707079216633,TS,2020296N19087,13.978707079216633,0,
NONCYCLONE_00534,19.825357641165994,TS,2008223N20086,19.825357641165994,0,
NONCYCLONE_00535,17.325329444458315,TS,2006264N23087,17.325329444458315,0,
NONCYCLONE_00536,36.83215489001362,TS,2005349N06090,36.83215489001362,0,
NONCYCLONE_00537,38.2319613606366,TS,2008338N06092,38.2319613606366,0,
NONCYCLONE_00538,11.516767670706633,TS,2009344N06085,11.516767670706633,0,
NONCYCLONE_00539,20.014899152045764,TS,2016178N22068,20.014899152045764,0,
NONCYCLONE_00540,12.432933906900574,TS,2021267N18094,12.432933906900574,0,
NONCYCLONE_00541,54.542419946147945,TS,2010302S08098,54.542419946147945,0,
NONCYCLONE_00542,18.030003680390244,TS,2006214N20088,18.030003680390244,0,
NONCYCLONE_00543,19.369649978754097,TS,2004162N18068,19.369649978754097,0,
NONCYCLONE_00544,38.249832971284796,TS,2013305N07141,38.249832971284796,0,
NONCYCLONE_00545,34.31770701401374,DS,2021312N07090,34.31770701401374,0,
NONCYCLONE_00546,20.985953841029396,TS,2024238N25077,20.985953841029396,0,
NONCYCLONE_00547,46.17071353830299,TS,2001361N01106,46.17071353830299,0,
NONCYCLONE_00548,10.906540557326164,TS,2013322N13090,10.906540557326164,0,
NONCYCLONE_00549,21.325195557049213,TS,2018227N20086,21.325195557049213,0,
NONCYCLONE_00550,22.853322571328686,DS,2019160N11073,22.853322571328686,0,
NONCYCLONE_00551,30.31668872040849,TS,2004319N10134,30.31668872040849,0,
NONCYCLONE_00552,14.221353335050896,TS,2023317N10094,14.221353335050896,0,
NONCYCLONE_00553,28.302761847727776,TS,2005260N20091,28.302761847727776,0,
NONCYCLONE_00554,42.39683155860522,TS,2006114N08090,42.39683155860522,0,
NONCYCLONE_00555,29.622811504364613,TS,2013211N21088,29.622811504364613,0,
NONCYCLONE_00556,24.25674709720508,TS,2007172N15088,24.25674709720508,0,
NONCYCLONE_00557,17.99778113828859,TS,2022356N09085,17.99778113828859,0,
NONCYCLONE_00558,21.704079568457587,TS,2016341N08092,21.704079568457587,0,
NONCYCLONE_00559,10.246955422749132,TS,2016295N13089,10.246955422749132,0,
NONCYCLONE_00560,18.04536158582711,TS,2008338N06092,18.04536158582711,0,
NONCYCLONE_00561,21.061721411385374,DS,2005338N09093,21.061721411385374,0,
NONCYCLONE_00562,10.777541538886005,TS,2015173N20067,10.777541538886005,1,TS
NONCYCLONE_00563,27.826514250495354,TS,2021267N18094,27.826514250495354,0,
NONCYCLONE_00564,10.548030309885727,TS,2002126N09068,10.548030309885727,0,
NONCYCLONE_00565,49.254947130595944,TS,2022295N13093,49.254947130595944,0,
NONCYCLONE_00566,19.078503614641093,TS,2013130N04093,19.078503614641093,0,
NONCYCLONE_00567,33.09306788408073,TS,2022221N21086,33.09306788408073,0,
NONCYCLONE_00568,24.55051591976638,TS,2001281N18071,24.55051591976638,0,
NONCYCLONE_00569,19.54986066219905,DS,2019335N05058,19.54986066219905,0,
NONCYCLONE_00570,19.551015287232847,DS,2007178N18089,19.551015287232847,0,
NONCYCLONE_00571,13.614990069413617,TS,2024252N18087,13.614990069413617,0,
NONCYCLONE_00572,10.038440184543374,TS,2022356N09085,10.038440184543374,0,
NONCYCLONE_00573,14.212472188023469,TS,2015157N13069,14.212472188023469,0,
NONCYCLONE_00574,23.198964966757732,TS,2005172N22069,23.198964966757732,0,
NONCYCLONE_00575,11.914759580332845,TS,2008293N09060,11.914759580332845,0,
NONCYCLONE_00576,20.163370204076735,TS,2007151N14072,20.163370204076735,0,
NONCYCLONE_00577,38.0163631893873,TS,2020136N10088,38.0163631893873,0,
NONCYCLONE_00578,25.621950287460187,TS,2007300N11068,25.621950287460187,0,
NONCYCLONE_00579,31.2296943603254,TS,2013339N09084,31.2296943603254,0,
NONCYCLONE_00580,19.017918346783716,TS,2019160N11073,19.017918346783716,0,
NONCYCLONE_00581,32.245021949692386,TS,2022126N07095,32.245021949692386,0,
NONCYCLONE_00582,47.73488480541723,TS,2025260N13138,47.73488480541723,0,
NONCYCLONE_00583,28.273720652882066,DS,2005298N12088,28.273720652882066,0,
NONCYCLONE_00584,16.104105372853176,TS,2023212N19090,16.104105372853176,0,
NONCYCLONE_00585,16.94487032104526,TS,2019302N11118,16.94487032104526,0,
NONCYCLONE_00586,34.80396948536994,TS,2006214N20088,34.80396948536994,0,
NONCYCLONE_00587,36.478919517230445,TS,2008117N11090,36.478919517230445,0,
NONCYCLONE_00588,17.13765127678387,TS,2012301N11087,17.13765127678387,0,
NONCYCLONE_00589,25.672920106775134,TS,2025295N09068,25.672920106775134,0,
NONCYCLONE_00590,19.567818021850332,MX,2015280N13071,19.567818021850332,0,
NONCYCLONE_00591,16.150509601703014,TS,2022347N12074,16.150509601703014,0,
NONCYCLONE_00592,15.342874151477492,TS,2025198N25082,15.342874151477492,0,
NONCYCLONE_00593,26.60472021141886,TS,2010305N06105,26.60472021141886,0,
NONCYCLONE_00594,42.2187891236799,DS,2004312S05085,42.2187891236799,0,
NONCYCLONE_00595,42.41466625534479,TS,2022324N10086,42.41466625534479,0,
NONCYCLONE_00596,34.191669315200414,TS,2011302N13062,34.191669315200414,0,
NONCYCLONE_00597,12.1049935267321,TS,2008117N11090,12.1049935267321,0,
NONCYCLONE_00598,28.56521395929677,TS,2007151N14072,28.56521395929677,0,
NONCYCLONE_00599,24.493720497286365,TS,2022140N16097,24.493720497286365,0,
NONCYCLONE_00600,33.03563124082381,TS,2019329N09160,33.03563124082381,0,
NONCYCLONE_00601,18.343189107229104,TS,2010151N14065,18.343189107229104,0,
NONCYCLONE_00602,20.689310198838168,TS,2013305N07141,20.689310198838168,0,
NONCYCLONE_00603,20.164499633085462,DS,2021133N10071,20.164499633085462,0,
NONCYCLONE_00604,43.094652388905786,TS,2006241N20088,43.094652388905786,0,
NONCYCLONE_00605,18.39549219795257,TS,2022338N05100,18.39549219795257,0,
NONCYCLONE_00606,20.433817813713326,TS,2013281N12098,20.433817813713326,0,
NONCYCLONE_00607,16.91640361889597,TS,2009247N19089,16.91640361889597,0,
NONCYCLONE_00608,22.344778836918877,TS,2006262N19069,22.344778836918877,0,
NONCYCLONE_00609,21.80983004179658,TS,2009344N06085,21.80983004179658,0,
NONCYCLONE_00610,7.632089914232849,MX,2020139S04095,7.632089914232849,1,MX
NONCYCLONE_00611,22.993633413338735,TS,2013324N07103,22.993633413338735,0,
NONCYCLONE_00612,18.087483041975226,TS,2004274N16069,18.087483041975226,0,
NONCYCLONE_00613,14.771877867578302,TS,2024252N18087,14.771877867578302,0,
NONCYCLONE_00614,27.51604593542528,TS,2017292N17087,27.51604593542528,0,
NONCYCLONE_00615,30.90747943145609,TS,2018141N08059,30.90747943145609,0,
NONCYCLONE_00616,32.97356057787132,DS,2021276N07131,32.97356057787132,0,
NONCYCLONE_00617,23.42914371524924,TS,2021267N18094,23.42914371524924,0,
NONCYCLONE_00618,21.806380233773204,TS,2001281N18071,21.806380233773204,0,
NONCYCLONE_00619,26.729422813058733,TS,2019273N23070,26.729422813058733,0,
NONCYCLONE_00620,26.475924775629256,TS,2018365N08115,26.475924775629256,0,
NONCYCLONE_00621,10.151914367587773,TS,2025298N11089,10.151914367587773,0,
NONCYCLONE_00622,11.745651450406807,TS,2013322N13090,11.745651450406807,1,TS
NONCYCLONE_00623,20.13452155840753,TS,2011302N13062,20.13452155840753,0,
NONCYCLONE_00624,24.382454329338717,DS,2008338N06092,24.382454329338717,0,
NONCYCLONE_00625,22.038703498507466,TS,2013232N22088,22.038703498507466,0,
NONCYCLONE_00626,13.90961588545523,TS,2001281N18071,13.90961588545523,0,
NONCYCLONE_00627,12.04421054822223,DS,2019302N11118,12.04421054822223,0,
NONCYCLONE_00628,11.88235532985387,TS,2006262N19069,11.88235532985387,0,
NONCYCLONE_00629,36.01650370381906,TS,2018309S06068,36.01650370381906,0,
NONCYCLONE_00630,16.802463633327406,TS,2025331N06083,16.802463633327406,0,
NONCYCLONE_00631,27.16742266578613,TS,2020355S11065,27.16742266578613,0,
NONCYCLONE_00632,19.65962964871108,TS,2014297N11062,19.65962964871108,0,
NONCYCLONE_00633,11.738243728613039,TS,2019116N02090,11.738243728613039,0,
NONCYCLONE_00634,11.59602922227235,TS,2017104N08085,11.59602922227235,1,TS
NONCYCLONE_00635,14.850449873144127,TS,2016308N13088,14.850449873144127,0,
NONCYCLONE_00636,18.828049452452387,DS,2005338N09093,18.828049452452387,0,
NONCYCLONE_00637,10.120039871999278,TS,2018314N12093,10.120039871999278,0,
NONCYCLONE_00638,43.783062977565926,TS,2010136N09057,43.783062977565926,0,
NONCYCLONE_00639,16.467735432373477,TS,2019301N05081,16.467735432373477,0,
NONCYCLONE_00640,33.208120888495685,TS,2013301N13142,33.208120888495685,0,
NONCYCLONE_00641,23.274874204736314,DS,2019160N11073,23.274874204736314,0,
NONCYCLONE_00642,13.699453973599411,TS,2020150N17054,13.699453973599411,0,
NONCYCLONE_00643,22.560229597379273,DS,2013310N06066,22.560229597379273,0,
NONCYCLONE_00644,14.463390384820695,TS,2018141N08059,14.463390384820695,0,
NONCYCLONE_00645,38.48975029317056,TS,2017304N11127,38.48975029317056,0,
NONCYCLONE_00646,13.428168863553786,TS,2025295N09068,13.428168863553786,0,
NONCYCLONE_00647,22.091113113566365,TS,2000299N13093,22.091113113566365,0,
NONCYCLONE_00648,26.74368927196777,DS,2014297N11062,26.74368927196777,0,
NONCYCLONE_00649,38.344679419300384,TS,2022126N07095,38.344679419300384,0,
NONCYCLONE_00650,20.416103092532985,TS,2015173N20067,20.416103092532985,0,
NONCYCLONE_00651,19.530221577368078,TS,2020285N15087,19.530221577368078,0,
NONCYCLONE_00652,43.19578684957017,TS,2024216N24085,43.19578684957017,0,
NONCYCLONE_00653,12.0396894657054,TS,2018281N14088,12.0396894657054,0,
NONCYCLONE_00654,33.58270948627755,TS,2017340N09089,33.58270948627755,0,
NONCYCLONE_00655,29.33021290634544,TS,2019335N05058,29.33021290634544,0,
NONCYCLONE_00656,29.822177210114653,TS,2003295N09101,29.822177210114653,0,
NONCYCLONE_00657,56.87099603620469,TS,2025266N11137,56.87099603620469,0,
NONCYCLONE_00658,10.06501377976129,TS,2006012N03081,10.06501377976129,1,TS
NONCYCLONE_00659,36.07356972448918,TS,2004332N02072,36.07356972448918,0,
NONCYCLONE_00660,29.355130296178785,DS,2004312S05085,29.355130296178785,0,
NONCYCLONE_00661,16.598304936410575,TS,2009344N06085,16.598304936410575,0,
NONCYCLONE_00662,17.69939770681692,TS,2020327N08086,17.69939770681692,0,
NONCYCLONE_00663,47.23926024958407,TS,2003122S11065,47.23926024958407,0,
NONCYCLONE_00664,19.491055366252134,TS,2008338N06092,19.491055366252134,0,
NONCYCLONE_00665,37.75551791150192,TS,2000299N13093,37.75551791150192,0,
NONCYCLONE_00666,20.064986117515556,TS,2022230N18095,20.064986117515556,0,
NONCYCLONE_00667,12.723614596639038,TS,2023156N10067,12.723614596639038,0,
NONCYCLONE_00668,22.92966845524993,TS,2016341N08092,22.92966845524993,0,
NONCYCLONE_00669,47.1074350116193,TS,2007133N15091,47.1074350116193,0,
NONCYCLONE_00670,28.963372083976243,DS,2008317N11089,28.963372083976243,0,
NONCYCLONE_00671,16.192566292760148,TS,2004136N15090,16.192566292760148,0,
NONCYCLONE_00672,11.323314665785087,TS,2025331N06083,11.323314665785087,1,TS
NONCYCLONE_00673,13.975134154845147,TS,2021335N08096,13.975134154845147,0,
NONCYCLONE_00674,26.486418384992135,TS,2004125N11074,26.486418384992135,0,
NONCYCLONE_00675,21.459311219317513,TS,2013324N07103,21.459311219317513,0,
NONCYCLONE_00676,13.924561489083512,TS,2009201N21089,13.924561489083512,0,
NONCYCLONE_00677,12.03256890737405,TS,2005298N12088,12.03256890737405,0,
NONCYCLONE_00678,19.79317765596543,TS,2017104N08085,19.79317765596543,0,
NONCYCLONE_00679,33.739089240674375,TS,2021267N18094,33.739089240674375,0,
NONCYCLONE_00680,22.608728305861817,TS,2005260N20091,22.608728305861817,0,
NONCYCLONE_00681,36.93058244268601,TS,2016222N22089,36.93058244268601,0,
NONCYCLONE_00682,28.414591219894934,TS,2012296N06135,28.414591219894934,0,
NONCYCLONE_00683,27.804388395722214,TS,2012296N06135,27.804388395722214,0,
NONCYCLONE_00684,11.435677524679106,TS,2008117N11090,11.435677524679106,0,
NONCYCLONE_00685,10.700753407264482,TS,2010137N10090,10.700753407264482,1,TS
NONCYCLONE_00686,15.189393163757481,TS,2023156N10067,15.189393163757481,0,
NONCYCLONE_00687,29.295165279158176,TS,2006271N18089,29.295165279158176,0,
NONCYCLONE_00688,18.198931326580066,TS,2013339N09084,18.198931326580066,0,
NONCYCLONE_00689,10.837838005247654,TS,2005274N17086,10.837838005247654,0,
NONCYCLONE_00690,18.4091761568502,DS,2020332S11091,18.4091761568502,0,
NONCYCLONE_00691,22.84320870082115,TS,2005012N04090,22.84320870082115,0,
NONCYCLONE_00692,33.09492705651929,TS,2010286N18090,33.09492705651929,0,
NONCYCLONE_00693,40.7248739484607,TS,2011360N09088,40.7248739484607,0,
NONCYCLONE_00694,38.31004131435009,TS,2018263N17089,38.31004131435009,0,
NONCYCLONE_00695,12.96423959725228,TS,2022338N05100,12.96423959725228,0,
NONCYCLONE_00696,13.842371925739842,TS,2010293N17093,13.842371925739842,0,
NONCYCLONE_00697,18.084620902087927,MX,2006271N18089,18.084620902087927,0,
NONCYCLONE_00698,16.41269658676768,TS,2010286N18090,16.41269658676768,0,
NONCYCLONE_00699,26.41655137056532,TS,2019342N09062,26.41655137056532,0,
NONCYCLONE_00700,12.71028720780889,TS,2019296N15066,12.71028720780889,0,
NONCYCLONE_00701,22.974694872671765,TS,2005012N04090,22.974694872671765,0,
NONCYCLONE_00702,14.75115603130146,TS,2003315N09067,14.75115603130146,0,
NONCYCLONE_00703,21.486843051547,TS,2006114N08090,21.486843051547,0,
NONCYCLONE_00704,12.389008914594395,TS,2013322N13090,12.389008914594395,0,
NONCYCLONE_00705,23.826636768242068,TS,2004274N16069,23.826636768242068,0,
NONCYCLONE_00706,27.780380062256647,TS,2007133N15091,27.780380062256647,0,
NONCYCLONE_00707,15.910816198629648,DS,2017307N07102,15.910816198629648,0,
NONCYCLONE_00708,42.729677319887934,MX,2023317N10094,42.729677319887934,0,
NONCYCLONE_00709,22.962914950708246,TS,2001141N14068,22.962914950708246,0,
NONCYCLONE_00710,11.778125178211305,TS,2019218N21088,11.778125178211305,0,
NONCYCLONE_00711,32.70779589166655,TS,2013324N07103,32.70779589166655,0,
NONCYCLONE_00712,13.0778254265174,TS,2015301N11065,13.0778254265174,0,
NONCYCLONE_00713,27.824955850058725,TS,2004125N11074,27.824955850058725,0,
NONCYCLONE_00714,12.49323612575361,MX,2018309S06068,12.49323612575361,0,
NONCYCLONE_00715,41.60151645458852,TS,2023129N08091,41.60151645458852,0,
NONCYCLONE_00716,37.884665319017635,TS,2012301N11087,37.884665319017635,0,
NONCYCLONE_00717,30.503208119326516,DS,2013339N09084,30.503208119326516,0,
NONCYCLONE_00718,11.911565634846395,DS,2020327N08086,11.911565634846395,0,
NONCYCLONE_00719,16.41212966946638,TS,2005257N20069,16.41212966946638,0,
NONCYCLONE_00720,15.87328508194395,TS,2005338N09093,15.87328508194395,0,
NONCYCLONE_00721,14.159842518800554,MX,2018314N12093,14.159842518800554,0,
NONCYCLONE_00722,15.606379344507623,TS,2001141N14068,15.606379344507623,0,
NONCYCLONE_00723,32.55198789487776,TS,2024295N15092,32.55198789487776,0,
NONCYCLONE_00724,14.278991308803331,DS,2019302N11118,14.278991308803331,0,
NONCYCLONE_00725,62.77515086520952,TS,2025233N15126,62.77515086520952,0,
NONCYCLONE_00726,19.167257840528897,TS,2014159N12068,19.167257840528897,0,
NONCYCLONE_00727,11.535537672061995,TS,2001313N12084,11.535537672061995,0,
NONCYCLONE_00728,33.408787646730765,TS,2021335N08096,33.408787646730765,0,
NONCYCLONE_00729,45.29868028703992,TS,2013301N13142,45.29868028703992,0,
NONCYCLONE_00730,23.018544747518664,TS,2016295N13089,23.018544747518664,0,
NONCYCLONE_00731,21.510337822786084,DS,2006012N03081,21.510337822786084,0,
NONCYCLONE_00732,12.61440935425126,TS,2007178N18089,12.61440935425126,0,
NONCYCLONE_00733,21.621509456218355,DS,2006012N03081,21.621509456218355,0,
NONCYCLONE_00734,24.906239763530028,TS,2025275N22068,24.906239763530028,0,
NONCYCLONE_00735,20.958773299352067,TS,2007300N11068,20.958773299352067,0,
NONCYCLONE_00736,17.141525031903974,TS,2011302N13062,17.141525031903974,0,
NONCYCLONE_00737,19.782524757674807,TS,2006264N23087,19.782524757674807,0,
NONCYCLONE_00738,26.208702472813243,TS,2001281N18071,26.208702472813243,0,
NONCYCLONE_00739,21.184634847498643,DS,2014159N12068,21.184634847498643,0,
NONCYCLONE_00740,34.44185303500347,TS,2004312S05085,34.44185303500347,0,
NONCYCLONE_00741,12.21579391768135,TS,2004125N11074,12.21579391768135,0,
NONCYCLONE_00742,31.898481097116072,TS,2020326N11063,31.898481097116072,0,
NONCYCLONE_00743,18.329343412091117,TS,2024238N25077,18.329343412091117,0,
NONCYCLONE_00744,10.8130452575892,TS,2024244N18085,10.8130452575892,0,
NONCYCLONE_00745,17.41113219790501,TS,2024258N22091,17.41113219790501,0,
NONCYCLONE_00746,14.14729350323741,TS,2004332N02072,14.14729350323741,0,
NONCYCLONE_00747,37.98002591382565,TS,2005298N12088,37.98002591382565,0,
NONCYCLONE_00748,21.043267505313256,TS,2006182N20088,21.043267505313256,0,
NONCYCLONE_00749,28.042678255385393,TS,2009143N17089,28.042678255385393,0,
NONCYCLONE_00750,35.87572542134799,TS,2021264N13119,35.87572542134799,0,
NONCYCLONE_00751,12.340854639736182,TS,2023156N10067,12.340854639736182,0,
NONCYCLONE_00752,25.533163447221533,TS,2015259N20084,25.533163447221533,0,
NONCYCLONE_00753,11.663278815616035,TS,2004274N16069,11.663278815616035,0,
NONCYCLONE_00754,12.007720706395585,TS,2019335N05058,12.007720706395585,0,
NONCYCLONE_00755,10.154023678163979,TS,2019160N11073,10.154023678163979,1,TS
NONCYCLONE_00756,19.341553015671273,TS,2019296N15066,19.341553015671273,0,
NONCYCLONE_00757,20.323467476067073,TS,2004332N02072,20.323467476067073,0,
NONCYCLONE_00758,29.410023764237188,TS,2015309N14067,29.410023764237188,0,
NONCYCLONE_00759,24.183806046016542,TS,2014297N11062,24.183806046016542,0,
NONCYCLONE_00760,37.02052767753179,TS,2011330N06078,37.02052767753179,0,
NONCYCLONE_00761,18.024916275308698,MX,2023334N08088,18.024916275308698,0,
NONCYCLONE_00762,21.890326026092307,TS,2021143N15090,21.890326026092307,0,
NONCYCLONE_00763,29.133127278193385,DS,2010136N09057,29.133127278193385,0,
NONCYCLONE_00764,16.4328794655174,TS,2025298N11089,16.4328794655174,0,
NONCYCLONE_00765,25.983868536001744,TS,2011167N22089,25.983868536001744,0,
NONCYCLONE_00766,20.596280773595463,TS,2019329N09160,20.596280773595463,0,
NONCYCLONE_00767,22.170352826369147,TS,2011310N11066,22.170352826369147,0,
NONCYCLONE_00768,14.113849443894182,TS,2005255N20088,14.113849443894182,0,
NONCYCLONE_00769,34.81290524284479,TS,2023030N08087,34.81290524284479,0,
NONCYCLONE_00770,18.213853633159356,TS,2012301N11087,18.213853633159356,0,
NONCYCLONE_00771,27.9562244910311,DS,2019264N19071,27.9562244910311,0,
NONCYCLONE_00772,44.35535785175687,TS,2011360N09088,44.35535785175687,0,
NONCYCLONE_00773,28.79621916780949,TS,2005260N20091,28.79621916780949,0,
NONCYCLONE_00774,10.244920252950063,TS,2021335N08096,10.244920252950063,0,
NONCYCLONE_00775,55.466632731232814,TS,2017232N19130,55.466632731232814,0,
NONCYCLONE_00776,14.998545990600787,TS,2019296N15066,14.998545990600787,0,
NONCYCLONE_00777,41.186235270283014,TS,2019218N21088,41.186235270283014,0,
NONCYCLONE_00778,24.743411612662335,TS,2018161N22092,24.743411612662335,0,
NONCYCLONE_00779,14.26749553494545,TS,2020153N13072,14.26749553494545,0,
NONCYCLONE_00780,13.561887918300906,TS,2024295N15092,13.561887918300906,0,
NONCYCLONE_00781,20.14723239701976,TS,2018365N08115,20.14723239701976,0,
NONCYCLONE_00782,11.627722638932509,TS,2014309N13088,11.627722638932509,0,
NONCYCLONE_00783,20.417993829403247,TS,2017333N06082,20.417993829403247,0,
NONCYCLONE_00784,20.49594689235031,TS,2001313N12084,20.49594689235031,0,
NONCYCLONE_00785,39.449978508838385,TS,2013149N21090,39.449978508838385,0,
NONCYCLONE_00786,20.80094514796185,TS,2004125S08084,20.80094514796185,0,
NONCYCLONE_00787,21.022383488641758,DS,2004136N15090,21.022383488641758,0,
NONCYCLONE_00788,15.361159403455948,TS,2011167N22089,15.361159403455948,0,
NONCYCLONE_00789,39.41672027178942,DS,2010305N06105,39.41672027178942,0,
NONCYCLONE_00790,18.703109138696377,TS,2008338N06092,18.703109138696377,0,
NONCYCLONE_00791,14.95981149341286,MX,2011310N11066,14.95981149341286,0,
NONCYCLONE_00792,18.45394007739923,DS,2014309N13088,18.45394007739923,0,
NONCYCLONE_00793,20.73093364443673,TS,2017282N22088,20.73093364443673,0,
NONCYCLONE_00794,16.962469930117944,TS,2016222N22089,16.962469930117944,0,
NONCYCLONE_00795,32.73334489352394,TS,2022230N18095,32.73334489352394,0,
NONCYCLONE_00796,17.955504160405617,DS,2006329N06150,17.955504160405617,0,
NONCYCLONE_00797,41.78381389081249,TS,2008293N09060,41.78381389081249,0,
NONCYCLONE_00798,21.992746943251433,TS,2018347N07089,21.992746943251433,0,
NONCYCLONE_00799,12.289701243469928,TS,2019296N15066,12.289701243469928,0,
NONCYCLONE_00800,36.41625646599849,TS,2013339N09084,36.41625646599849,0,
NONCYCLONE_00801,24.291426985534123,TS,2011167N22089,24.291426985534123,0,
NONCYCLONE_00802,12.180597811148921,DS,2013310N06066,12.180597811148921,0,
NONCYCLONE_00803,22.148742861600905,TS,2021256N20087,22.148742861600905,0,
NONCYCLONE_00804,13.788813412738806,TS,2023156N10067,13.788813412738806,0,
NONCYCLONE_00805,36.417119874846165,TS,2004325S06078,36.417119874846165,0,
NONCYCLONE_00806,24.10269063522618,TS,2009344N06085,24.10269063522618,0,
NONCYCLONE_00807,10.592581367109991,TS,2024329N04089,10.592581367109991,1,TS
NONCYCLONE_00808,21.33313642664882,TS,2007151N14072,21.33313642664882,0,
NONCYCLONE_00809,26.14890414566686,TS,2010305N06105,26.14890414566686,0,
NONCYCLONE_00810,13.404537079484761,TS,2002295N14082,13.404537079484761,0,
NONCYCLONE_00811,34.94020942346425,TS,2011302N13062,34.94020942346425,0,
NONCYCLONE_00812,12.837138114050457,DS,2023293N12089,12.837138114050457,0,
NONCYCLONE_00813,19.938461391216165,TS,2019160N11073,19.938461391216165,0,
NONCYCLONE_00814,50.617765047889854,ET,2005249N26281,66.2052248748998,0,
NONCYCLONE_00815,24.990057018723338,TS,2017232N19130,24.990057018723338,0,
NONCYCLONE_00816,13.440785701003934,TS,2002126N09068,13.440785701003934,0,
NONCYCLONE_00817,19.887248505228353,MX,2021267N18094,19.887248505228353,0,
NONCYCLONE_00818,12.023781769043824,TS,2024238N25077,12.023781769043824,0,
NONCYCLONE_00819,10.843905679483127,TS,2025206N21090,10.843905679483127,0,
NONCYCLONE_00820,29.523196686744374,TS,2002128S05097,29.523196686744374,0,
NONCYCLONE_00821,44.13943248924886,TS,2007314N10093,44.13943248924886,0,
NONCYCLONE_00822,39.74046920619553,TS,2016222N22089,39.74046920619553,0,
NONCYCLONE_00823,15.124618730411148,TS,2019116N02090,15.124618730411148,0,
NONCYCLONE_00824,17.503383700308127,TS,2011330N06078,17.503383700308127,0,
NONCYCLONE_00825,37.22001777898283,TS,2000088N08090,37.22001777898283,0,
NONCYCLONE_00826,14.143159069747457,TS,2000358N08086,14.143159069747457,0,
NONCYCLONE_00827,37.25726753607124,TS,2024145N14087,37.25726753607124,0,
NONCYCLONE_00828,17.602266774006182,TS,2024255N24080,17.602266774006182,0,
NONCYCLONE_00829,14.394925147360418,TS,2015309N14067,14.394925147360418,0,
NONCYCLONE_00830,16.378249154000727,TS,2021133N10071,16.378249154000727,0,
NONCYCLONE_00831,35.27896782935886,TS,2006214N20088,35.27896782935886,0,
NONCYCLONE_00832,23.32665798731553,TS,2003129N05091,23.32665798731553,0,
NONCYCLONE_00833,33.355665597456415,TS,2005338N09093,33.355665597456415,0,
NONCYCLONE_00834,10.625375237166498,TS,2000331N09092,10.625375237166498,1,TS
NONCYCLONE_00835,14.21458832904433,TS,2022062N06085,14.21458832904433,0,
NONCYCLONE_00836,31.969537329907173,TS,2008329N09082,31.969537329907173,0,
NONCYCLONE_00837,26.33485936702312,DS,2004125S08084,26.33485936702312,0,
NONCYCLONE_00838,27.12393115321321,TS,2019296N15066,27.12393115321321,0,
NONCYCLONE_00839,15.884038264895544,TS,2019301N05081,15.884038264895544,0,
NONCYCLONE_00840,27.730018298420873,DS,2010305N06105,27.730018298420873,0,
NONCYCLONE_00841,21.32524723283019,TS,2022230N18095,21.32524723283019,0,
NONCYCLONE_00842,17.475344646423046,TS,2022197N22069,17.475344646423046,0,
NONCYCLONE_00843,17.887243211142483,TS,2006241N20088,17.887243211142483,0,
NONCYCLONE_00844,20.95518856269556,TS,2019218N21088,20.95518856269556,0,
NONCYCLONE_00845,18.528395691911392,TS,2022338N05100,18.528395691911392,0,
NONCYCLONE_00846,15.183741830614746,TS,2014297N11062,15.183741830614746,0,
NONCYCLONE_00847,46.47995583451839,TS,2020150N17054,46.47995583451839,0,
NONCYCLONE_00848,14.838490204462694,TS,2003206N21089,14.838490204462694,0,
NONCYCLONE_00849,19.88894036914782,DS,2018279N11069,19.88894036914782,0,
NONCYCLONE_00850,13.759291416826409,TS,2003340S07093,13.759291416826409,0,
NONCYCLONE_00851,25.219828742547328,TS,2005338N09093,25.219828742547328,0,
NONCYCLONE_00852,10.478282854978675,TS,2015309N14067,10.478282854978675,0,
NONCYCLONE_00853,31.979573450431655,TS,2018263N17089,31.979573450431655,0,
NONCYCLONE_00854,16.800015314312954,TS,2013149N21090,16.800015314312954,0,
NONCYCLONE_00855,17.622386578888584,TS,2004125N11074,17.622386578888584,0,
NONCYCLONE_00856,13.122778916655154,TS,2010137N10090,13.122778916655154,0,
NONCYCLONE_00857,13.769279007492653,DS,2007172N15088,13.769279007492653,0,
NONCYCLONE_00858,44.579074808086304,TS,2017232N19130,44.579074808086304,0,
NONCYCLONE_00859,11.015142002852823,TS,2018279N11069,11.015142002852823,1,TS
NONCYCLONE_00860,15.830645334547441,DS,2024295N15092,15.830645334547441,0,
NONCYCLONE_00861,13.510415835832374,TS,2018314N12093,13.510415835832374,0,
NONCYCLONE_00862,11.714434461772917,TS,2019301N05081,11.714434461772917,0,
NONCYCLONE_00863,29.38772315403123,TS,2024329N04089,29.38772315403123,0,
NONCYCLONE_00864,26.702057741047735,TS,2010151N14065,26.702057741047735,0,
NONCYCLONE_00865,13.76767501734707,TS,2003295N09101,13.76767501734707,0,
NONCYCLONE_00866,30.345860540594185,DS,2019112S10053,30.345860540594185,0,
NONCYCLONE_00867,13.767148481041124,TS,2023292N11063,13.767148481041124,0,
NONCYCLONE_00868,35.43660499876517,TS,2013305N07141,35.43660499876517,0,
NONCYCLONE_00869,15.470244146226522,DS,2019160N11073,15.470244146226522,0,
NONCYCLONE_00870,12.843396439251093,TS,2013310N06066,12.843396439251093,0,
NONCYCLONE_00871,11.882282325708733,TS,2019302N11118,11.882282325708733,0,
NONCYCLONE_00872,21.444792513025064,TS,2000289N15089,21.444792513025064,0,
NONCYCLONE_00873,39.730731542136645,TS,2020136N10088,39.730731542136645,0,
NONCYCLONE_00874,30.809123386062854,TS,2008317N11089,30.809123386062854,0,
NONCYCLONE_00875,25.359134384684747,TS,2002129N08096,25.359134384684747,0,
NONCYCLONE_00876,15.846565695487232,TS,2004307N09068,15.846565695487232,0,
NONCYCLONE_00877,13.90967811196064,TS,2000358N08086,13.90967811196064,0,
NONCYCLONE_00878,22.335460316019244,TS,2019264N19071,22.335460316019244,0,
NONCYCLONE_00879,36.18150481390556,TS,2016308N13088,36.18150481390556,0,
NONCYCLONE_00880,16.930552076533637,TS,2016230N21089,16.930552076533637,0,
NONCYCLONE_00881,39.609332492380474,TS,2005349N06090,39.609332492380474,0,
NONCYCLONE_00882,10.446131902197202,TS,2016138N10081,10.446131902197202,1,TS
NONCYCLONE_00883,19.682551948040395,TS,2012301N11087,19.682551948040395,0,
NONCYCLONE_00884,22.53771808434257,TS,2000332N08133,22.53771808434257,0,
NONCYCLONE_00885,20.515145974731176,TS,2001141N14068,20.515145974731176,0,
NONCYCLONE_00886,17.486771717866446,TS,2006228N21088,17.486771717866446,0,
NONCYCLONE_00887,27.985402432081838,TS,2016138N10081,27.985402432081838,0,
NONCYCLONE_00888,13.8530718069763,TS,2002319S06078,13.8530718069763,0,
NONCYCLONE_00889,10.291067631457597,TS,2003295N09101,10.291067631457597,0,
NONCYCLONE_00890,18.046184626038425,TS,2007300N11068,18.046184626038425,0,
NONCYCLONE_00891,27.52846210764479,TS,2007314N10093,27.52846210764479,0,
NONCYCLONE_00892,27.963876870411312,DS,2018365N08115,27.963876870411312,0,
NONCYCLONE_00893,46.28391009152784,TS,2017340N09089,46.28391009152784,0,
NONCYCLONE_00894,18.318293065521676,TS,2021133N10071,18.318293065521676,0,
NONCYCLONE_00895,21.265168287705027,TS,2013281N12098,21.265168287705027,0,
NONCYCLONE_00896,19.07634208820565,TS,2005179N22088,19.07634208820565,0,
NONCYCLONE_00897,17.00862880852252,MX,2016341N08092,17.00862880852252,0,
NONCYCLONE_00898,18.074822975711825,TS,2018365N08115,18.074822975711825,0,
NONCYCLONE_00899,23.154885043506617,DS,2016341N08092,23.154885043506617,0,
NONCYCLONE_00900,13.149642251351478,TS,2022079N10093,13.149642251351478,0,
NONCYCLONE_00901,18.70625946731388,TS,2014297N11062,18.70625946731388,0,
NONCYCLONE_00902,28.007036161058465,DS,2022338N05100,28.007036161058465,0,
NONCYCLONE_00903,16.727092816603832,TS,2025289N13140,16.727092816603832,0,
NONCYCLONE_00904,13.512393613776862,TS,2015301N11065,13.512393613776862,0,
NONCYCLONE_00905,18.844587908396264,TS,2011265N21088,18.844587908396264,0,
NONCYCLONE_00906,19.59124600068072,TS,2017147N14087,19.59124600068072,0,
NONCYCLONE_00907,17.14973930000351,TS,2004332N02072,17.14973930000351,0,
NONCYCLONE_00908,24.141538866615452,TS,2006182N20088,24.141538866615452,0,
NONCYCLONE_00909,30.748807925149336,TS,2016308N13088,30.748807925149336,0,
NONCYCLONE_00910,32.25311369446372,DS,2002319S06078,32.25311369446372,0,
NONCYCLONE_00911,19.624087125809275,TS,2009143N17089,19.624087125809275,0,
NONCYCLONE_00912,15.661724591593593,TS,2000358N08086,15.661724591593593,0,
NONCYCLONE_00913,12.60357409084191,TS,2013211N21088,12.60357409084191,0,
NONCYCLONE_00914,30.990472902798373,TS,2023334N08088,30.990472902798373,0,
NONCYCLONE_00915,26.247520565826793,TS,2006114N08090,26.247520565826793,0,
NONCYCLONE_00916,38.773652797189484,TS,2001361N01106,38.773652797189484,0,
NONCYCLONE_00917,11.263492396485322,TS,2016341N08092,11.263492396485322,0,
NONCYCLONE_00918,32.5491298522046,TS,2006114N08090,32.5491298522046,0,
NONCYCLONE_00919,9.777852718063523,TS,2018321N10113,9.777852718063523,0,
NONCYCLONE_00920,29.705904535454405,TS,2003279N17084,29.705904535454405,0,
NONCYCLONE_00921,23.458564382403768,TS,2016341N08092,23.458564382403768,0,
NONCYCLONE_00922,20.50887883903202,TS,2012321N14090,20.50887883903202,0,
NONCYCLONE_00923,15.36936587705772,TS,2025270N19086,15.36936587705772,0,
NONCYCLONE_00924,30.96438547286097,TS,2025233N15126,30.96438547286097,0,
NONCYCLONE_00925,38.06713283964894,DS,2022126N07095,38.06713283964894,0,
NONCYCLONE_00926,35.587137367645724,TS,2016230N21089,35.587137367645724,0,
NONCYCLONE_00927,34.29455604004092,TS,2025266N11137,34.29455604004092,0,
NONCYCLONE_00928,13.287501136584547,TS,2014279N11096,13.287501136584547,0,
NONCYCLONE_00929,42.4091478167756,MX,2017232N19130,42.4091478167756,0,
NONCYCLONE_00930,35.20120796196351,TS,2013324N07103,35.20120796196351,0,
NONCYCLONE_00931,11.059235077615268,TS,2019273N23070,11.059235077615268,0,
NONCYCLONE_00932,33.904197214908514,TS,2018227N20086,33.904197214908514,0,
NONCYCLONE_00933,19.278131240458663,DS,2006182N20088,19.278131240458663,0,
NONCYCLONE_00934,22.71989350028144,TS,2014003N08086,22.71989350028144,0,
NONCYCLONE_00935,13.962876445967302,TS,2025331N06083,13.962876445967302,0,
NONCYCLONE_00936,28.128990960467565,TS,2023334N08088,28.128990960467565,0,
NONCYCLONE_00937,38.633943774849726,TS,2016295N13089,38.633943774849726,0,
NONCYCLONE_00938,11.228483869403739,TS,2015309N14067,11.228483869403739,0,
NONCYCLONE_00939,22.235973615863404,TS,2018281N14088,22.235973615863404,0,
NONCYCLONE_00940,13.852137644373991,TS,2003345N05092,13.852137644373991,0,
NONCYCLONE_00941,16.092529552738714,TS,2013310N06066,16.092529552738714,0,
NONCYCLONE_00942,17.756407365275766,TS,2010305N06105,17.756407365275766,0,
NONCYCLONE_00943,12.990567440862687,TS,2006228N21088,12.990567440862687,0,
NONCYCLONE_00944,22.348437560601,DS,2022347N12074,22.348437560601,0,
NONCYCLONE_00945,16.029262316350295,TS,2020327N08086,16.029262316350295,0,
NONCYCLONE_00946,47.890139568204724,TS,2013324N07103,47.890139568204724,0,
NONCYCLONE_00947,30.265297485614365,TS,2013149N21090,30.265297485614365,0,
NONCYCLONE_00948,11.132524617200263,TS,2015171N18086,11.132524617200263,0,
NONCYCLONE_00949,22.45634158340063,TS,2004325S06078,22.45634158340063,0,
NONCYCLONE_00950,10.428356854559603,TS,2006114N08090,10.428356854559603,0,
NONCYCLONE_00951,25.282060053001302,TS,2014141N16091,25.282060053001302,0,
NONCYCLONE_00952,12.354314191692263,TS,2004274N16069,12.354314191692263,0,
NONCYCLONE_00953,14.930370501661667,TS,2013149N21090,14.930370501661667,0,
NONCYCLONE_00954,16.87202347204285,TS,2017199N19086,16.87202347204285,0,
NONCYCLONE_00955,15.536644119203745,TS,2007314N10093,15.536644119203745,0,
NONCYCLONE_00956,23.994391925369126,TS,2005007N04085,23.994391925369126,0,
NONCYCLONE_00957,15.356425290465381,TS,2002355N04077,15.356425290465381,0,
NONCYCLONE_00958,10.269368128488976,TS,2013130N04093,10.269368128488976,0,
NONCYCLONE_00959,15.40635006322251,TS,2003279N17084,15.40635006322251,0,
NONCYCLONE_00960,18.56638281736413,TS,2003129N05091,18.56638281736413,0,
NONCYCLONE_00961,43.40994253502679,TS,2018141N08059,43.40994253502679,0,
NONCYCLONE_00962,22.335711024811165,DS,2025274N14133,22.335711024811165,0,
NONCYCLONE_00963,26.127672402976916,TS,2015280N13071,26.127672402976916,0,
NONCYCLONE_00964,12.134474963289266,TS,2003345N05092,12.134474963289266,0,
NONCYCLONE_00965,36.646570967445754,MX,2009143N17089,36.646570967445754,0,
NONCYCLONE_00966,41.459176691631896,TS,2022338N05100,41.459176691631896,0,
NONCYCLONE_00967,31.406421253972216,TS,2004307N09068,31.406421253972216,0,
NONCYCLONE_00968,33.91761771602759,TS,2023334N08088,33.91761771602759,0,
NONCYCLONE_00969,24.27099589386903,TS,2024329N04089,24.27099589386903,0,
NONCYCLONE_00970,53.021340602111835,TS,2010293N17093,53.021340602111835,0,
NONCYCLONE_00971,18.487919222423173,TS,2002129N08096,18.487919222423173,0,
NONCYCLONE_00972,16.135260092522117,DS,2013305N07141,16.135260092522117,0,
NONCYCLONE_00973,23.763180306307426,TS,2002307S07070,23.763180306307426,0,
NONCYCLONE_00974,12.319946459382333,TS,2015312N11084,12.319946459382333,0,
NONCYCLONE_00975,39.217625307515966,TS,2003295N09101,39.217625307515966,0,
NONCYCLONE_00976,31.43711563708256,TS,2005338N09093,31.43711563708256,0,
NONCYCLONE_00977,35.35788862914856,TS,2005330N09096,35.35788862914856,0,
NONCYCLONE_00978,27.74811947512155,TS,2016341N08092,27.74811947512155,0,
NONCYCLONE_00979,32.24633895851993,TS,2007314N10093,32.24633895851993,0,
NONCYCLONE_00980,22.154091608840798,TS,2006330S06049,22.154091608840798,0,
NONCYCLONE_00981,23.140787081513484,TS,2022224N22067,23.140787081513484,0,
NONCYCLONE_00982,10.681743406574347,TS,2013322N13090,10.681743406574347,0,
NONCYCLONE_00983,13.631530216125013,TS,2021335N08096,13.631530216125013,0,
NONCYCLONE_00984,12.53766634235349,TS,2005260N20091,12.53766634235349,0,
NONCYCLONE_00985,17.015745196035354,TS,2022254N20085,17.015745196035354,0,
NONCYCLONE_00986,35.27265742103493,TS,2017232N19130,35.27265742103493,0,
NONCYCLONE_00987,25.006225977939447,TS,2020153N13072,25.006225977939447,0,
NONCYCLONE_00988,23.19621820804042,TS,2005338N09093,23.19621820804042,0,
NONCYCLONE_00989,36.89433873369256,DS,2014309N13088,36.89433873369256,0,
NONCYCLONE_00990,11.527762622431332,TS,2011290N15090,11.527762622431332,0,
NONCYCLONE_00991,13.138600878924768,TS,2025195N23089,13.138600878924768,0,
NONCYCLONE_00992,24.22966469493945,DS,2006012N03081,24.22966469493945,0,
NONCYCLONE_00993,15.078955892763894,TS,2004256N23089,15.078955892763894,0,
NONCYCLONE_00994,13.24042634082671,TS,2005324N08085,13.24042634082671,0,
NONCYCLONE_00995,48.31576904410809,TS,2016295N13089,48.31576904410809,0,
NONCYCLONE_00996,20.010788180871455,DS,2023317N10094,20.010788180871455,0,
NONCYCLONE_00997,37.377401312524526,TS,2025233N15126,37.377401312524526,0,
NONCYCLONE_00998,10.340121216540878,TS,2013211N21088,10.340121216540878,0,
NONCYCLONE_00999,39.796420498138026,DS,2021312N07090,39.796420498138026,0,
NONCYCLONE_01000,15.120356853202853,DS,2011330N06078,15.120356853202853,0,
NONCYCLONE_01001,58.153760940748995,TS,2005262N13127,58.153760940748995,0,
NONCYCLONE_01002,18.048264342122067,DS,2016295N13089,18.048264342122067,0,
NONCYCLONE_01003,24.140846308610072,TS,2002126N09068,24.140846308610072,0,
NONCYCLONE_01004,24.397370916826787,MX,2020335N06090,24.397370916826787,0,
NONCYCLONE_01005,31.312640894922804,TS,2005349N06090,31.312640894922804,0,
NONCYCLONE_01006,18.90173492038853,DS,2010136N09057,18.90173492038853,0,
NONCYCLONE_01007,27.416725386530892,DS,2023334N08088,27.416725386530892,0,
NONCYCLONE_01008,17.56681849942748,TS,2025331N06083,17.56681849942748,0,
NONCYCLONE_01009,17.53684048536107,TS,2020291N18069,17.53684048536107,0,
NONCYCLONE_01010,12.922723658045555,TS,2002327N10089,12.922723658045555,0,
NONCYCLONE_01011,26.263443220015123,TS,2018365N08115,26.263443220015123,0,
NONCYCLONE_01012,18.352718260769862,TS,2025329N05100,18.352718260769862,0,
NONCYCLONE_01013,23.041784539019222,TS,2003345N05092,23.041784539019222,0,
NONCYCLONE_01014,15.561513988504785,TS,2000358N08086,15.561513988504785,0,
NONCYCLONE_01015,21.38202871685756,TS,2013305N07141,21.38202871685756,0,
NONCYCLONE_01016,20.515833198975585,TS,2022079N10093,20.515833198975585,0,
NONCYCLONE_01017,15.046917772094877,TS,2020326N11063,15.046917772094877,0,
NONCYCLONE_01018,21.40334730301164,TS,2023334N08088,21.40334730301164,0,
NONCYCLONE_01019,29.82520686212677,DS,2013305N07141,29.82520686212677,0,
NONCYCLONE_01020,16.868129006374705,TS,2005017S09061,16.868129006374705,0,
NONCYCLONE_01021,16.41968714956593,TS,2003315N09067,16.41968714956593,0,
NONCYCLONE_01022,20.674814130790082,TS,2000331N09092,20.674814130790082,0,
NONCYCLONE_01023,12.065490738140882,TS,2010136N09057,12.065490738140882,0,
NONCYCLONE_01024,15.11373468215551,TS,2024258N22091,15.11373468215551,0,
NONCYCLONE_01025,11.683358685029576,TS,2011330N06078,11.683358685029576,0,
NONCYCLONE_01026,56.31971482995003,TS,2013301N13142,56.31971482995003,0,
NONCYCLONE_01027,10.699359252616812,TS,2008317N11089,10.699359252616812,1,TS
NONCYCLONE_01028,65.13112914973499,TS,2005262N13127,65.13112914973499,0,
NONCYCLONE_01029,18.71302961953419,TS,2011167N22089,18.71302961953419,0,
NONCYCLONE_01030,36.968212270814675,TS,2011203N24085,36.968212270814675,0,
NONCYCLONE_01031,27.81292081601484,TS,2004136N15090,27.81292081601484,0,
NONCYCLONE_01032,22.542919572631973,TS,2001281N18071,22.542919572631973,0,
NONCYCLONE_01033,18.531900078346677,TS,2019116N02090,18.531900078346677,0,
NONCYCLONE_01034,23.418101948506912,TS,2013130N04093,23.418101948506912,0,
NONCYCLONE_01035,35.991468401680386,TS,2005007N04085,35.991468401680386,0,
NONCYCLONE_01036,58.97814220238923,TS,2017232N19130,58.97814220238923,0,
NONCYCLONE_01037,30.98337906832704,TS,2018347N07089,30.98337906832704,0,
NONCYCLONE_01038,11.836414523467349,TS,2001267N17070,11.836414523467349,0,
NONCYCLONE_01039,16.738816001586606,TS,2011330N06078,16.738816001586606,0,
NONCYCLONE_01040,32.22261135291631,TS,2011167N22089,32.22261135291631,0,
NONCYCLONE_01041,20.01914874322848,TS,2023156N10067,20.01914874322848,0,
NONCYCLONE_01042,39.57564100804056,TS,2017199N19086,39.57564100804056,0,
NONCYCLONE_01043,36.192513649088205,TS,2005210N21088,36.192513649088205,0,
NONCYCLONE_01044,16.128923224654265,TS,2001267N17070,16.128923224654265,0,
NONCYCLONE_01045,19.87953469516002,TS,2014279N11096,19.87953469516002,0,
NONCYCLONE_01046,15.209431249979048,MX,2023212N19090,15.209431249979048,0,
NONCYCLONE_01047,53.43503473808139,TS,2003295N09101,53.43503473808139,0,
NONCYCLONE_01048,14.151702685643384,DS,2024329N04089,14.151702685643384,0,
NONCYCLONE_01049,33.2931108606172,TS,2009143N17089,33.2931108606172,0,
NONCYCLONE_01050,29.9826654472245,DS,2010136N09057,29.9826654472245,0,
NONCYCLONE_01051,25.29803968731423,TS,2003129N05091,25.29803968731423,0,
NONCYCLONE_01052,19.54553800841319,TS,2013130N04093,19.54553800841319,0,
NONCYCLONE_01053,14.452376607707528,TS,2015209N26072,14.452376607707528,0,
NONCYCLONE_01054,29.086978389061805,DS,2014309N13088,29.086978389061805,0,
NONCYCLONE_01055,30.526590767561064,TS,2000299N13093,30.526590767561064,0,
NONCYCLONE_01056,29.99849726534406,TS,2014202N22087,29.99849726534406,0,
NONCYCLONE_01057,11.99049928493377,TS,2016295N13089,11.99049928493377,0,
NONCYCLONE_01058,13.374025651148578,MX,2009247N19089,13.374025651148578,0,
NONCYCLONE_01059,19.543931706740114,TS,2022230N18095,19.543931706740114,0,
NONCYCLONE_01060,13.748790216446773,TS,2025274N16087,13.748790216446773,0,
NONCYCLONE_01061,42.2286434808803,TS,2008223N20086,42.2286434808803,0,
NONCYCLONE_01062,19.590338965625048,TS,2006228N21088,19.590338965625048,0,
NONCYCLONE_01063,37.24733699639389,TS,2014279N11096,37.24733699639389,0,
NONCYCLONE_01064,19.170254166093052,DS,2006114N08090,19.170254166093052,0,
NONCYCLONE_01065,27.818442190942747,TS,2020327N08086,27.818442190942747,0,
NONCYCLONE_01066,13.129831099642146,DS,2024238N25077,13.129831099642146,0,
NONCYCLONE_01067,11.320982468308632,TS,2022356N09085,11.320982468308632,0,
NONCYCLONE_01068,17.901421107238825,TS,2025331N06083,17.901421107238825,0,
NONCYCLONE_01069,32.71308030485444,TS,2010151N14065,32.71308030485444,0,
NONCYCLONE_01070,35.40867407433074,DS,2006271N18089,35.40867407433074,0,
NONCYCLONE_01071,14.32919627097769,TS,2004332N02072,14.32919627097769,0,
NONCYCLONE_01072,24.48327878024173,DS,2014309N13088,24.48327878024173,0,
NONCYCLONE_01073,17.43453153024296,TS,2014297N11062,17.43453153024296,0,
NONCYCLONE_01074,21.741326665839992,TS,2016178N22068,21.741326665839992,0,
NONCYCLONE_01075,51.00290712397408,TS,2025329N05100,51.00290712397408,0,
NONCYCLONE_01076,41.48811102464326,TS,2025233N15126,41.48811102464326,0,
NONCYCLONE_01077,15.98189542463287,TS,2004125S08084,15.98189542463287,0,
NONCYCLONE_01078,39.45392230712471,TS,2022356N09085,39.45392230712471,0,
NONCYCLONE_01079,16.07260454726797,DS,2008338N06092,16.07260454726797,0,
NONCYCLONE_01080,17.417227181193546,TS,2022230N18095,17.417227181193546,0,
NONCYCLONE_01081,14.63757450270134,DS,2010136N09057,14.63757450270134,0,
NONCYCLONE_01082,43.24074315917306,TS,2008293N09060,43.24074315917306,0,
NONCYCLONE_01083,18.036720695766512,TS,2023212N19090,18.036720695766512,0,
NONCYCLONE_01084,30.68914804250865,TS,2005262N13127,30.68914804250865,0,
NONCYCLONE_01085,29.688612356934993,TS,2007314N10093,29.688612356934993,0,
NONCYCLONE_01086,32.47366172938439,TS,2016230N21089,32.47366172938439,0,
NONCYCLONE_01087,29.174491446044705,TS,2013281N12098,29.174491446044705,0,
NONCYCLONE_01088,33.82088902529187,TS,2003338S09065,33.82088902529187,0,
NONCYCLONE_01089,33.57776667341302,TS,2016222N22089,33.57776667341302,0,
NONCYCLONE_01090,23.45109966183815,TS,2021335N08096,23.45109966183815,0,
NONCYCLONE_01091,15.410009563669162,TS,2007315S05095,15.410009563669162,0,
NONCYCLONE_01092,30.94605914154538,TS,2010151N14065,30.94605914154538,0,
NONCYCLONE_01093,23.255279126758722,TS,2015280N13071,23.255279126758722,0,
NONCYCLONE_01094,21.54022939620246,TS,2020335N06090,21.54022939620246,0,
NONCYCLONE_01095,56.14952815591801,TS,2025233N15126,56.14952815591801,0,
NONCYCLONE_01096,24.180664331356343,TS,2013281N12098,24.180664331356343,0,
NONCYCLONE_01097,11.263190466919367,TS,2024216N24085,11.263190466919367,0,
NONCYCLONE_01098,31.16072907748554,TS,2018161N22092,31.16072907748554,0,
NONCYCLONE_01099,10.423413570425218,TS,2005007N04085,10.423413570425218,0,
NONCYCLONE_01100,34.08138069120904,TS,2003345N05092,34.08138069120904,0,
NONCYCLONE_01101,14.317104383405308,TS,2013339N09084,14.317104383405308,0,
NONCYCLONE_01102,10.98686820358765,TS,2020327N08086,10.98686820358765,0,
NONCYCLONE_01103,15.278488843680215,DS,2023289N15111,15.278488843680215,0,
NONCYCLONE_01104,18.239119620131653,TS,2011310N11066,18.239119620131653,0,
NONCYCLONE_01105,13.795493135678893,TS,2008157N16066,13.795493135678893,0,
NONCYCLONE_01106,21.503007448685995,TS,2000331N09092,21.503007448685995,0,
NONCYCLONE_01107,10.476312622357293,DS,2022224N22067,10.476312622357293,0,
NONCYCLONE_01108,13.76074851836234,TS,2005330N09096,13.76074851836234,0,
NONCYCLONE_01109,12.684126566128818,TS,2025295N09068,12.684126566128818,0,
NONCYCLONE_01110,11.123825701510654,TS,2018314N12093,11.123825701510654,0,
NONCYCLONE_01111,13.639139942760549,TS,2022062N06085,13.639139942760549,0,
NONCYCLONE_01112,11.015171447444144,TS,2018148N17090,11.015171447444144,0,
NONCYCLONE_01113,20.21059462315152,TS,2016230N21089,20.21059462315152,0,
NONCYCLONE_01114,11.420481966306289,TS,2024145N14087,11.420481966306289,1,TS
NONCYCLONE_01115,10.058491781820706,TS,2006329N06150,10.058491781820706,1,TS
NONCYCLONE_01116,10.219445849111322,TS,2006214N20088,10.219445849111322,1,TS
NONCYCLONE_01117,18.773258521619727,TS,2011302N13062,18.773258521619727,0,
NONCYCLONE_01118,37.25165055802235,TS,2020327N08086,37.25165055802235,0,
NONCYCLONE_01119,56.81027389811529,TS,2003295N09101,56.81027389811529,0,
NONCYCLONE_01120,20.929807662720798,TS,2008168N22090,20.929807662720798,0,
NONCYCLONE_01121,17.581261654449676,TS,2010137N10090,17.581261654449676,0,
NONCYCLONE_01122,13.200342166645756,TS,2024216N24085,13.200342166645756,0,
NONCYCLONE_01123,30.029859184243602,TS,2018347N07089,30.029859184243602,0,
NONCYCLONE_01124,28.926467503670374,TS,2004325S06078,28.926467503670374,0,
NONCYCLONE_01125,14.815045268224717,TS,2006262N19069,14.815045268224717,0,
NONCYCLONE_01126,26.292195626063204,TS,2023212N19090,26.292195626063204,0,
NONCYCLONE_01127,48.26316206496376,TS,2001364S19036,48.26316206496376,0,
NONCYCLONE_01128,19.434851217765317,TS,2011330N06078,19.434851217765317,0,
NONCYCLONE_01129,13.527984471457174,TS,2001313N12084,13.527984471457174,0,
NONCYCLONE_01130,28.507031333611295,TS,2016295N13089,28.507031333611295,0,
NONCYCLONE_01131,31.587422320489022,TS,2001361N01106,31.587422320489022,0,
NONCYCLONE_01132,18.429426383408188,TS,2012301N11087,18.429426383408188,0,
NONCYCLONE_01133,36.99900517844062,TS,2010341N14082,36.99900517844062,0,
NONCYCLONE_01134,23.186379942124226,TS,2004332N02072,23.186379942124226,0,
NONCYCLONE_01135,28.883256809428328,TS,2002126N09068,28.883256809428328,0,
NONCYCLONE_01136,29.13362376954927,TS,2022295N13093,29.13362376954927,0,
NONCYCLONE_01137,35.92407238965629,TS,2016341N08092,35.92407238965629,0,
NONCYCLONE_01138,12.558725524048814,DS,2016341N08092,12.558725524048814,0,
NONCYCLONE_01139,23.844027155376587,DS,2004274N16069,23.844027155376587,0,
NONCYCLONE_01140,16.770859833005222,TS,2019337N11072,16.770859833005222,0,
NONCYCLONE_01141,12.2663016001245,TS,2015157N13069,12.2663016001245,0,
NONCYCLONE_01142,18.41576506885535,MX,2025233N15126,18.41576506885535,0,
NONCYCLONE_01143,25.517799716527126,TS,2005260N20091,25.517799716527126,0,
NONCYCLONE_01144,29.70649808409777,TS,2022224N22067,29.70649808409777,0,
NONCYCLONE_01145,14.738386532583768,TS,2017207N24085,14.738386532583768,0,
NONCYCLONE_01146,13.42737761493548,TS,2019296N15066,13.42737761493548,0,
NONCYCLONE_01147,37.73428647666905,TS,2024295N15092,37.73428647666905,0,
NONCYCLONE_01148,21.96890120391646,TS,2002327N10089,21.96890120391646,0,
NONCYCLONE_01149,14.308467620141185,TS,2013339N09084,14.308467620141185,0,
NONCYCLONE_01150,10.764076097099501,TS,2015259N20084,10.764076097099501,1,TS
NONCYCLONE_01151,13.78270408484908,TS,2025298N11089,13.78270408484908,0,
NONCYCLONE_01152,27.97848266987963,DS,2014309N13088,27.97848266987963,0,
NONCYCLONE_01153,24.627276857748946,TS,2008168N22090,24.627276857748946,0,
NONCYCLONE_01154,15.486029422046116,TS,2025233N15126,15.486029422046116,0,
NONCYCLONE_01155,16.19933104158348,TS,2003315N09067,16.19933104158348,0,
NONCYCLONE_01156,13.052743723277757,TS,2018279N11069,13.052743723277757,0,
NONCYCLONE_01157,22.342247488947773,TS,2022226N22088,22.342247488947773,0,
NONCYCLONE_01158,14.174977713263706,TS,2003315N09067,14.174977713263706,0,
NONCYCLONE_01159,25.58969443587981,DS,2019296N15066,25.58969443587981,0,
NONCYCLONE_01160,24.182027143844913,MX,2012357N09064,24.182027143844913,0,
NONCYCLONE_01161,20.54785418582456,TS,2025329N05100,20.54785418582456,0,
NONCYCLONE_01162,42.34988007571693,TS,2010286N18090,42.34988007571693,0,
NONCYCLONE_01163,26.293386734796908,TS,2018365N08115,26.293386734796908,0,
NONCYCLONE_01164,16.980719787060504,DS,2004332N02072,16.980719787060504,0,
NONCYCLONE_01165,30.976996907967276,TS,2022126N07095,30.976996907967276,0,
NONCYCLONE_01166,11.325856187082762,TS,2001141N14068,11.325856187082762,1,TS
NONCYCLONE_01167,15.66875945191705,TS,2008157N16066,15.66875945191705,0,
NONCYCLONE_01168,23.065820630247252,TS,2016222N22089,23.065820630247252,0,
NONCYCLONE_01169,12.182574653274177,TS,2015301N11065,12.182574653274177,0,
NONCYCLONE_01170,15.714521207080436,TS,2005338N09093,15.714521207080436,0,
NONCYCLONE_01171,27.227572287469403,TS,2017333N06082,27.227572287469403,0,
NONCYCLONE_01172,21.058967159630985,TS,2022356N09085,21.058967159630985,0,
NONCYCLONE_01173,46.06214403676281,TS,2022230N18095,46.06214403676281,0,
NONCYCLONE_01174,15.592909642084955,TS,2018279N11069,15.592909642084955,0,
NONCYCLONE_01175,15.577920786678304,TS,2003345N05092,15.577920786678304,0,
NONCYCLONE_01176,10.992570428292968,MX,2018314N12093,10.992570428292968,1,MX
NONCYCLONE_01177,38.862983061810205,TS,2022221N21086,38.862983061810205,0,
NONCYCLONE_01178,14.941086845495956,TS,2024329N04089,14.941086845495956,0,
NONCYCLONE_01179,16.78544146855313,TS,2005179N22088,16.78544146855313,0,
NONCYCLONE_01180,15.641836922868654,TS,2005330N09096,15.641836922868654,0,
NONCYCLONE_01181,36.61671725037111,TS,2024295N15092,36.61671725037111,0,
NONCYCLONE_01182,44.49063876034581,TS,2007133N15091,44.49063876034581,0,
NONCYCLONE_01183,19.222842212106766,TS,2015157N13069,19.222842212106766,0,
NONCYCLONE_01184,15.487338722807996,TS,2008168N22090,15.487338722807996,0,
NONCYCLONE_01185,11.892551984424875,MX,2011160N18070,11.892551984424875,0,
NONCYCLONE_01186,11.862654241706498,TS,2006182N20088,11.862654241706498,0,
NONCYCLONE_01187,32.63960525865419,TS,2024329N04089,32.63960525865419,0,
NONCYCLONE_01188,9.997305831624523,TS,2006264N13115,9.997305831624523,0,
NONCYCLONE_01189,22.562068171624535,TS,2015280N13071,22.562068171624535,0,
NONCYCLONE_01190,15.572645479100812,TS,2005349N06090,15.572645479100812,0,
NONCYCLONE_01191,16.486386111653744,DS,2013305N07141,16.486386111653744,0,
NONCYCLONE_01192,17.93664344149868,TS,2018314N12093,17.93664344149868,0,
NONCYCLONE_01193,17.35259603937144,TS,2011330N06078,17.35259603937144,0,
NONCYCLONE_01194,21.43184932835733,TS,2025195N23089,21.43184932835733,0,
NONCYCLONE_01195,10.621056550916865,TS,2004276N12087,10.621056550916865,1,TS
NONCYCLONE_01196,24.925700280710274,TS,2003316N11141,24.925700280710274,0,
NONCYCLONE_01197,16.42797733230306,TS,2022356N09085,16.42797733230306,0,
NONCYCLONE_01198,34.95147266074897,TS,2006330S06049,34.95147266074897,0,
NONCYCLONE_01199,14.571275551857251,TS,2011310N11066,14.571275551857251,0,
NONCYCLONE_01200,17.40638156659043,TS,2005338N09093,17.40638156659043,0,
NONCYCLONE_01201,22.99467234733175,TS,2004319N10134,22.99467234733175,0,
NONCYCLONE_01202,39.04398825679378,DS,2012285S04077,39.04398825679378,0,
NONCYCLONE_01203,15.182945866542347,DS,2010136N09057,15.182945866542347,0,
NONCYCLONE_01204,20.03578607580181,DS,2019337N11072,20.03578607580181,0,
NONCYCLONE_01205,13.513211927316584,TS,2016178N22068,13.513211927316584,0,
NONCYCLONE_01206,32.82932842140342,TS,2004307N09068,32.82932842140342,0,
NONCYCLONE_01207,16.39990694170027,TS,2012357N09064,16.39990694170027,0,
NONCYCLONE_01208,37.30465883208024,TS,2018136N11054,37.30465883208024,0,
NONCYCLONE_01209,16.360684438764935,TS,2001313N12084,16.360684438764935,0,
NONCYCLONE_01210,22.195500218725115,TS,2012321N14090,22.195500218725115,0,
NONCYCLONE_01211,17.06070643745969,TS,2021133N10071,17.06070643745969,0,
NONCYCLONE_01212,30.44739885182919,TS,2011360N09088,30.44739885182919,0,
NONCYCLONE_01213,44.28618310919361,TS,2017307N07102,44.28618310919361,0,
NONCYCLONE_01214,40.33476637594971,TS,2021267N18094,40.33476637594971,0,
NONCYCLONE_01215,29.849542365081263,TS,2017232N19130,29.849542365081263,0,
NONCYCLONE_01216,19.76807778203586,TS,2024238N25077,19.76807778203586,0,
NONCYCLONE_01217,21.592874913798155,TS,2004332N02072,21.592874913798155,0,
NONCYCLONE_01218,11.880664444671597,TS,2002355N04077,11.880664444671597,0,
NONCYCLONE_01219,31.034067519093608,TS,2004319N10134,31.034067519093608,0,
NONCYCLONE_01220,20.511019793677747,DS,2017307N07102,20.511019793677747,0,
NONCYCLONE_01221,14.773932297291532,TS,2005349N06090,14.773932297291532,0,
NONCYCLONE_01222,14.4584525090599,TS,2011167N22089,14.4584525090599,0,
NONCYCLONE_01223,15.359487972348811,TS,2010280N17085,15.359487972348811,0,
NONCYCLONE_01224,16.89239733307598,TS,2009344N06085,16.89239733307598,0,
NONCYCLONE_01225,35.41503576799941,TS,2013301N13142,35.41503576799941,0,
NONCYCLONE_01226,19.775136521155197,TS,2011330N06078,19.775136521155197,0,
NONCYCLONE_01227,14.427638528363373,TS,2016178N22068,14.427638528363373,0,
NONCYCLONE_01228,23.72375894033041,TS,2019160N11073,23.72375894033041,0,
NONCYCLONE_01229,22.58683382139209,TS,2025295N09068,22.58683382139209,0,
NONCYCLONE_01230,40.546897849332844,TS,2016230N21089,40.546897849332844,0,
NONCYCLONE_01231,16.415226809803915,TS,2015259N20084,16.415226809803915,0,
NONCYCLONE_01232,38.02886481160662,TS,2019337S04065,38.02886481160662,0,
NONCYCLONE_01233,31.799634881092082,TS,2003345N05092,31.799634881092082,0,
NONCYCLONE_01234,35.974914527351494,TS,2018347N07089,35.974914527351494,0,
NONCYCLONE_01235,14.915306809096215,DS,2004274N16069,14.915306809096215,0,
NONCYCLONE_01236,51.26542193878697,TS,2017147N14087,51.26542193878697,0,
NONCYCLONE_01237,11.400437074327423,TS,2006330S06049,11.400437074327423,0,
NONCYCLONE_01238,18.429780343446623,TS,2006262N19069,18.429780343446623,0,
NONCYCLONE_01239,15.612544498776584,TS,2006262N19069,15.612544498776584,0,
NONCYCLONE_01240,38.24316476203111,MX,2020353N06129,38.24316476203111,0,
NONCYCLONE_01241,20.14645180315338,TS,2025331N06083,20.14645180315338,0,
NONCYCLONE_01242,12.491610460733725,TS,2015280N13071,12.491610460733725,0,
NONCYCLONE_01243,14.763059809064453,TS,2010305N06105,14.763059809064453,0,
NONCYCLONE_01244,15.360218018562927,TS,2003206N21089,15.360218018562927,0,
NONCYCLONE_01245,24.573278040770095,TS,2015301N11065,24.573278040770095,0,
NONCYCLONE_01246,18.894016991706764,TS,2011167N22089,18.894016991706764,0,
NONCYCLONE_01247,14.706003797725373,TS,2004162N18068,14.706003797725373,0,
NONCYCLONE_01248,27.173147546926423,TS,2000289N15089,27.173147546926423,0,
NONCYCLONE_01249,16.16331294300872,TS,2000289N15089,16.16331294300872,0,
NONCYCLONE_01250,12.744428983501647,TS,2008259N20089,12.744428983501647,0,
NONCYCLONE_01251,39.28565464626465,TS,2014202N22087,39.28565464626465,0,
NONCYCLONE_01252,17.36490205807026,TS,2012321N14090,17.36490205807026,0,
NONCYCLONE_01253,18.561788754604883,MX,2014159N12068,18.561788754604883,0,
NONCYCLONE_01254,24.926611332582,TS,2003315N09067,24.926611332582,0,
NONCYCLONE_01255,14.064359503891847,TS,2003295N09101,14.064359503891847,0,
NONCYCLONE_01256,20.203264660896224,TS,2005349N06090,20.203264660896224,0,
NONCYCLONE_01257,9.538566560531159,TS,2019302N11118,9.538566560531159,1,TS
NONCYCLONE_01258,17.67958397663006,TS,2003129N05091,17.67958397663006,0,
NONCYCLONE_01259,19.262166545948272,DS,2007172N15088,19.262166545948272,0,
NONCYCLONE_01260,19.772982843731423,TS,2013305N07141,19.772982843731423,0,
NONCYCLONE_01261,46.5831645173554,TS,2005012N04090,46.5831645173554,0,
NONCYCLONE_01262,25.2347172252127,DS,2006012N03081,25.2347172252127,0,
NONCYCLONE_01263,51.06690330111425,TS,2001361N01106,51.06690330111425,0,
NONCYCLONE_01264,25.854289214529334,TS,2022226N22088,25.854289214529334,0,
NONCYCLONE_01265,18.97780722440071,TS,2014159N12068,18.97780722440071,0,
NONCYCLONE_01266,29.33101720736029,TS,2005179N22088,29.33101720736029,0,
NONCYCLONE_01267,29.89346814223983,TS,2003122S11065,29.89346814223983,0,
NONCYCLONE_01268,13.646963231148632,TS,2016138N10081,13.646963231148632,0,
NONCYCLONE_01269,19.009257283933596,TS,2019264N19071,19.009257283933596,0,
NONCYCLONE_01270,23.604143817802353,TS,2009313N11072,23.604143817802353,0,
NONCYCLONE_01271,28.80735087251337,TS,2024288N16065,28.80735087251337,0,
NONCYCLONE_01272,30.23940368545425,TS,2008168N22090,30.23940368545425,0,
NONCYCLONE_01273,11.163720042747187,TS,2015301N11065,11.163720042747187,0,
NONCYCLONE_01274,11.718581991075233,TS,2006012N03081,11.718581991075233,0,
NONCYCLONE_01275,27.569979747201888,TS,2025260N13138,27.569979747201888,0,
NONCYCLONE_01276,18.621925420607916,TS,2017104N08085,18.621925420607916,0,
NONCYCLONE_01277,12.52704017254008,TS,2005349N06090,12.52704017254008,0,
NONCYCLONE_01278,58.91976605301013,TS,2005262N13127,58.91976605301013,0,
NONCYCLONE_01279,41.33061141441562,TS,2022324N10086,41.33061141441562,0,
NONCYCLONE_01280,13.552395886101266,TS,2015173N20067,13.552395886101266,0,
NONCYCLONE_01281,11.17135386704268,TS,2004162N18068,11.17135386704268,0,
NONCYCLONE_01282,21.06222153701955,TS,2013281N12098,21.06222153701955,0,
NONCYCLONE_01283,24.776381418638845,TS,2021267N18094,24.776381418638845,0,
NONCYCLONE_01284,42.052469855885874,TS,2003279N17084,42.052469855885874,0,
NONCYCLONE_01285,25.665408626196207,TS,2022338N05100,25.665408626196207,0,
NONCYCLONE_01286,18.14848397928563,TS,2024216N24085,18.14848397928563,0,
NONCYCLONE_01287,11.545679280727692,TS,2015157N13069,11.545679280727692,1,TS
NONCYCLONE_01288,23.184165465698975,TS,2015301N11065,23.184165465698975,0,
NONCYCLONE_01289,28.02282303810246,TS,2015309N14067,28.02282303810246,0,
NONCYCLONE_01290,12.72971460939523,TS,2002355N04077,12.72971460939523,0,
NONCYCLONE_01291,31.302577094342272,TS,2014202N22087,31.302577094342272,0,
NONCYCLONE_01292,18.600440303108996,MX,2004312S05085,18.600440303108996,0,
NONCYCLONE_01293,22.59082378533316,TS,2024329N04089,22.59082378533316,0,
NONCYCLONE_01294,29.83075837614493,DS,2012301N11087,29.83075837614493,0,
NONCYCLONE_01295,29.60463862936625,TS,2005262N13127,29.60463862936625,0,
NONCYCLONE_01296,20.880273647394493,MX,2007133N15091,20.880273647394493,0,
NONCYCLONE_01297,36.85499651652535,TS,2008117N11090,36.85499651652535,0,
NONCYCLONE_01298,19.272665699388696,TS,2018365N08115,19.272665699388696,0,
NONCYCLONE_01299,23.667694775026217,DS,2021312N07090,23.667694775026217,0,
NONCYCLONE_01300,15.359340701958459,TS,2001163N20087,15.359340701958459,0,
NONCYCLONE_01301,34.66589581953069,TS,2005007N04085,34.66589581953069,0,
NONCYCLONE_01302,20.900389421403933,TS,2010151N14065,20.900389421403933,0,
NONCYCLONE_01303,21.097853731555638,TS,2003345N05092,21.097853731555638,0,
NONCYCLONE_01304,65.71160180489369,TS,2021264N13119,65.71160180489369,0,
NONCYCLONE_01305,21.009319751117484,TS,2004333N06154,21.009319751117484,0,
NONCYCLONE_01306,34.916074986001306,TS,2006329N06150,34.916074986001306,0,
NONCYCLONE_01307,31.301047988158853,DS,2019264N19071,31.301047988158853,0,
NONCYCLONE_01308,25.701983913482323,TS,2014159N12068,25.701983913482323,0,
NONCYCLONE_01309,38.99838724561986,TS,2015207N22091,38.99838724561986,0,
NONCYCLONE_01310,20.731944824222097,TS,2020296N19087,20.731944824222097,0,
NONCYCLONE_01311,18.794503094683595,TS,2015280N13071,18.794503094683595,0,
NONCYCLONE_01312,11.15968088089668,TS,2020326N11063,11.15968088089668,0,
NONCYCLONE_01313,20.10510786740327,TS,2019335N05058,20.10510786740327,0,
NONCYCLONE_01314,26.398710303940767,TS,2025274N14133,26.398710303940767,0,
NONCYCLONE_01315,13.702580806114508,TS,2014309N13088,13.702580806114508,0,
NONCYCLONE_01316,20.021458724977247,TS,2023292N11063,20.021458724977247,0,
NONCYCLONE_01317,19.672480470131077,TS,2002126N09068,19.672480470131077,0,
NONCYCLONE_01318,27.012881289492192,DS,2008117N11090,27.012881289492192,0,
NONCYCLONE_01319,11.005412343255502,TS,2001267N17070,11.005412343255502,0,
NONCYCLONE_01320,50.4465522713542,TS,2011290N15090,50.4465522713542,0,
NONCYCLONE_01321,31.948699538914788,DS,2010305N06105,31.948699538914788,0,
NONCYCLONE_01322,38.57756018460117,TS,2018365N08115,38.57756018460117,0,
NONCYCLONE_01323,11.823266079490283,TS,2006241N20088,11.823266079490283,0,
NONCYCLONE_01324,15.08458214087688,MX,2023334N08088,15.08458214087688,0,
NONCYCLONE_01325,19.37770031014233,TS,2001141N14068,19.37770031014233,0,
NONCYCLONE_01326,18.50135681002117,DS,2023292N11063,18.50135681002117,0,
NONCYCLONE_01327,49.36618511322472,TS,2025233N15126,49.36618511322472,0,
NONCYCLONE_01328,13.487442721217265,TS,2013305N07141,13.487442721217265,0,
NONCYCLONE_01329,21.55463568013284,DS,2002319S06078,21.55463568013284,0,
NONCYCLONE_01330,20.666828407437855,TS,2023156N10067,20.666828407437855,0,
NONCYCLONE_01331,23.13903821826617,TS,2020353N06129,23.13903821826617,0,
NONCYCLONE_01332,20.02468747945225,TS,2003315N09067,20.02468747945225,0,
NONCYCLONE_01333,31.750968151750996,TS,2018249N22088,31.750968151750996,0,
NONCYCLONE_01334,60.85218384957734,TS,2025260N13138,60.85218384957734,0,
NONCYCLONE_01335,22.008374394149296,DS,2006012N03081,22.008374394149296,0,
NONCYCLONE_01336,25.189431179190976,TS,2013339N09084,25.189431179190976,0,
NONCYCLONE_01337,32.771226532340094,TS,2016295N13089,32.771226532340094,0,
NONCYCLONE_01338,10.164803870477476,TS,2020136N10088,10.164803870477476,0,
NONCYCLONE_01339,27.938760083332276,TS,2013128S05086,27.938760083332276,0,
NONCYCLONE_01340,21.777260273334882,TS,2015157N13069,21.777260273334882,0,
NONCYCLONE_01341,26.27629014495299,TS,2000331N09092,26.27629014495299,0,
NONCYCLONE_01342,31.39540702966674,TS,2017340N09089,31.39540702966674,0,
NONCYCLONE_01343,20.26528261712859,TS,2005260N20091,20.26528261712859,0,
NONCYCLONE_01344,18.131100904332317,TS,2020353N06129,18.131100904332317,0,
NONCYCLONE_01345,22.45359557857739,TS,2024329N04089,22.45359557857739,0,
NONCYCLONE_01346,36.16156803466414,TS,2019342N09062,36.16156803466414,0,
NONCYCLONE_01347,21.566026320898107,TS,2025206N21090,21.566026320898107,0,
NONCYCLONE_01348,14.206508905567764,TS,2023129N08091,14.206508905567764,0,
NONCYCLONE_01349,76.90839547382706,ET,2025261N19312,77.63753409775035,0,
NONCYCLONE_01350,20.746088401330447,TS,2012321N14090,20.746088401330447,0,
NONCYCLONE_01351,19.414566892660957,TS,2023156N10067,19.414566892660957,0,
NONCYCLONE_01352,18.910068966064443,TS,2017340N09089,18.910068966064443,0,
NONCYCLONE_01353,12.97873821850898,TS,2004256N23089,12.97873821850898,0,
NONCYCLONE_01354,15.503901907031018,TS,2022197N22069,15.503901907031018,0,
NONCYCLONE_01355,24.913572033471663,TS,2004325S06078,24.913572033471663,0,
NONCYCLONE_01356,15.337194151507095,TS,2010136N09057,15.337194151507095,0,
NONCYCLONE_01357,36.612054560578585,TS,2013232N22088,36.612054560578585,0,
NONCYCLONE_01358,36.56088992303313,DS,2022338N05100,36.56088992303313,0,
NONCYCLONE_01359,22.16045344412407,TS,2020285N15087,22.16045344412407,0,
NONCYCLONE_01360,20.323057354223533,TS,2013232N22088,20.323057354223533,0,
NONCYCLONE_01361,13.127054052022118,TS,2023156N10067,13.127054052022118,0,
NONCYCLONE_01362,19.013614428681116,TS,2003295N09101,19.013614428681116,0,
NONCYCLONE_01363,18.414441479665186,DS,2014297N11062,18.414441479665186,0,
NONCYCLONE_01364,32.171578241911455,TS,2018141N08059,32.171578241911455,0,
NONCYCLONE_01365,13.700319495096982,TS,2023129N08091,13.700319495096982,0,
NONCYCLONE_01366,20.06819156701394,TS,2001141N14068,20.06819156701394,0,
NONCYCLONE_01367,26.873816827762663,TS,2008117N11090,26.873816827762663,0,
NONCYCLONE_01368,17.286942630366603,TS,2008117N11090,17.286942630366603,0,
NONCYCLONE_01369,11.28500249652557,TS,2005260N20091,11.28500249652557,1,TS
NONCYCLONE_01370,10.198979349564931,TS,2024238N25077,10.198979349564931,0,
NONCYCLONE_01371,25.491652669121898,TS,2020285N15087,25.491652669121898,0,
NONCYCLONE_01372,23.76465918651025,MX,2016335N07088,23.76465918651025,0,
NONCYCLONE_01373,17.307833914788006,TS,2022126N07095,17.307833914788006,0,
NONCYCLONE_01374,18.14960936476692,TS,2004281N23087,18.14960936476692,0,
NONCYCLONE_01375,31.46827286986194,TS,2011290N15090,31.46827286986194,0,
NONCYCLONE_01376,10.89390386102491,TS,2006262N19069,10.89390386102491,0,
NONCYCLONE_01377,36.62858609312959,TS,2003129N05091,36.62858609312959,0,
NONCYCLONE_01378,32.06088804996173,TS,2017319N15083,32.06088804996173,0,
NONCYCLONE_01379,27.54328120999185,TS,2005330N09096,27.54328120999185,0,
NONCYCLONE_01380,31.531624611992484,TS,2015301N11065,31.531624611992484,0,
NONCYCLONE_01381,15.618789050005763,TS,2007314N10093,15.618789050005763,0,
NONCYCLONE_01382,48.72658138618689,TS,2013305N07141,48.72658138618689,0,
NONCYCLONE_01383,19.77165554785446,TS,2019337S04065,19.77165554785446,0,
NONCYCLONE_01384,19.346491678003282,TS,2003240N21089,19.346491678003282,0,
NONCYCLONE_01385,12.221776330308625,TS,2015280N13071,12.221776330308625,0,
NONCYCLONE_01386,10.917780627352052,TS,2022356N09085,10.917780627352052,0,
NONCYCLONE_01387,21.284428370238867,TS,2023129N08091,21.284428370238867,0,
NONCYCLONE_01388,18.460178648293258,TS,2014297N11062,18.460178648293258,0,
NONCYCLONE_01389,36.10615918347582,TS,2002355N04077,36.10615918347582,0,
NONCYCLONE_01390,29.31309884254389,TS,2004256N23089,29.31309884254389,0,
NONCYCLONE_01391,25.926927423098725,TS,2025250N25073,25.926927423098725,0,
NONCYCLONE_01392,36.399409340949354,DS,2006114N08090,36.399409340949354,0,
NONCYCLONE_01393,37.32860237689075,TS,2016341N08092,37.32860237689075,0,
NONCYCLONE_01394,35.2198888400355,TS,2006182N20088,35.2198888400355,0,
NONCYCLONE_01395,11.596164684560637,TS,2011330N06078,11.596164684560637,1,TS
NONCYCLONE_01396,19.47777196740982,TS,2023156N10067,19.47777196740982,0,
NONCYCLONE_01397,17.92813654318649,TS,2016308N13088,17.92813654318649,0,
NONCYCLONE_01398,14.220109993873736,TS,2010137N10090,14.220109993873736,0,
NONCYCLONE_01399,12.038835753436345,TS,2019296N15066,12.038835753436345,1,TS
NONCYCLONE_01400,36.86674807136455,TS,2017232N19130,36.86674807136455,0,
NONCYCLONE_01401,26.016384941693467,MX,2018309S06068,26.016384941693467,0,
NONCYCLONE_01402,16.937412157643635,TS,2005338N09093,16.937412157643635,0,
NONCYCLONE_01403,12.57916882313481,TS,2005330N09096,12.57916882313481,0,
NONCYCLONE_01404,13.361572793885667,TS,2008223N20086,13.361572793885667,0,
NONCYCLONE_01405,10.812409580506516,TS,2009201N21089,10.812409580506516,0,
NONCYCLONE_01406,45.24155776796802,DS,2004312S05085,45.24155776796802,0,
NONCYCLONE_01407,14.322670890889809,TS,2015309N14067,14.322670890889809,0,
NONCYCLONE_01408,17.822042385776022,TS,2004163N15090,17.822042385776022,0,
NONCYCLONE_01409,53.235268129083316,TS,2004319N10134,53.235268129083316,0,
NONCYCLONE_01410,26.566484996662727,TS,2016138N10081,26.566484996662727,0,
NONCYCLONE_01411,10.884551684081588,TS,2019116N02090,10.884551684081588,0,
NONCYCLONE_01412,13.697498117538666,TS,2019302N11118,13.697498117538666,0,
NONCYCLONE_01413,18.1725581803968,TS,2017147N14087,18.1725581803968,0,
NONCYCLONE_01414,23.3941470549684,TS,2024238N25077,23.3941470549684,0,
NONCYCLONE_01415,20.234574201934375,TS,2024255N24080,20.234574201934375,0,
NONCYCLONE_01416,13.217164872793305,TS,2008157N16066,13.217164872793305,0,
NONCYCLONE_01417,32.56002045330073,TS,2011360N09088,32.56002045330073,0,
NONCYCLONE_01418,13.142549746221377,TS,2019337N11072,13.142549746221377,0,
NONCYCLONE_01419,32.91119343248442,DS,2021335N08096,32.91119343248442,0,
NONCYCLONE_01420,21.29117346787967,TS,2019337N11072,21.29117346787967,0,
NONCYCLONE_01421,23.571737780540904,TS,2001141N14068,23.571737780540904,0,
NONCYCLONE_01422,45.11683039487585,TS,2011167N22089,45.11683039487585,0,
NONCYCLONE_01423,14.209321420595714,TS,2009247N19089,14.209321420595714,0,
NONCYCLONE_01424,13.113391196317329,TS,2020136N10088,13.113391196317329,0,
NONCYCLONE_01425,41.44895136026586,DS,2022338N05100,41.44895136026586,0,
NONCYCLONE_01426,36.30325867449035,TS,2006330S06049,36.30325867449035,0,
NONCYCLONE_01427,23.698022051181525,TS,2024145N14087,23.698022051181525,0,
NONCYCLONE_01428,20.536386992759653,TS,2019116N02090,20.536386992759653,0,
NONCYCLONE_01429,24.129682116914342,TS,2002355N04077,24.129682116914342,0,
NONCYCLONE_01430,27.938547087730324,TS,2024238N25077,27.938547087730324,0,
NONCYCLONE_01431,14.866979874689434,TS,2004332N02072,14.866979874689434,0,
NONCYCLONE_01432,17.794671757937017,TS,2017282N22088,17.794671757937017,0,
NONCYCLONE_01433,27.004214377348244,TS,2019264N19071,27.004214377348244,0,
NONCYCLONE_01434,34.80583424947193,TS,2024252N18087,34.80583424947193,0,
NONCYCLONE_01435,31.964838972613467,TS,2016295N13089,31.964838972613467,0,
NONCYCLONE_01436,43.166963523704844,TS,2022126N07095,43.166963523704844,0,
NONCYCLONE_01437,43.02386522682427,TS,2025149N21088,43.02386522682427,0,
NONCYCLONE_01438,24.13202581204794,TS,2010151N14065,24.13202581204794,0,
NONCYCLONE_01439,19.602064027095704,TS,2017319N15083,19.602064027095704,0,
NONCYCLONE_01440,42.92721953969287,TS,2014216N21089,42.92721953969287,0,
NONCYCLONE_01441,25.965939525320007,TS,2020353N06129,25.965939525320007,0,
NONCYCLONE_01442,16.953903516270152,TS,2018314N12093,16.953903516270152,0,
NONCYCLONE_01443,26.19451668067194,TS,2004325S06078,26.19451668067194,0,
NONCYCLONE_01444,16.07051989984939,TS,2003345N05092,16.07051989984939,0,
NONCYCLONE_01445,40.89544332473217,TS,2014279N11096,40.89544332473217,0,
NONCYCLONE_01446,13.180932260997155,TS,2017333N06082,13.180932260997155,0,
NONCYCLONE_01447,11.53841801999666,TS,2019301N05081,11.53841801999666,0,
NONCYCLONE_01448,38.60726984140201,TS,2010305N06105,38.60726984140201,0,
NONCYCLONE_01449,10.111584771733412,TS,2015280N13071,10.111584771733412,0,
NONCYCLONE_01450,19.151097773661988,TS,2009143N17089,19.151097773661988,0,
NONCYCLONE_01451,18.292778182041637,TS,2021133N10071,18.292778182041637,0,
NONCYCLONE_01452,24.286222097493294,TS,2017340N09089,24.286222097493294,0,
NONCYCLONE_01453,3.3591510781629754,TS,2003295N09101,3.3591510781629754,1,TS
NONCYCLONE_01454,23.612743729027695,TS,2000331N09092,23.612743729027695,0,
NONCYCLONE_01455,38.714760494059114,TS,2003295N09101,38.714760494059114,0,
NONCYCLONE_01456,26.883225380697706,MX,2014309N13088,26.883225380697706,0,
NONCYCLONE_01457,32.83388395872698,TS,2022126S06088,32.83388395872698,0,
NONCYCLONE_01458,30.278690339742898,TS,2011360N09088,30.278690339742898,0,
NONCYCLONE_01459,29.09889850346681,TS,2012301N11087,29.09889850346681,0,
NONCYCLONE_01460,13.32154842690568,TS,2010305N06105,13.32154842690568,0,
NONCYCLONE_01461,15.885365797283512,TS,2010293N17093,15.885365797283512,0,
NONCYCLONE_01462,30.042377007617148,TS,2018347N07089,30.042377007617148,0,
NONCYCLONE_01463,11.49287805536627,TS,2016341N08092,11.49287805536627,0,
NONCYCLONE_01464,35.48380636452759,TS,2004325S06078,35.48380636452759,0,
NONCYCLONE_01465,18.43156890657304,TS,2019116N02090,18.43156890657304,0,
NONCYCLONE_01466,16.359379687246278,TS,2013281N12098,16.359379687246278,0,
NONCYCLONE_01467,10.150340990957725,TS,2006329N06150,10.150340990957725,1,TS
NONCYCLONE_01468,10.449961175262075,TS,2010280N17085,10.449961175262075,0,
NONCYCLONE_01469,15.642760471385657,TS,2007151N14072,15.642760471385657,0,
NONCYCLONE_01470,27.733555006179987,TS,2024216N24085,27.733555006179987,0,
NONCYCLONE_01471,58.002338288925586,TS,2018365N08115,58.002338288925586,0,
NONCYCLONE_01472,15.787382119366413,TS,2003129N05091,15.787382119366413,0,
NONCYCLONE_01473,17.279986944968,TS,2001163N20087,17.279986944968,0,
NONCYCLONE_01474,11.171270764049062,TS,2003295N09101,11.171270764049062,0,
NONCYCLONE_01475,13.395812130026707,TS,2019160N11073,13.395812130026707,0,
NONCYCLONE_01476,13.58914456486244,TS,2005255N20088,13.58914456486244,0,
NONCYCLONE_01477,13.899440958856646,TS,2023156N10067,13.899440958856646,0,
NONCYCLONE_01478,21.679438298756494,TS,2013211N21088,21.679438298756494,0,
NONCYCLONE_01479,15.076323491807516,TS,2022356N09085,15.076323491807516,0,
NONCYCLONE_01480,28.880037705220182,TS,2001313N12084,28.880037705220182,0,
NONCYCLONE_01481,40.44747287945776,TS,2008338N06092,40.44747287945776,0,
NONCYCLONE_01482,92.48636008751565,DS,2006329N06150,92.48636008751565,0,
NONCYCLONE_01483,13.832704124396027,TS,2009247N19089,13.832704124396027,0,
NONCYCLONE_01484,20.08898521407214,TS,2006264N23087,20.08898521407214,0,
NONCYCLONE_01485,15.601329558523515,TS,2018281N14088,15.601329558523515,0,
NONCYCLONE_01486,12.584220685529457,TS,2016308N13088,12.584220685529457,0,
NONCYCLONE_01487,14.975043165857961,TS,2000289N15089,14.975043165857961,0,
NONCYCLONE_01488,11.309401679649776,TS,2017333N06082,11.309401679649776,0,
NONCYCLONE_01489,31.484425570194137,TS,2007151N14072,31.484425570194137,0,
NONCYCLONE_01490,38.064630017766255,TS,2025149N21088,38.064630017766255,0,
NONCYCLONE_01491,23.330981975880494,TS,2025250N25073,23.330981975880494,0,
NONCYCLONE_01492,24.986098126150694,TS,2018309S06068,24.986098126150694,0,
NONCYCLONE_01493,16.797518274154996,TS,2025250N25073,16.797518274154996,0,
NONCYCLONE_01494,27.74137538701174,TS,2018141N08059,27.74137538701174,0,
NONCYCLONE_01495,22.45347955557734,TS,2006330S06049,22.45347955557734,0,
NONCYCLONE_01496,22.968436607736336,TS,2023317N10094,22.968436607736336,0,
NONCYCLONE_01497,18.23159394649298,TS,2025233N15126,18.23159394649298,0,
NONCYCLONE_01498,13.645350078304196,TS,2015280N13071,13.645350078304196,0,
NONCYCLONE_01499,19.046297511569694,TS,2005349N06090,19.046297511569694,0,
NONCYCLONE_01500,16.55955582962274,TS,2004256N23089,16.55955582962274,0,
NONCYCLONE_01501,32.075348306891314,DS,2007151N14072,32.075348306891314,0,
NONCYCLONE_01502,23.813109282719008,TS,2016222N22089,23.813109282719008,0,
NONCYCLONE_01503,42.33725179412616,TS,2017282N22088,42.33725179412616,0,
NONCYCLONE_01504,26.240952490922663,DS,2006300N07078,26.240952490922663,0,
NONCYCLONE_01505,24.02459946677952,MX,2020153N13072,24.02459946677952,0,
NONCYCLONE_01506,25.16701452306387,DS,2006012N03081,25.16701452306387,0,
NONCYCLONE_01507,14.654340720197512,DS,2004274N16069,14.654340720197512,0,
NONCYCLONE_01508,40.61799754128589,TS,2024295N15092,40.61799754128589,0,
NONCYCLONE_01509,12.438367088543995,DS,2007151N14072,12.438367088543995,0,
NONCYCLONE_01510,33.13271142366611,TS,2000083S17102,33.13271142366611,0,
NONCYCLONE_01511,16.71481224974634,DS,2019264N19071,16.71481224974634,0,
NONCYCLONE_01512,21.064998852406784,DS,2024238N25077,21.064998852406784,0,
NONCYCLONE_01513,45.409356673563686,TS,2006114N08090,45.409356673563686,0,
NONCYCLONE_01514,42.19278844985775,TS,2021264N13119,42.19278844985775,0,
NONCYCLONE_01515,41.779555329904504,TS,2007178N18089,41.779555329904504,0,
NONCYCLONE_01516,14.23120109734769,TS,2011310N11066,14.23120109734769,0,
NONCYCLONE_01517,26.935380755957993,TS,2007314N10093,26.935380755957993,0,
NONCYCLONE_01518,14.751869640625848,DS,2021335N08096,14.751869640625848,0,
NONCYCLONE_01519,14.191182420269008,TS,2018347N07089,14.191182420269008,0,
NONCYCLONE_01520,16.276710522255964,TS,2021280N14068,16.276710522255964,0,
NONCYCLONE_01521,31.386157371001573,TS,2007151N14072,31.386157371001573,0,
NONCYCLONE_01522,38.11532778552936,TS,2013339N09084,38.11532778552936,0,
NONCYCLONE_01523,12.833677455574819,TS,2014279N11096,12.833677455574819,0,
NONCYCLONE_01524,31.368308073229343,TS,2008338N06092,31.368308073229343,0,
NONCYCLONE_01525,14.239893333176093,TS,2025298N11089,14.239893333176093,0,
NONCYCLONE_01526,10.70690540859324,TS,2023334N08088,10.70690540859324,0,
NONCYCLONE_01527,16.769643366630586,TS,2020335N06090,16.769643366630586,0,
NONCYCLONE_01528,24.180621152444502,TS,2021143N15090,24.180621152444502,0,
NONCYCLONE_01529,33.71464146760569,TS,2022126N07095,33.71464146760569,0,
NONCYCLONE_01530,11.557827273185538,TS,2018221N17112,11.557827273185538,1,TS
NONCYCLONE_01531,12.634152038029617,TS,2023030N08087,12.634152038029617,0,
NONCYCLONE_01532,14.05744296419864,TS,2018347N07089,14.05744296419864,0,
NONCYCLONE_01533,11.275533576134539,TS,2011310N11066,11.275533576134539,0,
NONCYCLONE_01534,14.290700222434408,DS,2019335N05058,14.290700222434408,0,
NONCYCLONE_01535,31.972242758046608,TS,2004325S06078,31.972242758046608,0,
NONCYCLONE_01536,16.035740186073188,TS,2006262N19069,16.035740186073188,0,
NONCYCLONE_01537,17.04281690277661,TS,2021143N15090,17.04281690277661,0,
NONCYCLONE_01538,46.94593600549977,TS,2018141N08059,46.94593600549977,0,
NONCYCLONE_01539,14.892217134272059,TS,2020285N15087,14.892217134272059,0,
NONCYCLONE_01540,18.121703575940664,MX,2016228N22117,18.121703575940664,0,
NONCYCLONE_01541,16.6684112082127,TS,2015171N18086,16.6684112082127,0,
NONCYCLONE_01542,16.096219396574135,TS,2020136N10088,16.096219396574135,0,
NONCYCLONE_01543,11.854255352159512,TS,2018141N08059,11.854255352159512,0,
NONCYCLONE_01544,15.57089829514248,TS,2018279N11069,15.57089829514248,0,
NONCYCLONE_01545,10.935830309098147,TS,2006247N21089,10.935830309098147,0,
NONCYCLONE_01546,38.72587418625927,DS,2006300N07078,38.72587418625927,0,
NONCYCLONE_01547,17.53457480739309,TS,2023156N10067,17.53457480739309,0,
NONCYCLONE_01548,21.779142002726378,TS,2008157N16066,21.779142002726378,0,
NONCYCLONE_01549,46.73707775907694,TS,2007314N10093,46.73707775907694,0,
NONCYCLONE_01550,18.264558641922218,TS,2025331N06083,18.264558641922218,0,
NONCYCLONE_01551,10.400427156319449,MX,2009247N19089,10.400427156319449,0,
NONCYCLONE_01552,24.14004564872579,DS,2005349N06090,24.14004564872579,0,
NONCYCLONE_01553,24.7501901692434,DS,2019160N11073,24.7501901692434,0,
NONCYCLONE_01554,20.213056735049044,DS,2012321N14090,20.213056735049044,0,
NONCYCLONE_01555,39.04567285842355,TS,2022295N13093,39.04567285842355,0,
NONCYCLONE_01556,10.5329723461448,TS,2005260N20091,10.5329723461448,1,TS
NONCYCLONE_01557,35.68504252967779,TS,2021092N11096,35.68504252967779,0,
NONCYCLONE_01558,30.154470382636564,DS,2010293N17093,30.154470382636564,0,
NONCYCLONE_01559,15.035115360368097,TS,2005349N06090,15.035115360368097,0,
NONCYCLONE_01560,20.13045309300112,TS,2012321N14090,20.13045309300112,0,
NONCYCLONE_01561,12.102905576527922,TS,2015301N11065,12.102905576527922,0,
NONCYCLONE_01562,17.57239416574157,TS,2025144N17073,17.57239416574157,0,
NONCYCLONE_01563,20.327733595684286,TS,2009143N17089,20.327733595684286,0,
NONCYCLONE_01564,28.17781780554296,TS,2018365N08115,28.17781780554296,0,
NONCYCLONE_01565,44.69748537065688,TS,2004319N10134,44.69748537065688,0,
NONCYCLONE_01566,27.578521479849478,TS,2018249N22088,27.578521479849478,0,
NONCYCLONE_01567,49.63698444647899,TS,2018136N11054,49.63698444647899,0,
NONCYCLONE_01568,15.465684966979069,TS,2019116N02090,15.465684966979069,0,
NONCYCLONE_01569,34.4930002966739,TS,2008298N16085,34.4930002966739,0,
NONCYCLONE_01570,7.934017407513717,DS,2017307N07102,7.934017407513717,1,DS
NONCYCLONE_01571,26.577957648787354,TS,2020150N17054,26.577957648787354,0,
NONCYCLONE_01572,24.95576224202136,TS,2017333N06082,24.95576224202136,0,
NONCYCLONE_01573,23.614889714780055,TS,2000083S17102,23.614889714780055,0,
NONCYCLONE_01574,29.157176819689216,DS,2005012N04090,29.157176819689216,0,
NONCYCLONE_01575,19.817797927910313,TS,2015280N13071,19.817797927910313,0,
NONCYCLONE_01576,40.36424544228756,TS,2006329N06150,40.36424544228756,0,
NONCYCLONE_01577,39.93057844877934,TS,2009344N06085,39.93057844877934,0,
NONCYCLONE_01578,17.414135902330226,TS,2017340N09089,17.414135902330226,0,
NONCYCLONE_01579,11.970827940035347,TS,2004307N09068,11.970827940035347,0,
NONCYCLONE_01580,24.541180389252943,TS,2021322N11082,24.541180389252943,0,
NONCYCLONE_01581,30.987245023811244,DS,2008117N11090,30.987245023811244,0,
NONCYCLONE_01582,15.943805921065833,DS,2004274N16069,15.943805921065833,0,
NONCYCLONE_01583,15.60570669237227,TS,2024253N11148,15.60570669237227,0,
NONCYCLONE_01584,27.16551659279761,TS,2017340N09089,27.16551659279761,0,
NONCYCLONE_01585,21.999999999999996,TS,2011167N22089,21.999999999999996,0,
NONCYCLONE_01586,25.80529274207934,DS,2017307N07102,25.80529274207934,0,
NONCYCLONE_01587,13.30998782084254,TS,2024252N18087,13.30998782084254,0,
NONCYCLONE_01588,19.407831101662794,TS,2007151N14072,19.407831101662794,0,
NONCYCLONE_01589,20.905954611219002,TS,2023156N10067,20.905954611219002,0,
NONCYCLONE_01590,14.592417474156699,MX,2012297N11067,14.592417474156699,0,
NONCYCLONE_01591,21.98430806133567,TS,2007151N14072,21.98430806133567,0,
NONCYCLONE_01592,41.854521795447454,DS,2012301N11087,41.854521795447454,0,
NONCYCLONE_01593,27.123271169700292,TS,2012301N11087,27.123271169700292,0,
NONCYCLONE_01594,45.330423518021426,TS,2006330S06049,45.330423518021426,0,
NONCYCLONE_01595,10.672081319968425,TS,2012321N14090,10.672081319968425,0,
NONCYCLONE_01596,20.29660301726706,MX,2006182N20088,20.29660301726706,0,
NONCYCLONE_01597,40.41902393215594,TS,2010293N17093,40.41902393215594,0,
NONCYCLONE_01598,10.185996302154871,TS,2025295N09068,10.185996302154871,0,
NONCYCLONE_01599,13.995797678060553,TS,2025275N22068,13.995797678060553,0,
NONCYCLONE_01600,20.589360955647404,TS,2019116N02090,20.589360955647404,0,
NONCYCLONE_01601,40.81882515573137,DS,2008117N11090,40.81882515573137,0,
NONCYCLONE_01602,46.74430808505776,MX,2007133N15091,46.74430808505776,0,
NONCYCLONE_01603,58.48529831239873,TS,2025260N13138,58.48529831239873,0,
NONCYCLONE_01604,38.41397268744912,TS,2025266N11137,38.41397268744912,0,
NONCYCLONE_01605,11.000708591433233,TS,2023273N16073,11.000708591433233,0,
NONCYCLONE_01606,16.175341877285465,TS,2015191N23085,16.175341877285465,0,
NONCYCLONE_01607,17.783416835294286,TS,2006241N20088,17.783416835294286,0,
NONCYCLONE_01608,37.99174155605453,TS,2007151N14072,37.99174155605453,0,
NONCYCLONE_01609,13.368143150411955,TS,2013305N07141,13.368143150411955,0,
NONCYCLONE_01610,23.852929302700367,TS,2014159N12068,23.852929302700367,0,
NONCYCLONE_01611,34.24513566336572,TS,2005179N22088,34.24513566336572,0,
NONCYCLONE_01612,24.453888844418334,TS,2011310N11066,24.453888844418334,0,
NONCYCLONE_01613,26.58437934584676,TS,2023129N08091,26.58437934584676,0,
NONCYCLONE_01614,36.315366744167875,TS,2007151N14072,36.315366744167875,0,
NONCYCLONE_01615,32.189268307624644,TS,2018347N07089,32.189268307624644,0,
NONCYCLONE_01616,28.82785686647945,TS,2002314N12083,28.82785686647945,0,
NONCYCLONE_01617,10.769946295987532,TS,2004125N11074,10.769946295987532,1,TS
NONCYCLONE_01618,15.803579535639852,TS,2015171N15112,15.803579535639852,0,
NONCYCLONE_01619,65.35525894753407,TS,2004319N10134,65.35525894753407,0,
NONCYCLONE_01620,15.255663286164978,TS,2002126N09068,15.255663286164978,0,
NONCYCLONE_01621,17.893831083792325,TS,2021133N10071,17.893831083792325,0,
NONCYCLONE_01622,20.146921393813777,TS,2024145N14087,20.146921393813777,0,
NONCYCLONE_01623,23.467423631193522,TS,2000331N09092,23.467423631193522,0,
NONCYCLONE_01624,14.230028783307763,DS,2014297N11062,14.230028783307763,0,
NONCYCLONE_01625,17.999639927845095,TS,2008293N09060,17.999639927845095,0,
NONCYCLONE_01626,27.21118215587269,TS,2022126N07095,27.21118215587269,0,
NONCYCLONE_01627,14.47246344277333,TS,2023129N08091,14.47246344277333,0,
NONCYCLONE_01628,42.39970263399361,TS,2020355S11065,42.39970263399361,0,
NONCYCLONE_01629,16.55446455343182,TS,2017333N06082,16.55446455343182,0,
NONCYCLONE_01630,12.626087095254697,TS,2005260N20091,12.626087095254697,0,
NONCYCLONE_01631,13.012138377282131,MX,2015309N14067,13.012138377282131,0,
NONCYCLONE_01632,19.849894721463013,TS,2002126N09068,19.849894721463013,0,
NONCYCLONE_01633,46.00796027723602,TS,2018365N08115,46.00796027723602,0,
NONCYCLONE_01634,38.34020619155976,TS,2013149N21090,38.34020619155976,0,
NONCYCLONE_01635,22.558123329220308,DS,2005274N17086,22.558123329220308,0,
NONCYCLONE_01636,25.913155615543292,TS,2022347N12074,25.913155615543292,0,
NONCYCLONE_01637,18.704070915274375,DS,2006182N20088,18.704070915274375,0,
NONCYCLONE_01638,48.62898048918108,TS,2014141N16091,48.62898048918108,0,
NONCYCLONE_01639,17.55093743797391,TS,2011160N18070,17.55093743797391,0,
NONCYCLONE_01640,11.9672046454224,TS,2014202N22087,11.9672046454224,0,
NONCYCLONE_01641,19.68908434247273,TS,2004274N16069,19.68908434247273,0,
NONCYCLONE_01642,18.460970943761247,TS,2005349N06090,18.460970943761247,0,
NONCYCLONE_01643,25.65338187299294,TS,2021133N10071,25.65338187299294,0,
NONCYCLONE_01644,42.27163404431706,TS,2021143N15090,42.27163404431706,0,
NONCYCLONE_01645,16.36682381469194,TS,2024244N18085,16.36682381469194,0,
NONCYCLONE_01646,22.746550337935368,TS,2010136N09057,22.746550337935368,0,
NONCYCLONE_01647,18.690772136017973,TS,2019160N11073,18.690772136017973,0,
NONCYCLONE_01648,16.208353031870537,TS,2001313N12084,16.208353031870537,0,
NONCYCLONE_01649,12.713956579563257,TS,2022230N18095,12.713956579563257,0,
NONCYCLONE_01650,36.271495771703734,TS,2008329N09082,36.271495771703734,0,
NONCYCLONE_01651,14.438625238572603,TS,2021312N07090,14.438625238572603,0,
NONCYCLONE_01652,42.70072768122294,TS,2013130N04093,42.70072768122294,0,
NONCYCLONE_01653,22.47996797090166,TS,2000358N08086,22.47996797090166,0,
NONCYCLONE_01654,12.529147895782803,TS,2001313N12084,12.529147895782803,0,
NONCYCLONE_01655,34.2235602865181,TS,2000289N15089,34.2235602865181,0,
NONCYCLONE_01656,34.19208583550553,TS,2001163N20087,34.19208583550553,0,
NONCYCLONE_01657,11.579118053330502,TS,2013310N06066,11.579118053330502,0,
NONCYCLONE_01658,11.16255258924023,TS,2016341N08092,11.16255258924023,0,
NONCYCLONE_01659,27.55452842368634,TS,2011290N15090,27.55452842368634,0,
NONCYCLONE_01660,19.85421884658187,TS,2014279N11096,19.85421884658187,0,
NONCYCLONE_01661,22.627456555369058,TS,2004136N15090,22.627456555369058,0,
NONCYCLONE_01662,21.415402941130075,TS,2001141N14068,21.415402941130075,0,
NONCYCLONE_01663,34.08899700695736,TS,2017147N14087,34.08899700695736,0,
NONCYCLONE_01664,28.279554856600786,TS,2023156N10067,28.279554856600786,0,
NONCYCLONE_01665,33.97539592611216,TS,2025331N06083,33.97539592611216,0,
NONCYCLONE_01666,11.750948036309147,TS,2018221N17112,11.750948036309147,0,
NONCYCLONE_01667,10.683266623759986,TS,2011360N09088,10.683266623759986,0,
NONCYCLONE_01668,22.243044558754125,DS,2006012N03081,22.243044558754125,0,
NONCYCLONE_01669,18.04595509631301,DS,2019337N11072,18.04595509631301,0,
NONCYCLONE_01670,24.738019537136203,TS,2005330N09096,24.738019537136203,0,
NONCYCLONE_01671,13.67430813007333,TS,2016341N08092,13.67430813007333,0,
NONCYCLONE_01672,13.1081852337039,TS,2001288N13084,13.1081852337039,0,
NONCYCLONE_01673,32.458001637169716,TS,2003279N17084,32.458001637169716,0,
NONCYCLONE_01674,27.293433036801186,TS,2005257N20069,27.293433036801186,0,
NONCYCLONE_01675,30.586529783400383,TS,2015173N20067,30.586529783400383,0,
NONCYCLONE_01676,17.087370235503993,TS,2015309N14067,17.087370235503993,0,
NONCYCLONE_01677,14.550401691781731,TS,2021133N10071,14.550401691781731,0,
NONCYCLONE_01678,43.35928322781109,TS,2013281N12098,43.35928322781109,0,
NONCYCLONE_01679,11.002793989110256,TS,2004276N12087,11.002793989110256,1,TS
NONCYCLONE_01680,36.17208088194392,TS,2006224N21088,36.17208088194392,0,
NONCYCLONE_01681,40.37947622115044,TS,2013305N07141,40.37947622115044,0,
NONCYCLONE_01682,19.90899066092623,TS,2021267N18094,19.90899066092623,0,
NONCYCLONE_01683,19.01298974776421,TS,2014297N11062,19.01298974776421,0,
NONCYCLONE_01684,20.297878575380903,TS,2013324N07103,20.297878575380903,0,
NONCYCLONE_01685,20.06692498039388,TS,2003315N09067,20.06692498039388,0,
NONCYCLONE_01686,17.117527043947742,TS,2008117N11090,17.117527043947742,0,
NONCYCLONE_01687,26.836376695330703,TS,2014279N11096,26.836376695330703,0,
NONCYCLONE_01688,17.495367921855223,TS,2020353N06129,17.495367921855223,0,
NONCYCLONE_01689,28.796777658150145,TS,2025270N19086,28.796777658150145,0,
NONCYCLONE_01690,42.73262192099949,MX,2006330S06049,42.73262192099949,0,
NONCYCLONE_01691,15.07138571238991,TS,2010286N18090,15.07138571238991,0,
NONCYCLONE_01692,24.188583820676666,TS,2018249N22088,24.188583820676666,0,
NONCYCLONE_01693,10.479864745677544,TS,2009344N06085,10.479864745677544,1,TS
NONCYCLONE_01694,14.625202793115692,TS,2025274N16087,14.625202793115692,0,
NONCYCLONE_01695,19.085455816897056,TS,2023129N08091,19.085455816897056,0,
NONCYCLONE_01696,59.25219756108678,TS,2025233N15126,59.25219756108678,0,
NONCYCLONE_01697,15.255821721025772,TS,2010293N17093,15.255821721025772,0,
NONCYCLONE_01698,38.51155174312477,TS,2016295N13089,38.51155174312477,0,
NONCYCLONE_01699,36.06177073372177,TS,2025331N06083,36.06177073372177,0,
NONCYCLONE_01700,21.8196813554898,DS,2006329N06150,21.8196813554898,0,
NONCYCLONE_01701,10.628024163404303,TS,2010293N17093,10.628024163404303,0,
NONCYCLONE_01702,17.716971804859746,TS,2005255N20088,17.716971804859746,0,
NONCYCLONE_01703,39.938943211377364,TS,2025149N21088,39.938943211377364,0,
NONCYCLONE_01704,35.45113013274728,TS,2010293N17093,35.45113013274728,0,
NONCYCLONE_01705,36.56823460368609,TS,2006330S06049,36.56823460368609,0,
NONCYCLONE_01706,33.940023549853066,DS,2006012N03081,33.940023549853066,0,
NONCYCLONE_01707,25.719240257102513,TS,2014216N21089,25.719240257102513,0,
NONCYCLONE_01708,14.919673103415633,TS,2013324N07103,14.919673103415633,0,
NONCYCLONE_01709,34.189240502249355,TS,2024145N14087,34.189240502249355,0,
NONCYCLONE_01710,37.18996856573458,TS,2006329N06150,37.18996856573458,0,
NONCYCLONE_01711,18.719260140338843,TS,2005210N21088,18.719260140338843,0,
NONCYCLONE_01712,13.865668558434567,TS,2018279N11069,13.865668558434567,0,
NONCYCLONE_01713,25.1588284736368,TS,2023273N16073,25.1588284736368,0,
NONCYCLONE_01714,49.73406133661709,TS,2014141N16091,49.73406133661709,0,
NONCYCLONE_01715,11.014539000762653,TS,2002129N08096,11.014539000762653,0,
NONCYCLONE_01716,31.510869592309675,TS,2019116N02090,31.510869592309675,0,
NONCYCLONE_01717,14.548594085636331,TS,2022347N12074,14.548594085636331,0,
NONCYCLONE_01718,26.467880644862866,TS,2018314N12093,26.467880644862866,0,
NONCYCLONE_01719,28.845959877442336,TS,2015301N11065,28.845959877442336,0,
NONCYCLONE_01720,18.889677922470852,TS,2019160N11073,18.889677922470852,0,
NONCYCLONE_01721,10.55499538648681,TS,2018136N11054,10.55499538648681,0,
NONCYCLONE_01722,12.328700679547715,TS,2023156N10067,12.328700679547715,1,TS
NONCYCLONE_01723,58.387228927839516,TS,2025260N13138,58.387228927839516,0,
NONCYCLONE_01724,27.157414271879496,TS,2013211N21088,27.157414271879496,0,
NONCYCLONE_01725,22.996230067194368,TS,2013149N21090,22.996230067194368,0,
NONCYCLONE_01726,34.749359108785875,MX,2024145N14087,34.749359108785875,0,
NONCYCLONE_01727,39.92951589144538,TS,2018141N08059,39.92951589144538,0,
NONCYCLONE_01728,18.882655359679067,TS,2008259N20089,18.882655359679067,0,
NONCYCLONE_01729,17.029827722362526,TS,2006182N20088,17.029827722362526,0,
NONCYCLONE_01730,18.732193475823518,TS,2004125N11074,18.732193475823518,0,
NONCYCLONE_01731,39.79363865316042,TS,2005260N20091,39.79363865316042,0,
NONCYCLONE_01732,35.050865496396526,TS,2024290N11084,35.050865496396526,0,
NONCYCLONE_01733,33.06623001094805,TS,2005322S04095,33.06623001094805,0,
NONCYCLONE_01734,14.038855510874459,TS,2016335N07088,14.038855510874459,0,
NONCYCLONE_01735,28.63688424095188,TS,2025274N14133,28.63688424095188,0,
NONCYCLONE_01736,50.705182365239146,TS,2017232N19130,50.705182365239146,0,
NONCYCLONE_01737,16.886650405334702,TS,2022347N12074,16.886650405334702,0,
NONCYCLONE_01738,40.39649493391288,DS,2005330N09096,40.39649493391288,0,
NONCYCLONE_01739,12.915955879894236,TS,2003279N17084,12.915955879894236,0,
NONCYCLONE_01740,39.53216814271594,TS,2019116N02090,39.53216814271594,0,
NONCYCLONE_01741,17.181314452080805,TS,2011033N06083,17.181314452080805,0,
NONCYCLONE_01742,14.895063169675868,TS,2008117N11090,14.895063169675868,0,
NONCYCLONE_01743,14.018322671999519,TS,2019264N19071,14.018322671999519,0,
NONCYCLONE_01744,20.953026894546213,TS,2017163N20090,20.953026894546213,0,
NONCYCLONE_01745,24.432977158475556,TS,2024238N25077,24.432977158475556,0,
NONCYCLONE_01746,12.652448855064398,TS,2023334N08088,12.652448855064398,0,
NONCYCLONE_01747,40.91794256469094,TS,2013339N09084,40.91794256469094,0,
NONCYCLONE_01748,26.25800685312071,TS,2025198N25082,26.25800685312071,0,
NONCYCLONE_01749,25.021475184994948,TS,2004162N18068,25.021475184994948,0,
NONCYCLONE_01750,20.489217432232614,DS,2007151N14072,20.489217432232614,0,
NONCYCLONE_01751,21.797446968487886,TS,2004332N02072,21.797446968487886,0,
NONCYCLONE_01752,22.05139741592421,TS,2003206N21089,22.05139741592421,0,
NONCYCLONE_01753,46.28012877293712,TS,2017147N14087,46.28012877293712,0,
NONCYCLONE_01754,21.997683534723244,TS,2023317N10094,21.997683534723244,0,
NONCYCLONE_01755,25.856849043722573,TS,2011330N06078,25.856849043722573,0,
NONCYCLONE_01756,23.568690386663516,TS,2019116N02090,23.568690386663516,0,
NONCYCLONE_01757,16.454506291854084,TS,2024238N25077,16.454506291854084,0,
NONCYCLONE_01758,16.50422688085164,MX,2012297N11067,16.50422688085164,0,
NONCYCLONE_01759,28.264656226171347,TS,2022126N07095,28.264656226171347,0,
NONCYCLONE_01760,20.94439474145068,TS,2007314N10093,20.94439474145068,0,
NONCYCLONE_01761,44.707324307820095,TS,2018365N08115,44.707324307820095,0,
NONCYCLONE_01762,14.120088057400759,TS,2005260N20091,14.120088057400759,0,
NONCYCLONE_01763,30.50447264839421,TS,2004274N16069,30.50447264839421,0,
NONCYCLONE_01764,13.252389028458548,TS,2024145N14087,13.252389028458548,0,
NONCYCLONE_01765,19.860287801140373,TS,2024258N22091,19.860287801140373,0,
NONCYCLONE_01766,10.57153221480548,TS,2024252N18087,10.57153221480548,1,TS
NONCYCLONE_01767,28.919906755684465,TS,2005007N04085,28.919906755684465,0,
NONCYCLONE_01768,47.11068411652454,TS,2023212N19090,47.11068411652454,0,
NONCYCLONE_01769,29.29159881021964,TS,2010151N14065,29.29159881021964,0,
NONCYCLONE_01770,11.338652186428256,TS,2018279N11069,11.338652186428256,0,
NONCYCLONE_01771,28.983697879763344,TS,2007178N18089,28.983697879763344,0,
NONCYCLONE_01772,64.70297461784676,MX,2021264N13119,64.70297461784676,0,
NONCYCLONE_01773,16.94079004898397,TS,2008298N16085,16.94079004898397,0,
NONCYCLONE_01774,13.255970153621995,TS,2005260N20091,13.255970153621995,0,
NONCYCLONE_01775,17.59173271265772,TS,2024216N24085,17.59173271265772,0,
NONCYCLONE_01776,29.817380838412515,DS,2022338N05100,29.817380838412515,0,
NONCYCLONE_01777,32.762381430429116,TS,2012296N06135,32.762381430429116,0,
NONCYCLONE_01778,10.907184949636294,TS,2016341N08092,10.907184949636294,0,
NONCYCLONE_01779,17.10888042349597,TS,2023030N08087,17.10888042349597,0,
NONCYCLONE_01780,33.35378989151966,TS,2021143N15090,33.35378989151966,0,
NONCYCLONE_01781,29.623979228899753,TS,2005260N20091,29.623979228899753,0,
NONCYCLONE_01782,12.149569881749104,TS,2020139S04095,12.149569881749104,0,
NONCYCLONE_01783,35.925727914516685,TS,2015157N13069,35.925727914516685,0,
NONCYCLONE_01784,41.43200829168584,TS,2013149N21090,41.43200829168584,0,
NONCYCLONE_01785,19.447918793087847,TS,2024238N25077,19.447918793087847,0,
NONCYCLONE_01786,43.111109344725385,TS,2013305N07141,43.111109344725385,0,
NONCYCLONE_01787,11.766453018783867,TS,2018279N11069,11.766453018783867,0,
NONCYCLONE_01788,21.319411882124943,TS,2011167N22089,21.319411882124943,0,
NONCYCLONE_01789,31.837489873165467,TS,2017340N09089,31.837489873165467,0,
NONCYCLONE_01790,29.500798809474617,TS,2005349N06090,29.500798809474617,0,
NONCYCLONE_01791,25.500853537516424,TS,2009104N13088,25.500853537516424,0,
NONCYCLONE_01792,16.76395873466481,TS,2022295N13093,16.76395873466481,0,
NONCYCLONE_01793,10.201206484058956,TS,2022079N10093,10.201206484058956,0,
NONCYCLONE_01794,25.395319566479316,TS,2001364S19036,25.395319566479316,0,
NONCYCLONE_01795,21.512849048199058,TS,2016341N08092,21.512849048199058,0,
NONCYCLONE_01796,53.39123230225855,TS,2025260N13138,53.39123230225855,0,
NONCYCLONE_01797,6.858950566638639,MX,2017282N17113,6.858950566638639,1,MX
NONCYCLONE_01798,35.21685990915067,TS,2024258N22091,35.21685990915067,0,
NONCYCLONE_01799,15.236880789243946,TS,2001267N17070,15.236880789243946,0,
NONCYCLONE_01800,28.39399860373476,TS,2009104N13088,28.39399860373476,0,
NONCYCLONE_01801,21.091658723897996,DS,2024329N04089,21.091658723897996,0,
NONCYCLONE_01802,19.068070622321272,TS,2025331N06083,19.068070622321272,0,
NONCYCLONE_01803,19.82342206034808,TS,2023160N20092,19.82342206034808,0,
NONCYCLONE_01804,15.331045954664875,TS,2023156N10067,15.331045954664875,0,
NONCYCLONE_01805,21.970844415046027,TS,2009313N11072,21.970844415046027,0,
NONCYCLONE_01806,28.25198303728657,TS,2007300N11068,28.25198303728657,0,
NONCYCLONE_01807,13.614271681094902,TS,2006224N21088,13.614271681094902,0,
NONCYCLONE_01808,19.33818530359625,TS,2022230N18095,19.33818530359625,0,
NONCYCLONE_01809,25.47312164264735,TS,2017319N15083,25.47312164264735,0,
NONCYCLONE_01810,40.26581492685041,TS,2024252N18087,40.26581492685041,0,
NONCYCLONE_01811,30.956101171229605,TS,2020136N10088,30.956101171229605,0,
NONCYCLONE_01812,25.673344371014903,TS,2016295N13089,25.673344371014903,0,
NONCYCLONE_01813,22.067015334188515,TS,2005338N09093,22.067015334188515,0,
NONCYCLONE_01814,10.948349060046992,DS,2022126N07095,10.948349060046992,0,
NONCYCLONE_01815,16.944180846273973,TS,2015301N11065,16.944180846273973,0,
NONCYCLONE_01816,34.578003041601555,TS,2008259N20089,34.578003041601555,0,
NONCYCLONE_01817,40.556264251063425,TS,2008117N11090,40.556264251063425,0,
NONCYCLONE_01818,17.25069021696825,MX,2015207N22091,17.25069021696825,0,
NONCYCLONE_01819,12.665147882132276,TS,2001141N14068,12.665147882132276,0,
NONCYCLONE_01820,45.01986580543327,TS,2003295N09101,45.01986580543327,0,
NONCYCLONE_01821,22.205725117629402,TS,2019160N11073,22.205725117629402,0,
NONCYCLONE_01822,11.943919828838446,TS,2010137N10090,11.943919828838446,0,
NONCYCLONE_01823,24.285054729728316,TS,2016138N10081,24.285054729728316,0,
NONCYCLONE_01824,26.682195241857954,TS,2005179N22088,26.682195241857954,0,
NONCYCLONE_01825,14.765713898035253,TS,2013305N07141,14.765713898035253,0,
NONCYCLONE_01826,18.928548062709545,TS,2005349N06090,18.928548062709545,0,
NONCYCLONE_01827,13.530102617361875,DS,2013305N07141,13.530102617361875,0,
NONCYCLONE_01828,12.614490747889597,TS,2013339N09084,12.614490747889597,0,
NONCYCLONE_01829,27.253822063001472,TS,2018347N07089,27.253822063001472,0,
NONCYCLONE_01830,22.221927756927887,TS,2025329N05100,22.221927756927887,0,
NONCYCLONE_01831,12.759609298814956,TS,2022295N13093,12.759609298814956,0,
NONCYCLONE_01832,13.810757056353808,TS,2013305N07141,13.810757056353808,0,
NONCYCLONE_01833,14.093020149817308,TS,2021276N07131,14.093020149817308,0,
NONCYCLONE_01834,13.710380268527011,DS,2019302N11118,13.710380268527011,0,
NONCYCLONE_01835,24.56848886157829,TS,2000332N08133,24.56848886157829,0,
NONCYCLONE_01836,14.75453525360669,TS,2004125N11074,14.75453525360669,0,
NONCYCLONE_01837,36.67671372512112,DS,2021312N07090,36.67671372512112,0,
NONCYCLONE_01838,21.141021527917882,DS,2010136N09057,21.141021527917882,0,
NONCYCLONE_01839,22.917913018094133,TS,2019160N11073,22.917913018094133,0,
NONCYCLONE_01840,36.16771894767092,TS,2011360N09088,36.16771894767092,0,
NONCYCLONE_01841,37.65801417957646,TS,2015301N11065,37.65801417957646,0,
NONCYCLONE_01842,19.346614937152598,TS,2017340N09089,19.346614937152598,0,
NONCYCLONE_01843,16.941521852488588,TS,2006262N19069,16.941521852488588,0,
NONCYCLONE_01844,10.238155361067122,TS,2023156N10067,10.238155361067122,1,TS
NONCYCLONE_01845,24.71176084139465,DS,2013305N07141,24.71176084139465,0,
NONCYCLONE_01846,22.947048346021415,TS,2007300N11068,22.947048346021415,0,
NONCYCLONE_01847,43.25859237449574,TS,2003129N05091,43.25859237449574,0,
NONCYCLONE_01848,14.668502449318334,DS,2019335N05058,14.668502449318334,0,
NONCYCLONE_01849,29.576818239958072,TS,2009337S07096,29.576818239958072,0,
NONCYCLONE_01850,24.863236263999372,TS,2021267N18094,24.863236263999372,0,
NONCYCLONE_01851,18.744611911550965,TS,2008259N20089,18.744611911550965,0,
NONCYCLONE_01852,29.62734388468777,TS,2013322N13090,29.62734388468777,0,
NONCYCLONE_01853,16.34442677069124,TS,2018072N05076,16.34442677069124,0,
NONCYCLONE_01854,42.003936686691134,TS,2006114N08090,42.003936686691134,0,
NONCYCLONE_01855,35.97649790554224,TS,2013232N22088,35.97649790554224,0,
NONCYCLONE_01856,37.37567707361764,TS,2005324N08085,37.37567707361764,0,
NONCYCLONE_01857,33.80755357136496,TS,2010286N18090,33.80755357136496,0,
NONCYCLONE_01858,26.34562121715072,TS,2009201N21089,26.34562121715072,0,
NONCYCLONE_01859,48.17169844935343,TS,2016308N13088,48.17169844935343,0,
NONCYCLONE_01860,39.87239970961414,TS,2019218N21088,39.87239970961414,0,
NONCYCLONE_01861,32.822651995889096,DS,2023317N10094,32.822651995889096,0,
NONCYCLONE_01862,22.993420098751116,TS,2019160N11073,22.993420098751116,0,
NONCYCLONE_01863,21.507397520403675,TS,2003338S09065,21.507397520403675,0,
NONCYCLONE_01864,22.915814605832658,TS,2003129N05091,22.915814605832658,0,
NONCYCLONE_01865,41.21826347120988,TS,2003279N17084,41.21826347120988,0,
NONCYCLONE_01866,18.032763796479397,TS,2023156N10067,18.032763796479397,0,
NONCYCLONE_01867,15.457729449823432,TS,2018281N14088,15.457729449823432,0,
NONCYCLONE_01868,14.056217113858786,TS,2017147N14087,14.056217113858786,0,
NONCYCLONE_01869,17.933395113480746,DS,2012285S04077,17.933395113480746,0,
NONCYCLONE_01870,19.204501976217774,TS,2007300N11068,19.204501976217774,0,
NONCYCLONE_01871,20.656171935848757,TS,2024201N19086,20.656171935848757,0,
NONCYCLONE_01872,15.362364771695576,DS,2019296N15066,15.362364771695576,0,
NONCYCLONE_01873,15.519727757944809,TS,2019301N05081,15.519727757944809,0,
NONCYCLONE_01874,15.219715632636289,TS,2025295N09068,15.219715632636289,0,
NONCYCLONE_01875,30.376697470539106,TS,2011302N13062,30.376697470539106,0,
NONCYCLONE_01876,34.53957618313215,TS,2005349N06090,34.53957618313215,0,
NONCYCLONE_01877,20.240905437188943,TS,2023317N10094,20.240905437188943,0,
NONCYCLONE_01878,12.097463995619918,TS,2015280N13071,12.097463995619918,0,
NONCYCLONE_01879,28.06793255004823,TS,2001288N13084,28.06793255004823,0,
NONCYCLONE_01880,24.539782145944315,DS,2019301N05081,24.539782145944315,0,
NONCYCLONE_01881,19.00422040595513,DS,2006012N03081,19.00422040595513,0,
NONCYCLONE_01882,14.889753925143824,TS,2008117N11090,14.889753925143824,0,
NONCYCLONE_01883,38.9624780306715,TS,2013322N13090,38.9624780306715,0,
NONCYCLONE_01884,17.340486553444848,TS,2019218N21088,17.340486553444848,0,
NONCYCLONE_01885,33.46789998110662,TS,2015207N22091,33.46789998110662,0,
NONCYCLONE_01886,27.315404590301288,MX,2005298N12088,27.315404590301288,0,
NONCYCLONE_01887,40.54630008353423,TS,2020355S11065,40.54630008353423,0,
NONCYCLONE_01888,18.082155620847445,TS,2006209N13130,18.082155620847445,0,
NONCYCLONE_01889,12.856994866662916,DS,2007151N14072,12.856994866662916,0,
NONCYCLONE_01890,16.097205042975517,TS,2018072N05076,16.097205042975517,0,
NONCYCLONE_01891,16.074481309764877,TS,2008293N09060,16.074481309764877,0,
NONCYCLONE_01892,33.05933286945682,TS,2005255N20088,33.05933286945682,0,
NONCYCLONE_01893,13.04871454036361,TS,2025275N22068,13.04871454036361,0,
NONCYCLONE_01894,33.15334109638557,TS,2008338N06092,33.15334109638557,0,
NONCYCLONE_01895,23.834678138433617,DS,2002319S06078,23.834678138433617,0,
NONCYCLONE_01896,32.1966841593358,TS,2016341N08092,32.1966841593358,0,
NONCYCLONE_01897,21.395497621459416,TS,2021133N10071,21.395497621459416,0,
NONCYCLONE_01898,13.625353488675147,TS,2005255N20088,13.625353488675147,0,
NONCYCLONE_01899,32.78210356409115,TS,2020355S11065,32.78210356409115,0,
NONCYCLONE_01900,13.382932548590762,TS,2000331N09092,13.382932548590762,0,
NONCYCLONE_01901,12.975012000440337,TS,2013281N12098,12.975012000440337,0,
NONCYCLONE_01902,16.944018837364485,TS,2008317N11089,16.944018837364485,0,
NONCYCLONE_01903,20.16780213093199,TS,2008338N06092,20.16780213093199,0,
NONCYCLONE_01904,11.127287415209326,TS,2009313N11072,11.127287415209326,0,
NONCYCLONE_01905,33.05057094030965,TS,2022295N13093,33.05057094030965,0,
NONCYCLONE_01906,30.83115882352382,TS,2019264N19071,30.83115882352382,0,
NONCYCLONE_01907,14.66208590429624,TS,2019160N11073,14.66208590429624,0,
NONCYCLONE_01908,40.72175027250643,TS,2008168N22090,40.72175027250643,0,
NONCYCLONE_01909,17.65386322429506,TS,2005338N09093,17.65386322429506,0,
NONCYCLONE_01910,33.30828319389219,TS,2006329N06150,33.30828319389219,0,
NONCYCLONE_01911,21.220487578328274,TS,2022065S16055,21.220487578328274,0,
NONCYCLONE_01912,14.822445241869904,TS,2021143N15090,14.822445241869904,0,
NONCYCLONE_01913,28.24863068847068,TS,2000358N08086,28.24863068847068,0,
NONCYCLONE_01914,18.130760078502977,DS,2006262N19069,18.130760078502977,0,
NONCYCLONE_01915,12.44931479685719,TS,2024258N22091,12.44931479685719,0,
NONCYCLONE_01916,12.729720385270715,TS,2025295N09068,12.729720385270715,0,
NONCYCLONE_01917,20.540508565941696,TS,2019296N15066,20.540508565941696,0,
NONCYCLONE_01918,34.387919280134156,TS,2003122S11065,34.387919280134156,0,
NONCYCLONE_01919,17.744017231230643,MX,2015207N22091,17.744017231230643,0,
NONCYCLONE_01920,28.082456394792185,TS,2022254N20085,28.082456394792185,0,
NONCYCLONE_01921,24.64168642737588,TS,2013211N21088,24.64168642737588,0,
NONCYCLONE_01922,47.760297942457235,TS,2001361N01106,47.760297942457235,0,
NONCYCLONE_01923,13.081156534909518,TS,2005257N20069,13.081156534909518,0,
NONCYCLONE_01924,26.72809783649549,TS,2015280N13071,26.72809783649549,0,
NONCYCLONE_01925,22.71755098270234,TS,2009344N06085,22.71755098270234,0,
NONCYCLONE_01926,27.013035682725274,TS,2021133N10071,27.013035682725274,0,
NONCYCLONE_01927,13.382932548590762,TS,2007300N11068,13.382932548590762,0,
NONCYCLONE_01928,29.27681723057955,TS,2004136N15090,29.27681723057955,0,
NONCYCLONE_01929,10.550632543701191,DS,2019301N05081,10.550632543701191,0,
NONCYCLONE_01930,24.449595874721727,TS,2000332N08133,24.449595874721727,0,
NONCYCLONE_01931,23.60940092933938,TS,2003129N05091,23.60940092933938,0,
NONCYCLONE_01932,32.390514429368096,DS,2022126N07095,32.390514429368096,0,
NONCYCLONE_01933,15.810160108610198,TS,2005255N20088,15.810160108610198,0,
NONCYCLONE_01934,11.528592448286648,TS,2024258N22091,11.528592448286648,0,
NONCYCLONE_01935,38.07240010484899,TS,2005262N13127,38.07240010484899,0,
NONCYCLONE_01936,22.021665102990642,TS,2015259N20084,22.021665102990642,0,
NONCYCLONE_01937,35.94408604196835,TS,2018219N21088,35.94408604196835,0,
NONCYCLONE_01938,13.506224190692308,TS,2024329N04089,13.506224190692308,0,
NONCYCLONE_01939,44.38041282366036,TS,2013301N13142,44.38041282366036,0,
NONCYCLONE_01940,10.76143408758787,TS,2006264N23087,10.76143408758787,1,TS
NONCYCLONE_01941,21.480870409504497,DS,2006012N03081,21.480870409504497,0,
NONCYCLONE_01942,38.88486205220975,TS,2013281N12098,38.88486205220975,0,
NONCYCLONE_01943,45.998652461144715,TS,2025260N13138,45.998652461144715,0,
NONCYCLONE_01944,13.633201427431135,TS,2014309N13088,13.633201427431135,0,
NONCYCLONE_01945,22.54261508300206,TS,2008329N09082,22.54261508300206,0,
NONCYCLONE_01946,10.95504011633289,TS,2022079N10093,10.95504011633289,0,
NONCYCLONE_01947,64.89802037623782,MX,2006329N06150,64.89802037623782,0,
NONCYCLONE_01948,15.13457685219646,TS,2018136N11054,15.13457685219646,0,
NONCYCLONE_01949,29.069694989157846,TS,2000331N09092,29.069694989157846,0,
NONCYCLONE_01950,17.64131589596036,TS,2007172N15088,17.64131589596036,0,
NONCYCLONE_01951,34.39164469687157,DS,2025233N15126,34.39164469687157,0,
NONCYCLONE_01952,24.799775434304678,TS,2021267N18094,24.799775434304678,0,
NONCYCLONE_01953,31.77443736068099,TS,2021143N15090,31.77443736068099,0,
NONCYCLONE_01954,31.79766261653742,TS,2020335N06090,31.79766261653742,0,
NONCYCLONE_01955,17.403869985591605,TS,2003315N09067,17.403869985591605,0,
NONCYCLONE_01956,44.168230435807544,DS,2005338N09093,44.168230435807544,0,
NONCYCLONE_01957,20.94321987728474,TS,2025331N06083,20.94321987728474,0,
NONCYCLONE_01958,21.46629359077191,TS,2000299N13093,21.46629359077191,0,
NONCYCLONE_01959,11.946790867612535,TS,2007300N11068,11.946790867612535,0,
NONCYCLONE_01960,21.06595199702531,DS,2006262N19069,21.06595199702531,0,
NONCYCLONE_01961,26.67023650631986,TS,2015157N13069,26.67023650631986,0,
NONCYCLONE_01962,15.046626221449632,TS,2004332N02072,15.046626221449632,0,
NONCYCLONE_01963,15.810718268126843,TS,2005338N09093,15.810718268126843,0,
NONCYCLONE_01964,34.888900211381,TS,2013305N07141,34.888900211381,0,
NONCYCLONE_01965,10.158695099271943,DS,2011290N15090,10.158695099271943,0,
NONCYCLONE_01966,10.378049070241115,TS,2016138N10081,10.378049070241115,1,TS
NONCYCLONE_01967,32.89080440574386,TS,2018202N21088,32.89080440574386,0,
NONCYCLONE_01968,30.28622120320979,MX,2005298N12088,30.28622120320979,0,
NONCYCLONE_01969,13.095584760121486,TS,2012301N11087,13.095584760121486,0,
NONCYCLONE_01970,10.520240878313297,TS,2024295N15092,10.520240878313297,1,TS
NONCYCLONE_01971,17.009529585366547,TS,2005338N09093,17.009529585366547,0,
NONCYCLONE_01972,15.35160114759788,TS,2011330N06078,15.35160114759788,0,
NONCYCLONE_01973,20.13233353385563,DS,2014297N11062,20.13233353385563,0,
NONCYCLONE_01974,18.679730355317854,TS,2024145N14087,18.679730355317854,0,
NONCYCLONE_01975,18.238586322099437,TS,2005172N22069,18.238586322099437,0,
NONCYCLONE_01976,22.59651321954526,TS,2005330N09096,22.59651321954526,0,
NONCYCLONE_01977,16.30469172931905,TS,2011302N13062,16.30469172931905,0,
NONCYCLONE_01978,25.47353130255253,TS,2001141N14068,25.47353130255253,0,
NONCYCLONE_01979,31.104352054811148,TS,2010286N18090,31.104352054811148,0,
NONCYCLONE_01980,10.635226165950606,TS,2005338N09093,10.635226165950606,0,
NONCYCLONE_01981,10.655906563106798,TS,2020327N08086,10.655906563106798,0,
NONCYCLONE_01982,10.730599405921014,TS,2010305N06105,10.730599405921014,0,
NONCYCLONE_01983,38.07335344988797,TS,2020335N06090,38.07335344988797,0,
NONCYCLONE_01984,16.51612878513349,TS,2025295N09068,16.51612878513349,0,
NONCYCLONE_01985,13.103268550361092,MX,2016138N10081,13.103268550361092,0,
NONCYCLONE_01986,33.17105079034409,TS,2007178N18089,33.17105079034409,0,
NONCYCLONE_01987,30.01536526003948,DS,2013305N07141,30.01536526003948,0,
NONCYCLONE_01988,12.641850447438879,TS,2019160N11073,12.641850447438879,0,
NONCYCLONE_01989,29.827242731306477,MX,2012297N11067,29.827242731306477,0,
NONCYCLONE_01990,27.564957924137403,TS,2018314N12093,27.564957924137403,0,
NONCYCLONE_01991,13.632539101212194,DS,2005298N12088,13.632539101212194,0,
NONCYCLONE_01992,15.581762514829462,TS,2014003N08086,15.581762514829462,0,
NONCYCLONE_01993,18.59269777996284,TS,2001141N14068,18.59269777996284,0,
NONCYCLONE_01994,12.664769956519281,TS,2020326N11063,12.664769956519281,0,
NONCYCLONE_01995,16.02965454463441,TS,2020291N18069,16.02965454463441,0,
NONCYCLONE_01996,12.025889445126152,TS,2015312N11084,12.025889445126152,0,
NONCYCLONE_01997,11.87043765327381,TS,2005012N04090,11.87043765327381,0,
NONCYCLONE_01998,13.601428858019064,TS,2014297N11062,13.601428858019064,0,
NONCYCLONE_01999,22.1789147711315,TS,2023317N10094,22.1789147711315,0,
NONCYCLONE_02000,10.750947647977165,TS,2024288N16065,10.750947647977165,0,
NONCYCLONE_02001,10.406387517874649,TS,2025295N09068,10.406387517874649,0,
NONCYCLONE_02002,24.405923703602216,TS,2022224N22067,24.405923703602216,0,
NONCYCLONE_02003,21.37946139660338,TS,2000299N13093,21.37946139660338,0,
NONCYCLONE_02004,29.182872070509454,TS,2020285N15087,29.182872070509454,0,
NONCYCLONE_02005,15.559064855662129,TS,2002355N04077,15.559064855662129,0,
NONCYCLONE_02006,23.31851266697623,TS,2000236N17084,23.31851266697623,0,
NONCYCLONE_02007,23.71139506840871,TS,2002314N12083,23.71139506840871,0,
NONCYCLONE_02008,32.54426792491502,TS,2013130N04093,32.54426792491502,0,
NONCYCLONE_02009,30.257596021399966,TS,2008259N20089,30.257596021399966,0,
NONCYCLONE_02010,43.42898787944241,TS,2018365N08115,43.42898787944241,0,
NONCYCLONE_02011,28.161075599731028,DS,2014159N12068,28.161075599731028,0,
NONCYCLONE_02012,18.348721467099917,TS,2020285N15087,18.348721467099917,0,
NONCYCLONE_02013,18.094895351292067,TS,2025328N07132,18.094895351292067,0,
NONCYCLONE_02014,27.718692161647265,TS,2009143N17089,27.718692161647265,0,
NONCYCLONE_02015,21.342841732422745,TS,2021267N18094,21.342841732422745,0,
NONCYCLONE_02016,20.422349471096865,MX,2022126S06088,20.422349471096865,0,
NONCYCLONE_02017,20.53699256232048,TS,2006114N08090,20.53699256232048,0,
NONCYCLONE_02018,16.271736449732295,TS,2018263N17089,16.271736449732295,0,
NONCYCLONE_02019,11.96693860557949,TS,2013310N06066,11.96693860557949,0,
NONCYCLONE_02020,39.84603033946198,TS,2025149N21088,39.84603033946198,0,
NONCYCLONE_02021,15.105580272544493,TS,2011302N13062,15.105580272544493,0,
NONCYCLONE_02022,11.83724994682902,TS,2002314N12083,11.83724994682902,0,
NONCYCLONE_02023,21.35253177543619,TS,2021267N18094,21.35253177543619,0,
NONCYCLONE_02024,24.945633385738063,TS,2019160N11073,24.945633385738063,0,
NONCYCLONE_02025,13.9522923315762,TS,2001267N17070,13.9522923315762,0,
NONCYCLONE_02026,25.63836881975754,TS,2003340S07093,25.63836881975754,0,
NONCYCLONE_02027,30.957192709196978,DS,2005274N17086,30.957192709196978,0,
NONCYCLONE_02028,20.98564859958001,TS,2005179N22088,20.98564859958001,0,
NONCYCLONE_02029,12.487069585333495,TS,2014216N21089,12.487069585333495,0,
NONCYCLONE_02030,16.584367896439215,TS,2000358N08086,16.584367896439215,0,
NONCYCLONE_02031,26.45428600471213,TS,2001361N01106,26.45428600471213,0,
NONCYCLONE_02032,22.7957907009515,TS,2004125N11074,22.7957907009515,0,
NONCYCLONE_02033,20.71533090716723,TS,2004274N16069,20.71533090716723,0,
NONCYCLONE_02034,26.8107587334157,TS,2005349N06090,26.8107587334157,0,
NONCYCLONE_02035,20.751793741371717,TS,2000332N08133,20.751793741371717,0,
NONCYCLONE_02036,30.345875869553403,TS,2009104N13088,30.345875869553403,0,
NONCYCLONE_02037,24.125571418570804,DS,2008317N11089,24.125571418570804,0,
NONCYCLONE_02038,36.875983386915536,TS,2017104N08085,36.875983386915536,0,
NONCYCLONE_02039,30.50274080105592,TS,2022230N18095,30.50274080105592,0,
NONCYCLONE_02040,26.716759419577926,TS,2024238N25077,26.716759419577926,0,
NONCYCLONE_02041,52.406761037071774,TS,2013301N13142,52.406761037071774,0,
NONCYCLONE_02042,16.671585286691283,TS,2002129N08096,16.671585286691283,0,
NONCYCLONE_02043,10.925573663170828,TS,2018365N08115,10.925573663170828,0,
NONCYCLONE_02044,20.993362903152853,TS,2009176N23069,20.993362903152853,0,
NONCYCLONE_02045,16.196801685645802,TS,2006264N23087,16.196801685645802,0,
NONCYCLONE_02046,14.719047859395943,TS,2005338N09093,14.719047859395943,0,
NONCYCLONE_02047,18.05691190796543,TS,2023334N08088,18.05691190796543,0,
NONCYCLONE_02048,23.073572333212848,TS,2011330N06078,23.073572333212848,0,
NONCYCLONE_02049,13.987180055829848,TS,2011160N18070,13.987180055829848,0,
NONCYCLONE_02050,32.06417942042613,TS,2019116N02090,32.06417942042613,0,
NONCYCLONE_02051,40.26394910660749,DS,2016295N13089,40.26394910660749,0,
NONCYCLONE_02052,22.00127864610227,TS,2025275N22068,22.00127864610227,0,
NONCYCLONE_02053,35.941898398156475,TS,2023334N08088,35.941898398156475,0,
NONCYCLONE_02054,13.2520876306635,TS,2013130N04093,13.2520876306635,0,
NONCYCLONE_02055,39.06872239027351,TS,2012321N14090,39.06872239027351,0,
NONCYCLONE_02056,14.307263382860123,TS,2016222N22089,14.307263382860123,0,
NONCYCLONE_02057,31.583328479519302,TS,2013305N07141,31.583328479519302,0,
NONCYCLONE_02058,36.78681320325984,MX,2018365N08115,36.78681320325984,0,
NONCYCLONE_02059,30.90562566216036,DS,2005322S04095,30.90562566216036,0,
NONCYCLONE_02060,11.629491407315887,TS,2010305N06105,11.629491407315887,0,
NONCYCLONE_02061,31.043883587579764,TS,2021267N18094,31.043883587579764,0,
NONCYCLONE_02062,13.589080066437438,MX,2012297N11067,13.589080066437438,0,
NONCYCLONE_02063,13.700192626317133,TS,2018279N11069,13.700192626317133,0,
NONCYCLONE_02064,22.280473998936426,TS,2024329N04089,22.280473998936426,0,
NONCYCLONE_02065,46.693854693126326,TS,2024295N15092,46.693854693126326,0,
NONCYCLONE_02066,25.53633038697365,TS,2005179N22088,25.53633038697365,0,
NONCYCLONE_02067,15.754490445841043,TS,2025206N21090,15.754490445841043,0,
NONCYCLONE_02068,16.822404620977878,TS,2025275N22068,16.822404620977878,0,
NONCYCLONE_02069,11.670128816750879,TS,2003279N17084,11.670128816750879,0,
NONCYCLONE_02070,11.0356916210382,TS,2022347N12074,11.0356916210382,0,
NONCYCLONE_02071,19.114646063020214,TS,2021143N15090,19.114646063020214,0,
NONCYCLONE_02072,34.54051253611449,TS,2010293N17093,34.54051253611449,0,
NONCYCLONE_02073,17.086714381013397,TS,2002128S05097,17.086714381013397,0,
NONCYCLONE_02074,16.59624571362735,TS,2010136N09057,16.59624571362735,0,
NONCYCLONE_02075,11.535820081949316,TS,2003345N05092,11.535820081949316,0,
NONCYCLONE_02076,35.60125231769729,TS,2015191N23085,35.60125231769729,0,
NONCYCLONE_02077,28.764373855770334,TS,2014216N21089,28.764373855770334,0,
NONCYCLONE_02078,29.922243012006255,TS,2005262N13127,29.922243012006255,0,
NONCYCLONE_02079,21.564326224917437,TS,2003129N05091,21.564326224917437,0,
NONCYCLONE_02080,24.507871656183813,TS,2005179N22088,24.507871656183813,0,
NONCYCLONE_02081,32.060860360630166,DS,2017307N07102,32.060860360630166,0,
NONCYCLONE_02082,11.622550486727123,MX,2014159N12068,11.622550486727123,0,
NONCYCLONE_02083,16.745446645878516,TS,2025196N27075,16.745446645878516,0,
NONCYCLONE_02084,15.482300879728893,TS,2019296N15066,15.482300879728893,0,
NONCYCLONE_02085,16.746578614734215,TS,2016230N21089,16.746578614734215,0,
NONCYCLONE_02086,33.131998624442694,TS,2006247N21089,33.131998624442694,0,
NONCYCLONE_02087,10.537685930256941,TS,2009176N23069,10.537685930256941,0,
NONCYCLONE_02088,31.976661424031395,TS,2004325S06078,31.976661424031395,0,
NONCYCLONE_02089,19.815931146422393,TS,2014202N22087,19.815931146422393,0,
NONCYCLONE_02090,32.34315750742805,TS,2023317N10094,32.34315750742805,0,
NONCYCLONE_02091,13.08210696594488,TS,2005172N22069,13.08210696594488,0,
NONCYCLONE_02092,27.281345376007668,TS,2009104N13088,27.281345376007668,0,
NONCYCLONE_02093,14.513094781073223,DS,2019337N11072,14.513094781073223,0,
NONCYCLONE_02094,15.149060029657985,TS,2022338N05100,15.149060029657985,0,
NONCYCLONE_02095,21.41706418903482,MX,2023334N08088,21.41706418903482,0,
NONCYCLONE_02096,38.50467060562134,TS,2006114N08090,38.50467060562134,0,
NONCYCLONE_02097,18.79693565749354,TS,2015209N26072,18.79693565749354,0,
NONCYCLONE_02098,17.27829405433543,TS,2007151N14072,17.27829405433543,0,
NONCYCLONE_02099,11.45452926523871,TS,2013130N04093,11.45452926523871,1,TS
NONCYCLONE_02100,29.236595767468643,TS,2009143N17089,29.236595767468643,0,
NONCYCLONE_02101,14.136229063136087,TS,2004162N18068,14.136229063136087,0,
NONCYCLONE_02102,28.285913080763958,TS,2017307N07102,28.285913080763958,0,
NONCYCLONE_02103,63.61768177978769,MX,2020353N06129,63.61768177978769,0,
NONCYCLONE_02104,16.772841974371435,TS,2021312N07090,16.772841974371435,0,
NONCYCLONE_02105,35.93612633832352,TS,2020355S11065,35.93612633832352,0,
NONCYCLONE_02106,17.004440436374495,TS,2012321N14090,17.004440436374495,0,
NONCYCLONE_02107,22.357843034243984,TS,2016222N22089,22.357843034243984,0,
NONCYCLONE_02108,17.64503220986893,TS,2003315N09067,17.64503220986893,0,
NONCYCLONE_02109,16.91897357379203,TS,2021335N08096,16.91897357379203,0,
NONCYCLONE_02110,19.303902811459412,TS,2014216N21089,19.303902811459412,0,
NONCYCLONE_02111,36.88643173447659,TS,2020327N08086,36.88643173447659,0,
NONCYCLONE_02112,63.372035476479894,TS,2025233N15126,63.372035476479894,0,
NONCYCLONE_02113,12.088583469827197,TS,2010341N14082,12.088583469827197,0,
NONCYCLONE_02114,24.85506871003355,TS,2001267N17070,24.85506871003355,0,
NONCYCLONE_02115,20.426240464377333,TS,2014159N12068,20.426240464377333,0,
NONCYCLONE_02116,18.331167535326777,TS,2025295N09068,18.331167535326777,0,
NONCYCLONE_02117,26.4158188275587,TS,2013232N22088,26.4158188275587,0,
NONCYCLONE_02118,27.46226515227892,TS,2004319N10134,27.46226515227892,0,
NONCYCLONE_02119,19.41226295213105,TS,2019301N05081,19.41226295213105,0,
NONCYCLONE_02120,13.9889098678751,TS,2013339N09084,13.9889098678751,0,
NONCYCLONE_02121,16.740596729531763,TS,2025266N11137,16.740596729531763,0,
NONCYCLONE_02122,24.2573691929484,TS,2020153N13072,24.2573691929484,0,
NONCYCLONE_02123,25.186279235024806,MX,2009344N06085,25.186279235024806,0,
NONCYCLONE_02124,35.06285708289622,TS,2005255N20088,35.06285708289622,0,
NONCYCLONE_02125,16.32313195908726,TS,2010137N10090,16.32313195908726,0,
NONCYCLONE_02126,20.357953754218112,TS,2024288N16065,20.357953754218112,0,
NONCYCLONE_02127,12.800864519565389,TS,2022230N18095,12.800864519565389,0,
NONCYCLONE_02128,4.988919053312737,TS,2018365N08115,4.988919053312737,1,TS
NONCYCLONE_02129,30.564873291996538,TS,2014216N21089,30.564873291996538,0,
NONCYCLONE_02130,19.997497638538036,TS,2011311N13111,19.997497638538036,0,
NONCYCLONE_02131,20.291770244472346,TS,2010151N14065,20.291770244472346,0,
NONCYCLONE_02132,11.002665515257712,TS,2014297N11062,11.002665515257712,0,
NONCYCLONE_02133,25.354050552958316,TS,2015191N23085,25.354050552958316,0,
NONCYCLONE_02134,35.138331203793726,TS,2024258N22091,35.138331203793726,0,
NONCYCLONE_02135,13.496224463231012,TS,2021322N11082,13.496224463231012,0,
NONCYCLONE_02136,12.373223382502193,TS,2012321N14090,12.373223382502193,0,
NONCYCLONE_02137,17.297517313114646,TS,2024238N25077,17.297517313114646,0,
NONCYCLONE_02138,21.366495614860533,TS,2018263N17089,21.366495614860533,0,
NONCYCLONE_02139,40.740791280184226,TS,2013232N22088,40.740791280184226,0,
NONCYCLONE_02140,18.16808146400823,TS,2004125N11074,18.16808146400823,0,
NONCYCLONE_02141,21.452233329816096,TS,2005012N04090,21.452233329816096,0,
NONCYCLONE_02142,28.26519365672888,TS,2023212N19090,28.26519365672888,0,
NONCYCLONE_02143,45.128091697565395,TS,2016308N13088,45.128091697565395,0,
NONCYCLONE_02144,25.413452119128273,TS,2014159N12068,25.413452119128273,0,
NONCYCLONE_02145,29.711986687021177,TS,2005330N09096,29.711986687021177,0,
NONCYCLONE_02146,36.84328289360317,TS,2005349N06090,36.84328289360317,0,
NONCYCLONE_02147,49.689565966934666,TS,2025266N11137,49.689565966934666,0,
NONCYCLONE_02148,21.98811820730952,TS,2015309N14067,21.98811820730952,0,
NONCYCLONE_02149,37.658345614573435,TS,2000289N15089,37.658345614573435,0,
NONCYCLONE_02150,26.090846559772523,TS,2005017S09061,26.090846559772523,0,
NONCYCLONE_02151,19.744607201236235,TS,2018279N11069,19.744607201236235,0,
NONCYCLONE_02152,19.045048261481192,TS,2018281N14088,19.045048261481192,0,
NONCYCLONE_02153,69.7853550702235,TS,2006329N06150,69.7853550702235,0,
NONCYCLONE_02154,46.96608511812016,TS,2024258N22091,46.96608511812016,0,
NONCYCLONE_02155,69.95114226827306,TS,2006329N06150,69.95114226827306,0,
NONCYCLONE_02156,18.597308369104653,TS,2005349N06090,18.597308369104653,0,
NONCYCLONE_02157,18.117253279583473,TS,2025295N09068,18.117253279583473,0,
NONCYCLONE_02158,25.516330813212367,TS,2001267N17070,25.516330813212367,0,
NONCYCLONE_02159,14.399473638186958,TS,2019160N11073,14.399473638186958,0,
NONCYCLONE_02160,19.525489538697123,TS,2002327N10089,19.525489538697123,0,
NONCYCLONE_02161,41.99720493964235,TS,2008293N09060,41.99720493964235,0,
NONCYCLONE_02162,25.29435468992712,TS,2014003N08086,25.29435468992712,0,
NONCYCLONE_02163,36.291836580016906,DS,2023317N10094,36.291836580016906,0,
NONCYCLONE_02164,35.78523951781378,TS,2018141N08059,35.78523951781378,0,
NONCYCLONE_02165,29.548713729156976,TS,2004136N15090,29.548713729156976,0,
NONCYCLONE_02166,21.22022585344224,TS,2000358N08086,21.22022585344224,0,
NONCYCLONE_02167,11.87357177683476,TS,2014159N12068,11.87357177683476,0,
NONCYCLONE_02168,33.07581280451377,TS,2005260N20091,33.07581280451377,0,
NONCYCLONE_02169,41.119876351826925,TS,2020355S11065,41.119876351826925,0,
NONCYCLONE_02170,19.623175247361786,TS,2024216N24085,19.623175247361786,0,
NONCYCLONE_02171,37.001133795682854,TS,2020355S11065,37.001133795682854,0,
NONCYCLONE_02172,25.407099858566685,TS,2003129N05091,25.407099858566685,0,
NONCYCLONE_02173,12.793785685668606,TS,2017340N09089,12.793785685668606,0,
NONCYCLONE_02174,19.29564031703239,TS,2016335N07088,19.29564031703239,0,
NONCYCLONE_02175,26.71360223347978,TS,2011167N22089,26.71360223347978,0,
NONCYCLONE_02176,27.987478480180922,TS,2014216N21089,27.987478480180922,0,
NONCYCLONE_02177,22.97355760070146,TS,2008298N16085,22.97355760070146,0,
NONCYCLONE_02178,13.242893809620451,DS,2006012N03081,13.242893809620451,0,
NONCYCLONE_02179,30.833205668968283,TS,2010151N14065,30.833205668968283,0,
NONCYCLONE_02180,18.61605795455995,TS,2002126N09068,18.61605795455995,0,
NONCYCLONE_02181,14.12686538721784,TS,2019301N05081,14.12686538721784,0,
NONCYCLONE_02182,10.812450375774667,TS,2024329N04089,10.812450375774667,1,TS
NONCYCLONE_02183,12.503607841634114,TS,2014279N11096,12.503607841634114,0,
NONCYCLONE_02184,21.412152149450847,TS,2011360N09088,21.412152149450847,0,
NONCYCLONE_02185,16.88231589533398,TS,2020153N13072,16.88231589533398,0,
NONCYCLONE_02186,34.774390070719534,TS,2016335N07088,34.774390070719534,0,
NONCYCLONE_02187,36.34340974753953,TS,2019116N02090,36.34340974753953,0,
NONCYCLONE_02188,17.727822286846166,TS,2001267N17070,17.727822286846166,0,
NONCYCLONE_02189,22.380548247770633,DS,2022126N07095,22.380548247770633,0,
NONCYCLONE_02190,13.647205112669551,TS,2019160N11073,13.647205112669551,0,
NONCYCLONE_02191,35.88790154659648,TS,2003206N21089,35.88790154659648,0,
NONCYCLONE_02192,35.426168728291046,DS,2005012N04090,35.426168728291046,0,
NONCYCLONE_02193,11.096295665593544,TS,2024244N18085,11.096295665593544,0,
NONCYCLONE_02194,10.335281488047436,TS,2021256N20087,10.335281488047436,1,TS
NONCYCLONE_02195,14.233945269398449,TS,2021143N15090,14.233945269398449,0,
NONCYCLONE_02196,50.542152189697056,TS,2018148N17090,50.542152189697056,0,
NONCYCLONE_02197,27.60033598512986,TS,2014159N12068,27.60033598512986,0,
NONCYCLONE_02198,21.638416695202704,TS,2014279N11096,21.638416695202704,0,
NONCYCLONE_02199,10.678704605487846,TS,2005012N04090,10.678704605487846,0,
NONCYCLONE_02200,10.626535107417947,TS,2013339N09084,10.626535107417947,1,TS
NONCYCLONE_02201,24.981566807440863,TS,2015173N20067,24.981566807440863,0,
NONCYCLONE_02202,12.449018851900659,TS,2004274N16069,12.449018851900659,0,
NONCYCLONE_02203,14.962544415737671,TS,2014279N11096,14.962544415737671,0,
NONCYCLONE_02204,22.054035040078595,TS,2004136N15090,22.054035040078595,0,
NONCYCLONE_02205,29.106014185359868,MX,2021264N13119,29.106014185359868,0,
NONCYCLONE_02206,15.27035383200107,TS,2012301N11087,15.27035383200107,0,
NONCYCLONE_02207,14.394657661401778,TS,2011310N11066,14.394657661401778,0,
NONCYCLONE_02208,23.88056193887211,DS,2019264N19071,23.88056193887211,0,
NONCYCLONE_02209,18.964865665575182,TS,2018365N08115,18.964865665575182,0,
NONCYCLONE_02210,18.773421242974855,TS,2004163N15090,18.773421242974855,0,
NONCYCLONE_02211,20.09895391571957,TS,2005260N20091,20.09895391571957,0,
NONCYCLONE_02212,21.161024725319855,DS,2006271N18089,21.161024725319855,0,
NONCYCLONE_02213,19.201771850240583,TS,2016308N13088,19.201771850240583,0,
NONCYCLONE_02214,16.49667915191012,TS,2017319N15083,16.49667915191012,0,
NONCYCLONE_02215,17.18435486082448,TS,2005257N20069,17.18435486082448,0,
NONCYCLONE_02216,35.00411219043375,TS,2005012N04090,35.00411219043375,0,
NONCYCLONE_02217,10.874470410137233,TS,2006264N23087,10.874470410137233,0,
NONCYCLONE_02218,37.6805270016645,TS,2006330S06049,37.6805270016645,0,
NONCYCLONE_02219,26.110195577003495,TS,2007300N11068,26.110195577003495,0,
NONCYCLONE_02220,36.466086484462146,TS,2010305N06105,36.466086484462146,0,
NONCYCLONE_02221,22.833622153853984,DS,2013310N06066,22.833622153853984,0,
NONCYCLONE_02222,18.508722777824776,TS,2003315N09067,18.508722777824776,0,
NONCYCLONE_02223,31.804036282568454,TS,2015301N11065,31.804036282568454,0,
NONCYCLONE_02224,13.817552523334571,TS,2020136N10088,13.817552523334571,0,
NONCYCLONE_02225,32.23194170465576,TS,2013339N09084,32.23194170465576,0,
NONCYCLONE_02226,15.245453758228754,DS,2019264N19071,15.245453758228754,0,
NONCYCLONE_02227,13.206940673595037,TS,2007178N18089,13.206940673595037,0,
NONCYCLONE_02228,13.553476249364616,TS,2006264N23087,13.553476249364616,0,
NONCYCLONE_02229,10.475474736141118,TS,2013339N09084,10.475474736141118,0,
NONCYCLONE_02230,17.651187091261182,TS,2014279N11096,17.651187091261182,0,
NONCYCLONE_02231,13.856643057984718,TS,2008117N11090,13.856643057984718,0,
NONCYCLONE_02232,23.141363134607083,TS,2006241N20088,23.141363134607083,0,
NONCYCLONE_02233,22.91608407162501,TS,2005179N22088,22.91608407162501,0,
NONCYCLONE_02234,13.421680421971374,TS,2005179N22088,13.421680421971374,0,
NONCYCLONE_02235,15.607148029494553,TS,2024295N15092,15.607148029494553,0,
NONCYCLONE_02236,17.509100889536114,DS,2006329N06150,17.509100889536114,0,
NONCYCLONE_02237,32.50547368324686,TS,2000331N09092,32.50547368324686,0,
NONCYCLONE_02238,25.305320726442222,TS,2016295N13089,25.305320726442222,0,
NONCYCLONE_02239,14.355673729052603,TS,2015259N20084,14.355673729052603,0,
NONCYCLONE_02240,21.493593418470805,TS,2001141N14068,21.493593418470805,0,
NONCYCLONE_02241,28.619838747341156,TS,2025331N06083,28.619838747341156,0,
NONCYCLONE_02242,11.969016073110984,TS,2001141N14068,11.969016073110984,0,
NONCYCLONE_02243,12.733785338620615,DS,2005012N04090,12.733785338620615,0,
NONCYCLONE_02244,12.587049349333363,TS,2006264N23087,12.587049349333363,0,
NONCYCLONE_02245,15.036974555934322,TS,2016230N21089,15.036974555934322,0,
NONCYCLONE_02246,12.229525863998514,DS,2013305N07141,12.229525863998514,0,
NONCYCLONE_02247,14.90432353712817,TS,2000299N13093,14.90432353712817,0,
NONCYCLONE_02248,19.89620657056561,TS,2007172N15088,19.89620657056561,0,
NONCYCLONE_02249,17.502763982213427,TS,2009344N06085,17.502763982213427,0,
NONCYCLONE_02250,33.64179567009633,TS,2019218N21088,33.64179567009633,0,
NONCYCLONE_02251,12.123649544736473,TS,2004136N15090,12.123649544736473,0,
NONCYCLONE_02252,64.02746885604616,MX,2013301N13142,64.02746885604616,0,
NONCYCLONE_02253,13.88700614230698,TS,2017333N06082,13.88700614230698,0,
NONCYCLONE_02254,40.862328282309356,TS,2001163N20087,40.862328282309356,0,
NONCYCLONE_02255,23.169283706709113,TS,2005324N08085,23.169283706709113,0,
NONCYCLONE_02256,24.329203581824462,TS,2022347N12074,24.329203581824462,0,
NONCYCLONE_02257,10.025366399206527,TS,2011360N09088,10.025366399206527,1,TS
NONCYCLONE_02258,24.76485374087009,TS,2017147N14087,24.76485374087009,0,
NONCYCLONE_02259,12.10731446477692,TS,2007314N10093,12.10731446477692,0,
NONCYCLONE_02260,33.00910460774966,MX,2023132S03090,33.00910460774966,0,
NONCYCLONE_02261,67.4100356717504,DS,2021264N13119,67.4100356717504,0,
NONCYCLONE_02262,35.36357830950471,TS,2003129N05091,35.36357830950471,0,
NONCYCLONE_02263,29.70865996912319,MX,2009247N19089,29.70865996912319,0,
NONCYCLONE_02264,16.755692816005077,TS,2022126N07095,16.755692816005077,0,
NONCYCLONE_02265,32.67394173211243,TS,2011167N22089,32.67394173211243,0,
NONCYCLONE_02266,17.66120381336692,TS,2015309N14067,17.66120381336692,0,
NONCYCLONE_02267,17.135965167023194,TS,2023212N19090,17.135965167023194,0,
NONCYCLONE_02268,26.61109581139141,DS,2007172N15088,26.61109581139141,0,
NONCYCLONE_02269,26.074608926647933,TS,2019160N11073,26.074608926647933,0,
NONCYCLONE_02270,13.390856945055077,TS,2023334N08088,13.390856945055077,0,
NONCYCLONE_02271,16.086717968732533,TS,2019218N21088,16.086717968732533,0,
NONCYCLONE_02272,65.72052087079204,DS,2021264N13119,65.72052087079204,0,
NONCYCLONE_02273,42.52607471442801,TS,2017104N08085,42.52607471442801,0,
NONCYCLONE_02274,15.023404981563807,TS,2013324N07103,15.023404981563807,0,
NONCYCLONE_02275,23.11947025431121,TS,2007178N18089,23.11947025431121,0,
NONCYCLONE_02276,27.00445738958518,TS,2016138N10081,27.00445738958518,0,
NONCYCLONE_02277,13.069035821125608,TS,2021143N15090,13.069035821125608,0,
NONCYCLONE_02278,14.54234614587448,TS,2011360N09088,14.54234614587448,0,
NONCYCLONE_02279,25.20860195844443,TS,2025233N15126,25.20860195844443,0,
NONCYCLONE_02280,12.445086882399341,TS,2019116N02090,12.445086882399341,0,
NONCYCLONE_02281,10.556921048948645,TS,2020153N13072,10.556921048948645,0,
NONCYCLONE_02282,24.235312204842046,TS,2024356N14084,24.235312204842046,0,
NONCYCLONE_02283,20.080126598333138,TS,2024329N04089,20.080126598333138,0,
NONCYCLONE_02284,11.555750440468973,TS,2024255N24080,11.555750440468973,0,
NONCYCLONE_02285,23.5722362823515,TS,2014309N13088,23.5722362823515,0,
NONCYCLONE_02286,21.577667956131332,TS,2022221N21086,21.577667956131332,0,
NONCYCLONE_02287,15.376397774533647,TS,2004332N02072,15.376397774533647,0,
NONCYCLONE_02288,44.258638289044775,TS,2022140N16097,44.258638289044775,0,
NONCYCLONE_02289,10.599798686317573,TS,2020326N11063,10.599798686317573,1,TS
NONCYCLONE_02290,12.20444790950279,TS,2018141N08059,12.20444790950279,0,
NONCYCLONE_02291,15.603794732071904,TS,2025328N07132,15.603794732071904,0,
NONCYCLONE_02292,16.769930293506626,TS,2005274N17086,16.769930293506626,0,
NONCYCLONE_02293,15.246829171630617,MX,2018309S06068,15.246829171630617,0,
NONCYCLONE_02294,21.86890848406273,TS,2018136N11054,21.86890848406273,0,
NONCYCLONE_02295,11.51062914267199,TS,2017333N06082,11.51062914267199,0,
NONCYCLONE_02296,26.101731128185637,TS,2019301N05081,26.101731128185637,0,
NONCYCLONE_02297,25.851211317382198,TS,2014309N13088,25.851211317382198,0,
NONCYCLONE_02298,11.23658637204428,MX,2021267N18094,11.23658637204428,0,
NONCYCLONE_02299,18.089217866531598,TS,2006271N18089,18.089217866531598,0,
NONCYCLONE_02300,21.291038946223587,TS,2002327N10089,21.291038946223587,0,
NONCYCLONE_02301,21.514250575778266,DS,2011290N15090,21.514250575778266,0,
NONCYCLONE_02302,10.980918986572698,TS,2001281N18071,10.980918986572698,0,
NONCYCLONE_02303,19.678565961166917,TS,2024238N25077,19.678565961166917,0,
NONCYCLONE_02304,13.34447285482307,TS,2004162N18068,13.34447285482307,0,
NONCYCLONE_02305,21.191886879493698,TS,2020296N19087,21.191886879493698,0,
NONCYCLONE_02306,29.607897716019576,TS,2006182N20088,29.607897716019576,0,
NONCYCLONE_02307,19.23551997101458,TS,2004274N16069,19.23551997101458,0,
NONCYCLONE_02308,18.382002963899627,TS,2000331N09092,18.382002963899627,0,
NONCYCLONE_02309,46.25218483982211,TS,2007133N15091,46.25218483982211,0,
NONCYCLONE_02310,33.27199827713616,TS,2021267N18094,33.27199827713616,0,
NONCYCLONE_02311,28.158437942796308,TS,2019296N15066,28.158437942796308,0,
NONCYCLONE_02312,17.652456423043706,TS,2014202N22087,17.652456423043706,0,
NONCYCLONE_02313,10.206531324350555,TS,2018279N11069,10.206531324350555,0,
NONCYCLONE_02314,16.70079129060889,DS,2006300N07078,16.70079129060889,0,
NONCYCLONE_02315,43.25977435296348,TS,2005349N06090,43.25977435296348,0,
NONCYCLONE_02316,12.458695623045557,TS,2002126N09068,12.458695623045557,0,
NONCYCLONE_02317,40.917942767205716,TS,2018279N11069,40.917942767205716,0,
NONCYCLONE_02318,20.37180772201211,TS,2006228N21088,20.37180772201211,0,
NONCYCLONE_02319,18.337379262970718,TS,2022126S06088,18.337379262970718,0,
NONCYCLONE_02320,21.585697666033667,MX,2020353N06129,21.585697666033667,0,
NONCYCLONE_02321,29.013803864091756,TS,2013130N04093,29.013803864091756,0,
NONCYCLONE_02322,20.392139286409176,TS,2020153N13072,20.392139286409176,0,
NONCYCLONE_02323,12.605570641549448,TS,2004125N11074,12.605570641549448,0,
NONCYCLONE_02324,21.693476464668784,TS,2013130N04093,21.693476464668784,0,
NONCYCLONE_02325,50.560675994393385,TS,2008117N11090,50.560675994393385,0,
NONCYCLONE_02326,34.41096751350842,TS,2005298N12088,34.41096751350842,0,
NONCYCLONE_02327,19.131518181965376,TS,2014003N08086,19.131518181965376,0,
NONCYCLONE_02328,30.720742000242943,TS,2001141N14068,30.720742000242943,0,
NONCYCLONE_02329,48.201692811524644,DS,2017307N07102,48.201692811524644,0,
NONCYCLONE_02330,26.216046917469697,TS,2024295N15092,26.216046917469697,0,
NONCYCLONE_02331,27.060187523519513,MX,2012357N09064,27.060187523519513,0,
NONCYCLONE_02332,16.409768960477994,TS,2017333N06082,16.409768960477994,0,
NONCYCLONE_02333,20.996701531699618,MX,2013305N07141,20.996701531699618,0,
NONCYCLONE_02334,21.956961162315174,TS,2004307N09068,21.956961162315174,0,
NONCYCLONE_02335,15.251731794744297,TS,2019342N09062,15.251731794744297,0,
NONCYCLONE_02336,25.026876779768333,TS,2012321N14090,25.026876779768333,0,
NONCYCLONE_02337,36.164388186540414,TS,2006241N20088,36.164388186540414,0,
NONCYCLONE_02338,35.507479420646334,TS,2001364S19036,35.507479420646334,0,
NONCYCLONE_02339,38.785108794700115,TS,2019116N02090,38.785108794700115,0,
NONCYCLONE_02340,10.947857438844641,TS,2005338N09093,10.947857438844641,0,
NONCYCLONE_02341,28.998445552622833,TS,2015301N11065,28.998445552622833,0,
NONCYCLONE_02342,15.483603549038587,TS,2014159N12068,15.483603549038587,0,
NONCYCLONE_02343,15.303333018222641,TS,2024258N22091,15.303333018222641,0,
NONCYCLONE_02344,22.196517699017036,TS,2012296N06135,22.196517699017036,0,
NONCYCLONE_02345,24.147751218756415,TS,2018263N17089,24.147751218756415,0,
NONCYCLONE_02346,19.506028990517677,TS,2017163N20090,19.506028990517677,0,
NONCYCLONE_02347,11.26058830711824,TS,2005255N20088,11.26058830711824,0,
NONCYCLONE_02348,12.201630751366153,TS,2025295N09068,12.201630751366153,0,
NONCYCLONE_02349,11.452704160805975,TS,2001141N14068,11.452704160805975,0,
NONCYCLONE_02350,14.142285986072123,TS,2020353N06129,14.142285986072123,0,
NONCYCLONE_02351,19.846243954443167,DS,2006329N06150,19.846243954443167,0,
NONCYCLONE_02352,18.293351751853155,TS,2001281N18071,18.293351751853155,0,
NONCYCLONE_02353,15.320054544862247,TS,2021267N18094,15.320054544862247,0,
NONCYCLONE_02354,26.191200309412924,TS,2000358N08086,26.191200309412924,0,
NONCYCLONE_02355,23.134265429533702,TS,2018141N08059,23.134265429533702,0,
NONCYCLONE_02356,21.126976322874537,TS,2005260N20091,21.126976322874537,0,
NONCYCLONE_02357,24.612071744992264,TS,2004274N16069,24.612071744992264,0,
NONCYCLONE_02358,20.338160433333176,TS,2025295N09068,20.338160433333176,0,
NONCYCLONE_02359,23.894625990793205,TS,2007300N11068,23.894625990793205,0,
NONCYCLONE_02360,17.726117570605258,TS,2005257N20069,17.726117570605258,0,
NONCYCLONE_02361,22.48555521499908,TS,2023129N08091,22.48555521499908,0,
NONCYCLONE_02362,13.147497580311319,TS,2009313N11072,13.147497580311319,0,
NONCYCLONE_02363,14.952795251806386,TS,2023156N10067,14.952795251806386,0,
NONCYCLONE_02364,32.75602174014188,TS,2020335N06090,32.75602174014188,0,
NONCYCLONE_02365,30.228036334950094,TS,2021267N18094,30.228036334950094,0,
NONCYCLONE_02366,22.727405169772968,TS,2004274N16069,22.727405169772968,0,
NONCYCLONE_02367,13.531939485226879,TS,2011310N11066,13.531939485226879,0,
NONCYCLONE_02368,16.766471653143956,TS,2005330N09096,16.766471653143956,0,
NONCYCLONE_02369,37.46705681563222,MX,2006330S06049,37.46705681563222,0,
NONCYCLONE_02370,46.04695881026485,TS,2005262N13127,46.04695881026485,0,
NONCYCLONE_02371,37.495996677531984,TS,2005298N12088,37.495996677531984,0,
NONCYCLONE_02372,21.07880003600385,TS,2007172N15088,21.07880003600385,0,
NONCYCLONE_02373,17.505949491943504,TS,2014297N11062,17.505949491943504,0,
NONCYCLONE_02374,40.846693300424555,TS,2015207N22091,40.846693300424555,0,
NONCYCLONE_02375,23.54202788787946,TS,2017207N24085,23.54202788787946,0,
NONCYCLONE_02376,31.4010013080283,TS,2025331N06083,31.4010013080283,0,
NONCYCLONE_02377,15.458039778416682,TS,2021264N13119,15.458039778416682,0,
NONCYCLONE_02378,36.14837250531293,TS,2016308N13088,36.14837250531293,0,
NONCYCLONE_02379,13.865796991865455,TS,2025295N09068,13.865796991865455,0,
NONCYCLONE_02380,21.19899249234813,TS,2017163N20090,21.19899249234813,0,
NONCYCLONE_02381,16.112544199917036,TS,2001267N17070,16.112544199917036,0,
NONCYCLONE_02382,21.41694633007885,TS,2012301N11087,21.41694633007885,0,
NONCYCLONE_02383,13.707490015903044,MX,2023317N10094,13.707490015903044,0,
NONCYCLONE_02384,20.232303174667127,TS,2008338N06092,20.232303174667127,0,
NONCYCLONE_02385,18.369143694951063,TS,2018347N07089,18.369143694951063,0,
NONCYCLONE_02386,16.2634009102257,TS,2019329N09160,16.2634009102257,0,
NONCYCLONE_02387,38.59580893220112,DS,2005330N09096,38.59580893220112,0,
NONCYCLONE_02388,36.439668272551614,TS,2014297N11062,36.439668272551614,0,
NONCYCLONE_02389,10.126281508303878,TS,2015309N14067,10.126281508303878,1,TS
NONCYCLONE_02390,20.594895346898074,TS,2023156N10067,20.594895346898074,0,
NONCYCLONE_02391,25.954680432356096,TS,2004319N10134,25.954680432356096,0,
NONCYCLONE_02392,25.957791720066762,TS,2020150N17054,25.957791720066762,0,
NONCYCLONE_02393,13.947142851701798,TS,2011302N13062,13.947142851701798,0,
NONCYCLONE_02394,32.217989408504295,TS,2024145N14087,32.217989408504295,0,
NONCYCLONE_02395,9.121291051704535,TS,2004312S05085,9.121291051704535,1,TS
NONCYCLONE_02396,18.66010503520105,TS,2016341N08092,18.66010503520105,0,
NONCYCLONE_02397,33.924973888382006,TS,2008117N11090,33.924973888382006,0,
NONCYCLONE_02398,11.764223383392107,TS,2009344N06085,11.764223383392107,0,
NONCYCLONE_02399,15.73292706273827,TS,2019301N05081,15.73292706273827,0,
NONCYCLONE_02400,32.47553523111633,TS,2025195N23089,32.47553523111633,0,
NONCYCLONE_02401,44.1129240151933,TS,2025270N19086,44.1129240151933,0,
NONCYCLONE_02402,15.40248964937756,TS,2009104N13088,15.40248964937756,0,
NONCYCLONE_02403,16.528388995373398,TS,2016230N21089,16.528388995373398,0,
NONCYCLONE_02404,29.560990028372135,TS,2007314N10093,29.560990028372135,0,
NONCYCLONE_02405,25.587022431567917,TS,2022230N18095,25.587022431567917,0,
NONCYCLONE_02406,41.494788854344876,TS,2015171N18086,41.494788854344876,0,
NONCYCLONE_02407,17.669460991999472,TS,2001141N14068,17.669460991999472,0,
NONCYCLONE_02408,26.554586311040406,TS,2022347N12074,26.554586311040406,0,
NONCYCLONE_02409,27.25777286150719,TS,2006262N19069,27.25777286150719,0,
NONCYCLONE_02410,16.02574458415888,TS,2016308N13088,16.02574458415888,0,
NONCYCLONE_02411,19.268338229883724,DS,2004274N16069,19.268338229883724,0,
NONCYCLONE_02412,40.71768017689816,TS,2016138N10081,40.71768017689816,0,
NONCYCLONE_02413,24.156889970969413,TS,2014279N11096,24.156889970969413,0,
NONCYCLONE_02414,16.246613374055144,TS,2009247N19089,16.246613374055144,0,
NONCYCLONE_02415,23.60107786323637,DS,2019264N19071,23.60107786323637,0,
NONCYCLONE_02416,25.959445993440678,TS,2024216N24085,25.959445993440678,0,
NONCYCLONE_02417,14.218829955216128,TS,2005260N20091,14.218829955216128,0,
NONCYCLONE_02418,31.3436820730399,TS,2004332N02072,31.3436820730399,0,
NONCYCLONE_02419,12.593126145800317,TS,2022079N10093,12.593126145800317,0,
NONCYCLONE_02420,26.468359466739603,TS,2017104N08085,26.468359466739603,0,
NONCYCLONE_02421,17.568985856718086,TS,2003313S05079,17.568985856718086,0,
NONCYCLONE_02422,20.612246835412098,DS,2018351S09059,20.612246835412098,0,
NONCYCLONE_02423,15.284520544126638,TS,2005172N22069,15.284520544126638,0,
NONCYCLONE_02424,28.754225519041018,TS,2015191N23085,28.754225519041018,0,
NONCYCLONE_02425,37.9749960323404,TS,2014279N11096,37.9749960323404,0,
NONCYCLONE_02426,34.88546861841677,TS,2005179N22088,34.88546861841677,0,
NONCYCLONE_02427,13.692697986337757,TS,2008338N06092,13.692697986337757,0,
NONCYCLONE_02428,43.60617894031421,DS,2005298N12088,43.60617894031421,0,
NONCYCLONE_02429,32.0641721118796,TS,2008117N11090,32.0641721118796,0,
NONCYCLONE_02430,12.644200137950897,TS,2019335N05058,12.644200137950897,0,
NONCYCLONE_02431,23.775667214208596,DS,2005349N06090,23.775667214208596,0,
NONCYCLONE_02432,30.47180644900582,TS,2010151N14065,30.47180644900582,0,
NONCYCLONE_02433,43.770744603253924,TS,2008117N11090,43.770744603253924,0,
NONCYCLONE_02434,41.37765851561499,TS,2018202N21088,41.37765851561499,0,
NONCYCLONE_02435,27.92933179020743,DS,2004125S08084,27.92933179020743,0,
NONCYCLONE_02436,21.561803868663077,TS,2012301N11087,21.561803868663077,0,
NONCYCLONE_02437,10.155469829668219,TS,2007151N14072,10.155469829668219,0,
NONCYCLONE_02438,19.173248059756354,TS,2021133N10071,19.173248059756354,0,
NONCYCLONE_02439,16.660918453282004,DS,2006262N19069,16.660918453282004,0,
NONCYCLONE_02440,35.35210718518635,TS,2017292N17087,35.35210718518635,0,
NONCYCLONE_02441,20.87406245975938,TS,2001141N14068,20.87406245975938,0,
NONCYCLONE_02442,34.37926158820596,TS,2010305N06105,34.37926158820596,0,
NONCYCLONE_02443,11.860373130645693,TS,2009104N13088,11.860373130645693,0,
NONCYCLONE_02444,30.145195572722358,TS,2001163N20087,30.145195572722358,0,
NONCYCLONE_02445,29.888375524212805,TS,2005324N08085,29.888375524212805,0,
NONCYCLONE_02446,28.148911122616852,TS,2003316N11141,28.148911122616852,0,
NONCYCLONE_02447,12.11947796164356,TS,2008338N06092,12.11947796164356,0,
NONCYCLONE_02448,28.395224681323814,TS,2006114N08090,28.395224681323814,0,
NONCYCLONE_02449,22.79602031340432,TS,2005012N04090,22.79602031340432,0,
NONCYCLONE_02450,13.056807908848963,DS,2019160N11073,13.056807908848963,0,
NONCYCLONE_02451,25.993173383743038,TS,2013301N13142,25.993173383743038,0,
NONCYCLONE_02452,16.68305199333725,TS,2006262N19069,16.68305199333725,0,
NONCYCLONE_02453,24.27617302902339,TS,2002122S07063,24.27617302902339,0,
NONCYCLONE_02454,18.891704072433072,DS,2005298N12088,18.891704072433072,0,
NONCYCLONE_02455,20.158453308300462,TS,2010293N17093,20.158453308300462,0,
NONCYCLONE_02456,23.080165934664702,TS,2025206N21090,23.080165934664702,0,
NONCYCLONE_02457,28.69695649422081,TS,2008338N06092,28.69695649422081,0,
NONCYCLONE_02458,22.02454952715032,TS,2017333N06082,22.02454952715032,0,
NONCYCLONE_02459,18.576708355423946,TS,2002327N10089,18.576708355423946,0,
NONCYCLONE_02460,15.973504033400639,TS,2012357N09064,15.973504033400639,0,
NONCYCLONE_02461,16.716287060130735,TS,2018136N11054,16.716287060130735,0,
NONCYCLONE_02462,50.320844317221855,TS,2018365N08115,50.320844317221855,0,
NONCYCLONE_02463,24.49488384200378,TS,2022197N22069,24.49488384200378,0,
NONCYCLONE_02464,13.43495503293794,DS,2008338N06092,13.43495503293794,0,
NONCYCLONE_02465,31.892003093324327,TS,2016295N13089,31.892003093324327,0,
NONCYCLONE_02466,28.894857291109037,DS,2024329N04089,28.894857291109037,0,
NONCYCLONE_02467,26.436254346635906,TS,2002128S05097,26.436254346635906,0,
NONCYCLONE_02468,37.502391945886096,MX,2024145N14087,37.502391945886096,0,
NONCYCLONE_02469,17.652060010199108,TS,2018365N08115,17.652060010199108,0,
NONCYCLONE_02470,25.979799838838545,TS,2006262N19069,25.979799838838545,0,
NONCYCLONE_02471,27.373027928114,TS,2011290N15090,27.373027928114,0,
NONCYCLONE_02472,24.823828802145844,TS,2011160N18070,24.823828802145844,0,
NONCYCLONE_02473,66.222292318227,TS,2017232N19130,66.222292318227,0,
NONCYCLONE_02474,12.718845220400063,TS,2011360N09088,12.718845220400063,0,
NONCYCLONE_02475,18.878598733549886,TS,2015312N11084,18.878598733549886,0,
NONCYCLONE_02476,30.601797665700225,TS,2012301N11087,30.601797665700225,0,
NONCYCLONE_02477,28.30750001208523,TS,2011167N22089,28.30750001208523,0,
NONCYCLONE_02478,15.585520664142944,TS,2004274N16069,15.585520664142944,0,
NONCYCLONE_02479,14.691128483606807,TS,2004158N07142,14.691128483606807,0,
NONCYCLONE_02480,15.257508157309047,TS,2010305N06105,15.257508157309047,0,
NONCYCLONE_02481,40.5016218435799,TS,2005262N13127,40.5016218435799,0,
NONCYCLONE_02482,26.501198677046453,TS,2024329N04089,26.501198677046453,0,
NONCYCLONE_02483,12.794257329342187,DS,2016295N13089,12.794257329342187,0,
NONCYCLONE_02484,14.709713641980445,TS,2025331N06083,14.709713641980445,0,
NONCYCLONE_02485,12.82557536599122,TS,2024288N16065,12.82557536599122,0,
NONCYCLONE_02486,11.897758437354952,TS,2018227N20086,11.897758437354952,0,
NONCYCLONE_02487,24.23885640037263,DS,2017307N07102,24.23885640037263,0,
NONCYCLONE_02488,37.71602984387197,TS,2008117N11090,37.71602984387197,0,
NONCYCLONE_02489,21.356115988805687,DS,2019296N15066,21.356115988805687,0,
NONCYCLONE_02490,36.99316272308132,TS,2018161N22092,36.99316272308132,0,
NONCYCLONE_02491,21.726665120447876,TS,2001267N17070,21.726665120447876,0,
NONCYCLONE_02492,20.31726696935682,TS,2002295N14082,20.31726696935682,0,
NONCYCLONE_02493,19.718734630375668,DS,2022338N05100,19.718734630375668,0,
NONCYCLONE_02494,24.01558286697787,TS,2013281N12098,24.01558286697787,0,
NONCYCLONE_02495,16.339051652655748,TS,2005007N04085,16.339051652655748,0,
NONCYCLONE_02496,20.873470456241485,DS,2025266N11137,20.873470456241485,0,
NONCYCLONE_02497,40.45961300925431,TS,2020150N17054,40.45961300925431,0,
NONCYCLONE_02498,21.527455698811487,TS,2021312N07090,21.527455698811487,0,
NONCYCLONE_02499,12.815532776256305,DS,2020335N06090,12.815532776256305,0,
NONCYCLONE_02500,23.04601971974901,TS,2018347N07089,23.04601971974901,0,
NONCYCLONE_02501,36.47618138235255,TS,2019218N21088,36.47618138235255,0,
NONCYCLONE_02502,27.01988065694252,TS,2011167N22089,27.01988065694252,0,
NONCYCLONE_02503,11.427894488038273,TS,2004332N02072,11.427894488038273,1,TS
NONCYCLONE_02504,18.191640324390388,TS,2002126N09068,18.191640324390388,0,
NONCYCLONE_02505,29.20409018761494,TS,2004325S06078,29.20409018761494,0,
NONCYCLONE_02506,17.231780630266844,TS,2018141N08059,17.231780630266844,0,
NONCYCLONE_02507,11.24201833890588,TS,2001313N12084,11.24201833890588,0,
NONCYCLONE_02508,16.536606898357196,TS,2008117N11090,16.536606898357196,0,
NONCYCLONE_02509,22.62402809868737,TS,2018202N21088,22.62402809868737,0,
NONCYCLONE_02510,12.541580100676857,TS,2025295N09068,12.541580100676857,0,
NONCYCLONE_02511,43.075896740403856,MX,2024295N15092,43.075896740403856,0,
NONCYCLONE_02512,17.476721986343765,TS,2018279N11069,17.476721986343765,0,
NONCYCLONE_02513,23.18424290906703,DS,2023334N08088,23.18424290906703,0,
NONCYCLONE_02514,15.877177320676171,TS,2016138N10081,15.877177320676171,0,
NONCYCLONE_02515,22.39926238986312,TS,2013305N07141,22.39926238986312,0,
NONCYCLONE_02516,12.769259376061664,DS,2006012N03081,12.769259376061664,0,
NONCYCLONE_02517,10.162081058584915,TS,2005179N22088,10.162081058584915,0,
NONCYCLONE_02518,43.794262221031644,DS,2010293N17093,43.794262221031644,0,
NONCYCLONE_02519,15.154767652692811,TS,2022324N10086,15.154767652692811,0,
NONCYCLONE_02520,18.572247319620967,TS,2022324N10086,18.572247319620967,0,
NONCYCLONE_02521,16.013225701406846,DS,2021267N18094,16.013225701406846,0,
NONCYCLONE_02522,41.491497130330366,TS,2010151N14065,41.491497130330366,0,
NONCYCLONE_02523,39.98274862863466,TS,2002327N10089,39.98274862863466,0,
NONCYCLONE_02524,22.81848505045703,TS,2018263N17089,22.81848505045703,0,
NONCYCLONE_02525,22.479196490768025,TS,2024295N15092,22.479196490768025,0,
NONCYCLONE_02526,25.691261359265166,TS,2022079N10093,25.691261359265166,0,
NONCYCLONE_02527,19.10487097704339,TS,2014003N08086,19.10487097704339,0,
NONCYCLONE_02528,13.742885074493513,TS,2019301N05081,13.742885074493513,0,
NONCYCLONE_02529,24.282175109574805,TS,2000299N13093,24.282175109574805,0,
NONCYCLONE_02530,30.699392925488734,TS,2024288N16065,30.699392925488734,0,
NONCYCLONE_02531,31.985658259191315,TS,2006329N06150,31.985658259191315,0,
NONCYCLONE_02532,13.741075518122019,TS,2001141N14068,13.741075518122019,0,
NONCYCLONE_02533,31.501219831783104,TS,2010305N06105,31.501219831783104,0,
NONCYCLONE_02534,13.395575966735759,TS,2004307N09068,13.395575966735759,0,
NONCYCLONE_02535,16.899838567601826,TS,2024238N25077,16.899838567601826,0,
NONCYCLONE_02536,23.295216335553615,TS,2011302N13062,23.295216335553615,0,
NONCYCLONE_02537,46.63761574068275,TS,2017163N20090,46.63761574068275,0,
NONCYCLONE_02538,15.028582625484951,TS,2024329N04089,15.028582625484951,0,
NONCYCLONE_02539,34.8890821993984,TS,2011302N13062,34.8890821993984,0,
NONCYCLONE_02540,15.509808359666744,DS,2013310N06066,15.509808359666744,0,
NONCYCLONE_02541,11.968855278779804,TS,2016138N10081,11.968855278779804,0,
NONCYCLONE_02542,22.690973690074717,TS,2016230N21089,22.690973690074717,0,
NONCYCLONE_02543,19.351761970295552,TS,2020291N18069,19.351761970295552,0,
NONCYCLONE_02544,19.746968048136598,TS,2018321N10113,19.746968048136598,0,
NONCYCLONE_02545,21.50168346155077,TS,2000331N09092,21.50168346155077,0,
NONCYCLONE_02546,19.120660285265448,TS,2025331N06083,19.120660285265448,0,
NONCYCLONE_02547,14.95087543836373,TS,2022126N07095,14.95087543836373,0,
NONCYCLONE_02548,27.37965710240188,TS,2005330N09096,27.37965710240188,0,
NONCYCLONE_02549,30.259869714847195,DS,2004307N09068,30.259869714847195,0,
NONCYCLONE_02550,29.86435436842925,TS,2016341N08092,29.86435436842925,0,
NONCYCLONE_02551,18.289858669498845,TS,2021256N20087,18.289858669498845,0,
NONCYCLONE_02552,10.13585085539551,TS,2014159N12068,10.13585085539551,1,TS
NONCYCLONE_02553,32.80903474140455,TS,2020136N10088,32.80903474140455,0,
NONCYCLONE_02554,46.61426600032419,TS,2003295N09101,46.61426600032419,0,
NONCYCLONE_02555,16.285574798033974,TS,2008117N11090,16.285574798033974,0,
NONCYCLONE_02556,15.384644537049564,TS,2005260N20091,15.384644537049564,0,
NONCYCLONE_02557,36.50885293137718,TS,2023212N19090,36.50885293137718,0,
NONCYCLONE_02558,28.590884940797082,TS,2018279N11069,28.590884940797082,0,
NONCYCLONE_02559,47.6578889454446,TS,2004136N15090,47.6578889454446,0,
NONCYCLONE_02560,11.727306395434894,TS,2023160N20092,11.727306395434894,0,
NONCYCLONE_02561,25.819272680258305,TS,2018365N08115,25.819272680258305,0,
NONCYCLONE_02562,23.293120622159194,TS,2021312N07090,23.293120622159194,0,
NONCYCLONE_02563,38.16212380727931,DS,2008329N09082,38.16212380727931,0,
NONCYCLONE_02564,26.403194522502837,TS,2003279N17084,26.403194522502837,0,
NONCYCLONE_02565,28.827157932999985,TS,2010280N17085,28.827157932999985,0,
NONCYCLONE_02566,18.556969249531335,TS,2015312N11084,18.556969249531335,0,
NONCYCLONE_02567,17.36852767814418,TS,2022338N05100,17.36852767814418,0,
NONCYCLONE_02568,16.70000000000002,TS,2015259N20084,16.70000000000002,0,
NONCYCLONE_02569,36.53145105759082,TS,2023129N08091,36.53145105759082,0,
NONCYCLONE_02570,17.262556489871724,TS,2023293N12089,17.262556489871724,0,
NONCYCLONE_02571,23.77854396246369,TS,2006262N19069,23.77854396246369,0,
NONCYCLONE_02572,31.38062836076224,TS,2016230N21089,31.38062836076224,0,
NONCYCLONE_02573,34.02226863690146,MX,2021335N08096,34.02226863690146,0,
NONCYCLONE_02574,18.01734182315167,TS,2011167N22089,18.01734182315167,0,
NONCYCLONE_02575,14.378388391239023,TS,2022126N07095,14.378388391239023,0,
NONCYCLONE_02576,23.5688583222489,TS,2003313S05079,23.5688583222489,0,
NONCYCLONE_02577,11.738213504463806,TS,2001288N13084,11.738213504463806,1,TS
NONCYCLONE_02578,22.38773386126213,TS,2004256N23089,22.38773386126213,0,
NONCYCLONE_02579,13.767146596854356,TS,2014297N11062,13.767146596854356,0,
NONCYCLONE_02580,18.41963522597871,TS,2025250N25073,18.41963522597871,0,
NONCYCLONE_02581,22.14931473847857,TS,2004332N02072,22.14931473847857,0,
NONCYCLONE_02582,10.233363787294914,TS,2019301N05081,10.233363787294914,0,
NONCYCLONE_02583,12.434046416481054,TS,2004274N16069,12.434046416481054,0,
NONCYCLONE_02584,16.294702757641787,TS,2021264N13119,16.294702757641787,0,
NONCYCLONE_02585,20.800224668866594,TS,2005210N21088,20.800224668866594,0,
NONCYCLONE_02586,11.261297200542494,DS,2013322N13090,11.261297200542494,0,
NONCYCLONE_02587,12.862188807909234,TS,2018279N11069,12.862188807909234,0,
NONCYCLONE_02588,10.817381138433753,TS,2013339N09084,10.817381138433753,0,
NONCYCLONE_02589,33.32848976807555,TS,2024238N25077,33.32848976807555,0,
NONCYCLONE_02590,22.01020205155304,TS,2014297N11062,22.01020205155304,0,
NONCYCLONE_02591,18.932437737794295,TS,2018279N11069,18.932437737794295,0,
NONCYCLONE_02592,10.004222969005124,TS,2011160N18070,10.004222969005124,0,
NONCYCLONE_02593,22.532372551869628,TS,2015280N13071,22.532372551869628,0,
NONCYCLONE_02594,25.036526136916947,TS,2014141N16091,25.036526136916947,0,
NONCYCLONE_02595,36.02392009020012,TS,2014216N21089,36.02392009020012,0,
NONCYCLONE_02596,29.07203111148649,TS,2017232N19130,29.07203111148649,0,
NONCYCLONE_02597,11.3214745302256,TS,2019160N11073,11.3214745302256,1,TS
NONCYCLONE_02598,11.693636953177387,TS,2000358N08086,11.693636953177387,1,TS
NONCYCLONE_02599,41.25705142508242,TS,2003129N05091,41.25705142508242,0,
NONCYCLONE_02600,35.60018023718151,TS,2000088N08090,35.60018023718151,0,
NONCYCLONE_02601,21.53851682295653,DS,2008317N11089,21.53851682295653,0,
NONCYCLONE_02602,13.84658589450587,TS,2015209N26072,13.84658589450587,0,
NONCYCLONE_02603,17.319898006840635,TS,2017319N15083,17.319898006840635,0,
NONCYCLONE_02604,24.887701080912876,DS,2004312S05085,24.887701080912876,0,
NONCYCLONE_02605,27.31252305285106,TS,2017104N08085,27.31252305285106,0,
NONCYCLONE_02606,18.983816612852138,TS,2005349N06090,18.983816612852138,0,
NONCYCLONE_02607,16.075243847308403,TS,2010137N10090,16.075243847308403,0,
NONCYCLONE_02608,18.094204975820098,TS,2007151N14072,18.094204975820098,0,
NONCYCLONE_02609,33.812266199510574,TS,2006182N20088,33.812266199510574,0,
NONCYCLONE_02610,25.02113525236645,TS,2020136N10088,25.02113525236645,0,
NONCYCLONE_02611,41.342427729382045,TS,2003129N05091,41.342427729382045,0,
NONCYCLONE_02612,17.832355938241687,TS,2008317N11089,17.832355938241687,0,
NONCYCLONE_02613,14.063641752103182,TS,2022356N09085,14.063641752103182,0,
NONCYCLONE_02614,20.27035288693674,TS,2018141N08059,20.27035288693674,0,
NONCYCLONE_02615,15.114028062800587,TS,2011330N06078,15.114028062800587,0,
NONCYCLONE_02616,36.21359916039784,TS,2004136N15090,36.21359916039784,0,
NONCYCLONE_02617,22.552854915157614,TS,2025196N27075,22.552854915157614,0,
NONCYCLONE_02618,12.480673668967894,TS,2022224N22067,12.480673668967894,0,
NONCYCLONE_02619,15.336984041815356,TS,2001281N18071,15.336984041815356,0,
NONCYCLONE_02620,25.824575012872796,TS,2004307N09068,25.824575012872796,0,
NONCYCLONE_02621,17.90945093217905,TS,2024244N09137,17.90945093217905,0,
NONCYCLONE_02622,32.708106564367775,TS,2014279N11096,32.708106564367775,0,
NONCYCLONE_02623,16.656398914918146,TS,2021133N10071,16.656398914918146,0,
NONCYCLONE_02624,36.28924364440664,TS,2016222N22089,36.28924364440664,0,
NONCYCLONE_02625,35.484777140645704,TS,2018219N21088,35.484777140645704,0,
NONCYCLONE_02626,12.806373412904236,TS,2010293N17093,12.806373412904236,0,
NONCYCLONE_02627,10.125178352243234,TS,2008338N06092,10.125178352243234,0,
NONCYCLONE_02628,25.90955571079331,TS,2019296N15066,25.90955571079331,0,
NONCYCLONE_02629,16.063904740451644,TS,2003129N05091,16.063904740451644,0,
NONCYCLONE_02630,12.585273412801731,TS,2004307N09068,12.585273412801731,0,
NONCYCLONE_02631,19.467304331970954,DS,2020327N08086,19.467304331970954,0,
NONCYCLONE_02632,26.150336236993535,TS,2018141N08059,26.150336236993535,0,
NONCYCLONE_02633,23.38509671066619,TS,2024216N24085,23.38509671066619,0,
NONCYCLONE_02634,19.953359324919152,TS,2008259N20089,19.953359324919152,0,
NONCYCLONE_02635,79.23427084445112,MX,2017232N19130,79.23427084445112,0,
NONCYCLONE_02636,33.26739748822164,TS,2000358N08086,33.26739748822164,0,
NONCYCLONE_02637,22.877378810151875,DS,2019337N11072,22.877378810151875,0,
NONCYCLONE_02638,18.417694764481165,TS,2018314N12093,18.417694764481165,0,
NONCYCLONE_02639,50.45651822792878,DS,2017307N07102,50.45651822792878,0,
NONCYCLONE_02640,35.077466853125316,TS,2014279N11096,35.077466853125316,0,
NONCYCLONE_02641,21.655488869577656,TS,2003206N21089,21.655488869577656,0,
NONCYCLONE_02642,24.354351356162304,TS,2025275N22068,24.354351356162304,0,
NONCYCLONE_02643,45.84788569330616,TS,2018365N08115,45.84788569330616,0,
NONCYCLONE_02644,48.283076147524135,TS,2000299N13093,48.283076147524135,0,
NONCYCLONE_02645,14.615439575699176,TS,2014003N08086,14.615439575699176,0,
NONCYCLONE_02646,46.900916818843505,TS,2023129N08091,46.900916818843505,0,
NONCYCLONE_02647,13.343154769928136,TS,2013310N06066,13.343154769928136,0,
NONCYCLONE_02648,24.954328516509996,TS,2010286N18090,24.954328516509996,0,
NONCYCLONE_02649,12.986771611903416,DS,2004274N16069,12.986771611903416,0,
NONCYCLONE_02650,18.732613647297075,TS,2004274N16069,18.732613647297075,0,
NONCYCLONE_02651,28.345358466569728,TS,2006300N07078,28.345358466569728,0,
NONCYCLONE_02652,32.74081365570651,TS,2022230N18095,32.74081365570651,0,
NONCYCLONE_02653,40.678974649663566,TS,2017199N19086,40.678974649663566,0,
NONCYCLONE_02654,18.56238541880707,TS,2021267N18094,18.56238541880707,0,
NONCYCLONE_02655,15.54041447682425,DS,2020353N06129,15.54041447682425,0,
NONCYCLONE_02656,23.534087419379343,TS,2003129N05091,23.534087419379343,0,
NONCYCLONE_02657,22.54954089917737,TS,2006262N19069,22.54954089917737,0,
NONCYCLONE_02658,28.68291238092615,TS,2017199N19086,28.68291238092615,0,
NONCYCLONE_02659,13.765792275540257,TS,2008223N20086,13.765792275540257,0,
NONCYCLONE_02660,40.150607796948044,DS,2006182N20088,40.150607796948044,0,
NONCYCLONE_02661,24.832480022426388,TS,2011330N06078,24.832480022426388,0,
NONCYCLONE_02662,32.73591893881419,DS,2004125N11074,32.73591893881419,0,
NONCYCLONE_02663,12.535740086938887,DS,2009104N13088,12.535740086938887,0,
NONCYCLONE_02664,14.570828133574784,TS,2005330N09096,14.570828133574784,0,
NONCYCLONE_02665,20.5393184531792,TS,2020136N10088,20.5393184531792,0,
NONCYCLONE_02666,32.79237185816076,TS,2019329N09160,32.79237185816076,0,
NONCYCLONE_02667,32.03277745277961,TS,2004332N02072,32.03277745277961,0,
NONCYCLONE_02668,18.23533497541561,TS,2016335N07088,18.23533497541561,0,
NONCYCLONE_02669,13.181077343305745,TS,2005210N21088,13.181077343305745,0,
NONCYCLONE_02670,39.11465306451068,TS,2023129N08091,39.11465306451068,0,
NONCYCLONE_02671,14.702098367989489,TS,2013301N13142,14.702098367989489,0,
NONCYCLONE_02672,13.836178942577405,MX,2007133N15091,13.836178942577405,0,
NONCYCLONE_02673,15.678898845638974,TS,2015301N11065,15.678898845638974,0,
NONCYCLONE_02674,8.546328604633004,TS,2012296N06135,8.546328604633004,1,TS
NONCYCLONE_02675,15.303892234812857,TS,2020153N13072,15.303892234812857,0,
NONCYCLONE_02676,34.89378763302122,TS,2019116N02090,34.89378763302122,0,
NONCYCLONE_02677,17.627637575667208,DS,2022224N22067,17.627637575667208,0,
NONCYCLONE_02678,18.2728831171277,TS,2013339N09084,18.2728831171277,0,
NONCYCLONE_02679,43.58824384587817,TS,2002327N10089,43.58824384587817,0,
NONCYCLONE_02680,20.462557651770833,TS,2009313N11072,20.462557651770833,0,
NONCYCLONE_02681,11.786141740181929,TS,2025275N22068,11.786141740181929,0,
NONCYCLONE_02682,22.165756686279167,TS,2004158N07142,22.165756686279167,0,
NONCYCLONE_02683,40.20868159363547,TS,2001313N12084,40.20868159363547,0,
NONCYCLONE_02684,10.21432807341115,TS,2015301N11065,10.21432807341115,0,
NONCYCLONE_02685,20.849547283104723,TS,2025295N09068,20.849547283104723,0,
NONCYCLONE_02686,20.66992204252164,TS,2002319S06078,20.66992204252164,0,
NONCYCLONE_02687,10.070130614040156,TS,2025298N11089,10.070130614040156,0,
NONCYCLONE_02688,23.260391430608802,TS,2015280N13071,23.260391430608802,0,
NONCYCLONE_02689,11.135373896675757,TS,2023156N10067,11.135373896675757,0,
NONCYCLONE_02690,25.67833082819888,TS,2017333N06082,25.67833082819888,0,
NONCYCLONE_02691,20.07640273976551,TS,2013232N22088,20.07640273976551,0,
NONCYCLONE_02692,34.570412594613416,TS,2017104N08085,34.570412594613416,0,
NONCYCLONE_02693,53.0097657423949,TS,2001361N01106,53.0097657423949,0,
NONCYCLONE_02694,22.338621336803783,TS,2000358N08086,22.338621336803783,0,
NONCYCLONE_02695,22.41437013472921,TS,2004125S08084,22.41437013472921,0,
NONCYCLONE_02696,15.703943136168862,MX,2011302N13062,15.703943136168862,0,
NONCYCLONE_02697,39.643116839330304,TS,2005262N13127,39.643116839330304,0,
NONCYCLONE_02698,24.797559576169242,TS,2005330N09096,24.797559576169242,0,
NONCYCLONE_02699,24.83422244883758,TS,2022226N22088,24.83422244883758,0,
NONCYCLONE_02700,12.142859258178712,TS,2014159N12068,12.142859258178712,0,
NONCYCLONE_02701,56.092716501931235,ET,2005249N26281,67.91800788102555,0,
NONCYCLONE_02702,19.770783576558408,TS,2015173N20067,19.770783576558408,0,
NONCYCLONE_02703,14.823536131341188,TS,2018281N14088,14.823536131341188,0,
NONCYCLONE_02704,10.016394331064168,TS,2008259N20089,10.016394331064168,0,
NONCYCLONE_02705,29.516348349684247,TS,2022356N09085,29.516348349684247,0,
NONCYCLONE_02706,11.295596496662002,TS,2005007N04085,11.295596496662002,0,
NONCYCLONE_02707,43.43148982904349,TS,2013324N07103,43.43148982904349,0,
NONCYCLONE_02708,35.650925688905836,TS,2013305N07141,35.650925688905836,0,
NONCYCLONE_02709,13.306088953525823,TS,2022126N07095,13.306088953525823,0,
NONCYCLONE_02710,41.6623826820834,TS,2000299N13093,41.6623826820834,0,
NONCYCLONE_02711,27.825040048013275,TS,2018279N11069,27.825040048013275,0,
NONCYCLONE_02712,15.599019701235743,TS,2007133N15091,15.599019701235743,0,
NONCYCLONE_02713,11.406618604444885,TS,2023129N08091,11.406618604444885,0,
NONCYCLONE_02714,21.999728233212082,TS,2004325S06078,21.999728233212082,0,
NONCYCLONE_02715,29.799361279719488,TS,2010293N17093,29.799361279719488,0,
NONCYCLONE_02716,43.720893801418676,TS,2007172N15088,43.720893801418676,0,
NONCYCLONE_02717,14.294264962781106,TS,2014003N08086,14.294264962781106,0,
NONCYCLONE_02718,12.424520989730288,TS,2023156N10067,12.424520989730288,1,TS
NONCYCLONE_02719,24.48219134195588,TS,2005007N04085,24.48219134195588,0,
NONCYCLONE_02720,11.470156869854339,TS,2007172N15088,11.470156869854339,0,
NONCYCLONE_02721,34.89532258350449,TS,2002355N04077,34.89532258350449,0,
NONCYCLONE_02722,12.127696522878265,TS,2019160N11073,12.127696522878265,0,
NONCYCLONE_02723,19.638656371550766,TS,2015207N22091,19.638656371550766,0,
NONCYCLONE_02724,19.26895922726587,TS,2018314N12093,19.26895922726587,0,
NONCYCLONE_02725,24.94853582768447,TS,2008329N09082,24.94853582768447,0,
NONCYCLONE_02726,14.178429359303262,TS,2016228N22117,14.178429359303262,0,
NONCYCLONE_02727,27.899338494068726,TS,2016341N08092,27.899338494068726,0,
NONCYCLONE_02728,42.80413168022847,MX,2012321N14090,42.80413168022847,0,
NONCYCLONE_02729,26.205601662987522,MX,2012321N14090,26.205601662987522,0,
NONCYCLONE_02730,26.452701562582718,TS,2005324N08085,26.452701562582718,0,
NONCYCLONE_02731,37.363006906298125,TS,2006330S06049,37.363006906298125,0,
NONCYCLONE_02732,32.472829336385225,TS,2001288N13084,32.472829336385225,0,
NONCYCLONE_02733,26.088665669986728,TS,2003122S11065,26.088665669986728,0,
NONCYCLONE_02734,13.903014132962003,TS,2011203N24085,13.903014132962003,0,
NONCYCLONE_02735,17.735887248470085,DS,2014297N11062,17.735887248470085,0,
NONCYCLONE_02736,10.20882453868449,TS,2002314N12083,10.20882453868449,0,
NONCYCLONE_02737,21.81393126598755,DS,2006012N03081,21.81393126598755,0,
NONCYCLONE_02738,25.76659687219892,TS,2023156N10067,25.76659687219892,0,
NONCYCLONE_02739,80.02354613363858,DS,2020353N06129,80.02354613363858,0,
NONCYCLONE_02740,34.68492757346941,TS,2005330N09096,34.68492757346941,0,
NONCYCLONE_02741,10.87131818466589,TS,2011360N09088,10.87131818466589,0,
NONCYCLONE_02742,20.29780835294525,TS,2023030N08087,20.29780835294525,0,
NONCYCLONE_02743,37.57921083918798,TS,2025331N06083,37.57921083918798,0,
NONCYCLONE_02744,10.53681172508639,TS,2004162N18068,10.53681172508639,0,
NONCYCLONE_02745,25.181244710786622,TS,2009313N11072,25.181244710786622,0,
NONCYCLONE_02746,33.17065975091106,DS,2008317N11089,33.17065975091106,0,
NONCYCLONE_02747,30.179222224685542,TS,2020150N17054,30.179222224685542,0,
NONCYCLONE_02748,27.31707648895897,TS,2010305N06105,27.31707648895897,0,
NONCYCLONE_02749,21.09440165278321,TS,2014003N08086,21.09440165278321,0,
NONCYCLONE_02750,17.41640014251357,TS,2025331N06083,17.41640014251357,0,
NONCYCLONE_02751,17.20422174980141,TS,2000289N15089,17.20422174980141,0,
NONCYCLONE_02752,29.309227278279717,TS,2021335N08096,29.309227278279717,0,
NONCYCLONE_02753,12.71192495437892,TS,2002327N10089,12.71192495437892,0,
NONCYCLONE_02754,20.443460786329887,TS,2021267N18094,20.443460786329887,0,
NONCYCLONE_02755,11.433527890950838,TS,2015157N13069,11.433527890950838,0,
NONCYCLONE_02756,27.842250843188552,DS,2004274N16069,27.842250843188552,0,
NONCYCLONE_02757,24.0059810905974,TS,2025275N22068,24.0059810905974,0,
NONCYCLONE_02758,25.09701348597302,TS,2006114N08090,25.09701348597302,0,
NONCYCLONE_02759,40.6795011138754,TS,2006182N20088,40.6795011138754,0,
NONCYCLONE_02760,16.766988622638507,TS,2004332N02072,16.766988622638507,0,
NONCYCLONE_02761,13.354815280872266,TS,2008317N11089,13.354815280872266,0,
NONCYCLONE_02762,24.77892958328139,TS,2013339N09084,24.77892958328139,0,
NONCYCLONE_02763,39.14370860253374,TS,2005260N20091,39.14370860253374,0,
NONCYCLONE_02764,10.360328845158278,TS,2023156N10067,10.360328845158278,1,TS
NONCYCLONE_02765,26.996379896455768,DS,2022224N22067,26.996379896455768,0,
NONCYCLONE_02766,31.35364757144662,TS,2012321N14090,31.35364757144662,0,
NONCYCLONE_02767,13.013012938473194,TS,2025295N09068,13.013012938473194,0,
NONCYCLONE_02768,31.346809072986428,TS,2022062N06085,31.346809072986428,0,
NONCYCLONE_02769,45.50403865509874,TS,2025260N13138,45.50403865509874,0,
NONCYCLONE_02770,18.715087259305175,TS,2011302N13062,18.715087259305175,0,
NONCYCLONE_02771,24.847275692892968,TS,2022224N22067,24.847275692892968,0,
NONCYCLONE_02772,24.819992065588934,TS,2019301N05081,24.819992065588934,0,
NONCYCLONE_02773,17.305366531066156,TS,2011265N21088,17.305366531066156,0,
NONCYCLONE_02774,10.844171570670825,TS,2022347N12074,10.844171570670825,1,TS
NONCYCLONE_02775,19.074388908704773,TS,2024290N11084,19.074388908704773,0,
NONCYCLONE_02776,17.334665939196277,DS,2007172N15088,17.334665939196277,0,
NONCYCLONE_02777,20.17289760251293,TS,2000358N08086,20.17289760251293,0,
NONCYCLONE_02778,17.629190596728854,DS,2021312N07090,17.629190596728854,0,
NONCYCLONE_02779,10.989369912549943,TS,2015280N13071,10.989369912549943,0,
NONCYCLONE_02780,21.593042950330137,TS,2007151N14072,21.593042950330137,0,
NONCYCLONE_02781,16.35918107808794,TS,2023156N10067,16.35918107808794,0,
NONCYCLONE_02782,13.375839095281258,TS,2010137N10090,13.375839095281258,0,
NONCYCLONE_02783,20.298884806538126,DS,2006012N03081,20.298884806538126,0,
NONCYCLONE_02784,10.481269890341785,TS,2011310N11066,10.481269890341785,0,
NONCYCLONE_02785,28.65827146979191,TS,2004136N15090,28.65827146979191,0,
NONCYCLONE_02786,29.3741579562229,TS,2006247N21089,29.3741579562229,0,
NONCYCLONE_02787,21.625757437434043,DS,2019160N11073,21.625757437434043,0,
NONCYCLONE_02788,16.414041146634887,TS,2023317N10094,16.414041146634887,0,
NONCYCLONE_02789,37.021418481624316,TS,2006330S06049,37.021418481624316,0,
NONCYCLONE_02790,17.631023189315187,TS,2000358N08086,17.631023189315187,0,
NONCYCLONE_02791,26.450031918453863,TS,2023156N10067,26.450031918453863,0,
NONCYCLONE_02792,28.96159359708602,TS,2022338N05100,28.96159359708602,0,
NONCYCLONE_02793,15.597472958598537,TS,2013130N04093,15.597472958598537,0,
NONCYCLONE_02794,18.850857268666914,TS,2000331N09092,18.850857268666914,0,
NONCYCLONE_02795,12.153817539820352,TS,2018279N11069,12.153817539820352,0,
NONCYCLONE_02796,10.943662911983546,TS,2004332N02072,10.943662911983546,0,
NONCYCLONE_02797,11.941259196893425,TS,2024329N04089,11.941259196893425,0,
NONCYCLONE_02798,20.33085590783725,TS,2024216N24085,20.33085590783725,0,
NONCYCLONE_02799,22.543896370264545,DS,2013310N06066,22.543896370264545,0,
NONCYCLONE_02800,10.779325205498907,TS,2025331N06083,10.779325205498907,0,
NONCYCLONE_02801,43.09341948906745,TS,2017307N07102,43.09341948906745,0,
NONCYCLONE_02802,36.55421706150108,TS,2003129N05091,36.55421706150108,0,
NONCYCLONE_02803,17.223849677176894,DS,2006329N06150,17.223849677176894,0,
NONCYCLONE_02804,10.950052106727625,TS,2004256N23089,10.950052106727625,0,
NONCYCLONE_02805,17.26836207341683,TS,2014159N12068,17.26836207341683,0,
NONCYCLONE_02806,20.84468267174446,TS,2001141N14068,20.84468267174446,0,
NONCYCLONE_02807,35.784529412568936,TS,2011302N13062,35.784529412568936,0,
NONCYCLONE_02808,15.407383895358153,TS,2001313N12084,15.407383895358153,0,
NONCYCLONE_02809,11.412421014190409,TS,2015157N13069,11.412421014190409,1,TS
NONCYCLONE_02810,17.30351305474676,TS,2022197N22069,17.30351305474676,0,
NONCYCLONE_02811,14.588367019494976,TS,2019116N02090,14.588367019494976,0,
NONCYCLONE_02812,19.32183505594917,DS,2007172N15088,19.32183505594917,0,
NONCYCLONE_02813,35.94016689164059,TS,2022126N07095,35.94016689164059,0,
NONCYCLONE_02814,20.311393258539677,TS,2023212N19090,20.311393258539677,0,
NONCYCLONE_02815,22.846309551309254,TS,2014159N12068,22.846309551309254,0,
NONCYCLONE_02816,13.10237442903373,DS,2006262N19069,13.10237442903373,0,
NONCYCLONE_02817,20.146550631206775,TS,2022324N10086,20.146550631206775,0,
NONCYCLONE_02818,18.805639570619324,TS,2025233N15126,18.805639570619324,0,
NONCYCLONE_02819,18.5894385002135,DS,2006012N03081,18.5894385002135,0,
NONCYCLONE_02820,15.005021918552336,TS,2024255N24080,15.005021918552336,0,
NONCYCLONE_02821,14.581286622162384,TS,2022254N20085,14.581286622162384,0,
NONCYCLONE_02822,27.064859890680413,TS,2007151N14072,27.064859890680413,0,
NONCYCLONE_02823,11.748970995062281,TS,2005179N22088,11.748970995062281,0,
NONCYCLONE_02824,34.877025252859376,TS,2018148N17090,34.877025252859376,0,
NONCYCLONE_02825,32.132131804271054,TS,2010151N14065,32.132131804271054,0,
NONCYCLONE_02826,23.206704848342138,TS,2005338N09093,23.206704848342138,0,
NONCYCLONE_02827,27.93070830019196,TS,2012321N14090,27.93070830019196,0,
NONCYCLONE_02828,40.86961952454357,DS,2011290N15090,40.86961952454357,0,
NONCYCLONE_02829,38.045464428894576,TS,2002356S07070,38.045464428894576,0,
NONCYCLONE_02830,39.67639335623171,DS,2006182N20088,39.67639335623171,0,
NONCYCLONE_02831,18.281228079688546,TS,2005260N20091,18.281228079688546,0,
NONCYCLONE_02832,23.51326066362805,TS,2016341N08092,23.51326066362805,0,
NONCYCLONE_02833,40.05499015218415,TS,2011302N13062,40.05499015218415,0,
NONCYCLONE_02834,13.963884548684694,DS,2012321N14090,13.963884548684694,0,
NONCYCLONE_02835,22.53215304494776,TS,2004274N16069,22.53215304494776,0,
NONCYCLONE_02836,18.03029223899215,DS,2013324N07103,18.03029223899215,0,
NONCYCLONE_02837,26.069629571743064,TS,2024216N24085,26.069629571743064,0,
NONCYCLONE_02838,41.056517034884386,TS,2009104N13088,41.056517034884386,0,
NONCYCLONE_02839,20.701217658698255,TS,2012301N11087,20.701217658698255,0,
NONCYCLONE_02840,18.326247772950733,TS,2012357N09064,18.326247772950733,0,
NONCYCLONE_02841,15.575660357650008,TS,2010305N06105,15.575660357650008,0,
NONCYCLONE_02842,12.14130831751934,TS,2021267N18094,12.14130831751934,0,
NONCYCLONE_02843,18.709146363177258,TS,2000289N15089,18.709146363177258,0,
NONCYCLONE_02844,35.031092395683295,TS,2017147N14087,35.031092395683295,0,
NONCYCLONE_02845,17.645658350311347,TS,2015301N11065,17.645658350311347,0,
NONCYCLONE_02846,30.33344101749879,TS,2006228N21088,30.33344101749879,0,
NONCYCLONE_02847,27.93320743373983,TS,2003129N05091,27.93320743373983,0,
NONCYCLONE_02848,40.95847665381694,TS,2011167N22089,40.95847665381694,0,
NONCYCLONE_02849,20.893719780429144,DS,2013310N06066,20.893719780429144,0,
NONCYCLONE_02850,51.761653967039415,TS,2025260N13138,51.761653967039415,0,
NONCYCLONE_02851,16.904860904871043,TS,2004312S05085,16.904860904871043,0,
NONCYCLONE_02852,21.575897701210724,TS,2003206N21089,21.575897701210724,0,
NONCYCLONE_02853,21.968889850667736,TS,2011160N18070,21.968889850667736,0,
NONCYCLONE_02854,11.039963330503557,TS,2004125N11074,11.039963330503557,0,
NONCYCLONE_02855,37.15753922300913,TS,2025331N06083,37.15753922300913,0,
NONCYCLONE_02856,20.356236832834185,TS,2016341N08092,20.356236832834185,0,
NONCYCLONE_02857,26.577175130169305,DS,2023334N08088,26.577175130169305,0,
NONCYCLONE_02858,17.826598658851527,TS,2025198N25082,17.826598658851527,0,
NONCYCLONE_02859,19.732556169187063,TS,2024255N24080,19.732556169187063,0,
NONCYCLONE_02860,26.40098286634658,TS,2011160N18070,26.40098286634658,0,
NONCYCLONE_02861,35.02450657546494,TS,2006300N07078,35.02450657546494,0,
NONCYCLONE_02862,10.991684046786158,TS,2025295N09068,10.991684046786158,0,
NONCYCLONE_02863,17.56853550434453,TS,2025198N25082,17.56853550434453,0,
NONCYCLONE_02864,19.824862179357133,TS,2005262N13127,19.824862179357133,0,
NONCYCLONE_02865,30.69739012989266,TS,2015157N13069,30.69739012989266,0,
NONCYCLONE_02866,10.570347270475459,TS,2025231N19085,10.570347270475459,0,
NONCYCLONE_02867,37.738725322904116,TS,2016341N08092,37.738725322904116,0,
NONCYCLONE_02868,39.901821805307925,TS,2009104N13088,39.901821805307925,0,
NONCYCLONE_02869,21.927170296545658,TS,2015301N11065,21.927170296545658,0,
NONCYCLONE_02870,31.497317509469674,TS,2007172N15088,31.497317509469674,0,
NONCYCLONE_02871,18.560390352236826,TS,2018321N10113,18.560390352236826,0,
NONCYCLONE_02872,18.198548135267366,TS,2015157N13069,18.198548135267366,0,
NONCYCLONE_02873,25.883711585834483,TS,2015207N22091,25.883711585834483,0,
NONCYCLONE_02874,12.88543067697907,TS,2025233N15126,12.88543067697907,0,
NONCYCLONE_02875,17.78002065448565,TS,2008168N22090,17.78002065448565,0,
NONCYCLONE_02876,16.59113677742526,DS,2011290N15090,16.59113677742526,0,
NONCYCLONE_02877,23.729919571302837,TS,2020355S11065,23.729919571302837,0,
NONCYCLONE_02878,26.707493681007012,TS,2001361N01106,26.707493681007012,0,
NONCYCLONE_02879,37.39075523113235,TS,2006329N06150,37.39075523113235,0,
NONCYCLONE_02880,13.874088511422434,TS,2023292N11063,13.874088511422434,0,
NONCYCLONE_02881,17.969702560054817,TS,2021256N20087,17.969702560054817,0,
NONCYCLONE_02882,35.39870782864733,TS,2023212N19090,35.39870782864733,0,
NONCYCLONE_02883,22.561571679695934,TS,2024201N19086,22.561571679695934,0,
NONCYCLONE_02884,18.506335670139922,TS,2013232N22088,18.506335670139922,0,
NONCYCLONE_02885,27.369357843329166,TS,2010151N14065,27.369357843329166,0,
NONCYCLONE_02886,33.44643540625598,TS,2022062N06085,33.44643540625598,0,
NONCYCLONE_02887,14.595399740080794,TS,2017340N09089,14.595399740080794,0,
NONCYCLONE_02888,12.645883775751987,TS,2006241N20088,12.645883775751987,0,
NONCYCLONE_02889,20.657297864832127,TS,2015157N13069,20.657297864832127,0,
NONCYCLONE_02890,29.29148213955871,TS,2008117N11090,29.29148213955871,0,
NONCYCLONE_02891,54.85971490591958,TS,2006329N06150,54.85971490591958,0,
NONCYCLONE_02892,29.99557729865024,DS,2019264N19071,29.99557729865024,0,
NONCYCLONE_02893,44.57596147698696,TS,2020136N10088,44.57596147698696,0,
NONCYCLONE_02894,28.74278410925158,TS,2023156N10067,28.74278410925158,0,
NONCYCLONE_02895,20.70842446651049,DS,2024329N04089,20.70842446651049,0,
NONCYCLONE_02896,27.62100982028738,TS,2009337S07096,27.62100982028738,0,
NONCYCLONE_02897,21.22233510045721,TS,2003345N05092,21.22233510045721,0,
NONCYCLONE_02898,27.98996098554063,DS,2004332N02072,27.98996098554063,0,
NONCYCLONE_02899,14.00667825012191,DS,2006300N07078,14.00667825012191,0,
NONCYCLONE_02900,20.675350337552768,TS,2023030N08087,20.675350337552768,0,
NONCYCLONE_02901,26.290017806938145,TS,2021133N10071,26.290017806938145,0,
NONCYCLONE_02902,34.58473431656541,TS,2005012N04090,34.58473431656541,0,
NONCYCLONE_02903,24.99924547360094,TS,2001267N17070,24.99924547360094,0,
NONCYCLONE_02904,26.67602212213717,TS,2020335N06090,26.67602212213717,0,
NONCYCLONE_02905,25.27303488260842,TS,2019160N11073,25.27303488260842,0,
NONCYCLONE_02906,13.079696914126009,TS,2023212N19090,13.079696914126009,0,
NONCYCLONE_02907,41.95834570960629,TS,2019116N02090,41.95834570960629,0,
NONCYCLONE_02908,32.000183693777416,TS,2018263N17089,32.000183693777416,0,
NONCYCLONE_02909,19.64020704656975,TS,2021267N18094,19.64020704656975,0,
NONCYCLONE_02910,15.65591940068146,TS,2019264N19071,15.65591940068146,0,
NONCYCLONE_02911,17.962703074539974,TS,2003315N09067,17.962703074539974,0,
NONCYCLONE_02912,17.346722113400254,DS,2021267N18094,17.346722113400254,0,
NONCYCLONE_02913,22.82375148394079,DS,2022126N07095,22.82375148394079,0,
NONCYCLONE_02914,36.90228325568318,TS,2015157N13069,36.90228325568318,0,
NONCYCLONE_02915,11.103973911006083,TS,2010137N10090,11.103973911006083,0,
NONCYCLONE_02916,15.81596274223282,TS,2000088N08090,15.81596274223282,0,
NONCYCLONE_02917,38.446473914644976,TS,2003279N17084,38.446473914644976,0,
NONCYCLONE_02918,32.90320931385689,TS,2004256N23089,32.90320931385689,0,
NONCYCLONE_02919,14.042686323798314,TS,2018347N07089,14.042686323798314,0,
NONCYCLONE_02920,25.21972035766068,TS,2007133N15091,25.21972035766068,0,
NONCYCLONE_02921,15.762550836622868,TS,2011302N13062,15.762550836622868,0,
NONCYCLONE_02922,13.66321347221512,TS,2009174N18072,13.66321347221512,0,
NONCYCLONE_02923,31.672889735581627,TS,2014297N11062,31.672889735581627,0,
NONCYCLONE_02924,20.886643978933495,TS,2021267N18094,20.886643978933495,0,
NONCYCLONE_02925,22.178377946117596,DS,2010136N09057,22.178377946117596,0,
NONCYCLONE_02926,21.9011583522096,TS,2006241N20088,21.9011583522096,0,
NONCYCLONE_02927,21.092547181637098,TS,2022080S09087,21.092547181637098,0,
NONCYCLONE_02928,20.397997870247487,TS,2014003N08086,20.397997870247487,0,
NONCYCLONE_02929,25.284557626773253,TS,2005349N06090,25.284557626773253,0,
NONCYCLONE_02930,12.893823902831102,TS,2025275N22068,12.893823902831102,0,
NONCYCLONE_02931,24.198633191314634,TS,2020327N08086,24.198633191314634,0,
NONCYCLONE_02932,17.37809249097096,TS,2010286N18090,17.37809249097096,0,
NONCYCLONE_02933,15.599999999999987,TS,2019337N11072,15.599999999999987,0,
NONCYCLONE_02934,26.335280330395324,TS,2014003N08086,26.335280330395324,0,
NONCYCLONE_02935,22.568802184615986,TS,2004256N23089,22.568802184615986,0,
NONCYCLONE_02936,28.948357280843027,TS,2020153N13072,28.948357280843027,0,
NONCYCLONE_02937,21.39730799678221,TS,2013310N06066,21.39730799678221,0,
NONCYCLONE_02938,16.306687623437174,TS,2021322N11082,16.306687623437174,0,
NONCYCLONE_02939,23.464480538881606,TS,2006300N07078,23.464480538881606,0,
NONCYCLONE_02940,38.554503018388786,TS,2017104N08085,38.554503018388786,0,
NONCYCLONE_02941,19.242860521946504,DS,2000358N08086,19.242860521946504,0,
NONCYCLONE_02942,11.827128661379708,TS,2000289N15089,11.827128661379708,0,
NONCYCLONE_02943,11.024453426356073,TS,2021322N11082,11.024453426356073,0,
NONCYCLONE_02944,13.253359201095934,TS,2018347N07089,13.253359201095934,0,
NONCYCLONE_02945,23.099302516751408,TS,2006114N08090,23.099302516751408,0,
NONCYCLONE_02946,15.328348160973631,TS,2014159N12068,15.328348160973631,0,
NONCYCLONE_02947,23.147189587487926,TS,2005179N22088,23.147189587487926,0,
NONCYCLONE_02948,32.90776861045183,TS,2025331N06083,32.90776861045183,0,
NONCYCLONE_02949,13.36072719003891,TS,2015209N26072,13.36072719003891,0,
NONCYCLONE_02950,21.11801488811836,TS,2016222N22089,21.11801488811836,0,
NONCYCLONE_02951,41.31458760779517,TS,2023129N08091,41.31458760779517,0,
NONCYCLONE_02952,34.71752572986321,TS,2014216N21089,34.71752572986321,0,
NONCYCLONE_02953,46.89530556751534,DS,2005338N09093,46.89530556751534,0,
NONCYCLONE_02954,17.125612728711285,TS,2001281N18071,17.125612728711285,0,
NONCYCLONE_02955,18.812715793579397,TS,2001281N18071,18.812715793579397,0,
NONCYCLONE_02956,10.0231648406903,TS,2020335N06090,10.0231648406903,0,
NONCYCLONE_02957,20.845822438095883,TS,2020326N11063,20.845822438095883,0,
NONCYCLONE_02958,34.207969273908496,DS,2007172N15088,34.207969273908496,0,
NONCYCLONE_02959,29.3631834156662,TS,2007172N15088,29.3631834156662,0,
NONCYCLONE_02960,29.758038502952495,TS,2019116N02090,29.758038502952495,0,
NONCYCLONE_02961,25.659239149206744,TS,2005179N22088,25.659239149206744,0,
NONCYCLONE_02962,28.471676224617305,TS,2019116N02090,28.471676224617305,0,
NONCYCLONE_02963,9.994501971365924,TS,2017307N07102,9.994501971365924,1,TS
NONCYCLONE_02964,23.873960328538743,TS,2005330N09096,23.873960328538743,0,
NONCYCLONE_02965,12.411264592672495,TS,2023156N10067,12.411264592672495,0,
NONCYCLONE_02966,22.070178366858745,TS,2024290N11084,22.070178366858745,0,
NONCYCLONE_02967,33.4066337423767,MX,2023334N08088,33.4066337423767,0,
NONCYCLONE_02968,19.56205391524566,TS,2021267N18094,19.56205391524566,0,
NONCYCLONE_02969,16.089841178596938,TS,2005255N20088,16.089841178596938,0,
NONCYCLONE_02970,12.49621026678094,TS,2016178N22068,12.49621026678094,0,
NONCYCLONE_02971,38.85451650704556,TS,2017340N09089,38.85451650704556,0,
NONCYCLONE_02972,17.13425882399092,TS,2000299N13093,17.13425882399092,0,
NONCYCLONE_02973,30.458235802901125,TS,2017333N06082,30.458235802901125,0,
NONCYCLONE_02974,39.08054084915383,TS,2003129N05091,39.08054084915383,0,
NONCYCLONE_02975,12.575574175767274,TS,2000289N15089,12.575574175767274,0,
NONCYCLONE_02976,14.419020023528304,TS,2019296N15066,14.419020023528304,0,
NONCYCLONE_02977,16.93271342959472,TS,2000331N09092,16.93271342959472,0,
NONCYCLONE_02978,12.550874219337006,TS,2023156N10067,12.550874219337006,0,
NONCYCLONE_02979,21.767317853058927,TS,2015312N11084,21.767317853058927,0,
NONCYCLONE_02980,21.272488409618433,TS,2004332N02072,21.272488409618433,0,
NONCYCLONE_02981,40.33188534953276,TS,2018347N07089,40.33188534953276,0,
NONCYCLONE_02982,20.13792953343493,DS,2024329N04089,20.13792953343493,0,
NONCYCLONE_02983,14.826157490720373,TS,2016138N10081,14.826157490720373,0,
NONCYCLONE_02984,14.561837973845561,TS,2010151N14065,14.561837973845561,0,
NONCYCLONE_02985,10.404226566571676,TS,2021133N10071,10.404226566571676,0,
NONCYCLONE_02986,18.001026259285027,TS,2019116N02090,18.001026259285027,0,
NONCYCLONE_02987,17.227727874586446,TS,2003129N05091,17.227727874586446,0,
NONCYCLONE_02988,13.313244399334565,TS,2017333N06082,13.313244399334565,0,
NONCYCLONE_02989,21.33183190271393,TS,2022126N07095,21.33183190271393,0,
NONCYCLONE_02990,15.366235952458236,DS,2012321N14090,15.366235952458236,0,
NONCYCLONE_02991,16.51493766638262,TS,2003129N05091,16.51493766638262,0,
NONCYCLONE_02992,15.492396461912891,DS,2009247N19089,15.492396461912891,0,
NONCYCLONE_02993,22.198530739203427,TS,2019116N02090,22.198530739203427,0,
NONCYCLONE_02994,16.154844017036933,TS,2005260N20091,16.154844017036933,0,
NONCYCLONE_02995,48.86330258194182,TS,2018365N08115,48.86330258194182,0,
NONCYCLONE_02996,18.97708203908512,TS,2018136N11054,18.97708203908512,0,
NONCYCLONE_02997,39.48881117483298,TS,2013324N07103,39.48881117483298,0,
NONCYCLONE_02998,21.359694416211127,TS,2010151N14065,21.359694416211127,0,
NONCYCLONE_02999,25.53156240118473,TS,2021133N10071,25.53156240118473,0,
NONCYCLONE_03000,31.945425906659686,TS,2007314N10093,31.945425906659686,0,
NONCYCLONE_03001,13.960914610157074,TS,2013281N12098,13.960914610157074,0,
NONCYCLONE_03002,12.411419460485833,TS,2009201N21089,12.411419460485833,0,
NONCYCLONE_03003,11.032594228220558,TS,2016138N10081,11.032594228220558,0,
NONCYCLONE_03004,20.04348989219641,MX,2021143N15090,20.04348989219641,0,
NONCYCLONE_03005,23.522558394602733,TS,2006228N21088,23.522558394602733,0,
NONCYCLONE_03006,27.173767487254885,TS,2009344N06085,27.173767487254885,0,
NONCYCLONE_03007,19.100705820393973,TS,2004332N02072,19.100705820393973,0,
NONCYCLONE_03008,29.05753150675648,TS,2013130N04093,29.05753150675648,0,
NONCYCLONE_03009,11.99479589775576,TS,2004274N16069,11.99479589775576,0,
NONCYCLONE_03010,69.11069633290033,DS,2020353N06129,69.11069633290033,0,
NONCYCLONE_03011,14.179421417408696,TS,2012321N14090,14.179421417408696,0,
NONCYCLONE_03012,20.299245618174407,TS,2011330N06078,20.299245618174407,0,
NONCYCLONE_03013,28.015754321632283,TS,2019301N05081,28.015754321632283,0,
NONCYCLONE_03014,17.441982078782807,TS,2004274N16069,17.441982078782807,0,
NONCYCLONE_03015,12.888347939830913,TS,2020136N10088,12.888347939830913,0,
NONCYCLONE_03016,35.02914677058546,TS,2015309N14067,35.02914677058546,0,
NONCYCLONE_03017,29.33220412255288,TS,2018263N17089,29.33220412255288,0,
NONCYCLONE_03018,13.574049352974308,TS,2019116N02090,13.574049352974308,0,
NONCYCLONE_03019,34.06484493277881,TS,2014279N11096,34.06484493277881,0,
NONCYCLONE_03020,37.17519216939755,TS,2024290N11084,37.17519216939755,0,
NONCYCLONE_03021,23.70221720437022,TS,2005172N22069,23.70221720437022,0,
NONCYCLONE_03022,15.082549427683565,TS,2002295N14082,15.082549427683565,0,
NONCYCLONE_03023,11.828559453389119,TS,2001141N14068,11.828559453389119,0,
NONCYCLONE_03024,23.955058848626205,TS,2005262N13127,23.955058848626205,0,
NONCYCLONE_03025,16.47381526064296,TS,2008259N20089,16.47381526064296,0,
NONCYCLONE_03026,23.35343366878208,TS,2017319N15083,23.35343366878208,0,
NONCYCLONE_03027,27.612528270029735,TS,2004312S05085,27.612528270029735,0,
NONCYCLONE_03028,20.890205831160618,TS,2003129N05091,20.890205831160618,0,
NONCYCLONE_03029,10.109884942057093,TS,2011360N09088,10.109884942057093,1,TS
NONCYCLONE_03030,10.45904296525126,TS,2008317N11089,10.45904296525126,1,TS
NONCYCLONE_03031,35.393732138445934,TS,2006114N08090,35.393732138445934,0,
NONCYCLONE_03032,12.268740160153692,TS,2011302N13062,12.268740160153692,1,TS
NONCYCLONE_03033,13.074475630427642,TS,2012321N14090,13.074475630427642,0,
NONCYCLONE_03034,18.000222123732904,TS,2005338N09093,18.000222123732904,0,
NONCYCLONE_03035,18.904693919652555,TS,2019301N05081,18.904693919652555,0,
NONCYCLONE_03036,10.679413176079741,TS,2009344N06085,10.679413176079741,1,TS
NONCYCLONE_03037,23.349835894647534,TS,2008293N09060,23.349835894647534,0,
NONCYCLONE_03038,20.52347251002822,TS,2014216N21089,20.52347251002822,0,
NONCYCLONE_03039,47.902159204611706,TS,2025233N15126,47.902159204611706,0,
NONCYCLONE_03040,28.065186433125785,TS,2016341N08092,28.065186433125785,0,
NONCYCLONE_03041,27.936911978355315,TS,2006214N20088,27.936911978355315,0,
NONCYCLONE_03042,21.982032854979416,TS,2002126N09068,21.982032854979416,0,
NONCYCLONE_03043,17.309771403171176,TS,2013211N21088,17.309771403171176,0,
NONCYCLONE_03044,16.99541209711355,TS,2008338N06092,16.99541209711355,0,
NONCYCLONE_03045,24.65475239355776,TS,2003316N11141,24.65475239355776,0,
NONCYCLONE_03046,10.510983604900968,TS,2011310N11066,10.510983604900968,0,
NONCYCLONE_03047,29.5206741413259,TS,2006114N08090,29.5206741413259,0,
NONCYCLONE_03048,17.242472110200847,TS,2024295N15092,17.242472110200847,0,
NONCYCLONE_03049,31.629319316249347,TS,2015171N18086,31.629319316249347,0,
NONCYCLONE_03050,13.097290541981854,TS,2011167N22089,13.097290541981854,0,
NONCYCLONE_03051,13.201979803798947,TS,2001267N17070,13.201979803798947,0,
NONCYCLONE_03052,13.40299845701333,TS,2025329N05100,13.40299845701333,0,
NONCYCLONE_03053,30.29115544285972,TS,2021133N10071,30.29115544285972,0,
NONCYCLONE_03054,11.557383811751228,TS,2025275N22068,11.557383811751228,0,
NONCYCLONE_03055,10.993898387728235,TS,2006262N19069,10.993898387728235,0,
NONCYCLONE_03056,22.960858816268438,TS,2017333N06082,22.960858816268438,0,
NONCYCLONE_03057,20.64197478151128,TS,2009104N13088,20.64197478151128,0,
NONCYCLONE_03058,12.262471292551544,TS,2005260N20091,12.262471292551544,0,
NONCYCLONE_03059,21.392466986806568,TS,2016341N08092,21.392466986806568,0,
NONCYCLONE_03060,24.497154004698473,TS,2018314N12093,24.497154004698473,0,
NONCYCLONE_03061,14.030265286866198,TS,2015312N11084,14.030265286866198,0,
NONCYCLONE_03062,37.01141058053243,TS,2004325S06078,37.01141058053243,0,
NONCYCLONE_03063,14.775281188847709,TS,2023156N10067,14.775281188847709,0,
NONCYCLONE_03064,20.996546296617392,TS,2014003N08086,20.996546296617392,0,
NONCYCLONE_03065,28.92703487977857,TS,2001141N14068,28.92703487977857,0,
NONCYCLONE_03066,32.63651975923898,TS,2008317N11089,32.63651975923898,0,
NONCYCLONE_03067,23.038682892133412,MX,2017232N19130,23.038682892133412,0,
NONCYCLONE_03068,56.796919031826384,TS,2018365N08115,56.796919031826384,0,
NONCYCLONE_03069,18.59162803354923,TS,2023156N10067,18.59162803354923,0,
NONCYCLONE_03070,22.8433741157654,DS,2008338N06092,22.8433741157654,0,
NONCYCLONE_03071,29.26717236049161,TS,2012357N09064,29.26717236049161,0,
NONCYCLONE_03072,38.17208781474843,TS,2019116N02090,38.17208781474843,0,
NONCYCLONE_03073,36.874363441016854,DS,2005330N09096,36.874363441016854,0,
NONCYCLONE_03074,20.680041336261795,TS,2022338N05100,20.680041336261795,0,
NONCYCLONE_03075,36.04264226556,TS,2024329N04089,36.04264226556,0,
NONCYCLONE_03076,10.98752315656594,TS,2019302N11118,10.98752315656594,0,
NONCYCLONE_03077,12.536630316946294,TS,2004256N23089,12.536630316946294,0,
NONCYCLONE_03078,15.624336026862135,TS,2025231N19085,15.624336026862135,0,
NONCYCLONE_03079,15.268422108168872,TS,2025329N05100,15.268422108168872,0,
NONCYCLONE_03080,20.76881145792525,TS,2018309S06068,20.76881145792525,0,
NONCYCLONE_03081,17.50067673876786,TS,2016341N08092,17.50067673876786,0,
NONCYCLONE_03082,16.562524201471515,MX,2024145N14087,16.562524201471515,0,
NONCYCLONE_03083,23.633187345870464,TS,2004163N15090,23.633187345870464,0,
NONCYCLONE_03084,13.616485746078112,TS,2005255N20088,13.616485746078112,0,
NONCYCLONE_03085,26.967910481487607,TS,2015216N23081,26.967910481487607,0,
NONCYCLONE_03086,25.815210309159742,TS,2024356N14084,25.815210309159742,0,
NONCYCLONE_03087,19.8978685566444,TS,2008117N11090,19.8978685566444,0,
NONCYCLONE_03088,25.60498869220651,TS,2012321N14090,25.60498869220651,0,
NONCYCLONE_03089,33.36918574386327,TS,2020296N19087,33.36918574386327,0,
NONCYCLONE_03090,21.68937206753639,TS,2001361N01106,21.68937206753639,0,
NONCYCLONE_03091,19.124377538223825,TS,2024258N22091,19.124377538223825,0,
NONCYCLONE_03092,10.832552684813837,TS,2008259N20089,10.832552684813837,1,TS
NONCYCLONE_03093,18.812247289477977,DS,2004312S05085,18.812247289477977,0,
NONCYCLONE_03094,39.97946196268564,TS,2012359N08134,39.97946196268564,0,
NONCYCLONE_03095,36.1541705605401,TS,2008329N09082,36.1541705605401,0,
NONCYCLONE_03096,15.435889464016409,TS,2023156N10067,15.435889464016409,0,
NONCYCLONE_03097,12.312158886232742,TS,2022224N22067,12.312158886232742,0,
NONCYCLONE_03098,27.672098173183556,TS,2007314N10093,27.672098173183556,0,
NONCYCLONE_03099,31.994700591248566,TS,2013232N22088,31.994700591248566,0,
NONCYCLONE_03100,17.968544721232988,TS,2015280N13071,17.968544721232988,0,
NONCYCLONE_03101,23.068443157891974,TS,2018279N11069,23.068443157891974,0,
NONCYCLONE_03102,12.733130426307191,MX,2009344N06085,12.733130426307191,0,
NONCYCLONE_03103,36.97777266575855,TS,2008338N06092,36.97777266575855,0,
NONCYCLONE_03104,35.1547351526774,TS,2003345N05092,35.1547351526774,0,
NONCYCLONE_03105,25.73972612006758,TS,2010286N18090,25.73972612006758,0,
NONCYCLONE_03106,32.768044378805584,TS,2001361N01106,32.768044378805584,0,
NONCYCLONE_03107,14.021794191777072,TS,2019337N11072,14.021794191777072,0,
NONCYCLONE_03108,36.23496919755425,DS,2021335N08096,36.23496919755425,0,
NONCYCLONE_03109,13.981679307992033,TS,2004274N16069,13.981679307992033,0,
NONCYCLONE_03110,16.213207062507305,TS,2022230N18095,16.213207062507305,0,
NONCYCLONE_03111,12.244593444094305,TS,2010137N10090,12.244593444094305,0,
NONCYCLONE_03112,21.99442918878694,TS,2008329N09082,21.99442918878694,0,
NONCYCLONE_03113,44.18051376673118,TS,2007151N14072,44.18051376673118,0,
NONCYCLONE_03114,38.65427842541247,TS,2000289N15089,38.65427842541247,0,
NONCYCLONE_03115,16.015972201157563,TS,2015280N13071,16.015972201157563,0,
NONCYCLONE_03116,18.277306963815224,TS,2005330N09096,18.277306963815224,0,
NONCYCLONE_03117,17.906281339513907,TS,2015259N20084,17.906281339513907,0,
NONCYCLONE_03118,30.30193631162792,MX,2002122S07063,30.30193631162792,0,
NONCYCLONE_03119,28.309533915248622,TS,2023156N10067,28.309533915248622,0,
NONCYCLONE_03120,25.893007329139635,DS,2004312S05085,25.893007329139635,0,
NONCYCLONE_03121,20.41585441542426,DS,2021312N07090,20.41585441542426,0,
NONCYCLONE_03122,31.986191118898425,DS,2006012N03081,31.986191118898425,0,
NONCYCLONE_03123,27.227279502119853,TS,2013322N13090,27.227279502119853,0,
NONCYCLONE_03124,20.219894696219004,TS,2004136N15090,20.219894696219004,0,
NONCYCLONE_03125,28.574461750597653,TS,2002314N12083,28.574461750597653,0,
NONCYCLONE_03126,27.274963417972838,TS,2010151N14065,27.274963417972838,0,
NONCYCLONE_03127,32.91016421147447,TS,2008293N09060,32.91016421147447,0,
NONCYCLONE_03128,33.148890633603585,DS,2007172N15088,33.148890633603585,0,
NONCYCLONE_03129,10.625194076613653,TS,2007172N15088,10.625194076613653,1,TS
NONCYCLONE_03130,10.551647973676035,TS,2019273N23070,10.551647973676035,0,
NONCYCLONE_03131,44.78003289147429,TS,2025233N15126,44.78003289147429,0,
NONCYCLONE_03132,12.316160217105818,TS,2022079N10093,12.316160217105818,0,
NONCYCLONE_03133,26.120027571525473,TS,2015209N26072,26.120027571525473,0,
NONCYCLONE_03134,27.118808710649752,TS,2004125N11074,27.118808710649752,0,
NONCYCLONE_03135,39.062786995151484,TS,2017163N20090,39.062786995151484,0,
NONCYCLONE_03136,16.040184203599647,TS,2008329N09082,16.040184203599647,0,
NONCYCLONE_03137,35.85495253416685,TS,2008117N11090,35.85495253416685,0,
NONCYCLONE_03138,28.682420970510798,TS,2025331N06083,28.682420970510798,0,
NONCYCLONE_03139,72.77217194964524,MX,2020353N06129,72.77217194964524,0,
NONCYCLONE_03140,22.86636582929751,TS,2004332N02072,22.86636582929751,0,
NONCYCLONE_03141,11.719938243112527,DS,2004332N02072,11.719938243112527,1,DS
NONCYCLONE_03142,40.49506665697637,TS,2021092N11096,40.49506665697637,0,
NONCYCLONE_03143,39.16871997220428,TS,2015207N22091,39.16871997220428,0,
NONCYCLONE_03144,11.890067307908232,TS,2024258N22091,11.890067307908232,0,
NONCYCLONE_03145,26.91032452587303,TS,2010280N17085,26.91032452587303,0,
NONCYCLONE_03146,24.25470277468776,TS,2020335N06090,24.25470277468776,0,
NONCYCLONE_03147,41.11112305312621,DS,2017307N07102,41.11112305312621,0,
NONCYCLONE_03148,25.846310253958933,TS,2004325S06078,25.846310253958933,0,
NONCYCLONE_03149,11.812515057082576,TS,2005338N09093,11.812515057082576,1,TS
NONCYCLONE_03150,21.11937803873281,TS,2022079N10093,21.11937803873281,0,
NONCYCLONE_03151,13.721014423357312,TS,2021143N15090,13.721014423357312,0,
NONCYCLONE_03152,35.227981900180914,TS,2021335N08096,35.227981900180914,0,
NONCYCLONE_03153,11.644149701412458,TS,2024329N04089,11.644149701412458,0,
NONCYCLONE_03154,22.73596772079109,TS,2025195N23089,22.73596772079109,0,
NONCYCLONE_03155,28.619680794135686,TS,2014297N11062,28.619680794135686,0,
NONCYCLONE_03156,26.486688469164996,TS,2001141N14068,26.486688469164996,0,
NONCYCLONE_03157,10.886641414751436,TS,2002327N10089,10.886641414751436,1,TS
NONCYCLONE_03158,12.230418290636697,TS,2002126N09068,12.230418290636697,0,
NONCYCLONE_03159,27.096128143654557,TS,2018365N08115,27.096128143654557,0,
NONCYCLONE_03160,23.229953528696562,TS,2004162N18068,23.229953528696562,0,
NONCYCLONE_03161,10.175517455396092,TS,2016341N08092,10.175517455396092,0,
NONCYCLONE_03162,10.956324869327048,TS,2013130N04093,10.956324869327048,0,
NONCYCLONE_03163,11.610623665626946,TS,2024216N24085,11.610623665626946,0,
NONCYCLONE_03164,24.237083140455873,TS,2006330S06049,24.237083140455873,0,
NONCYCLONE_03165,31.294837375886072,TS,2015157N13069,31.294837375886072,0,
NONCYCLONE_03166,24.881014300203613,TS,2020291N18069,24.881014300203613,0,
NONCYCLONE_03167,15.98975528233881,DS,2014297N11062,15.98975528233881,0,
NONCYCLONE_03168,16.057214826408288,TS,2022324N10086,16.057214826408288,0,
NONCYCLONE_03169,14.671320376940741,DS,2013339N09084,14.671320376940741,0,
NONCYCLONE_03170,11.21604483866993,TS,2013339N09084,11.21604483866993,0,
NONCYCLONE_03171,35.31427143284463,TS,2019218N21088,35.31427143284463,0,
NONCYCLONE_03172,31.824738095173625,TS,2016295N13089,31.824738095173625,0,
NONCYCLONE_03173,35.63793192611885,TS,2018309S06068,35.63793192611885,0,
NONCYCLONE_03174,16.51551262327009,TS,2002355N04077,16.51551262327009,0,
NONCYCLONE_03175,25.22142548577731,TS,2019116N02090,25.22142548577731,0,
NONCYCLONE_03176,12.418456617772065,TS,2024329N04089,12.418456617772065,0,
NONCYCLONE_03177,24.66684206684366,TS,2003129N05091,24.66684206684366,0,
NONCYCLONE_03178,13.196804193272971,TS,2001288N13084,13.196804193272971,0,
NONCYCLONE_03179,34.26331907186471,TS,2004325S06078,34.26331907186471,0,
NONCYCLONE_03180,19.961791227750865,TS,2001281N18071,19.961791227750865,0,
NONCYCLONE_03181,18.106589378613375,TS,2019301N05081,18.106589378613375,0,
NONCYCLONE_03182,12.36540069347344,TS,2025275N22068,12.36540069347344,0,
NONCYCLONE_03183,58.62938118549067,TS,2005262N13127,58.62938118549067,0,
NONCYCLONE_03184,29.069190851081615,TS,2008298N16085,29.069190851081615,0,
NONCYCLONE_03185,10.541017460575459,DS,2019302N11118,10.541017460575459,0,
NONCYCLONE_03186,29.474815330347305,TS,2001163N20087,29.474815330347305,0,
NONCYCLONE_03187,23.101688917632327,DS,2005349N06090,23.101688917632327,0,
NONCYCLONE_03188,25.200713891523048,TS,2006262N19069,25.200713891523048,0,
NONCYCLONE_03189,34.289464678642375,DS,2006012N03081,34.289464678642375,0,
NONCYCLONE_03190,16.18507922165935,TS,2000088N08090,16.18507922165935,0,
NONCYCLONE_03191,16.51919940720416,TS,2004307N09068,16.51919940720416,0,
NONCYCLONE_03192,9.388958790127077,TS,2005262N13127,9.388958790127077,1,TS
NONCYCLONE_03193,39.40602325948153,TS,2003206N21089,39.40602325948153,0,
NONCYCLONE_03194,31.735440705919267,TS,2024145N14087,31.735440705919267,0,
NONCYCLONE_03195,20.702817039126728,TS,2006224N21088,20.702817039126728,0,
NONCYCLONE_03196,12.54955811101459,TS,2001313N12084,12.54955811101459,0,
NONCYCLONE_03197,13.713573035997683,TS,2011265N21088,13.713573035997683,0,
NONCYCLONE_03198,13.395548019738499,DS,2005274N17086,13.395548019738499,0,
NONCYCLONE_03199,12.434923473684167,TS,2008117N11090,12.434923473684167,0,
NONCYCLONE_03200,26.51453468816343,TS,2021335N08096,26.51453468816343,0,
NONCYCLONE_03201,24.26051740978686,TS,2016178N22068,24.26051740978686,0,
NONCYCLONE_03202,12.887321728273099,TS,2014216N21089,12.887321728273099,0,
NONCYCLONE_03203,22.170922420163144,TS,2014309N13088,22.170922420163144,0,
NONCYCLONE_03204,23.694674094250235,TS,2004136N15090,23.694674094250235,0,
NONCYCLONE_03205,12.974740587395576,TS,2022126N07095,12.974740587395576,0,
NONCYCLONE_03206,13.560094741998446,TS,2004256N23089,13.560094741998446,0,
NONCYCLONE_03207,21.618877078308188,DS,2014159N12068,21.618877078308188,0,
NONCYCLONE_03208,19.115309093307133,TS,2004274N16069,19.115309093307133,0,
NONCYCLONE_03209,15.182666000697331,TS,2014279N11096,15.182666000697331,0,
NONCYCLONE_03210,14.587308150190827,TS,2005255N20088,14.587308150190827,0,
NONCYCLONE_03211,16.1061579820558,TS,2011160N18070,16.1061579820558,0,
NONCYCLONE_03212,23.43340366148934,TS,2008259N20089,23.43340366148934,0,
NONCYCLONE_03213,43.25942584789573,TS,2008298N16085,43.25942584789573,0,
NONCYCLONE_03214,28.131747135567867,DS,2008338N06092,28.131747135567867,0,
NONCYCLONE_03215,11.546267776288069,TS,2000331N09092,11.546267776288069,0,
NONCYCLONE_03216,24.400007815855233,TS,2018227N20086,24.400007815855233,0,
NONCYCLONE_03217,23.179452954274918,TS,2013211N21088,23.179452954274918,0,
NONCYCLONE_03218,11.563414247615023,TS,2023293N12089,11.563414247615023,1,TS
NONCYCLONE_03219,19.546018868882793,TS,2000331N09092,19.546018868882793,0,
NONCYCLONE_03220,19.18697668546037,TS,2018309S06068,19.18697668546037,0,
NONCYCLONE_03221,27.906113953669436,TS,2022295N13093,27.906113953669436,0,
NONCYCLONE_03222,14.814458673870202,TS,2013339N09084,14.814458673870202,0,
NONCYCLONE_03223,23.561782079644402,TS,2010305N06105,23.561782079644402,0,
NONCYCLONE_03224,24.274477217911137,TS,2024329N04089,24.274477217911137,0,
NONCYCLONE_03225,27.459584144977068,TS,2025331N06083,27.459584144977068,0,
NONCYCLONE_03226,16.261862658263777,TS,2001267N17070,16.261862658263777,0,
NONCYCLONE_03227,38.49832985708632,TS,2016295N13089,38.49832985708632,0,
NONCYCLONE_03228,18.33555069670723,TS,2022347N12074,18.33555069670723,0,
NONCYCLONE_03229,21.312152032924306,TS,2006228N21088,21.312152032924306,0,
NONCYCLONE_03230,19.691085295646715,TS,2022224N22067,19.691085295646715,0,
NONCYCLONE_03231,27.332857322479473,MX,2020355S11065,27.332857322479473,0,
NONCYCLONE_03232,19.33324167214803,DS,2004274N16069,19.33324167214803,0,
NONCYCLONE_03233,32.96248975219169,TS,2006214N20088,32.96248975219169,0,
NONCYCLONE_03234,24.68739720759206,TS,2025250N25073,24.68739720759206,0,
NONCYCLONE_03235,34.863664360582426,TS,2020136N10088,34.863664360582426,0,
NONCYCLONE_03236,17.65260423195381,TS,2023293N12089,17.65260423195381,0,
NONCYCLONE_03237,11.858458952958111,TS,2004136N15090,11.858458952958111,0,
NONCYCLONE_03238,19.87049837579623,DS,2006329N06150,19.87049837579623,0,
NONCYCLONE_03239,12.158894550097541,TS,2020285N15087,12.158894550097541,0,
NONCYCLONE_03240,25.511024698566054,TS,2000289N15089,25.511024698566054,0,
NONCYCLONE_03241,15.841237605702283,TS,2003129N05091,15.841237605702283,0,
NONCYCLONE_03242,11.896720476445381,TS,2024238N25077,11.896720476445381,1,TS
NONCYCLONE_03243,14.641147664145489,TS,2023292N11063,14.641147664145489,0,
NONCYCLONE_03244,22.545406844295986,TS,2020285N15087,22.545406844295986,0,
NONCYCLONE_03245,15.027499274997652,TS,2021267N18094,15.027499274997652,0,
NONCYCLONE_03246,33.36359289156725,TS,2017104N08085,33.36359289156725,0,
NONCYCLONE_03247,23.86369346561162,TS,2004125N11074,23.86369346561162,0,
NONCYCLONE_03248,16.58769813916797,TS,2024258N22091,16.58769813916797,0,
NONCYCLONE_03249,32.3284693346633,TS,2006214N20088,32.3284693346633,0,
NONCYCLONE_03250,26.826305169413327,TS,2024252N18087,26.826305169413327,0,
NONCYCLONE_03251,12.831822930300252,TS,2023156N10067,12.831822930300252,0,
NONCYCLONE_03252,40.36362696477597,TS,2013130N04093,40.36362696477597,0,
NONCYCLONE_03253,42.631673961437805,TS,2008298N16085,42.631673961437805,0,
NONCYCLONE_03254,28.504686766845854,DS,2006262N19069,28.504686766845854,0,
NONCYCLONE_03255,34.35578471629595,TS,2018202N21088,34.35578471629595,0,
NONCYCLONE_03256,10.798916944627843,TS,2007151N14072,10.798916944627843,0,
NONCYCLONE_03257,25.00053986622103,TS,2005262N13127,25.00053986622103,0,
NONCYCLONE_03258,20.204287477008542,DS,2004274N16069,20.204287477008542,0,
NONCYCLONE_03259,30.19305545346892,MX,2018365N08115,30.19305545346892,0,
NONCYCLONE_03260,12.43418875427089,TS,2019335N05058,12.43418875427089,0,
NONCYCLONE_03261,34.45073712437888,TS,2010293N17093,34.45073712437888,0,
NONCYCLONE_03262,67.82569360992602,DS,2006329N06150,67.82569360992602,0,
NONCYCLONE_03263,21.434322057564884,TS,2005179N22088,21.434322057564884,0,
NONCYCLONE_03264,12.069866716563109,TS,2000289N15089,12.069866716563109,0,
NONCYCLONE_03265,36.79524671524699,TS,2003279N17084,36.79524671524699,0,
NONCYCLONE_03266,32.242176275191085,TS,2013149N21090,32.242176275191085,0,
NONCYCLONE_03267,25.26412065176007,TS,2009174N18072,25.26412065176007,0,
NONCYCLONE_03268,23.175781659344196,TS,2022079N10093,23.175781659344196,0,
NONCYCLONE_03269,24.310990855935554,TS,2007178N18089,24.310990855935554,0,
NONCYCLONE_03270,14.65587068270111,MX,2020353N06129,14.65587068270111,0,
NONCYCLONE_03271,36.346496827981994,TS,2002295N14082,36.346496827981994,0,
NONCYCLONE_03272,15.18254667569902,TS,2016341N08092,15.18254667569902,0,
NONCYCLONE_03273,27.53562574323852,TS,2001281N18071,27.53562574323852,0,
NONCYCLONE_03274,38.21344015295259,TS,2020136N10088,38.21344015295259,0,
NONCYCLONE_03275,21.242313699419743,TS,2017207N24085,21.242313699419743,0,
NONCYCLONE_03276,12.034290958578243,TS,2025331N06083,12.034290958578243,0,
NONCYCLONE_03277,10.022103935949621,MX,2008293N09060,10.022103935949621,0,
NONCYCLONE_03278,17.73586961620377,TS,2018314N12093,17.73586961620377,0,
NONCYCLONE_03279,29.245331183817886,DS,2008338N06092,29.245331183817886,0,
NONCYCLONE_03280,24.669027213491056,DS,2008298N16085,24.669027213491056,0,
NONCYCLONE_03281,18.214012088317414,TS,2017333N06082,18.214012088317414,0,
NONCYCLONE_03282,20.8016519326944,TS,2024216N24085,20.8016519326944,0,
NONCYCLONE_03283,31.554369493095457,TS,2007151N14072,31.554369493095457,0,
NONCYCLONE_03284,51.05495386288385,TS,2018136N11054,51.05495386288385,0,
NONCYCLONE_03285,16.705078440197077,TS,2011360N09088,16.705078440197077,0,
NONCYCLONE_03286,29.89981602811556,TS,2022126N07095,29.89981602811556,0,
NONCYCLONE_03287,26.49603824329549,TS,2004332N02072,26.49603824329549,0,
NONCYCLONE_03288,40.23083745521433,TS,2001361N01106,40.23083745521433,0,
NONCYCLONE_03289,27.459039656449146,TS,2007172N15088,27.459039656449146,0,
NONCYCLONE_03290,22.464832434758954,DS,2012325S09084,22.464832434758954,0,
NONCYCLONE_03291,18.252992183547693,TS,2025331N06083,18.252992183547693,0,
NONCYCLONE_03292,11.028182565528475,TS,2020153N13072,11.028182565528475,0,
NONCYCLONE_03293,23.03948306960124,TS,2021276N07131,23.03948306960124,0,
NONCYCLONE_03294,17.86420735802693,TS,2022230N18095,17.86420735802693,0,
NONCYCLONE_03295,38.16689306646857,TS,2016295N13089,38.16689306646857,0,
NONCYCLONE_03296,26.9956787770364,TS,2016341N08092,26.9956787770364,0,
NONCYCLONE_03297,15.973443913270472,TS,2016228N22117,15.973443913270472,0,
NONCYCLONE_03298,16.113751736753514,TS,2000299N13093,16.113751736753514,0,
NONCYCLONE_03299,11.966790251211181,TS,2009247N19089,11.966790251211181,0,
NONCYCLONE_03300,20.371919624332932,TS,2006114N08090,20.371919624332932,0,
NONCYCLONE_03301,25.75684540026353,TS,2002356S07070,25.75684540026353,0,
NONCYCLONE_03302,26.100943645864128,TS,2025250N25073,26.100943645864128,0,
NONCYCLONE_03303,41.09610187669031,TS,2002327N10089,41.09610187669031,0,
NONCYCLONE_03304,9.895341250108858,TS,2007172N15088,9.895341250108858,0,
NONCYCLONE_03305,12.686446969284814,TS,2003206N21089,12.686446969284814,0,
NONCYCLONE_03306,8.794860006086873,TS,2000232N12116,8.794860006086873,1,TS
NONCYCLONE_03307,12.319544020681601,TS,2020335N06090,12.319544020681601,0,
NONCYCLONE_03308,30.627828990792466,TS,2017319N15083,30.627828990792466,0,
NONCYCLONE_03309,18.93800940066403,TS,2003295N09101,18.93800940066403,0,
NONCYCLONE_03310,35.75965022065675,TS,2006247N21089,35.75965022065675,0,
NONCYCLONE_03311,23.300594242958493,TS,2001281N18071,23.300594242958493,0,
NONCYCLONE_03312,26.769862092127024,TS,2017207N24085,26.769862092127024,0,
NONCYCLONE_03313,26.931658234647053,TS,2024258N22091,26.931658234647053,0,
NONCYCLONE_03314,26.56816429417717,DS,2006300N07078,26.56816429417717,0,
NONCYCLONE_03315,18.50025346855043,TS,2019160N11073,18.50025346855043,0,
NONCYCLONE_03316,18.789017464672845,DS,2023317N10094,18.789017464672845,0,
NONCYCLONE_03317,27.527959251052042,TS,2011203N24085,27.527959251052042,0,
NONCYCLONE_03318,10.147476166441264,TS,2018314N12093,10.147476166441264,0,
NONCYCLONE_03319,24.0326166852328,TS,2005179N22088,24.0326166852328,0,
NONCYCLONE_03320,11.760491376430325,TS,2006228N21088,11.760491376430325,0,
NONCYCLONE_03321,14.06241818481547,DS,2014309N13088,14.06241818481547,0,
NONCYCLONE_03322,40.30751204558036,DS,2007314N10093,40.30751204558036,0,
NONCYCLONE_03323,17.002410749874528,TS,2025250N25073,17.002410749874528,0,
NONCYCLONE_03324,22.180544681258237,TS,2002327N10089,22.180544681258237,0,
NONCYCLONE_03325,25.25838062231208,DS,2019301N05081,25.25838062231208,0,
NONCYCLONE_03326,40.05873172266963,TS,2006329N06150,40.05873172266963,0,
NONCYCLONE_03327,11.881046342241618,TS,2014159N12068,11.881046342241618,0,
NONCYCLONE_03328,13.013641360238536,TS,2025295N09068,13.013641360238536,0,
NONCYCLONE_03329,21.88350634486356,TS,2000331N09092,21.88350634486356,0,
NONCYCLONE_03330,24.184089223261235,DS,2007178N18089,24.184089223261235,0,
NONCYCLONE_03331,15.260010983440656,DS,2020326N11063,15.260010983440656,0,
NONCYCLONE_03332,37.00936582620384,TS,2015171N18086,37.00936582620384,0,
NONCYCLONE_03333,19.30640879017433,TS,2022346S10098,19.30640879017433,0,
NONCYCLONE_03334,11.16474235463105,TS,2011360N09088,11.16474235463105,1,TS
NONCYCLONE_03335,52.89937439820176,DS,2022338N05100,52.89937439820176,0,
NONCYCLONE_03336,21.74890357212149,TS,2006262N19069,21.74890357212149,0,
NONCYCLONE_03337,18.040936067147253,TS,2007314N10093,18.040936067147253,0,
NONCYCLONE_03338,14.158825558995941,TS,2017333N06082,14.158825558995941,0,
NONCYCLONE_03339,23.2202380216322,DS,2006329N06150,23.2202380216322,0,
NONCYCLONE_03340,19.992970218819746,TS,2008338N06092,19.992970218819746,0,
NONCYCLONE_03341,24.666831969328925,TS,2003316N11141,24.666831969328925,0,
NONCYCLONE_03342,13.19712584423168,TS,2016341N08092,13.19712584423168,0,
NONCYCLONE_03343,12.542813995688709,TS,2004125N11074,12.542813995688709,0,
NONCYCLONE_03344,15.340499475241167,TS,2014159N12068,15.340499475241167,0,
NONCYCLONE_03345,24.21618961419092,DS,2006262N19069,24.21618961419092,0,
NONCYCLONE_03346,35.21291760271136,TS,2006330S06049,35.21291760271136,0,
NONCYCLONE_03347,31.884847284955562,TS,2016341N08092,31.884847284955562,0,
NONCYCLONE_03348,19.31983381116923,TS,2017340N09089,19.31983381116923,0,
NONCYCLONE_03349,13.103072707001948,TS,2000331N09092,13.103072707001948,0,
NONCYCLONE_03350,38.2733255637283,TS,2003295N09101,38.2733255637283,0,
NONCYCLONE_03351,12.007404631150342,TS,2004125N11074,12.007404631150342,0,
NONCYCLONE_03352,50.476040779575,TS,2017232N19130,50.476040779575,0,
NONCYCLONE_03353,35.80878630715384,TS,2000331N09092,35.80878630715384,0,
NONCYCLONE_03354,17.112008726664154,TS,2000331N09092,17.112008726664154,0,
NONCYCLONE_03355,23.123464691829636,TS,2000289N15089,23.123464691829636,0,
NONCYCLONE_03356,47.70347984333369,TS,2013130N04093,47.70347984333369,0,
NONCYCLONE_03357,17.643865914130078,TS,2008157N16066,17.643865914130078,0,
NONCYCLONE_03358,11.738347706098823,TS,2015312N11084,11.738347706098823,0,
NONCYCLONE_03359,29.74401519730473,DS,2006329N06150,29.74401519730473,0,
NONCYCLONE_03360,33.854880305870296,TS,2006329N06150,33.854880305870296,0,
NONCYCLONE_03361,18.22266488616067,TS,2015301N11065,18.22266488616067,0,
NONCYCLONE_03362,37.41900307891356,TS,2001313N12084,37.41900307891356,0,
NONCYCLONE_03363,12.896678188542221,TS,2006224N21088,12.896678188542221,0,
NONCYCLONE_03364,15.599944909755395,TS,2023030N08087,15.599944909755395,0,
NONCYCLONE_03365,37.012625844490664,TS,2000088N08090,37.012625844490664,0,
NONCYCLONE_03366,12.2415468654441,TS,2006012N03081,12.2415468654441,0,
NONCYCLONE_03367,15.682407572571298,TS,2006012N03081,15.682407572571298,0,
NONCYCLONE_03368,23.45094219151553,TS,2022126N07095,23.45094219151553,0,
NONCYCLONE_03369,26.107756870815145,TS,2010305N06105,26.107756870815145,0,
NONCYCLONE_03370,28.360526673864147,TS,2012357N09064,28.360526673864147,0,
NONCYCLONE_03371,17.18274840911801,TS,2020327N08086,17.18274840911801,0,
NONCYCLONE_03372,31.731745578231674,TS,2022226N22088,31.731745578231674,0,
NONCYCLONE_03373,17.781773786642226,TS,2010305N06105,17.781773786642226,0,
NONCYCLONE_03374,29.225151506604156,TS,2014141N16091,29.225151506604156,0,
NONCYCLONE_03375,20.870573864968314,TS,2003313S05079,20.870573864968314,0,
NONCYCLONE_03376,11.375610930732913,TS,2018148N17090,11.375610930732913,0,
NONCYCLONE_03377,14.278505529640617,DS,2024329N04089,14.278505529640617,0,
NONCYCLONE_03378,37.25216038812162,TS,2013281N12098,37.25216038812162,0,
NONCYCLONE_03379,30.045071121296175,TS,2005349N06090,30.045071121296175,0,
NONCYCLONE_03380,46.96269770593174,MX,2018365N08115,46.96269770593174,0,
NONCYCLONE_03381,26.123731375388054,TS,2019160N11073,26.123731375388054,0,
NONCYCLONE_03382,23.0434018828811,TS,2011360N09088,23.0434018828811,0,
NONCYCLONE_03383,22.68581867816876,TS,2017147N14087,22.68581867816876,0,
NONCYCLONE_03384,21.187769912138922,TS,2007151N14072,21.187769912138922,0,
NONCYCLONE_03385,11.8655386516076,TS,2013310N06066,11.8655386516076,0,
NONCYCLONE_03386,15.176251547520506,TS,2000331N09092,15.176251547520506,0,
NONCYCLONE_03387,25.637639537397764,TS,2005262N13127,25.637639537397764,0,
NONCYCLONE_03388,25.76226105036007,TS,2008293N09060,25.76226105036007,0,
NONCYCLONE_03389,10.316152078546326,TS,2008157N16066,10.316152078546326,0,
NONCYCLONE_03390,11.13452296418116,TS,2000299N13093,11.13452296418116,0,
NONCYCLONE_03391,23.4552001925126,TS,2004274N16069,23.4552001925126,0,
NONCYCLONE_03392,46.96369639807759,ET,2025261N19312,56.97100372938936,0,
NONCYCLONE_03393,10.936621098084208,TS,2024238N25077,10.936621098084208,0,
NONCYCLONE_03394,25.952905223468424,TS,2021143N15090,25.952905223468424,0,
NONCYCLONE_03395,24.823281847168897,TS,2004125N11074,24.823281847168897,0,
NONCYCLONE_03396,23.986115121510597,TS,2016228N22117,23.986115121510597,0,
NONCYCLONE_03397,15.898254103342728,TS,2023156N10067,15.898254103342728,0,
NONCYCLONE_03398,13.339944198890528,TS,2024252N18087,13.339944198890528,0,
NONCYCLONE_03399,16.05478800731656,TS,2024145N14087,16.05478800731656,0,
NONCYCLONE_03400,19.847168937374782,TS,2004307N09068,19.847168937374782,0,
NONCYCLONE_03401,35.6801062167697,TS,2007314N10093,35.6801062167697,0,
NONCYCLONE_03402,16.31288063352422,TS,2021256N20087,16.31288063352422,0,
NONCYCLONE_03403,27.661796486185327,TS,2022230N18095,27.661796486185327,0,
NONCYCLONE_03404,41.61060197796295,TS,2010305N06105,41.61060197796295,0,
NONCYCLONE_03405,33.8638226344165,TS,2014003N08086,33.8638226344165,0,
NONCYCLONE_03406,33.42662435212857,TS,2023212N19090,33.42662435212857,0,
NONCYCLONE_03407,16.87386699643285,TS,2008157N16066,16.87386699643285,0,
NONCYCLONE_03408,34.969632603832494,DS,2018148N17090,34.969632603832494,0,
NONCYCLONE_03409,29.99419949280081,TS,2020150N17054,29.99419949280081,0,
NONCYCLONE_03410,17.333430311072444,TS,2025250N25073,17.333430311072444,0,
NONCYCLONE_03411,27.651582466469566,TS,2007172N15088,27.651582466469566,0,
NONCYCLONE_03412,42.94099713139544,TS,2010293N17093,42.94099713139544,0,
NONCYCLONE_03413,46.17301940281716,TS,2016295N13089,46.17301940281716,0,
NONCYCLONE_03414,18.427687100022567,TS,2008317N11089,18.427687100022567,0,
NONCYCLONE_03415,14.97347197189732,MX,2010151N14065,14.97347197189732,0,
NONCYCLONE_03416,23.668000060697523,TS,2024216N24085,23.668000060697523,0,
NONCYCLONE_03417,18.864542667355284,TS,2018141N08059,18.864542667355284,0,
NONCYCLONE_03418,21.59999999999999,TS,2022346S10098,21.59999999999999,0,
NONCYCLONE_03419,20.145154511407984,TS,2013324N07103,20.145154511407984,0,
NONCYCLONE_03420,11.600000000000001,TS,2013322N13090,11.600000000000001,0,
NONCYCLONE_03421,33.13343348362252,TS,2023293N12089,33.13343348362252,0,
NONCYCLONE_03422,37.88684963458325,TS,2023334N08088,37.88684963458325,0,
NONCYCLONE_03423,12.513199284049916,DS,2004274N16069,12.513199284049916,0,
NONCYCLONE_03424,32.10698298448099,TS,2022346S10098,32.10698298448099,0,
NONCYCLONE_03425,10.569743051732285,TS,2012301N11087,10.569743051732285,1,TS
NONCYCLONE_03426,12.093393506908146,TS,2025331N06083,12.093393506908146,0,
NONCYCLONE_03427,17.262840278183567,TS,2004319N10134,17.262840278183567,0,
NONCYCLONE_03428,34.03694623577091,TS,2010151N14065,34.03694623577091,0,
NONCYCLONE_03429,13.13877145467312,DS,2009143N17089,13.13877145467312,0,
NONCYCLONE_03430,49.97383334053391,TS,2010293N17093,49.97383334053391,0,
NONCYCLONE_03431,14.165865492512411,TS,2022347N12074,14.165865492512411,0,
NONCYCLONE_03432,15.192186093699991,TS,2003315N09067,15.192186093699991,0,
NONCYCLONE_03433,26.458704524282393,TS,2025329N05100,26.458704524282393,0,
NONCYCLONE_03434,41.663008262507,TS,2025233N15126,41.663008262507,0,
NONCYCLONE_03435,23.87133452350608,TS,2017104N08085,23.87133452350608,0,
NONCYCLONE_03436,15.918681369108285,TS,2007314N10093,15.918681369108285,0,
NONCYCLONE_03437,17.394472859031918,TS,2005257N15120,17.394472859031918,0,
NONCYCLONE_03438,11.89169250770277,TS,2001361N01106,11.89169250770277,0,
NONCYCLONE_03439,26.62201829785231,TS,2005179N22088,26.62201829785231,0,
NONCYCLONE_03440,21.752154499036823,TS,2006214N20088,21.752154499036823,0,
NONCYCLONE_03441,17.674765163309758,TS,2015301N11065,17.674765163309758,0,
NONCYCLONE_03442,16.3660841352245,TS,2004125N11074,16.3660841352245,0,
NONCYCLONE_03443,17.554650824155996,TS,2000358N08086,17.554650824155996,0,
NONCYCLONE_03444,21.123019197647665,TS,2025149N21088,21.123019197647665,0,
NONCYCLONE_03445,47.84264928518627,TS,2005262N13127,47.84264928518627,0,
NONCYCLONE_03446,15.838426966322343,TS,2019296N15066,15.838426966322343,0,
NONCYCLONE_03447,24.24629584248077,TS,2013339N09084,24.24629584248077,0,
NONCYCLONE_03448,19.358064439453894,TS,2023292N11063,19.358064439453894,0,
NONCYCLONE_03449,11.795777743364066,DS,2005274N17086,11.795777743364066,0,
NONCYCLONE_03450,17.849060733643572,DS,2023293N12089,17.849060733643572,0,
NONCYCLONE_03451,19.10165857352742,TS,2004274N16069,19.10165857352742,0,
NONCYCLONE_03452,33.86692681605828,TS,2023212N19090,33.86692681605828,0,
NONCYCLONE_03453,20.060451213975153,TS,2025295N09068,20.060451213975153,0,
NONCYCLONE_03454,25.932490381349965,TS,2016335N07088,25.932490381349965,0,
NONCYCLONE_03455,20.561291419287006,TS,2021133N10071,20.561291419287006,0,
NONCYCLONE_03456,15.150657203794774,TS,2008168N22090,15.150657203794774,0,
NONCYCLONE_03457,16.852408826382096,TS,2004256N23089,16.852408826382096,0,
NONCYCLONE_03458,16.462823135544376,TS,2019264N19071,16.462823135544376,0,
NONCYCLONE_03459,14.71609908416364,TS,2012321N14090,14.71609908416364,0,
NONCYCLONE_03460,26.051013543233523,TS,2001361N01106,26.051013543233523,0,
NONCYCLONE_03461,36.38702390303817,TS,2024258N22091,36.38702390303817,0,
NONCYCLONE_03462,19.611231321503965,TS,2017333N06082,19.611231321503965,0,
NONCYCLONE_03463,10.130384610930157,DS,2004307N09068,10.130384610930157,0,
NONCYCLONE_03464,23.836006414974218,TS,2023334N08088,23.836006414974218,0,
NONCYCLONE_03465,22.87897660009811,TS,2016335N07088,22.87897660009811,0,
NONCYCLONE_03466,29.570745072229844,TS,2015259N20084,29.570745072229844,0,
NONCYCLONE_03467,13.027277686480456,TS,2003315N09067,13.027277686480456,0,
NONCYCLONE_03468,12.584280557520053,TS,2005330N09096,12.584280557520053,0,
NONCYCLONE_03469,11.40115354370923,TS,2008293N09060,11.40115354370923,0,
NONCYCLONE_03470,39.043540649892954,TS,2005007N04085,39.043540649892954,0,
NONCYCLONE_03471,20.566580180821976,TS,2014309N13088,20.566580180821976,0,
NONCYCLONE_03472,10.74244251444233,TS,2023292N11063,10.74244251444233,0,
NONCYCLONE_03473,19.989585367185647,DS,2014003N08086,19.989585367185647,0,
NONCYCLONE_03474,16.744227621471943,TS,2011330N06078,16.744227621471943,0,
NONCYCLONE_03475,15.64235563244652,TS,2025274N14133,15.64235563244652,0,
NONCYCLONE_03476,20.714724758668083,TS,2021143N15090,20.714724758668083,0,
NONCYCLONE_03477,38.88197164251869,DS,2010305N06105,38.88197164251869,0,
NONCYCLONE_03478,20.10747217245206,TS,2023334N08088,20.10747217245206,0,
NONCYCLONE_03479,11.541598727313295,TS,2015171N15112,11.541598727313295,0,
NONCYCLONE_03480,24.72081639354087,TS,2018136N11054,24.72081639354087,0,
NONCYCLONE_03481,11.90556247071187,TS,2010293N17093,11.90556247071187,0,
NONCYCLONE_03482,45.94460143403278,DS,2022295N13093,45.94460143403278,0,
NONCYCLONE_03483,32.11123164387594,TS,2013305N07141,32.11123164387594,0,
NONCYCLONE_03484,57.47346796632263,DS,2017307N07102,57.47346796632263,0,
NONCYCLONE_03485,24.59121322147825,TS,2008117N11090,24.59121322147825,0,
NONCYCLONE_03486,34.385053617327806,TS,2018072N05076,34.385053617327806,0,
NONCYCLONE_03487,22.096208834499354,TS,2008259N20089,22.096208834499354,0,
NONCYCLONE_03488,34.97548290893232,TS,2025331N06083,34.97548290893232,0,
NONCYCLONE_03489,40.144761269262645,TS,2015207N22091,40.144761269262645,0,
NONCYCLONE_03490,14.833389877439368,TS,2001141N14068,14.833389877439368,0,
NONCYCLONE_03491,33.769616198314814,TS,2023334N08088,33.769616198314814,0,
NONCYCLONE_03492,27.531235675794555,TS,2023156N10067,27.531235675794555,0,
NONCYCLONE_03493,10.180717644791518,DS,2010151N14065,10.180717644791518,1,DS
NONCYCLONE_03494,33.67494028513494,TS,2015301N11065,33.67494028513494,0,
NONCYCLONE_03495,22.87385536818985,TS,2011159N13122,22.87385536818985,0,
NONCYCLONE_03496,9.924626446191207,DS,2013128S05086,9.924626446191207,0,
NONCYCLONE_03497,17.36438986035831,TS,2013281N12098,17.36438986035831,0,
NONCYCLONE_03498,13.011769149984584,TS,2021335N08096,13.011769149984584,0,
NONCYCLONE_03499,25.651778006785463,TS,2021133N10071,25.651778006785463,0,
NONCYCLONE_03500,16.604753096960653,DS,2022338N05100,16.604753096960653,0,
NONCYCLONE_03501,10.478764704613512,TS,2025270N19086,10.478764704613512,0,
NONCYCLONE_03502,19.532580670454482,DS,2004312S05085,19.532580670454482,0,
NONCYCLONE_03503,10.672905701996772,TS,2018314N12093,10.672905701996772,1,TS
NONCYCLONE_03504,27.865043761317832,TS,2017232N19130,27.865043761317832,0,
NONCYCLONE_03505,12.91924917245816,TS,2019296N15066,12.91924917245816,0,
NONCYCLONE_03506,15.656425271940604,TS,2015209N26072,15.656425271940604,0,
NONCYCLONE_03507,18.636490455434856,TS,2015207N22091,18.636490455434856,0,
NONCYCLONE_03508,29.480914580009163,TS,2003295N09101,29.480914580009163,0,
NONCYCLONE_03509,25.323552531301765,TS,2013232N22088,25.323552531301765,0,
NONCYCLONE_03510,52.05817505586041,TS,2005262N13127,52.05817505586041,0,
NONCYCLONE_03511,16.991765216277745,TS,2020326N11063,16.991765216277745,0,
NONCYCLONE_03512,13.813325653579941,DS,2007151N14072,13.813325653579941,0,
NONCYCLONE_03513,24.908339404058644,TS,2020136N10088,24.908339404058644,0,
NONCYCLONE_03514,16.540108181136986,TS,2018141N08059,16.540108181136986,0,
NONCYCLONE_03515,36.142980108583295,TS,2005274N17086,36.142980108583295,0,
NONCYCLONE_03516,33.53879231426711,TS,2013301N13142,33.53879231426711,0,
NONCYCLONE_03517,30.422010536314577,TS,2024252N18087,30.422010536314577,0,
NONCYCLONE_03518,14.026024882627151,TS,2005179N22088,14.026024882627151,0,
NONCYCLONE_03519,14.497985773420629,DS,2014159N12068,14.497985773420629,0,
NONCYCLONE_03520,29.125783533516717,TS,2025266N11137,29.125783533516717,0,
NONCYCLONE_03521,49.52932960378925,DS,2022338N05100,49.52932960378925,0,
NONCYCLONE_03522,10.157782756097971,TS,2006012N03081,10.157782756097971,0,
NONCYCLONE_03523,24.45695066938276,TS,2021143N15090,24.45695066938276,0,
NONCYCLONE_03524,22.515156946167785,TS,2018263N17089,22.515156946167785,0,
NONCYCLONE_03525,20.455413515858876,TS,2005338N09093,20.455413515858876,0,
NONCYCLONE_03526,33.24755421682711,TS,2000358N08086,33.24755421682711,0,
NONCYCLONE_03527,24.844742134145164,TS,2023132S03090,24.844742134145164,0,
NONCYCLONE_03528,16.73772041248594,MX,2021267N18094,16.73772041248594,0,
NONCYCLONE_03529,32.254812308185166,TS,2024201N19086,32.254812308185166,0,
NONCYCLONE_03530,14.176720026528727,TS,2024295N15092,14.176720026528727,0,
NONCYCLONE_03531,12.330047970328883,TS,2006184N16110,12.330047970328883,0,
NONCYCLONE_03532,38.404204979084646,TS,2005262N13127,38.404204979084646,0,
NONCYCLONE_03533,31.7833984273881,TS,2020335N06090,31.7833984273881,0,
NONCYCLONE_03534,15.254800259932031,TS,2023293N12089,15.254800259932031,0,
NONCYCLONE_03535,30.320289142154135,TS,2021322N11082,30.320289142154135,0,
NONCYCLONE_03536,12.762908425179539,DS,2024329N04089,12.762908425179539,0,
NONCYCLONE_03537,36.06473269644948,DS,2005298N12088,36.06473269644948,0,
NONCYCLONE_03538,20.74907738163464,TS,2018072N05076,20.74907738163464,0,
NONCYCLONE_03539,36.28687867710202,TS,2022126N07095,36.28687867710202,0,
NONCYCLONE_03540,20.63863255975202,TS,2005179N22088,20.63863255975202,0,
NONCYCLONE_03541,11.000708591433233,TS,2024295N15092,11.000708591433233,0,
NONCYCLONE_03542,26.7183671078617,TS,2011265N21088,26.7183671078617,0,
NONCYCLONE_03543,41.6094519343534,TS,2006247N21089,41.6094519343534,0,
NONCYCLONE_03544,25.607430719986574,TS,2001267N17070,25.607430719986574,0,
NONCYCLONE_03545,25.922500141403237,TS,2005210N21088,25.922500141403237,0,
NONCYCLONE_03546,21.4581155553686,TS,2016335N07088,21.4581155553686,0,
NONCYCLONE_03547,22.89491016071901,TS,2016230N21089,22.89491016071901,0,
NONCYCLONE_03548,36.82614558971264,TS,2011310N11066,36.82614558971264,0,
NONCYCLONE_03549,13.40641217974435,TS,2022062N06085,13.40641217974435,0,
NONCYCLONE_03550,30.87735113669666,TS,2012297N11067,30.87735113669666,0,
NONCYCLONE_03551,50.85705643153266,TS,2005262N13127,50.85705643153266,0,
NONCYCLONE_03552,34.298392145908316,TS,2018219N21088,34.298392145908316,0,
NONCYCLONE_03553,12.936922395575438,TS,2015259N20084,12.936922395575438,0,
NONCYCLONE_03554,34.54881787162546,TS,2005210N21088,34.54881787162546,0,
NONCYCLONE_03555,20.49601776511259,TS,2015173N20067,20.49601776511259,0,
NONCYCLONE_03556,41.11171603716645,TS,2000358N08086,41.11171603716645,0,
NONCYCLONE_03557,13.66494010430604,TS,2000358N08086,13.66494010430604,0,
NONCYCLONE_03558,28.743559739626217,TS,2014279N11096,28.743559739626217,0,
NONCYCLONE_03559,28.991980069740617,TS,2008338N06092,28.991980069740617,0,
NONCYCLONE_03560,45.22046521992243,TS,2003295N09101,45.22046521992243,0,
NONCYCLONE_03561,12.698291258101047,TS,2015309N14067,12.698291258101047,0,
NONCYCLONE_03562,14.193006358496364,TS,2019301N05081,14.193006358496364,0,
NONCYCLONE_03563,23.82227322768978,TS,2004319N10134,23.82227322768978,0,
NONCYCLONE_03564,24.361277293127536,DS,2023292N11063,24.361277293127536,0,
NONCYCLONE_03565,30.105141267409998,TS,2004325S06078,30.105141267409998,0,
NONCYCLONE_03566,10.020550038747324,TS,2018227N20086,10.020550038747324,0,
NONCYCLONE_03567,26.787481975661862,TS,2003338S09065,26.787481975661862,0,
NONCYCLONE_03568,13.85979620089351,TS,2016295N13089,13.85979620089351,0,
NONCYCLONE_03569,50.43174705461817,TS,2018365N08115,50.43174705461817,0,
NONCYCLONE_03570,11.779347793407055,TS,2025298N11089,11.779347793407055,0,
NONCYCLONE_03571,25.668245226402828,TS,2020150N17054,25.668245226402828,0,
NONCYCLONE_03572,24.031543400285805,TS,2001361N01106,24.031543400285805,0,
NONCYCLONE_03573,26.970876347518512,TS,2024290N11084,26.970876347518512,0,
NONCYCLONE_03574,14.455418019893953,DS,2020326N11063,14.455418019893953,0,
NONCYCLONE_03575,30.401645991110207,TS,2022295N13093,30.401645991110207,0,
NONCYCLONE_03576,15.703173409555314,TS,2009174N18072,15.703173409555314,0,
NONCYCLONE_03577,18.32451986466489,TS,2016335N07088,18.32451986466489,0,
NONCYCLONE_03578,22.951479742478273,TS,2004274N16069,22.951479742478273,0,
NONCYCLONE_03579,42.9555378552484,TS,2000088N08090,42.9555378552484,0,
NONCYCLONE_03580,17.999437992296926,TS,2022347N12074,17.999437992296926,0,
NONCYCLONE_03581,35.07234124554683,TS,2014279N11096,35.07234124554683,0,
NONCYCLONE_03582,41.868434706783205,TS,2008298N16085,41.868434706783205,0,
NONCYCLONE_03583,42.13430972333797,TS,2011167N22089,42.13430972333797,0,
NONCYCLONE_03584,36.04228609554273,TS,2014297N11062,36.04228609554273,0,
NONCYCLONE_03585,15.804002719843798,TS,2023292N11063,15.804002719843798,0,
NONCYCLONE_03586,36.768389045778115,DS,2010136N09057,36.768389045778115,0,
NONCYCLONE_03587,34.213194042177406,TS,2004325S06078,34.213194042177406,0,
NONCYCLONE_03588,33.343743441343754,DS,2018136N11054,33.343743441343754,0,
NONCYCLONE_03589,32.5867742886839,TS,2013149N21090,32.5867742886839,0,
NONCYCLONE_03590,35.788893610662775,TS,2017232N19130,35.788893610662775,0,
NONCYCLONE_03591,17.4752094043228,TS,2019218N21088,17.4752094043228,0,
NONCYCLONE_03592,31.497494974377513,DS,2022126N07095,31.497494974377513,0,
NONCYCLONE_03593,32.57828542743147,TS,2012296N06135,32.57828542743147,0,
NONCYCLONE_03594,20.189353890908787,TS,2017292N17087,20.189353890908787,0,
NONCYCLONE_03595,33.894132820012,TS,2025331N06083,33.894132820012,0,
NONCYCLONE_03596,40.90757046434593,TS,2003206N21089,40.90757046434593,0,
NONCYCLONE_03597,12.358444326726037,TS,2010151N14065,12.358444326726037,0,
NONCYCLONE_03598,10.961956361510644,TS,2018279N11069,10.961956361510644,0,
NONCYCLONE_03599,25.87904508270826,TS,2000331N09092,25.87904508270826,0,
NONCYCLONE_03600,37.31632964655138,DS,2021264N13119,37.31632964655138,0,
NONCYCLONE_03601,14.354261753111999,TS,2022062N06085,14.354261753111999,0,
NONCYCLONE_03602,11.353579328633055,TS,2009247N19089,11.353579328633055,0,
NONCYCLONE_03603,22.727495945255523,TS,2005274N17086,22.727495945255523,0,
NONCYCLONE_03604,38.714589050017345,TS,2024145N14087,38.714589050017345,0,
NONCYCLONE_03605,28.79067116518617,TS,2001141N14068,28.79067116518617,0,
NONCYCLONE_03606,27.055839369278285,DS,2025248N18120,27.055839369278285,0,
NONCYCLONE_03607,29.395504265278912,DS,2018279N11069,29.395504265278912,0,
NONCYCLONE_03608,10.855924767136466,DS,2019301N05081,10.855924767136466,1,DS
NONCYCLONE_03609,12.216333276870479,TS,2011330N06078,12.216333276870479,0,
NONCYCLONE_03610,14.386254525499345,TS,2005349N06090,14.386254525499345,0,
NONCYCLONE_03611,37.86574757477291,TS,2018347N07089,37.86574757477291,0,
NONCYCLONE_03612,65.92610175630497,MX,2021264N13119,65.92610175630497,0,
NONCYCLONE_03613,40.40834907168396,TS,2015207N22091,40.40834907168396,0,
NONCYCLONE_03614,15.884276839495737,TS,2016341N08092,15.884276839495737,0,
NONCYCLONE_03615,17.0842653867234,TS,2015259N20084,17.0842653867234,0,
NONCYCLONE_03616,15.610941063640595,TS,2011310N11066,15.610941063640595,0,
NONCYCLONE_03617,27.209473743126367,DS,2024313S06092,27.209473743126367,0,
NONCYCLONE_03618,26.593850496017037,TS,2024258N22091,26.593850496017037,0,
NONCYCLONE_03619,11.072133234813165,TS,2013310N06066,11.072133234813165,0,
NONCYCLONE_03620,65.14293600442717,TS,2025260N13138,65.14293600442717,0,
NONCYCLONE_03621,39.944134735139144,TS,2000083S17102,39.944134735139144,0,
NONCYCLONE_03622,21.942997255540856,TS,2011360N09088,21.942997255540856,0,
NONCYCLONE_03623,15.935251631281444,TS,2022230N18095,15.935251631281444,0,
NONCYCLONE_03624,26.21976457469636,MX,2006330S06049,26.21976457469636,0,
NONCYCLONE_03625,19.955754830422062,TS,2003295N09101,19.955754830422062,0,
NONCYCLONE_03626,35.35615222664052,DS,2005338N09093,35.35615222664052,0,
NONCYCLONE_03627,24.95366817647367,TS,2011330N06078,24.95366817647367,0,
NONCYCLONE_03628,22.719935323626974,TS,2017147N14087,22.719935323626974,0,
NONCYCLONE_03629,39.05422795479407,TS,2008259N20089,39.05422795479407,0,
NONCYCLONE_03630,19.827940772697588,TS,2018136N11054,19.827940772697588,0,
NONCYCLONE_03631,20.890986169950406,DS,2024145N14087,20.890986169950406,0,
NONCYCLONE_03632,16.375882513559617,TS,2005324N08085,16.375882513559617,0,
NONCYCLONE_03633,15.42984353654615,TS,2019301N05081,15.42984353654615,0,
NONCYCLONE_03634,17.157483822031192,TS,2000331N09092,17.157483822031192,0,
NONCYCLONE_03635,11.154742983067388,TS,2003129N05091,11.154742983067388,0,
NONCYCLONE_03636,15.40248964937756,TS,2015309N14067,15.40248964937756,0,
NONCYCLONE_03637,10.481793314660356,TS,2025275N22068,10.481793314660356,1,TS
NONCYCLONE_03638,17.72800122738071,TS,2004312S05085,17.72800122738071,0,
NONCYCLONE_03639,27.38191140661356,TS,2006214N20088,27.38191140661356,0,
NONCYCLONE_03640,23.460663355237532,TS,2013305N07141,23.460663355237532,0,
NONCYCLONE_03641,17.75011933661447,TS,2015173N20067,17.75011933661447,0,
NONCYCLONE_03642,19.529888225273766,TS,2001361N01106,19.529888225273766,0,
NONCYCLONE_03643,43.29212845238637,TS,2017232N19130,43.29212845238637,0,
NONCYCLONE_03644,10.469359959898137,TS,2003129N05091,10.469359959898137,0,
NONCYCLONE_03645,41.12982741641537,MX,2015207N22091,41.12982741641537,0,
NONCYCLONE_03646,11.281103307964315,TS,2005257N20069,11.281103307964315,0,
NONCYCLONE_03647,26.99877628445775,TS,2005260N20091,26.99877628445775,0,
NONCYCLONE_03648,42.591456046120584,TS,2005255N20088,42.591456046120584,0,
NONCYCLONE_03649,15.114024584976969,DS,2006262N19069,15.114024584976969,0,
NONCYCLONE_03650,12.915476576070958,TS,2023156N10067,12.915476576070958,0,
NONCYCLONE_03651,20.345606653794228,TS,2022347N12074,20.345606653794228,0,
NONCYCLONE_03652,12.106281421091614,TS,2002327N10089,12.106281421091614,0,
NONCYCLONE_03653,24.014187546903425,TS,2020291N18069,24.014187546903425,0,
NONCYCLONE_03654,33.53331735046743,DS,2013305N07141,33.53331735046743,0,
NONCYCLONE_03655,13.242801557851243,TS,2019302N11118,13.242801557851243,0,
NONCYCLONE_03656,18.96951106452496,TS,2005260N20091,18.96951106452496,0,
NONCYCLONE_03657,47.54809322468964,TS,2013281N12098,47.54809322468964,0,
NONCYCLONE_03658,17.324568965443824,DS,2018309S06068,17.324568965443824,0,
NONCYCLONE_03659,29.890989029706237,TS,2019329N09160,29.890989029706237,0,
NONCYCLONE_03660,34.8897067925324,TS,2007314N10093,34.8897067925324,0,
NONCYCLONE_03661,16.893008009077764,TS,2023273N16073,16.893008009077764,0,
NONCYCLONE_03662,18.41609380980095,TS,2019160N11073,18.41609380980095,0,
NONCYCLONE_03663,15.836335428246532,TS,2025295N09068,15.836335428246532,0,
NONCYCLONE_03664,25.50902416367573,TS,2014003N08086,25.50902416367573,0,
NONCYCLONE_03665,18.486500408676477,TS,2011302N13062,18.486500408676477,0,
NONCYCLONE_03666,10.90095604182583,TS,2023292N11063,10.90095604182583,0,
NONCYCLONE_03667,36.3673045984418,TS,2025275N22068,36.3673045984418,0,
NONCYCLONE_03668,33.73975247856404,TS,2006214N20088,33.73975247856404,0,
NONCYCLONE_03669,33.06002001174515,TS,2003206N21089,33.06002001174515,0,
NONCYCLONE_03670,37.94565564663304,TS,2022347N12074,37.94565564663304,0,
NONCYCLONE_03671,33.517751587773596,TS,2003129N05091,33.517751587773596,0,
NONCYCLONE_03672,13.088440612926389,TS,2021267N18094,13.088440612926389,0,
NONCYCLONE_03673,44.046970757793545,TS,2003295N09101,44.046970757793545,0,
NONCYCLONE_03674,19.84350736182834,TS,2025295N09068,19.84350736182834,0,
NONCYCLONE_03675,14.792419956535165,DS,2024295N15092,14.792419956535165,0,
NONCYCLONE_03676,19.764861236268317,DS,2020327N08086,19.764861236268317,0,
NONCYCLONE_03677,15.730662060919267,MX,2004274N16069,15.730662060919267,0,
NONCYCLONE_03678,14.425843446526496,TS,2002319S06078,14.425843446526496,0,
NONCYCLONE_03679,12.125175628452045,TS,2023030N08087,12.125175628452045,0,
NONCYCLONE_03680,12.848216446558023,DS,2024295N15092,12.848216446558023,0,
NONCYCLONE_03681,12.73546632891541,TS,2002126N09068,12.73546632891541,0,
NONCYCLONE_03682,36.3129564272067,TS,2013362S09053,36.3129564272067,0,
NONCYCLONE_03683,10.583797114371418,TS,2024255N24080,10.583797114371418,0,
NONCYCLONE_03684,12.828041747890046,TS,2013310N06066,12.828041747890046,0,
NONCYCLONE_03685,12.195182542660417,TS,2022356N09085,12.195182542660417,0,
NONCYCLONE_03686,25.187273479864086,TS,2021267N18094,25.187273479864086,0,
NONCYCLONE_03687,21.68785121660049,TS,2024329N04089,21.68785121660049,0,
NONCYCLONE_03688,24.931191023508152,TS,2023156N10067,24.931191023508152,0,
NONCYCLONE_03689,21.401995980688522,TS,2008157N16066,21.401995980688522,0,
NONCYCLONE_03690,27.717768410348082,TS,2018309S06068,27.717768410348082,0,
NONCYCLONE_03691,43.59990471542391,DS,2004312S05085,43.59990471542391,0,
NONCYCLONE_03692,29.718525320492635,TS,2018141N08059,29.718525320492635,0,
NONCYCLONE_03693,14.210137344947608,TS,2016178N22068,14.210137344947608,0,
NONCYCLONE_03694,21.180291078191505,TS,2015191N23085,21.180291078191505,0,
NONCYCLONE_03695,16.854621053175897,TS,2019160N11073,16.854621053175897,0,
NONCYCLONE_03696,33.395161595515525,TS,2011302N13062,33.395161595515525,0,
NONCYCLONE_03697,34.48710535782318,TS,2023129N08091,34.48710535782318,0,
NONCYCLONE_03698,35.05084597759637,TS,2025206N21090,35.05084597759637,0,
NONCYCLONE_03699,14.319494638066264,TS,2024288N16065,14.319494638066264,0,
NONCYCLONE_03700,43.199597527620284,TS,2015207N22091,43.199597527620284,0,
NONCYCLONE_03701,13.903532617561794,TS,2017333N06082,13.903532617561794,0,
NONCYCLONE_03702,14.159759230521942,TS,2014279N11096,14.159759230521942,0,
NONCYCLONE_03703,16.20351376857899,TS,2008317N11089,16.20351376857899,0,
NONCYCLONE_03704,40.000872839888366,TS,2013281N12098,40.000872839888366,0,
NONCYCLONE_03705,13.477551592018088,TS,2008317N11089,13.477551592018088,0,
NONCYCLONE_03706,28.229662007532205,DS,2006330S06049,28.229662007532205,0,
NONCYCLONE_03707,14.372848022674708,TS,2001141N14068,14.372848022674708,0,
NONCYCLONE_03708,24.554489616878122,DS,2004274N16069,24.554489616878122,0,
NONCYCLONE_03709,12.610621974489616,TS,2014003N08086,12.610621974489616,0,
NONCYCLONE_03710,10.203807683737708,TS,2008298N16085,10.203807683737708,0,
NONCYCLONE_03711,14.201328072561493,TS,2023156N10067,14.201328072561493,0,
NONCYCLONE_03712,38.85198896575458,TS,2006271N18089,38.85198896575458,0,
NONCYCLONE_03713,12.547114540554325,TS,2000289N15089,12.547114540554325,0,
NONCYCLONE_03714,14.801244954480614,TS,2023030N08087,14.801244954480614,0,
NONCYCLONE_03715,22.162823945976587,TS,2001364S19036,22.162823945976587,0,
NONCYCLONE_03716,33.34361684298918,TS,2023030N08087,33.34361684298918,0,
NONCYCLONE_03717,22.28011487661374,TS,2006262N19069,22.28011487661374,0,
NONCYCLONE_03718,27.69999110292488,TS,2016138N10081,27.69999110292488,0,
NONCYCLONE_03719,37.61070993777409,TS,2018136N11054,37.61070993777409,0,
NONCYCLONE_03720,14.086831409175822,TS,2016138N10081,14.086831409175822,0,
NONCYCLONE_03721,18.300087747220893,TS,2014279N11096,18.300087747220893,0,
NONCYCLONE_03722,11.403143725727611,TS,2004162N18068,11.403143725727611,0,
NONCYCLONE_03723,14.737922594759487,TS,2008117N11090,14.737922594759487,0,
NONCYCLONE_03724,46.98552637368557,TS,2016295N13089,46.98552637368557,0,
NONCYCLONE_03725,31.966857491942918,DS,2006012N03081,31.966857491942918,0,
NONCYCLONE_03726,20.071526355130807,TS,2019264N19071,20.071526355130807,0,
NONCYCLONE_03727,41.931818801006166,TS,2025149N21088,41.931818801006166,0,
NONCYCLONE_03728,10.713915020970452,TS,2018365N08115,10.713915020970452,0,
NONCYCLONE_03729,11.042849427237922,TS,2025144N17073,11.042849427237922,0,
NONCYCLONE_03730,35.51144581208986,TS,2003129N05091,35.51144581208986,0,
NONCYCLONE_03731,26.772733791654847,TS,2020296N19087,26.772733791654847,0,
NONCYCLONE_03732,14.074131142333442,TS,2024329N04089,14.074131142333442,0,
NONCYCLONE_03733,28.043172193654094,TS,2009344N06085,28.043172193654094,0,
NONCYCLONE_03734,18.01205507086567,TS,2021280N14068,18.01205507086567,0,
NONCYCLONE_03735,16.51824516700352,TS,2020327N08086,16.51824516700352,0,
NONCYCLONE_03736,27.557269025638092,TS,2005179N22088,27.557269025638092,0,
NONCYCLONE_03737,34.83364827346222,TS,2005298N12088,34.83364827346222,0,
NONCYCLONE_03738,26.782457826626395,TS,2006330S06049,26.782457826626395,0,
NONCYCLONE_03739,14.358753299463654,TS,2005012N04090,14.358753299463654,0,
NONCYCLONE_03740,26.134643066451737,TS,2018072N05076,26.134643066451737,0,
NONCYCLONE_03741,24.08010496010271,TS,2011167N22089,24.08010496010271,0,
NONCYCLONE_03742,23.50618073796696,TS,2006241N20088,23.50618073796696,0,
NONCYCLONE_03743,12.6739614090979,TS,2008293N09060,12.6739614090979,0,
NONCYCLONE_03744,10.332060028096281,TS,2011330N06078,10.332060028096281,1,TS
NONCYCLONE_03745,19.56326182882984,TS,2014202N22087,19.56326182882984,0,
NONCYCLONE_03746,10.307306604081946,TS,2025295N09068,10.307306604081946,0,
NONCYCLONE_03747,17.107422925601192,TS,2018141N08059,17.107422925601192,0,
NONCYCLONE_03748,47.20687081318043,TS,2005322S04095,47.20687081318043,0,
NONCYCLONE_03749,17.62300011381373,TS,2002327N10089,17.62300011381373,0,
NONCYCLONE_03750,19.568941594557177,DS,2005330N09096,19.568941594557177,0,
NONCYCLONE_03751,20.83389835301909,TS,2004307N09068,20.83389835301909,0,
NONCYCLONE_03752,12.755902388457955,TS,2016341N08092,12.755902388457955,0,
NONCYCLONE_03753,18.046022930008597,TS,2010305N06105,18.046022930008597,0,
NONCYCLONE_03754,11.475018141369414,TS,2014279N11096,11.475018141369414,0,
NONCYCLONE_03755,28.14148249572769,TS,2001364S19036,28.14148249572769,0,
NONCYCLONE_03756,13.378578497371642,TS,2008293N09060,13.378578497371642,0,
NONCYCLONE_03757,16.146224203195914,TS,2004162N18068,16.146224203195914,0,
NONCYCLONE_03758,22.67339985671036,TS,2008117N11090,22.67339985671036,0,
NONCYCLONE_03759,29.59642126836032,TS,2003129N05091,29.59642126836032,0,
NONCYCLONE_03760,41.84586425558175,DS,2004312S05085,41.84586425558175,0,
NONCYCLONE_03761,14.079830210235027,TS,2020326N11063,14.079830210235027,0,
NONCYCLONE_03762,17.527334774237122,TS,2019273N23070,17.527334774237122,0,
NONCYCLONE_03763,15.43095077486484,TS,2025198N25082,15.43095077486484,0,
NONCYCLONE_03764,27.72781171592257,TS,2025250N25073,27.72781171592257,0,
NONCYCLONE_03765,10.36440440680097,TS,2014216N21089,10.36440440680097,0,
NONCYCLONE_03766,37.12715299909265,TS,2019264N19071,37.12715299909265,0,
NONCYCLONE_03767,18.662881614717133,TS,2004274N16069,18.662881614717133,0,
NONCYCLONE_03768,19.11590759585533,TS,2021256N20087,19.11590759585533,0,
NONCYCLONE_03769,37.65594376027887,TS,2000289N15089,37.65594376027887,0,
NONCYCLONE_03770,14.167902833267393,TS,2020285N17120,14.167902833267393,0,
NONCYCLONE_03771,16.429728054962162,TS,2011360N09088,16.429728054962162,0,
NONCYCLONE_03772,27.904309568351145,TS,2025206N21090,27.904309568351145,0,
NONCYCLONE_03773,25.645314135147167,TS,2024238N25077,25.645314135147167,0,
NONCYCLONE_03774,14.45384584775468,TS,2008338N06092,14.45384584775468,0,
NONCYCLONE_03775,36.709644044748615,TS,2013128S05086,36.709644044748615,0,
NONCYCLONE_03776,20.722571926810687,TS,2005260N20091,20.722571926810687,0,
NONCYCLONE_03777,28.137197296440274,TS,2004256N23089,28.137197296440274,0,
NONCYCLONE_03778,10.298991857897779,TS,2019301N05081,10.298991857897779,0,
NONCYCLONE_03779,19.727167987235212,TS,2004256N23089,19.727167987235212,0,
NONCYCLONE_03780,15.112842309270281,TS,2000088N08090,15.112842309270281,0,
NONCYCLONE_03781,41.75092105802653,TS,2023030N08087,41.75092105802653,0,
NONCYCLONE_03782,11.033272069012147,DS,2009247N19089,11.033272069012147,0,
NONCYCLONE_03783,16.869568924044064,DS,2018365N08115,16.869568924044064,0,
NONCYCLONE_03784,25.373782048141994,DS,2005012N04090,25.373782048141994,0,
NONCYCLONE_03785,43.96049799371886,TS,2022126N07095,43.96049799371886,0,
NONCYCLONE_03786,29.535111391705342,TS,2008317N11089,29.535111391705342,0,
NONCYCLONE_03787,18.18152374583699,TS,2012357N09064,18.18152374583699,0,
NONCYCLONE_03788,42.74647587422907,TS,2009143N17089,42.74647587422907,0,
NONCYCLONE_03789,27.345089285529383,TS,2013130N04093,27.345089285529383,0,
NONCYCLONE_03790,11.84019098564385,TS,2005298N12088,11.84019098564385,0,
NONCYCLONE_03791,11.577841946215695,TS,2024201N19086,11.577841946215695,0,
NONCYCLONE_03792,11.2672111168313,TS,2019337N11072,11.2672111168313,0,
NONCYCLONE_03793,14.439550430850469,TS,2019301N05081,14.439550430850469,0,
NONCYCLONE_03794,13.745070168140817,TS,2023292N11063,13.745070168140817,0,
NONCYCLONE_03795,16.893214698437784,TS,2015312N11084,16.893214698437784,0,
NONCYCLONE_03796,17.852481164095913,TS,2018148N17090,17.852481164095913,0,
NONCYCLONE_03797,40.17826246072186,TS,2004163N15090,40.17826246072186,0,
NONCYCLONE_03798,18.99363285365858,TS,2019302N11118,18.99363285365858,0,
NONCYCLONE_03799,18.951773004814314,TS,2018141N08059,18.951773004814314,0,
NONCYCLONE_03800,30.040461230997025,TS,2009143N17089,30.040461230997025,0,
NONCYCLONE_03801,17.38432640448983,TS,2004319N10134,17.38432640448983,0,
NONCYCLONE_03802,10.355603242992077,TS,2019301N05081,10.355603242992077,1,TS
NONCYCLONE_03803,13.561681689082596,TS,2018202N21088,13.561681689082596,0,
NONCYCLONE_03804,17.39179645466438,TS,2020153N13072,17.39179645466438,0,
NONCYCLONE_03805,14.671113821660132,TS,2002355N04077,14.671113821660132,0,
NONCYCLONE_03806,24.4689054571765,TS,2002327N10089,24.4689054571765,0,
NONCYCLONE_03807,11.157253689285405,TS,2005330N09096,11.157253689285405,0,
NONCYCLONE_03808,14.070275778264149,TS,2018141N08059,14.070275778264149,0,
NONCYCLONE_03809,19.324309427849247,TS,2019160N11073,19.324309427849247,0,
NONCYCLONE_03810,37.01352759989232,TS,2012301N11087,37.01352759989232,0,
NONCYCLONE_03811,22.34758452875222,TS,2010136N09057,22.34758452875222,0,
NONCYCLONE_03812,37.701959253549774,TS,2006330S06049,37.701959253549774,0,
NONCYCLONE_03813,34.38439158295165,DS,2017307N07102,34.38439158295165,0,
NONCYCLONE_03814,20.653093367662112,TS,2019160N11073,20.653093367662112,0,
NONCYCLONE_03815,16.175209914732395,TS,2017333N06082,16.175209914732395,0,
NONCYCLONE_03816,21.495005788341427,MX,2020353N06129,21.495005788341427,0,
NONCYCLONE_03817,28.76213437474461,TS,2025266N11137,28.76213437474461,0,
NONCYCLONE_03818,18.798775045964664,TS,2005012N04090,18.798775045964664,0,
NONCYCLONE_03819,23.209922010793285,TS,2002355N04077,23.209922010793285,0,
NONCYCLONE_03820,13.126946347237656,TS,2022347N12074,13.126946347237656,0,
NONCYCLONE_03821,23.710139602078875,TS,2022065S16055,23.710139602078875,0,
NONCYCLONE_03822,14.229110232113198,TS,2014003N08086,14.229110232113198,0,
NONCYCLONE_03823,39.44133953458617,TS,2004325S06078,39.44133953458617,0,
NONCYCLONE_03824,10.62579640582218,TS,2012321N14090,10.62579640582218,1,TS
NONCYCLONE_03825,12.371866690030885,TS,2017340N09089,12.371866690030885,0,
NONCYCLONE_03826,34.07518840430668,DS,2004312S05085,34.07518840430668,0,
NONCYCLONE_03827,20.06809950667528,TS,2003129N05091,20.06809950667528,0,
NONCYCLONE_03828,13.18072872506921,TS,2014279N11096,13.18072872506921,0,
NONCYCLONE_03829,39.670797159917164,TS,2010341N14082,39.670797159917164,0,
NONCYCLONE_03830,23.23089230232669,DS,2006300N07078,23.23089230232669,0,
NONCYCLONE_03831,29.987534823351837,TS,2024329N04089,29.987534823351837,0,
NONCYCLONE_03832,10.83279355232259,TS,2003315N09067,10.83279355232259,0,
NONCYCLONE_03833,24.22891124336051,TS,2006114N08090,24.22891124336051,0,
NONCYCLONE_03834,29.752151452709995,TS,2005349N06090,29.752151452709995,0,
NONCYCLONE_03835,30.28730304555855,MX,2018365N08115,30.28730304555855,0,
NONCYCLONE_03836,36.40400492223758,TS,2014216N21089,36.40400492223758,0,
NONCYCLONE_03837,13.351841496668262,TS,2001288N13084,13.351841496668262,0,
NONCYCLONE_03838,25.258739929980642,TS,2009174N18072,25.258739929980642,0,
NONCYCLONE_03839,30.689446826869794,TS,2017340N09089,30.689446826869794,0,
NONCYCLONE_03840,22.48870016513632,TS,2015191N23085,22.48870016513632,0,
NONCYCLONE_03841,12.825302779534766,TS,2024258N22091,12.825302779534766,0,
NONCYCLONE_03842,29.31597590996947,TS,2021092N11096,29.31597590996947,0,
NONCYCLONE_03843,14.533547329175354,TS,2009143N17089,14.533547329175354,0,
NONCYCLONE_03844,36.0631792694782,TS,2009143N17089,36.0631792694782,0,
NONCYCLONE_03845,43.21462317916058,TS,2015301N11065,43.21462317916058,0,
NONCYCLONE_03846,19.378810275869085,TS,2005260N20091,19.378810275869085,0,
NONCYCLONE_03847,12.01781660943621,DS,2019296N15066,12.01781660943621,0,
NONCYCLONE_03848,40.35537305208472,TS,2023293N12089,40.35537305208472,0,
NONCYCLONE_03849,41.720568564902905,TS,2011167N22089,41.720568564902905,0,
NONCYCLONE_03850,43.78359849653627,TS,2016295N13089,43.78359849653627,0,
NONCYCLONE_03851,20.70950512690268,TS,2001361N01106,20.70950512690268,0,
NONCYCLONE_03852,21.740496170555396,TS,2014297N11062,21.740496170555396,0,
NONCYCLONE_03853,30.69174262106416,TS,2017307N07102,30.69174262106416,0,
NONCYCLONE_03854,25.888085630046582,TS,2016230N21089,25.888085630046582,0,
NONCYCLONE_03855,37.35370008200565,TS,2006114N08090,37.35370008200565,0,
NONCYCLONE_03856,49.335334402817104,DS,2005330N09096,49.335334402817104,0,
NONCYCLONE_03857,14.171576030997157,TS,2000289N15089,14.171576030997157,0,
NONCYCLONE_03858,15.339241462936043,TS,2012321N14090,15.339241462936043,0,
NONCYCLONE_03859,21.865908490159722,TS,2025331N06083,21.865908490159722,0,
NONCYCLONE_03860,45.64734868329862,TS,2024145N14087,45.64734868329862,0,
NONCYCLONE_03861,26.969419531990525,TS,2025295N09068,26.969419531990525,0,
NONCYCLONE_03862,18.37324727288024,DS,2019264N19071,18.37324727288024,0,
NONCYCLONE_03863,31.70935948259833,TS,2007314N10093,31.70935948259833,0,
NONCYCLONE_03864,30.939849700398614,TS,2002126N09068,30.939849700398614,0,
NONCYCLONE_03865,33.750530334833016,TS,2023156N10067,33.750530334833016,0,
NONCYCLONE_03866,26.67244373889013,TS,2011310N11066,26.67244373889013,0,
NONCYCLONE_03867,28.612808578940488,TS,2003279N17084,28.612808578940488,0,
NONCYCLONE_03868,23.38382645559333,TS,2025275N22068,23.38382645559333,0,
NONCYCLONE_03869,41.7853265498164,TS,2018136N11054,41.7853265498164,0,
NONCYCLONE_03870,38.21112521470009,MX,2004325S06078,38.21112521470009,0,
NONCYCLONE_03871,20.43585793567349,DS,2006300N07078,20.43585793567349,0,
NONCYCLONE_03872,15.100295652312024,TS,2019160N11073,15.100295652312024,0,
NONCYCLONE_03873,14.36532019720307,TS,2005260N20091,14.36532019720307,0,
NONCYCLONE_03874,30.137356652806297,TS,2008329N09082,30.137356652806297,0,
NONCYCLONE_03875,21.58476603897226,TS,2020153N13072,21.58476603897226,0,
NONCYCLONE_03876,39.7891952674439,TS,2013322N13090,39.7891952674439,0,
NONCYCLONE_03877,16.95188782917713,TS,2003129N05091,16.95188782917713,0,
NONCYCLONE_03878,20.08023032846236,TS,2021133N10071,20.08023032846236,0,
NONCYCLONE_03879,15.551719960754532,TS,2025331N06083,15.551719960754532,0,
NONCYCLONE_03880,17.32538827377895,TS,2018072N05076,17.32538827377895,0,
NONCYCLONE_03881,11.442311535485528,TS,2011033N06083,11.442311535485528,0,
NONCYCLONE_03882,13.009527996522907,TS,2018141N08059,13.009527996522907,0,
NONCYCLONE_03883,21.55298195082131,TS,2005262N13127,21.55298195082131,0,
NONCYCLONE_03884,30.838522172550185,TS,2004332N02072,30.838522172550185,0,
NONCYCLONE_03885,37.25638949365399,NR,2019112S10053,44.33437054108367,0,
NONCYCLONE_03886,10.255465410172114,TS,2004136N15090,10.255465410172114,0,
NONCYCLONE_03887,36.79996691972793,TS,2005007N04085,36.79996691972793,0,
NONCYCLONE_03888,37.80289882762455,TS,2011167N22089,37.80289882762455,0,
NONCYCLONE_03889,33.876354998724054,TS,2020150N17054,33.876354998724054,0,
NONCYCLONE_03890,26.685485399352814,TS,2002356S07070,26.685485399352814,0,
NONCYCLONE_03891,34.70666675535494,TS,2004325S06078,34.70666675535494,0,
NONCYCLONE_03892,14.74237402615574,TS,2011310N11066,14.74237402615574,0,
NONCYCLONE_03893,21.110618968159677,TS,2008293N09060,21.110618968159677,0,
NONCYCLONE_03894,20.931157894306423,TS,2022062N06085,20.931157894306423,0,
NONCYCLONE_03895,25.362037096301528,MX,2016178N22068,25.362037096301528,0,
NONCYCLONE_03896,26.658281938302604,TS,2024145N14087,26.658281938302604,0,
NONCYCLONE_03897,15.6251048333729,MX,2015207N22091,15.6251048333729,0,
NONCYCLONE_03898,14.793603750078635,TS,2023030N08087,14.793603750078635,0,
NONCYCLONE_03899,41.58380038041864,TS,2021267N18094,41.58380038041864,0,
NONCYCLONE_03900,12.301507756097845,TS,2005255N20088,12.301507756097845,0,
NONCYCLONE_03901,24.120269460319445,TS,2015312N11084,24.120269460319445,0,
NONCYCLONE_03902,15.414725187706317,TS,2004274N16069,15.414725187706317,0,
NONCYCLONE_03903,24.96242999285808,TS,2017333N06082,24.96242999285808,0,
NONCYCLONE_03904,13.568288805302414,TS,2018314N12093,13.568288805302414,0,
NONCYCLONE_03905,47.51329865994078,MX,2016341N08092,47.51329865994078,0,
NONCYCLONE_03906,14.940133939411911,TS,2000331N09092,14.940133939411911,0,
NONCYCLONE_03907,31.46727127836363,TS,2023030N08087,31.46727127836363,0,
NONCYCLONE_03908,87.62237958915385,TS,2006329N06150,87.62237958915385,0,
NONCYCLONE_03909,15.132060568814312,TS,2021133N10071,15.132060568814312,0,
NONCYCLONE_03910,10.753879747722744,TS,2018281N14088,10.753879747722744,0,
NONCYCLONE_03911,19.03343889114424,TS,2011167N22089,19.03343889114424,0,
NONCYCLONE_03912,18.707236351829582,TS,2019296N15066,18.707236351829582,0,
NONCYCLONE_03913,12.35784959295947,TS,2014309N13088,12.35784959295947,0,
NONCYCLONE_03914,16.10748554588391,TS,2021143N15090,16.10748554588391,0,
NONCYCLONE_03915,11.882314531171978,TS,2004125N11074,11.882314531171978,0,
NONCYCLONE_03916,29.350316388408768,TS,2010341N14082,29.350316388408768,0,
NONCYCLONE_03917,39.059778790750755,TS,2022338N05100,39.059778790750755,0,
NONCYCLONE_03918,13.553398936632295,TS,2018347N07089,13.553398936632295,0,
NONCYCLONE_03919,25.62910191998234,TS,2011302N13062,25.62910191998234,0,
NONCYCLONE_03920,25.970021011395293,DS,2022126N07095,25.970021011395293,0,
NONCYCLONE_03921,45.951184281364654,TS,2006329N06150,45.951184281364654,0,
NONCYCLONE_03922,17.702901797407314,TS,2022346S10098,17.702901797407314,0,
NONCYCLONE_03923,67.32501379380483,DS,2021264N13119,67.32501379380483,0,
NONCYCLONE_03924,39.08177422105969,TS,2021092N11096,39.08177422105969,0,
NONCYCLONE_03925,30.66423776380322,TS,2021143N15090,30.66423776380322,0,
NONCYCLONE_03926,21.52715635882231,DS,2004274N16069,21.52715635882231,0,
NONCYCLONE_03927,36.3647613199087,MX,2024145N14087,36.3647613199087,0,
NONCYCLONE_03928,18.65793440136353,TS,2013305N07141,18.65793440136353,0,
NONCYCLONE_03929,12.580948668002419,TS,2000331N09092,12.580948668002419,0,
NONCYCLONE_03930,15.248479416341741,DS,2006012N03081,15.248479416341741,0,
NONCYCLONE_03931,12.493748959595614,TS,2021092N11096,12.493748959595614,0,
NONCYCLONE_03932,36.798087006886604,DS,2014297N11062,36.798087006886604,0,
NONCYCLONE_03933,9.976349515180965,TS,2019264N19071,9.976349515180965,0,
NONCYCLONE_03934,11.576975536907664,TS,2005257N20069,11.576975536907664,0,
NONCYCLONE_03935,19.213998915743346,TS,2005179N22088,19.213998915743346,0,
NONCYCLONE_03936,15.438455808730133,TS,2024288N16065,15.438455808730133,0,
NONCYCLONE_03937,28.217344559142077,TS,2015157N13069,28.217344559142077,0,
NONCYCLONE_03938,22.41203608362521,TS,2012297N11067,22.41203608362521,0,
NONCYCLONE_03939,26.158299516424623,TS,2000088N08090,26.158299516424623,0,
NONCYCLONE_03940,13.241299350944958,TS,2007172N15088,13.241299350944958,0,
NONCYCLONE_03941,11.478228844260475,TS,2017333N06082,11.478228844260475,1,TS
NONCYCLONE_03942,63.15211697535149,TS,2005262N13127,63.15211697535149,0,
NONCYCLONE_03943,81.10970169553245,TS,2025233N15126,81.10970169553245,0,
NONCYCLONE_03944,14.953666688570665,TS,2002319S06078,14.953666688570665,0,
NONCYCLONE_03945,22.452527691728744,TS,2007151N14072,22.452527691728744,0,
NONCYCLONE_03946,10.378151695508683,TS,2016138N10081,10.378151695508683,0,
NONCYCLONE_03947,21.228150343105668,TS,2011167N22089,21.228150343105668,0,
NONCYCLONE_03948,41.58824710545686,TS,2005324N08085,41.58824710545686,0,
NONCYCLONE_03949,28.365112713023024,MX,2012297N11067,28.365112713023024,0,
NONCYCLONE_03950,14.04300448036948,TS,2000331N09092,14.04300448036948,0,
NONCYCLONE_03951,40.85747055385274,TS,2016335N07088,40.85747055385274,0,
NONCYCLONE_03952,9.06811324981509,TS,2025329N05100,9.06811324981509,1,TS
NONCYCLONE_03953,26.302861283490408,DS,2022347N12074,26.302861283490408,0,
NONCYCLONE_03954,22.213642464280014,TS,2022230N18095,22.213642464280014,0,
NONCYCLONE_03955,30.646082567462866,TS,2025329N05100,30.646082567462866,0,
NONCYCLONE_03956,35.20299250023551,TS,2006182N20088,35.20299250023551,0,
NONCYCLONE_03957,23.02391781952376,TS,2015216N23081,23.02391781952376,0,
NONCYCLONE_03958,35.480285197195236,TS,2022356N09085,35.480285197195236,0,
NONCYCLONE_03959,11.028573534107975,TS,2023293N12089,11.028573534107975,0,
NONCYCLONE_03960,25.351639763811985,TS,2013232N22088,25.351639763811985,0,
NONCYCLONE_03961,39.22939819050176,TS,2016308N13088,39.22939819050176,0,
NONCYCLONE_03962,11.243957313254324,TS,2018249N22088,11.243957313254324,0,
NONCYCLONE_03963,16.824964242401858,MX,2014159N12068,16.824964242401858,0,
NONCYCLONE_03964,27.454090532731296,TS,2004307N09068,27.454090532731296,0,
NONCYCLONE_03965,27.18290967657227,TS,2018227N20086,27.18290967657227,0,
NONCYCLONE_03966,42.4541918799796,TS,2019116N02090,42.4541918799796,0,
NONCYCLONE_03967,20.354421686337314,TS,2014297N11062,20.354421686337314,0,
NONCYCLONE_03968,11.500000000000039,TS,2001288N13084,11.500000000000039,0,
NONCYCLONE_03969,14.392870689174218,TS,2022197N22069,14.392870689174218,0,
NONCYCLONE_03970,18.764512195577684,TS,2003315N09067,18.764512195577684,0,
NONCYCLONE_03971,22.730152022483967,TS,2019296N15066,22.730152022483967,0,
NONCYCLONE_03972,13.397025571796608,TS,2005255N20088,13.397025571796608,0,
NONCYCLONE_03973,19.505808202568954,TS,2004332N02072,19.505808202568954,0,
NONCYCLONE_03974,18.6553141638875,DS,2013310N06066,18.6553141638875,0,
NONCYCLONE_03975,38.53304798381087,TS,2011167N22089,38.53304798381087,0,
NONCYCLONE_03976,34.65113428365005,TS,2019342N09062,34.65113428365005,0,
NONCYCLONE_03977,19.501331545365172,DS,2008117N11090,19.501331545365172,0,
NONCYCLONE_03978,19.169384860464255,DS,2006329N06150,19.169384860464255,0,
NONCYCLONE_03979,18.6172937097774,TS,2019301N05081,18.6172937097774,0,
NONCYCLONE_03980,13.865905872850343,TS,2001141N14068,13.865905872850343,0,
NONCYCLONE_03981,19.071934186819604,TS,2008259N20089,19.071934186819604,0,
NONCYCLONE_03982,38.72912882150235,TS,2007172N15088,38.72912882150235,0,
NONCYCLONE_03983,33.46834669726929,TS,2009337S07096,33.46834669726929,0,
NONCYCLONE_03984,21.632799226216786,TS,2024201N19086,21.632799226216786,0,
NONCYCLONE_03985,13.954213553935139,TS,2014003N08086,13.954213553935139,0,
NONCYCLONE_03986,13.295367780588784,DS,2009247N19089,13.295367780588784,0,
NONCYCLONE_03987,12.606287615631716,TS,2021312N07090,12.606287615631716,0,
NONCYCLONE_03988,48.839649060002046,TS,2006329N06150,48.839649060002046,0,
NONCYCLONE_03989,16.823853217818808,TS,2008117N11090,16.823853217818808,0,
NONCYCLONE_03990,27.382344213360717,DS,2022338N05100,27.382344213360717,0,
NONCYCLONE_03991,18.44025935162388,TS,2025144N17073,18.44025935162388,0,
NONCYCLONE_03992,10.860877622803462,TS,2003129N05091,10.860877622803462,0,
NONCYCLONE_03993,47.82124430279596,TS,2005262N13127,47.82124430279596,0,
NONCYCLONE_03994,23.51562819387876,DS,2007314N10093,23.51562819387876,0,
NONCYCLONE_03995,38.76703840718881,TS,2011360N09088,38.76703840718881,0,
NONCYCLONE_03996,12.308707056366671,TS,2002126N09068,12.308707056366671,0,
NONCYCLONE_03997,27.58240768095499,TS,2005262N13127,27.58240768095499,0,
NONCYCLONE_03998,40.740123357623204,TS,2022324N10086,40.740123357623204,0,
NONCYCLONE_03999,42.90002822404895,TS,2021335N08096,42.90002822404895,0,
NONCYCLONE_04000,10.422972255467664,MX,2006182N20088,10.422972255467664,0,
NONCYCLONE_04001,16.939164242062745,DS,2008317N11089,16.939164242062745,0,
NONCYCLONE_04002,25.92278979958834,TS,2003129N05091,25.92278979958834,0,
NONCYCLONE_04003,15.369842593520818,TS,2016341N08092,15.369842593520818,0,
NONCYCLONE_04004,16.531188973087314,TS,2018279N11069,16.531188973087314,0,
NONCYCLONE_04005,24.608156321425827,TS,2010151N14065,24.608156321425827,0,
NONCYCLONE_04006,11.866209260498628,TS,2007151N14072,11.866209260498628,0,
NONCYCLONE_04007,22.935453965662553,TS,2005338N09093,22.935453965662553,0,
NONCYCLONE_04008,24.987136729885364,TS,2014279N11096,24.987136729885364,0,
NONCYCLONE_04009,15.462183287822217,TS,2004332N02072,15.462183287822217,0,
NONCYCLONE_04010,11.225690068411861,TS,2001288N13084,11.225690068411861,0,
NONCYCLONE_04011,16.28584197102426,TS,2025274N14133,16.28584197102426,0,
NONCYCLONE_04012,54.73568470127414,TS,2013301N13142,54.73568470127414,0,
NONCYCLONE_04013,11.90849425092535,TS,2013281N12098,11.90849425092535,0,
NONCYCLONE_04014,37.79035023000937,DS,2008329N09082,37.79035023000937,0,
NONCYCLONE_04015,24.81416089867314,TS,2003122S11065,24.81416089867314,0,
NONCYCLONE_04016,16.23570634701954,TS,2005179N22088,16.23570634701954,0,
NONCYCLONE_04017,46.104904622205964,TS,2008168N22090,46.104904622205964,0,
NONCYCLONE_04018,24.92499905968513,TS,2004125S08084,24.92499905968513,0,
NONCYCLONE_04019,12.40330886763561,DS,2013305N07141,12.40330886763561,0,
NONCYCLONE_04020,12.439978000531708,TS,2015157N13069,12.439978000531708,0,
NONCYCLONE_04021,28.917544487015938,TS,2013281N12098,28.917544487015938,0,
NONCYCLONE_04022,36.716178029110104,TS,2022324N10086,36.716178029110104,0,
NONCYCLONE_04023,20.40754115965457,TS,2008157N16066,20.40754115965457,0,
NONCYCLONE_04024,11.727913595990934,TS,2016341N08092,11.727913595990934,0,
NONCYCLONE_04025,18.583954094900367,TS,2006262N19069,18.583954094900367,0,
NONCYCLONE_04026,14.445549641164899,TS,2013305N07141,14.445549641164899,0,
NONCYCLONE_04027,39.481029943440525,TS,2019335N05058,39.481029943440525,0,
NONCYCLONE_04028,28.09039355276966,DS,2006012N03081,28.09039355276966,0,
NONCYCLONE_04029,16.053769025828917,TS,2023273N16073,16.053769025828917,0,
NONCYCLONE_04030,16.622998428979,TS,2023156N10067,16.622998428979,0,
NONCYCLONE_04031,36.6218528251414,DS,2010305N06105,36.6218528251414,0,
NONCYCLONE_04032,19.322346277297207,TS,2020353N06129,19.322346277297207,0,
NONCYCLONE_04033,12.758703854016643,TS,2012301N11087,12.758703854016643,0,
NONCYCLONE_04034,45.70119903777224,DS,2020335N06090,45.70119903777224,0,
NONCYCLONE_04035,24.487595154726634,TS,2005007N04085,24.487595154726634,0,
NONCYCLONE_04036,18.73738207083157,TS,2018141N08059,18.73738207083157,0,
NONCYCLONE_04037,18.528704484906804,TS,2002129N08096,18.528704484906804,0,
NONCYCLONE_04038,16.750817292785662,DS,2008329N09082,16.750817292785662,0,
NONCYCLONE_04039,20.156802674620046,TS,2018347N07089,20.156802674620046,0,
NONCYCLONE_04040,27.79659699734549,TS,2017207N24085,27.79659699734549,0,
NONCYCLONE_04041,33.61732243408863,TS,2016178N22068,33.61732243408863,0,
NONCYCLONE_04042,18.00658084484555,TS,2010280N17085,18.00658084484555,0,
NONCYCLONE_04043,22.61803122951625,TS,2004274N16069,22.61803122951625,0,
NONCYCLONE_04044,46.860756499975054,TS,2022080S09087,46.860756499975054,0,
NONCYCLONE_04045,20.611620975207884,DS,2019301N05081,20.611620975207884,0,
NONCYCLONE_04046,17.729937782440384,TS,2006329N06150,17.729937782440384,0,
NONCYCLONE_04047,36.99406473110468,TS,2016341N08092,36.99406473110468,0,
NONCYCLONE_04048,18.048264342122067,TS,2023156N10067,18.048264342122067,0,
NONCYCLONE_04049,26.275765413925445,TS,2018314N12093,26.275765413925445,0,
NONCYCLONE_04050,29.785226599379985,TS,2011302N13062,29.785226599379985,0,
NONCYCLONE_04051,17.441358732584224,TS,2019301N05081,17.441358732584224,0,
NONCYCLONE_04052,16.727367354309898,TS,2010341N14082,16.727367354309898,0,
NONCYCLONE_04053,22.580863227502288,TS,2019160N11073,22.580863227502288,0,
NONCYCLONE_04054,29.226188492508093,TS,2020335N06090,29.226188492508093,0,
NONCYCLONE_04055,25.250324307829516,TS,2013324N07103,25.250324307829516,0,
NONCYCLONE_04056,29.424808913834006,MX,2006182N20088,29.424808913834006,0,
NONCYCLONE_04057,11.260434044379462,TS,2017147N14087,11.260434044379462,0,
NONCYCLONE_04058,13.336038851932267,DS,2011310N11066,13.336038851932267,0,
NONCYCLONE_04059,18.150995410372616,TS,2005179N22088,18.150995410372616,0,
NONCYCLONE_04060,14.473783581363572,TS,2020335N06090,14.473783581363572,0,
NONCYCLONE_04061,41.56159381650605,TS,2002327N10089,41.56159381650605,0,
NONCYCLONE_04062,20.57908179425189,TS,2005338N09093,20.57908179425189,0,
NONCYCLONE_04063,27.809192280363394,DS,2014297N11062,27.809192280363394,0,
NONCYCLONE_04064,27.67503946079777,TS,2003295N09101,27.67503946079777,0,
NONCYCLONE_04065,18.32724527633317,TS,2001313N12084,18.32724527633317,0,
NONCYCLONE_04066,44.922897970213945,TS,2006247N21089,44.922897970213945,0,
NONCYCLONE_04067,18.468245059226525,DS,2019301N05081,18.468245059226525,0,
NONCYCLONE_04068,25.2499517523725,TS,2025331N06083,25.2499517523725,0,
NONCYCLONE_04069,34.73340670358731,TS,2018141N08059,34.73340670358731,0,
NONCYCLONE_04070,74.68426190809198,MX,2020353N06129,74.68426190809198,0,
NONCYCLONE_04071,12.291347538201332,TS,2010137N10090,12.291347538201332,0,
NONCYCLONE_04072,26.707589592380884,TS,2023156N10067,26.707589592380884,0,
NONCYCLONE_04073,27.539879030894262,TS,2005007N04085,27.539879030894262,0,
NONCYCLONE_04074,23.030089391611565,TS,2025250N25073,23.030089391611565,0,
NONCYCLONE_04075,19.454523245530325,TS,2020335N06090,19.454523245530325,0,
NONCYCLONE_04076,11.102495968512953,TS,2018347N07089,11.102495968512953,0,
NONCYCLONE_04077,14.14317476209534,TS,2012296N06135,14.14317476209534,0,
NONCYCLONE_04078,21.95436881464506,TS,2000331N09092,21.95436881464506,0,
NONCYCLONE_04079,30.197638196720764,TS,2014202N22087,30.197638196720764,0,
NONCYCLONE_04080,10.55049239154895,TS,2023334N08088,10.55049239154895,0,
NONCYCLONE_04081,25.626372534197493,TS,2002314N12083,25.626372534197493,0,
NONCYCLONE_04082,26.970370541063602,TS,2025250N25073,26.970370541063602,0,
NONCYCLONE_04083,29.032205725953627,TS,2001281N18071,29.032205725953627,0,
NONCYCLONE_04084,25.486904435996415,MX,2017232N19130,25.486904435996415,0,
NONCYCLONE_04085,10.30449087618895,DS,2011160N18070,10.30449087618895,0,
NONCYCLONE_04086,25.585677676437136,TS,2018279N11069,25.585677676437136,0,
NONCYCLONE_04087,17.548808791963665,DS,2021312N07090,17.548808791963665,0,
NONCYCLONE_04088,40.9384093278868,TS,2023129N08091,40.9384093278868,0,
NONCYCLONE_04089,14.240571761287905,TS,2005179N22088,14.240571761287905,0,
NONCYCLONE_04090,26.51743949020714,TS,2025270N19086,26.51743949020714,0,
NONCYCLONE_04091,12.19479766206525,TS,2015157N13069,12.19479766206525,0,
NONCYCLONE_04092,13.524469440109005,TS,2011310N11066,13.524469440109005,0,
NONCYCLONE_04093,28.938811353516883,TS,2016178N22068,28.938811353516883,0,
NONCYCLONE_04094,20.413660152049058,TS,2025231N19085,20.413660152049058,0,
NONCYCLONE_04095,11.72694419041628,TS,2024356N14084,11.72694419041628,0,
NONCYCLONE_04096,34.25878593383223,TS,2021267N18094,34.25878593383223,0,
NONCYCLONE_04097,14.377998917976809,TS,2009313N11072,14.377998917976809,0,
NONCYCLONE_04098,36.81020493804673,MX,2002122S07063,36.81020493804673,0,
NONCYCLONE_04099,17.6708283948093,DS,2006262N19069,17.6708283948093,0,
NONCYCLONE_04100,19.215565079911197,TS,2015207N22091,19.215565079911197,0,
NONCYCLONE_04101,13.785955429395004,TS,2015280N13071,13.785955429395004,0,
NONCYCLONE_04102,39.04516497302349,TS,2025260N13138,39.04516497302349,0,
NONCYCLONE_04103,23.157408127230443,TS,2013301N13142,23.157408127230443,0,
NONCYCLONE_04104,46.56475641041285,TS,2014141N16091,46.56475641041285,0,
NONCYCLONE_04105,19.082089480923262,TS,2000331N09092,19.082089480923262,0,
NONCYCLONE_04106,28.60498491607424,TS,2007300N11068,28.60498491607424,0,
NONCYCLONE_04107,19.414166401527787,TS,2015301N11065,19.414166401527787,0,
NONCYCLONE_04108,29.126760848003308,DS,2006330S06049,29.126760848003308,0,
NONCYCLONE_04109,13.232235842158781,TS,2019308N13114,13.232235842158781,0,
NONCYCLONE_04110,23.940024851233066,TS,2012321N14090,23.940024851233066,0,
NONCYCLONE_04111,18.634453083031847,TS,2014297N11062,18.634453083031847,0,
NONCYCLONE_04112,18.865456404767368,TS,2000358N08086,18.865456404767368,0,
NONCYCLONE_04113,26.300110022303997,TS,2004274N16069,26.300110022303997,0,
NONCYCLONE_04114,34.67823983273512,DS,2005338N09093,34.67823983273512,0,
NONCYCLONE_04115,15.852517577534979,TS,2024238N25077,15.852517577534979,0,
NONCYCLONE_04116,20.696733180951558,TS,2001288N13084,20.696733180951558,0,
NONCYCLONE_04117,30.601306259633766,TS,2008168N22090,30.601306259633766,0,
NONCYCLONE_04118,24.1368242804233,TS,2004307N09068,24.1368242804233,0,
NONCYCLONE_04119,24.545648884720723,TS,2008338N06092,24.545648884720723,0,
NONCYCLONE_04120,14.305236179533365,TS,2020285N17120,14.305236179533365,0,
NONCYCLONE_04121,31.24447241557707,TS,2010293N17093,31.24447241557707,0,
NONCYCLONE_04122,31.32936345381853,DS,2020335N06090,31.32936345381853,0,
NONCYCLONE_04123,33.755847318116075,TS,2018227N20086,33.755847318116075,0,
NONCYCLONE_04124,41.51979335835522,TS,2016335N07088,41.51979335835522,0,
NONCYCLONE_04125,13.597930801160773,TS,2000289N15089,13.597930801160773,0,
NONCYCLONE_04126,35.15795682050066,TS,2025266N11137,35.15795682050066,0,
NONCYCLONE_04127,19.109889907190247,TS,2000299N13093,19.109889907190247,0,
NONCYCLONE_04128,14.93153792506883,TS,2015301N11065,14.93153792506883,0,
NONCYCLONE_04129,25.912226574849097,TS,2013324N07103,25.912226574849097,0,
NONCYCLONE_04130,22.38122608616568,TS,2018279N11069,22.38122608616568,0,
NONCYCLONE_04131,19.974591990465072,TS,2024244N09137,19.974591990465072,0,
NONCYCLONE_04132,19.842756327595747,TS,2001281N18071,19.842756327595747,0,
NONCYCLONE_04133,22.4325669184455,TS,2017333N06082,22.4325669184455,0,
NONCYCLONE_04134,17.278728415308144,TS,2023317N10094,17.278728415308144,0,
NONCYCLONE_04135,20.226941852167432,DS,2023317N10094,20.226941852167432,0,
NONCYCLONE_04136,18.854705378040105,TS,2014297N11062,18.854705378040105,0,
NONCYCLONE_04137,17.910866493658332,TS,2005349N06090,17.910866493658332,0,
NONCYCLONE_04138,29.747982765884398,TS,2023030N08087,29.747982765884398,0,
NONCYCLONE_04139,14.871871316103496,TS,2023160N20092,14.871871316103496,0,
NONCYCLONE_04140,20.045175566754608,MX,2016138N10081,20.045175566754608,0,
NONCYCLONE_04141,31.650527780755656,TS,2023334N08088,31.650527780755656,0,
NONCYCLONE_04142,20.31416804101118,TS,2013310N06066,20.31416804101118,0,
NONCYCLONE_04143,21.03421730758748,TS,2010151N14065,21.03421730758748,0,
NONCYCLONE_04144,39.114224559126725,TS,2003279N17084,39.114224559126725,0,
NONCYCLONE_04145,26.172086186902394,TS,2016341N08092,26.172086186902394,0,
NONCYCLONE_04146,27.818592324763344,DS,2013128S05086,27.818592324763344,0,
NONCYCLONE_04147,31.095501106853263,TS,2011302N13062,31.095501106853263,0,
NONCYCLONE_04148,14.39966927228914,TS,2004307N09068,14.39966927228914,0,
NONCYCLONE_04149,14.750584346201347,TS,2011160N18070,14.750584346201347,0,
NONCYCLONE_04150,14.56598125895967,TS,2023030N08087,14.56598125895967,0,
NONCYCLONE_04151,12.672842587039666,TS,2013306N07162,12.672842587039666,0,
NONCYCLONE_04152,22.486595655178245,TS,2022254N20085,22.486595655178245,0,
NONCYCLONE_04153,30.673305056418055,TS,2025198N25082,30.673305056418055,0,
NONCYCLONE_04154,29.083672607327255,DS,2006300N07078,29.083672607327255,0,
NONCYCLONE_04155,12.508692041343489,TS,2018281N14088,12.508692041343489,0,
NONCYCLONE_04156,16.643228904500063,TS,2011330N06078,16.643228904500063,0,
NONCYCLONE_04157,13.806857868734854,TS,2019116N02090,13.806857868734854,0,
NONCYCLONE_04158,22.185929048893517,TS,2003206N21089,22.185929048893517,0,
NONCYCLONE_04159,44.545637371099644,TS,2016295N13089,44.545637371099644,0,
NONCYCLONE_04160,13.867621393122057,TS,2012285N21091,13.867621393122057,0,
NONCYCLONE_04161,14.848801654582797,TS,2016295N13089,14.848801654582797,0,
NONCYCLONE_04162,13.436944329767403,TS,2001281N18071,13.436944329767403,0,
NONCYCLONE_04163,23.016832711957573,TS,2017333N06082,23.016832711957573,0,
NONCYCLONE_04164,20.249411825749064,TS,2015191N23085,20.249411825749064,0,
NONCYCLONE_04165,12.370994050626384,TS,2018141N08059,12.370994050626384,0,
NONCYCLONE_04166,26.63958572431506,TS,2010151N14065,26.63958572431506,0,
NONCYCLONE_04167,12.042956292725927,TS,2008338N06092,12.042956292725927,0,
NONCYCLONE_04168,22.402466105976636,TS,2011203N24085,22.402466105976636,0,
NONCYCLONE_04169,33.83578446196972,DS,2006262N19069,33.83578446196972,0,
NONCYCLONE_04170,13.43041875248422,TS,2017147N14087,13.43041875248422,0,
NONCYCLONE_04171,20.453217400294037,TS,2007172N15088,20.453217400294037,0,
NONCYCLONE_04172,13.25446380819844,TS,2021133N10071,13.25446380819844,0,
NONCYCLONE_04173,14.039575593127392,TS,2000331N09092,14.039575593127392,0,
NONCYCLONE_04174,28.769245299919877,TS,2001267N17070,28.769245299919877,0,
NONCYCLONE_04175,16.293843257521637,TS,2005260N20091,16.293843257521637,0,
NONCYCLONE_04176,14.826522834559029,TS,2018281N14088,14.826522834559029,0,
NONCYCLONE_04177,35.9111113403368,TS,2014279N11096,35.9111113403368,0,
NONCYCLONE_04178,23.410388856548543,TS,2014297N11062,23.410388856548543,0,
NONCYCLONE_04179,22.40758094869158,TS,2005322S04095,22.40758094869158,0,
NONCYCLONE_04180,19.873026055642853,TS,2010151N14065,19.873026055642853,0,
NONCYCLONE_04181,49.04412067966636,TS,2011290N15090,49.04412067966636,0,
NONCYCLONE_04182,31.91585740804027,TS,2005179N22088,31.91585740804027,0,
NONCYCLONE_04183,10.99763589283262,TS,2004274N16069,10.99763589283262,0,
NONCYCLONE_04184,11.03741475659757,TS,2005260N20091,11.03741475659757,0,
NONCYCLONE_04185,21.046440962858888,TS,2013232N22088,21.046440962858888,0,
NONCYCLONE_04186,23.141363134607083,TS,2005172N22069,23.141363134607083,0,
NONCYCLONE_04187,12.061672116031218,TS,2025331N06083,12.061672116031218,0,
NONCYCLONE_04188,50.778781941987205,TS,2025266N11137,50.778781941987205,0,
NONCYCLONE_04189,39.258384386985334,DS,2023317N10094,39.258384386985334,0,
NONCYCLONE_04190,16.85940990102396,TS,2008317N11089,16.85940990102396,0,
NONCYCLONE_04191,10.052557671608751,TS,2018136N11054,10.052557671608751,1,TS
NONCYCLONE_04192,28.520071725235272,TS,2022338N05100,28.520071725235272,0,
NONCYCLONE_04193,50.11028625248077,TS,2013128S05086,50.11028625248077,0,
NONCYCLONE_04194,16.121995559644258,TS,2025270N19086,16.121995559644258,0,
NONCYCLONE_04195,15.875212371462515,TS,2001281N18071,15.875212371462515,0,
NONCYCLONE_04196,14.374850112198615,TS,2016178N22068,14.374850112198615,0,
NONCYCLONE_04197,41.79015120718498,TS,2015171N18086,41.79015120718498,0,
NONCYCLONE_04198,18.07796755599207,TS,2003316N11141,18.07796755599207,0,
NONCYCLONE_04199,13.137445400830106,TS,2008117N11090,13.137445400830106,0,
NONCYCLONE_04200,32.032840510063906,DS,2020136N10088,32.032840510063906,0,
NONCYCLONE_04201,19.475864599503918,TS,2004325S06078,19.475864599503918,0,
NONCYCLONE_04202,22.708597067562653,TS,2004256N23089,22.708597067562653,0,
NONCYCLONE_04203,17.101041963501206,TS,2025331N06083,17.101041963501206,0,
NONCYCLONE_04204,13.166447999455537,TS,2001141N14068,13.166447999455537,0,
NONCYCLONE_04205,16.43788404945592,DS,2023317N10094,16.43788404945592,0,
NONCYCLONE_04206,10.421642075784332,TS,2003129N05091,10.421642075784332,0,
NONCYCLONE_04207,12.348939917810336,TS,2013130N04093,12.348939917810336,0,
NONCYCLONE_04208,15.118164504975919,TS,2023156N10067,15.118164504975919,0,
NONCYCLONE_04209,12.409953888616844,TS,2008329N09082,12.409953888616844,0,
NONCYCLONE_04210,33.757281612579,TS,2012321N14090,33.757281612579,0,
NONCYCLONE_04211,40.38292986065528,TS,2003338S09065,40.38292986065528,0,
NONCYCLONE_04212,10.923750246904977,TS,2021267N18094,10.923750246904977,0,
NONCYCLONE_04213,19.128819516194557,DS,2006262N19069,19.128819516194557,0,
NONCYCLONE_04214,31.234816962542816,TS,2004256N23089,31.234816962542816,0,
NONCYCLONE_04215,15.173271310870325,DS,2004332N02072,15.173271310870325,0,
NONCYCLONE_04216,11.653274471829782,TS,2004276N12087,11.653274471829782,0,
NONCYCLONE_04217,10.14370528863376,TS,2018136N11054,10.14370528863376,1,TS
NONCYCLONE_04218,14.960814161363158,TS,2008329N09082,14.960814161363158,0,
NONCYCLONE_04219,29.487561003029445,DS,2008317N11089,29.487561003029445,0,
NONCYCLONE_04220,15.557056144347914,TS,2024329N04089,15.557056144347914,0,
NONCYCLONE_04221,24.216199985519857,TS,2004307N09068,24.216199985519857,0,
NONCYCLONE_04222,10.93577138159992,TS,2004274N16069,10.93577138159992,0,
NONCYCLONE_04223,26.83641109251379,TS,2004307N09068,26.83641109251379,0,
NONCYCLONE_04224,10.292118233086578,TS,2008329N09082,10.292118233086578,1,TS
NONCYCLONE_04225,11.78298750758026,TS,2020136N10088,11.78298750758026,0,
NONCYCLONE_04226,36.87415144022515,TS,2021335N08096,36.87415144022515,0,
NONCYCLONE_04227,23.873844761018397,TS,2019116N02090,23.873844761018397,0,
NONCYCLONE_04228,31.573270023482404,TS,2021335N08096,31.573270023482404,0,
NONCYCLONE_04229,23.952721187321185,TS,2003240N21089,23.952721187321185,0,
NONCYCLONE_04230,38.608781069595636,DS,2024295N15092,38.608781069595636,0,
NONCYCLONE_04231,32.25750535043846,TS,2005260N20091,32.25750535043846,0,
NONCYCLONE_04232,17.89288301647036,TS,2019264N19071,17.89288301647036,0,
NONCYCLONE_04233,10.427659865965605,TS,2023293N12089,10.427659865965605,1,TS
NONCYCLONE_04234,25.139465021813173,TS,2010305N06105,25.139465021813173,0,
NONCYCLONE_04235,22.051489617957245,TS,2018365N08115,22.051489617957245,0,
NONCYCLONE_04236,16.27497107454159,DS,2021267N18094,16.27497107454159,0,
NONCYCLONE_04237,25.889156574697665,TS,2010151N14065,25.889156574697665,0,
NONCYCLONE_04238,22.958416495707766,DS,2013305N07141,22.958416495707766,0,
NONCYCLONE_04239,26.912711356580346,TS,2024238N25077,26.912711356580346,0,
NONCYCLONE_04240,35.00093000219998,MX,2025260N13138,35.00093000219998,0,
NONCYCLONE_04241,31.38234356211863,TS,2005338N09093,31.38234356211863,0,
NONCYCLONE_04242,20.43724669023067,TS,2024329N04089,20.43724669023067,0,
NONCYCLONE_04243,24.902106792795617,DS,2011311N13111,24.902106792795617,0,
NONCYCLONE_04244,13.815538143315317,TS,2003129N05091,13.815538143315317,0,
NONCYCLONE_04245,31.47224920026509,TS,2008293N09060,31.47224920026509,0,
NONCYCLONE_04246,13.907101689023923,TS,2001288N13084,13.907101689023923,0,
NONCYCLONE_04247,15.141411769646805,TS,2006241N20088,15.141411769646805,0,
NONCYCLONE_04248,23.13333866324956,TS,2025250N25073,23.13333866324956,0,
NONCYCLONE_04249,17.360306820279856,TS,2018365N08115,17.360306820279856,0,
NONCYCLONE_04250,25.797535547684912,TS,2020136N10088,25.797535547684912,0,
NONCYCLONE_04251,41.926474456821225,TS,2021256N20087,41.926474456821225,0,
NONCYCLONE_04252,16.514795297153242,TS,2011330N06078,16.514795297153242,0,
NONCYCLONE_04253,20.67711075431023,TS,2025289N13140,20.67711075431023,0,
NONCYCLONE_04254,18.128055397801916,TS,2024258N22091,18.128055397801916,0,
NONCYCLONE_04255,22.203769423728605,TS,2002314N12083,22.203769423728605,0,
NONCYCLONE_04256,32.39578419565881,TS,2009104N13088,32.39578419565881,0,
NONCYCLONE_04257,22.75771396016059,TS,2007172N15088,22.75771396016059,0,
NONCYCLONE_04258,41.18591900809316,TS,2020150N17054,41.18591900809316,0,
NONCYCLONE_04259,37.767934128290335,TS,2017147N14087,37.767934128290335,0,
NONCYCLONE_04260,28.703053765635172,TS,2003129N05091,28.703053765635172,0,
NONCYCLONE_04261,19.73124050531441,TS,2019264N19071,19.73124050531441,0,
NONCYCLONE_04262,15.958628245158987,DS,2011310N11066,15.958628245158987,0,
NONCYCLONE_04263,17.00992196462181,TS,2016178N22068,17.00992196462181,0,
NONCYCLONE_04264,31.857542931393358,TS,2001141N14068,31.857542931393358,0,
NONCYCLONE_04265,25.746508386069422,TS,2004163N15090,25.746508386069422,0,
NONCYCLONE_04266,36.45097955830588,TS,2006114N08090,36.45097955830588,0,
NONCYCLONE_04267,9.951894276864332,TS,2013232N22088,9.951894276864332,1,TS
NONCYCLONE_04268,41.99017563388571,TS,2015301N11065,41.99017563388571,0,
NONCYCLONE_04269,17.74254759968271,TS,2013281N12098,17.74254759968271,0,
NONCYCLONE_04270,24.31698581412787,TS,2014297N11062,24.31698581412787,0,
NONCYCLONE_04271,30.961031627847518,TS,2011330N06078,30.961031627847518,0,
NONCYCLONE_04272,15.842872478325157,TS,2005324N08085,15.842872478325157,0,
NONCYCLONE_04273,12.153308023756507,TS,2013130N04093,12.153308023756507,0,
NONCYCLONE_04274,12.006885425961583,TS,2024255N24080,12.006885425961583,0,
NONCYCLONE_04275,35.742136220073796,MX,2004325S06078,35.742136220073796,0,
NONCYCLONE_04276,14.028193111302325,DS,2021335N08096,14.028193111302325,0,
NONCYCLONE_04277,43.379766775270426,TS,2004312S05085,43.379766775270426,0,
NONCYCLONE_04278,14.490460481854495,TS,2002314N12083,14.490460481854495,0,
NONCYCLONE_04279,16.358496876855877,TS,2025274N16087,16.358496876855877,0,
NONCYCLONE_04280,41.841823062364156,TS,2013305N07141,41.841823062364156,0,
NONCYCLONE_04281,11.1827982805797,TS,2001267N17070,11.1827982805797,0,
NONCYCLONE_04282,29.600357556700708,TS,2025196N27075,29.600357556700708,0,
NONCYCLONE_04283,25.249837468643257,TS,2000331N09092,25.249837468643257,0,
NONCYCLONE_04284,40.89319404565212,TS,2022062N06085,40.89319404565212,0,
NONCYCLONE_04285,25.045437765946946,DS,2010305N06105,25.045437765946946,0,
NONCYCLONE_04286,13.007991746827136,TS,2007151N14072,13.007991746827136,0,
NONCYCLONE_04287,11.690422451637824,TS,2002129N08096,11.690422451637824,0,
NONCYCLONE_04288,16.864772636594658,TS,2001281N18071,16.864772636594658,0,
NONCYCLONE_04289,18.12597867827758,DS,2005012N04090,18.12597867827758,0,
NONCYCLONE_04290,21.37690291976343,TS,2015301N11065,21.37690291976343,0,
NONCYCLONE_04291,20.903467342186744,TS,2003315N09067,20.903467342186744,0,
NONCYCLONE_04292,40.45238200855236,TS,2018202N21088,40.45238200855236,0,
NONCYCLONE_04293,11.290040739620691,TS,2024238N25077,11.290040739620691,0,
NONCYCLONE_04294,11.39204214566586,TS,2022062N06085,11.39204214566586,0,
NONCYCLONE_04295,15.89913844321633,TS,2017104N08085,15.89913844321633,0,
NONCYCLONE_04296,29.427538444933454,TS,2016138N10081,29.427538444933454,0,
NONCYCLONE_04297,19.937366266903517,TS,2004125S08084,19.937366266903517,0,
NONCYCLONE_04298,88.23181309377769,DS,2006329N06150,88.23181309377769,0,
NONCYCLONE_04299,11.817728182525244,TS,2005338N09093,11.817728182525244,1,TS
NONCYCLONE_04300,16.724325606057253,TS,2002327N10089,16.724325606057253,0,
NONCYCLONE_04301,22.4159023382056,TS,2005260N20091,22.4159023382056,0,
NONCYCLONE_04302,24.613432545753366,TS,2017282N22088,24.613432545753366,0,
NONCYCLONE_04303,27.320735867718668,TS,2020355S11065,27.320735867718668,0,
NONCYCLONE_04304,70.78444794872574,TS,2017232N19130,70.78444794872574,0,
NONCYCLONE_04305,33.12425204713396,TS,2013305N07141,33.12425204713396,0,
NONCYCLONE_04306,40.3130312572856,TS,2008298N16085,40.3130312572856,0,
NONCYCLONE_04307,39.604003468262086,TS,2011167N22089,39.604003468262086,0,
NONCYCLONE_04308,12.416011730996601,TS,2006300N07078,12.416011730996601,0,
NONCYCLONE_04309,27.125064121481564,DS,2007172N15088,27.125064121481564,0,
NONCYCLONE_04310,18.860597279164455,TS,2010151N14065,18.860597279164455,0,
NONCYCLONE_04311,21.545541374075572,TS,2011033N06083,21.545541374075572,0,
NONCYCLONE_04312,16.762206510401782,TS,2020296N19087,16.762206510401782,0,
NONCYCLONE_04313,8.21985852089912,TS,2023132S03090,8.21985852089912,1,TS
NONCYCLONE_04314,21.15482841587512,TS,2015301N11065,21.15482841587512,0,
NONCYCLONE_04315,30.258789319047427,TS,2025331N06083,30.258789319047427,0,
NONCYCLONE_04316,13.88565250278338,TS,2017307N07102,13.88565250278338,0,
NONCYCLONE_04317,36.84614712669176,TS,2014279N11096,36.84614712669176,0,
NONCYCLONE_04318,22.436508743152668,DS,2018309S06068,22.436508743152668,0,
NONCYCLONE_04319,20.261683037864433,TS,2019296N15066,20.261683037864433,0,
NONCYCLONE_04320,25.172299303145227,TS,2016341N08092,25.172299303145227,0,
NONCYCLONE_04321,47.90644117144705,TS,2003295N09101,47.90644117144705,0,
NONCYCLONE_04322,29.63774995731617,TS,2019112S10053,29.63774995731617,0,
NONCYCLONE_04323,24.00935652125336,TS,2025233N15126,24.00935652125336,0,
NONCYCLONE_04324,11.180821430419542,TS,2013322N13090,11.180821430419542,0,
NONCYCLONE_04325,23.831785304913485,TS,2023156N10067,23.831785304913485,0,
NONCYCLONE_04326,42.109926993832055,TS,2006330S06049,42.109926993832055,0,
NONCYCLONE_04327,37.321278984144364,TS,2020335N06090,37.321278984144364,0,
NONCYCLONE_04328,29.00921312445735,TS,2021267N18094,29.00921312445735,0,
NONCYCLONE_04329,15.224692806403143,TS,2005179N22088,15.224692806403143,0,
NONCYCLONE_04330,21.63349412677285,TS,2003295N09101,21.63349412677285,0,
NONCYCLONE_04331,19.51208625484356,TS,2001141N14068,19.51208625484356,0,
NONCYCLONE_04332,14.075268958201017,TS,2018281N14088,14.075268958201017,0,
NONCYCLONE_04333,10.904138988977966,TS,2021280N14068,10.904138988977966,0,
NONCYCLONE_04334,37.917807481029264,TS,2013324N07103,37.917807481029264,0,
NONCYCLONE_04335,32.775930143019295,DS,2023317N10094,32.775930143019295,0,
NONCYCLONE_04336,24.92402655919529,TS,2011265N21088,24.92402655919529,0,
NONCYCLONE_04337,30.363174762366498,TS,2024329N04089,30.363174762366498,0,
NONCYCLONE_04338,21.481182866362378,TS,2006262N19069,21.481182866362378,0,
NONCYCLONE_04339,34.13213431975025,TS,2006329N06150,34.13213431975025,0,
NONCYCLONE_04340,12.031025754250457,TS,2022338N05100,12.031025754250457,0,
NONCYCLONE_04341,39.36433968817521,TS,2003295N09101,39.36433968817521,0,
NONCYCLONE_04342,38.5500727567908,TS,2005012N04090,38.5500727567908,0,
NONCYCLONE_04343,14.544531103755173,TS,2015309N14067,14.544531103755173,0,
NONCYCLONE_04344,34.85786960602921,TS,2014279N11096,34.85786960602921,0,
NONCYCLONE_04345,38.50481825328183,TS,2021335N08096,38.50481825328183,0,
NONCYCLONE_04346,26.14577447807647,TS,2016138N10081,26.14577447807647,0,
NONCYCLONE_04347,39.57169947607054,TS,2005324N08085,39.57169947607054,0,
NONCYCLONE_04348,32.3239758924823,TS,2013339N09084,32.3239758924823,0,
NONCYCLONE_04349,10.517268066403206,DS,2013305N07141,10.517268066403206,0,
NONCYCLONE_04350,28.525738233335993,TS,2020335N06090,28.525738233335993,0,
NONCYCLONE_04351,14.138808324193631,TS,2025275N22068,14.138808324193631,0,
NONCYCLONE_04352,28.48892280372741,TS,2015171N18086,28.48892280372741,0,
NONCYCLONE_04353,20.480492881819853,TS,2025298N11089,20.480492881819853,0,
NONCYCLONE_04354,21.316317037377143,TS,2019264N19071,21.316317037377143,0,
NONCYCLONE_04355,11.915056148076419,TS,2024329N04089,11.915056148076419,0,
NONCYCLONE_04356,21.323664998330802,TS,2016295N13089,21.323664998330802,0,
NONCYCLONE_04357,28.162208361942152,TS,2002355N04077,28.162208361942152,0,
NONCYCLONE_04358,15.916342521205925,DS,2011311N13111,15.916342521205925,0,
NONCYCLONE_04359,20.572423674992226,TS,2015191N23085,20.572423674992226,0,
NONCYCLONE_04360,21.577148254441028,MX,2020153N13072,21.577148254441028,0,
NONCYCLONE_04361,14.698487933192673,TS,2013339N09084,14.698487933192673,0,
NONCYCLONE_04362,13.16031673621556,MX,2009313N11072,13.16031673621556,0,
NONCYCLONE_04363,14.17541340550995,TS,2015309N14067,14.17541340550995,0,
NONCYCLONE_04364,17.74434580897541,TS,2010286N18090,17.74434580897541,0,
NONCYCLONE_04365,35.194474631122425,TS,2005322S04095,35.194474631122425,0,
NONCYCLONE_04366,28.40821365849035,TS,2004125N11074,28.40821365849035,0,
NONCYCLONE_04367,46.1779165699386,TS,2022295N13093,46.1779165699386,0,
NONCYCLONE_04368,41.27731610773549,TS,2005349N06090,41.27731610773549,0,
NONCYCLONE_04369,13.806214782379792,DS,2024329N04089,13.806214782379792,0,
NONCYCLONE_04370,21.789907076508435,TS,2020326N11063,21.789907076508435,0,
NONCYCLONE_04371,34.45876386881449,TS,2003279N17084,34.45876386881449,0,
NONCYCLONE_04372,16.499156521198806,TS,2022126N07095,16.499156521198806,0,
NONCYCLONE_04373,32.723830666013114,TS,2007151N14072,32.723830666013114,0,
NONCYCLONE_04374,14.895063169675868,TS,2013281N12098,14.895063169675868,0,
NONCYCLONE_04375,19.607912533956586,TS,2010151N14065,19.607912533956586,0,
NONCYCLONE_04376,37.01939676802944,TS,2003345N05092,37.01939676802944,0,
NONCYCLONE_04377,21.968493329518672,TS,2023132S03090,21.968493329518672,0,
NONCYCLONE_04378,11.889522694640123,TS,2015157N13069,11.889522694640123,1,TS
NONCYCLONE_04379,13.410156140811901,TS,2010305N06105,13.410156140811901,0,
NONCYCLONE_04380,34.10241659892632,TS,2013324N07103,34.10241659892632,0,
NONCYCLONE_04381,11.763690740780868,TS,2018072N05076,11.763690740780868,0,
NONCYCLONE_04382,28.625728324107133,TS,2018263N17089,28.625728324107133,0,
NONCYCLONE_04383,11.999455271303924,TS,2020335N06090,11.999455271303924,0,
NONCYCLONE_04384,29.144258246969216,TS,2024329N04089,29.144258246969216,0,
NONCYCLONE_04385,6.986624832538459,TS,2005210N19115,6.986624832538459,1,TS
NONCYCLONE_04386,32.56224116192876,TS,2015301N11065,32.56224116192876,0,
NONCYCLONE_04387,14.174934859797194,TS,2019296N15066,14.174934859797194,0,
NONCYCLONE_04388,40.064398172384614,TS,2022230N18095,40.064398172384614,0,
NONCYCLONE_04389,33.038803569605776,TS,2013211N21088,33.038803569605776,0,
NONCYCLONE_04390,42.786219453259044,TS,2000331N09092,42.786219453259044,0,
NONCYCLONE_04391,14.774385368595011,TS,2021133N10071,14.774385368595011,0,
NONCYCLONE_04392,20.016540941945642,TS,2018148N17090,20.016540941945642,0,
NONCYCLONE_04393,11.230589036745275,TS,2025231N19085,11.230589036745275,0,
NONCYCLONE_04394,16.30140333160229,TS,2022062N06085,16.30140333160229,0,
NONCYCLONE_04395,15.465684966979069,TS,2011330N06078,15.465684966979069,0,
NONCYCLONE_04396,10.693930453607638,TS,2022062N06085,10.693930453607638,0,
NONCYCLONE_04397,30.18567263297712,TS,2017307N07102,30.18567263297712,0,
NONCYCLONE_04398,11.306272640363257,TS,2015301N11065,11.306272640363257,0,
NONCYCLONE_04399,21.490352957269874,TS,2015209N26072,21.490352957269874,0,
NONCYCLONE_04400,25.289000880209738,TS,2016222N22089,25.289000880209738,0,
NONCYCLONE_04401,13.408619885061206,TS,2006228N21088,13.408619885061206,0,
NONCYCLONE_04402,27.53023918838326,TS,2013339N09084,27.53023918838326,0,
NONCYCLONE_04403,29.33571415604251,TS,2005210N21088,29.33571415604251,0,
NONCYCLONE_04404,33.19609672262651,TS,2001361N01106,33.19609672262651,0,
NONCYCLONE_04405,22.740739272107163,TS,2002126N09068,22.740739272107163,0,
NONCYCLONE_04406,14.365447049897712,TS,2014309N13088,14.365447049897712,0,
NONCYCLONE_04407,12.651622663232823,TS,2016308N13088,12.651622663232823,0,
NONCYCLONE_04408,18.908074300960003,MX,2006300N07078,18.908074300960003,0,
NONCYCLONE_04409,41.28542855033179,TS,2025206N21090,41.28542855033179,0,
NONCYCLONE_04410,27.370209259615034,TS,2009344N06085,27.370209259615034,0,
NONCYCLONE_04411,39.974935873654346,TS,2013305N07141,39.974935873654346,0,
NONCYCLONE_04412,10.629627457550093,TS,2010305N06105,10.629627457550093,0,
NONCYCLONE_04413,20.223429665678545,TS,2025144N17073,20.223429665678545,0,
NONCYCLONE_04414,25.833456690552783,TS,2005349N06090,25.833456690552783,0,
NONCYCLONE_04415,21.381684095682434,TS,2022224N22067,21.381684095682434,0,
NONCYCLONE_04416,19.403651590091144,TS,2019160N11073,19.403651590091144,0,
NONCYCLONE_04417,27.098006615919065,MX,2016341N08092,27.098006615919065,0,
NONCYCLONE_04418,37.64861470911428,TS,2023334N08088,37.64861470911428,0,
NONCYCLONE_04419,30.762780337055265,TS,2011302N13062,30.762780337055265,0,
NONCYCLONE_04420,17.479841298899895,TS,2020327N08086,17.479841298899895,0,
NONCYCLONE_04421,28.9975512030381,TS,2015259N20084,28.9975512030381,0,
NONCYCLONE_04422,29.456559364664272,TS,2013281N12098,29.456559364664272,0,
NONCYCLONE_04423,38.01802039288147,TS,2018309S06068,38.01802039288147,0,
NONCYCLONE_04424,13.146918769282392,TS,2003345N05092,13.146918769282392,0,
NONCYCLONE_04425,15.229079937437511,TS,2022338N05100,15.229079937437511,0,
NONCYCLONE_04426,10.793609677196553,TS,2025295N09068,10.793609677196553,0,
NONCYCLONE_04427,21.255510347589986,TS,2010151N14065,21.255510347589986,0,
NONCYCLONE_04428,41.447103522915725,TS,2019116N02090,41.447103522915725,0,
NONCYCLONE_04429,15.328855027076665,TS,2017199N19086,15.328855027076665,0,
NONCYCLONE_04430,35.81037464854477,TS,2016354S15116,35.81037464854477,0,
NONCYCLONE_04431,16.37139619882616,TS,2015309N14067,16.37139619882616,0,
NONCYCLONE_04432,19.158658147935306,TS,2009201N21089,19.158658147935306,0,
NONCYCLONE_04433,12.687101751724377,DS,2007172N15088,12.687101751724377,0,
NONCYCLONE_04434,21.635354742559237,TS,2008293N09060,21.635354742559237,0,
NONCYCLONE_04435,29.125278914737724,TS,2005179N22088,29.125278914737724,0,
NONCYCLONE_04436,25.335969158691128,TS,2019296N15066,25.335969158691128,0,
NONCYCLONE_04437,17.344256324347647,TS,2005257N15120,17.344256324347647,0,
NONCYCLONE_04438,40.239475972896734,TS,2020136N10088,40.239475972896734,0,
NONCYCLONE_04439,24.72226301287757,TS,2013305N07141,24.72226301287757,0,
NONCYCLONE_04440,17.69025833693354,DS,2015309N14067,17.69025833693354,0,
NONCYCLONE_04441,52.68956784375085,TS,2013301N13142,52.68956784375085,0,
NONCYCLONE_04442,12.690326108896915,MX,2005298N12088,12.690326108896915,0,
NONCYCLONE_04443,11.831360735290405,TS,2020136N10088,11.831360735290405,0,
NONCYCLONE_04444,45.1740509066644,TS,2013305N07141,45.1740509066644,0,
NONCYCLONE_04445,40.07245190365504,TS,2005210N21088,40.07245190365504,0,
NONCYCLONE_04446,26.31176710325228,TS,2019160N11073,26.31176710325228,0,
NONCYCLONE_04447,20.305646791338702,TS,2023129N08091,20.305646791338702,0,
NONCYCLONE_04448,29.956301179580088,TS,2003240N21089,29.956301179580088,0,
NONCYCLONE_04449,19.158722631720842,TS,2020326N11063,19.158722631720842,0,
NONCYCLONE_04450,36.08198095550614,TS,2011302N13062,36.08198095550614,0,
NONCYCLONE_04451,18.203551352421826,TS,2001141N14068,18.203551352421826,0,
NONCYCLONE_04452,31.411332049151056,DS,2014003N08086,31.411332049151056,0,
NONCYCLONE_04453,36.24587084900839,TS,2018309S06068,36.24587084900839,0,
NONCYCLONE_04454,19.411965610288483,TS,2013130N04093,19.411965610288483,0,
NONCYCLONE_04455,24.657820867954044,TS,2010151N14065,24.657820867954044,0,
NONCYCLONE_04456,10.402919966268769,TS,2018202N21088,10.402919966268769,1,TS
NONCYCLONE_04457,12.530583450552117,TS,2023156N10067,12.530583450552117,0,
NONCYCLONE_04458,26.479829178457518,TS,2016341N08092,26.479829178457518,0,
NONCYCLONE_04459,14.563071924991554,TS,2019296N15066,14.563071924991554,0,
NONCYCLONE_04460,21.503706567844905,TS,2023212N19090,21.503706567844905,0,
NONCYCLONE_04461,12.857087451399533,TS,2016308N13088,12.857087451399533,0,
NONCYCLONE_04462,29.835650341454144,TS,2006241N20088,29.835650341454144,0,
NONCYCLONE_04463,23.546135043291674,TS,2000358N08086,23.546135043291674,0,
NONCYCLONE_04464,34.89386937084181,TS,2017232N19130,34.89386937084181,0,
NONCYCLONE_04465,35.283903306221944,DS,2014279N11096,35.283903306221944,0,
NONCYCLONE_04466,10.83363307037172,TS,2015191N23085,10.83363307037172,0,
NONCYCLONE_04467,15.552006970744774,TS,2006114N08090,15.552006970744774,0,
NONCYCLONE_04468,15.70762437305022,TS,2018148N17090,15.70762437305022,0,
NONCYCLONE_04469,29.86344720589496,TS,2006329N06150,29.86344720589496,0,
NONCYCLONE_04470,12.520023169886084,TS,2014297N11062,12.520023169886084,0,
NONCYCLONE_04471,30.65102110044252,TS,2006329N06150,30.65102110044252,0,
NONCYCLONE_04472,13.652682978566759,TS,2005349N06090,13.652682978566759,0,
NONCYCLONE_04473,16.82606793349022,TS,2013339N09084,16.82606793349022,0,
NONCYCLONE_04474,22.670351990365393,DS,2005338N09093,22.670351990365393,0,
NONCYCLONE_04475,23.437474327845013,TS,2019160N11073,23.437474327845013,0,
NONCYCLONE_04476,27.043681864019053,TS,2016341N08092,27.043681864019053,0,
NONCYCLONE_04477,24.07935025637134,TS,2005007N04085,24.07935025637134,0,
NONCYCLONE_04478,14.648602361136945,TS,2022295N13093,14.648602361136945,0,
NONCYCLONE_04479,27.752148079089164,TS,2008329N09082,27.752148079089164,0,
NONCYCLONE_04480,25.299619472987473,TS,2018279N11069,25.299619472987473,0,
NONCYCLONE_04481,34.755817098217726,TS,2014003N08086,34.755817098217726,0,
NONCYCLONE_04482,40.11400067367272,TS,2018249N22088,40.11400067367272,0,
NONCYCLONE_04483,28.901949207923177,TS,2022346S10098,28.901949207923177,0,
NONCYCLONE_04484,26.57948918070477,TS,2024238N25077,26.57948918070477,0,
NONCYCLONE_04485,11.474591856774676,TS,2014297N11062,11.474591856774676,0,
NONCYCLONE_04486,11.250954268560285,TS,2006271N18089,11.250954268560285,1,TS
NONCYCLONE_04487,35.68996558258249,DS,2013322N13090,35.68996558258249,0,
NONCYCLONE_04488,38.50950801613124,TS,2009143N17089,38.50950801613124,0,
NONCYCLONE_04489,29.69097695659418,DS,2021312N07090,29.69097695659418,0,
NONCYCLONE_04490,18.885545105519956,TS,2005349N06090,18.885545105519956,0,
NONCYCLONE_04491,16.741900885760405,TS,2006241N20088,16.741900885760405,0,
NONCYCLONE_04492,18.506335670139922,TS,2014216N21089,18.506335670139922,0,
NONCYCLONE_04493,20.759335579304512,TS,2023156N10067,20.759335579304512,0,
NONCYCLONE_04494,37.4793666883015,MX,2023334N08088,37.4793666883015,0,
NONCYCLONE_04495,20.801298526452374,TS,2008338N06092,20.801298526452374,0,
NONCYCLONE_04496,23.081789298030213,TS,2008317N11089,23.081789298030213,0,
NONCYCLONE_04497,25.352282840671744,TS,2019273N23070,25.352282840671744,0,
NONCYCLONE_04498,16.946095972338604,TS,2008338N06092,16.946095972338604,0,
NONCYCLONE_04499,10.609385578072194,TS,2014297N11062,10.609385578072194,0,
NONCYCLONE_04500,19.323774827334727,TS,2005338N09093,19.323774827334727,0,
NONCYCLONE_04501,26.278094256619244,TS,2018314N12093,26.278094256619244,0,
NONCYCLONE_04502,14.374894848616009,TS,2002356S07070,14.374894848616009,0,
NONCYCLONE_04503,16.701912354716214,TS,2000358N08086,16.701912354716214,0,
NONCYCLONE_04504,18.333251053278822,TS,2007300N11068,18.333251053278822,0,
NONCYCLONE_04505,10.438439353008999,TS,2005255N20088,10.438439353008999,1,TS
NONCYCLONE_04506,16.587487111710946,TS,2025250N25073,16.587487111710946,0,
NONCYCLONE_04507,25.60529450058964,TS,2016222N22089,25.60529450058964,0,
NONCYCLONE_04508,16.48874032611471,TS,2020285N15087,16.48874032611471,0,
NONCYCLONE_04509,19.222681687351923,TS,2023156N10067,19.222681687351923,0,
NONCYCLONE_04510,11.013812487209652,TS,2003295N09101,11.013812487209652,0,
NONCYCLONE_04511,29.89273727223022,TS,2019160N11073,29.89273727223022,0,
NONCYCLONE_04512,14.59882658304069,TS,2007178N18089,14.59882658304069,0,
NONCYCLONE_04513,22.492692149400426,TS,2004307N09068,22.492692149400426,0,
NONCYCLONE_04514,42.909253025815126,TS,2011290N15090,42.909253025815126,0,
NONCYCLONE_04515,22.67713512435301,TS,2015157N13069,22.67713512435301,0,
NONCYCLONE_04516,19.405241660101233,TS,2000331N09092,19.405241660101233,0,
NONCYCLONE_04517,27.952412363104465,TS,2003295N09101,27.952412363104465,0,
NONCYCLONE_04518,22.008108945580616,TS,2007178N18089,22.008108945580616,0,
NONCYCLONE_04519,17.499238047923715,TS,2014159N12068,17.499238047923715,0,
NONCYCLONE_04520,13.81655622363239,TS,2003315N09067,13.81655622363239,0,
NONCYCLONE_04521,16.878296763642762,TS,2018281N14088,16.878296763642762,0,
NONCYCLONE_04522,11.762090975698971,TS,2019301N05081,11.762090975698971,0,
NONCYCLONE_04523,28.30692791235697,DS,2008329N09082,28.30692791235697,0,
NONCYCLONE_04524,16.76772887832307,TS,2019264N19071,16.76772887832307,0,
NONCYCLONE_04525,15.804611621498799,TS,2004332N02072,15.804611621498799,0,
NONCYCLONE_04526,10.20562297036708,TS,2006214N20088,10.20562297036708,1,TS
NONCYCLONE_04527,21.110028970336465,TS,2007314N10093,21.110028970336465,0,
NONCYCLONE_04528,27.02216058172637,TS,2016308N13088,27.02216058172637,0,
NONCYCLONE_04529,10.811776170078522,TS,2000358N08086,10.811776170078522,0,
NONCYCLONE_04530,21.879652474766946,TS,2014003N08086,21.879652474766946,0,
NONCYCLONE_04531,36.772150888355796,TS,2005330N09096,36.772150888355796,0,
NONCYCLONE_04532,74.34007209530706,TS,2025233N15126,74.34007209530706,0,
NONCYCLONE_04533,38.020232350916416,TS,2020136N10088,38.020232350916416,0,
NONCYCLONE_04534,15.255650808794352,DS,2013305N07141,15.255650808794352,0,
NONCYCLONE_04535,20.03529241261418,TS,2022226N22088,20.03529241261418,0,
NONCYCLONE_04536,11.858383920031388,TS,2004332N02072,11.858383920031388,0,
NONCYCLONE_04537,13.184151333867865,TS,2000088N08090,13.184151333867865,0,
NONCYCLONE_04538,16.887435365826192,TS,2009104N13088,16.887435365826192,0,
NONCYCLONE_04539,19.62677580474174,TS,2020153N13072,19.62677580474174,0,
NONCYCLONE_04540,18.7668075267413,TS,2003295N09101,18.7668075267413,0,
NONCYCLONE_04541,24.221381547693095,TS,2005257N20069,24.221381547693095,0,
NONCYCLONE_04542,28.752556642873028,TS,2007172N15088,28.752556642873028,0,
NONCYCLONE_04543,25.115602421621944,TS,2019329N09160,25.115602421621944,0,
NONCYCLONE_04544,15.775793489046322,TS,2018347N07089,15.775793489046322,0,
NONCYCLONE_04545,13.854687216983356,DS,2006262N19069,13.854687216983356,0,
NONCYCLONE_04546,21.408657632510277,TS,2002327N10089,21.408657632510277,0,
NONCYCLONE_04547,31.745940936052616,TS,2021256N20087,31.745940936052616,0,
NONCYCLONE_04548,38.17449003377233,DS,2009143N17089,38.17449003377233,0,
NONCYCLONE_04549,34.465898367528666,TS,2010151N14065,34.465898367528666,0,
NONCYCLONE_04550,34.07285421399961,TS,2012301N11087,34.07285421399961,0,
NONCYCLONE_04551,11.518963476519163,TS,2023317N10094,11.518963476519163,0,
NONCYCLONE_04552,26.05376329201414,TS,2008298N16085,26.05376329201414,0,
NONCYCLONE_04553,32.58271716990801,TS,2004332N02072,32.58271716990801,0,
NONCYCLONE_04554,52.29969095035891,TS,2009104N13088,52.29969095035891,0,
NONCYCLONE_04555,11.551087333263105,TS,2005330N09096,11.551087333263105,0,
NONCYCLONE_04556,13.196734868474286,TS,2008259N20089,13.196734868474286,0,
NONCYCLONE_04557,20.862860684431663,TS,2008259N20089,20.862860684431663,0,
NONCYCLONE_04558,12.211925698537382,TS,2014202N22087,12.211925698537382,0,
NONCYCLONE_04559,31.42617336136146,TS,2002295N14082,31.42617336136146,0,
NONCYCLONE_04560,28.26776669181434,TS,2002295N14082,28.26776669181434,0,
NONCYCLONE_04561,58.38726820710556,ET,2025223N17337,60.45000036722619,0,
NONCYCLONE_04562,21.661589387819507,TS,2025331N06083,21.661589387819507,0,
NONCYCLONE_04563,36.61179699466071,TS,2000331N09092,36.61179699466071,0,
NONCYCLONE_04564,37.2186115496032,TS,2000299N13093,37.2186115496032,0,
NONCYCLONE_04565,21.28448382549159,TS,2022197N22069,21.28448382549159,0,
NONCYCLONE_04566,13.701548135858133,TS,2025274N16087,13.701548135858133,0,
NONCYCLONE_04567,28.415712268039048,TS,2009247N19089,28.415712268039048,0,
NONCYCLONE_04568,18.580403870384185,TS,2013305N07141,18.580403870384185,0,
NONCYCLONE_04569,29.853502733624918,TS,2013281N12098,29.853502733624918,0,
NONCYCLONE_04570,24.796114302054516,TS,2014279N11096,24.796114302054516,0,
NONCYCLONE_04571,12.966342707554444,TS,2017147N14087,12.966342707554444,0,
NONCYCLONE_04572,21.838218407639882,MX,2004312S05085,21.838218407639882,0,
NONCYCLONE_04573,43.0709588903665,TS,2008293N09060,43.0709588903665,0,
NONCYCLONE_04574,16.705122503445786,TS,2023293N12089,16.705122503445786,0,
NONCYCLONE_04575,20.88480289594647,TS,2009247N19089,20.88480289594647,0,
NONCYCLONE_04576,34.70889886345194,MX,2020353N06129,34.70889886345194,0,
NONCYCLONE_04577,21.550514587096753,TS,2024244N18085,21.550514587096753,0,
NONCYCLONE_04578,22.202608811335523,TS,2018314N12093,22.202608811335523,0,
NONCYCLONE_04579,14.953418461734952,TS,2014159N12068,14.953418461734952,0,
NONCYCLONE_04580,19.0503023688673,TS,2014141N16091,19.0503023688673,0,
NONCYCLONE_04581,38.43065832206796,TS,2008293N09060,38.43065832206796,0,
NONCYCLONE_04582,19.873137042912603,DS,2021335N08096,19.873137042912603,0,
NONCYCLONE_04583,17.927797687954964,TS,2022230N18095,17.927797687954964,0,
NONCYCLONE_04584,37.41139337321548,TS,2024356N14084,37.41139337321548,0,
NONCYCLONE_04585,14.554022187029542,TS,2015309N14067,14.554022187029542,0,
NONCYCLONE_04586,20.460407531513034,DS,2016341N08092,20.460407531513034,0,
NONCYCLONE_04587,13.412167229238309,TS,2013324N07103,13.412167229238309,0,
NONCYCLONE_04588,15.097056626126612,TS,2018141N08059,15.097056626126612,0,
NONCYCLONE_04589,20.47603206580152,TS,2004162N18068,20.47603206580152,0,
NONCYCLONE_04590,26.905433644950946,TS,2005349N06090,26.905433644950946,0,
NONCYCLONE_04591,29.58434187562856,TS,2006012N03081,29.58434187562856,0,
NONCYCLONE_04592,40.022765936693325,TS,2010305N06105,40.022765936693325,0,
NONCYCLONE_04593,33.58066225931096,MX,2006330S06049,33.58066225931096,0,
NONCYCLONE_04594,30.626459379245507,TS,2005349N06090,30.626459379245507,0,
NONCYCLONE_04595,12.03639848129792,DS,2016138N10081,12.03639848129792,0,
NONCYCLONE_04596,36.88865547954708,TS,2015157N13069,36.88865547954708,0,
NONCYCLONE_04597,24.30410068255002,TS,2004125S08084,24.30410068255002,0,
NONCYCLONE_04598,25.833918457287265,TS,2005007N04085,25.833918457287265,0,
NONCYCLONE_04599,10.71405278439158,TS,2006262N19069,10.71405278439158,0,
NONCYCLONE_04600,12.239218027705476,DS,2024329N04089,12.239218027705476,0,
NONCYCLONE_04601,32.12089531153211,TS,2025198N25082,32.12089531153211,0,
NONCYCLONE_04602,26.066378464168416,TS,2002356S07070,26.066378464168416,0,
NONCYCLONE_04603,28.3592125859819,TS,2001281N18071,28.3592125859819,0,
NONCYCLONE_04604,12.230719516085953,TS,2020335N06090,12.230719516085953,0,
NONCYCLONE_04605,13.099231639618147,TS,2023293N12089,13.099231639618147,0,
NONCYCLONE_04606,63.81853764532091,MX,2020353N06129,63.81853764532091,0,
NONCYCLONE_04607,19.684661036095093,TS,2024329N04089,19.684661036095093,0,
NONCYCLONE_04608,41.78070412981426,DS,2004312S05085,41.78070412981426,0,
NONCYCLONE_04609,17.79095776358506,MX,2019302N11118,17.79095776358506,0,
NONCYCLONE_04610,35.3031966192237,MX,2006182N20088,35.3031966192237,0,
NONCYCLONE_04611,39.01582886205782,TS,2005007N04085,39.01582886205782,0,
NONCYCLONE_04612,16.37537131770037,TS,2003295N09101,16.37537131770037,0,
NONCYCLONE_04613,19.52352139307335,TS,2003345N05092,19.52352139307335,0,
NONCYCLONE_04614,18.001527906937234,TS,2013310N06066,18.001527906937234,0,
NONCYCLONE_04615,26.5231013032409,TS,2009313N11072,26.5231013032409,0,
