file,ext,bytes,format,width,height,mode,readable,pixel_sha256,zero_fraction,saturated_fraction,pixel_std,pixel_mean,sample_id,cyclone_id,satellite_source
POS_0001.png,.png,35751,PNG,256,256,L,True,7465d3116015ba0b751771aadbbea5f98708790e3a9de5dea9c1d1075f256c3f,0.0,0.0,54.04461748705094,98.09718322753906,POS_0001,1999343S09095,
POS_0002.png,.png,35453,PNG,256,256,L,True,e5141377cd8ef65fdf30169348e71c3e82134284dc07e0f37bd78ef60de95701,0.0,0.0,58.349044268429374,97.85354614257812,POS_0002,1999343S09095,NOAA HURSAT-B1 v07b
POS_0003.png,.png,36131,PNG,256,256,L,True,0afb6b101bf016c6df6a17a1d8f3764d44beac4bc30e72c9e3fd7c7c87642684,0.001007080078125,0.0,56.810923701546095,95.71308898925781,POS_0003,1999343S09095,NOAA HURSAT-B1 v07b
POS_0004.png,.png,37334,PNG,256,256,L,True,5d21582a23768ca5a235e92c5522525f593a11cbaabeae48384e30d7bc9fbb2e,0.0,0.0,46.62880907785997,96.61474609375,POS_0004,1999343S09095,NOAA HURSAT-B1 v07b
POS_0005.png,.png,38826,PNG,256,256,L,True,0c7a2ddce6875f4febd299de8d32bb37cdeb300722281cb2743306e53acf229e,0.025054931640625,0.0,57.97650053657331,86.73904418945312,POS_0005,1999343S11123,NOAA HURSAT-B1 v07b
POS_0006.png,.png,36565,PNG,256,256,L,True,c315360bea5e24e72c191654001be0c22c58079d81684521cc4747cebba3f5d1,0.0,0.0,54.284435430757384,96.022705078125,POS_0006,1999343S11123,NOAA HURSAT-B1 v07b
POS_0007.png,.png,37142,PNG,256,256,L,True,4a36afb77b78ea72e0e6a8cf0e045db74613654c7168b516622b5264cfb86b3e,0.0,0.0,48.77217015874099,101.18667602539062,POS_0007,1999343S11123,NOAA HURSAT-B1 v07b
POS_0008.png,.png,35763,PNG,256,256,L,True,a7789dd97a71ceb6f8e5d8d145b666190d9ba4733b08f32a6b3260a510abbb95,0.001739501953125,0.0,52.004483754112506,89.30018615722656,POS_0008,1999343S11123,NOAA HURSAT-B1 v07b
POS_0009.png,.png,28752,PNG,256,256,L,True,f7bc6383ac27528cc5e5a210cff428197f77d36776276be08f593c38c9afcbab,0.0,0.0,34.4982730624727,47.62309265136719,POS_0009,2000006S15164,NOAA HURSAT-B1 v07b
POS_0010.png,.png,35301,PNG,256,256,L,True,6871962cc7b95a37ea80c28220b8fe80ad98c2729f4fdbdbfc7d7df648c99807,0.0,0.0,48.63349205097431,77.09999084472656,POS_0010,2000006S15164,NOAA HURSAT-B1 v07b
POS_0011.png,.png,32918,PNG,256,256,L,True,9b443762794c3f5c54af5cef413ab47e323202c3437de3fe9e08d122669da3c1,0.0,0.0,43.30260950736104,69.3887939453125,POS_0011,2000006S15164,NOAA HURSAT-B1 v07b
POS_0012.png,.png,34428,PNG,256,256,L,True,a885e701298428ae28663966c436cfa1005477061690886231e8b994130f85a5,0.0,0.0,49.378435714591504,70.78022766113281,POS_0012,2000006S15164,NOAA HURSAT-B1 v07b
POS_0013.png,.png,30891,PNG,256,256,L,True,047e7fe999d35e731b562b9dfddf6fa2c9d1932b9638c85bf3a40ace16d8c400,0.0,0.0,51.911030965409715,68.09761047363281,POS_0013,2000018S15190,NOAA HURSAT-B1 v07b
POS_0014.png,.png,35937,PNG,256,256,L,True,665c9292cbe627c2a2dce118488c25adc2f6703ee57272e9fc35cc3dc44b8ec5,0.0,0.0,55.726074431431314,80.50376892089844,POS_0014,2000018S15190,NOAA HURSAT-B1 v07b
POS_0015.png,.png,37084,PNG,256,256,L,True,be3cf2201787531fb73a90f5673732e7ad07bc272d4c72a5ca6dccfafcb9b95e,0.0,0.0,58.77871335744778,112.57002258300781,POS_0015,2000018S15190,NOAA HURSAT-B1 v07b
POS_0016.png,.png,33598,PNG,256,256,L,True,295a7aa7a82dd5d09e6f22af7488f17637c4a394f9cfb383aa5d81f8a0c30e53,0.0,0.0,57.841959732363534,92.12591552734375,POS_0016,2000018S15190,NOAA HURSAT-B1 v07b
POS_0017.png,.png,36173,PNG,256,256,L,True,413d5a96d671e95ee5f17b2c55e3bdc228cb48dc19e91a4bbdb90fbe6aaad56f,0.0,0.0,56.133947756620216,88.17605590820312,POS_0017,2000019S11127,NOAA HURSAT-B1 v07b
POS_0018.png,.png,36653,PNG,256,256,L,True,6f62763eda4b84667afcdede41841a3f2fefbda463c37da401faa56cff36de4c,0.0,0.0,61.232546753626515,107.22624206542969,POS_0018,2000019S11127,NOAA HURSAT-B1 v07b
POS_0019.png,.png,36991,PNG,256,256,L,True,64d43a364cade2cdb8272d38ceae951c68297c69f840446ee9498edebe009043,0.0,0.0,57.42505517372839,112.50563049316406,POS_0019,2000019S11127,NOAA HURSAT-B1 v07b
POS_0020.png,.png,40173,PNG,256,256,L,True,46d62b87b8b04909623258612e3ed59c24ed0a5fb8b2c6359dfb5dcf25368349,0.000244140625,0.0,57.11990843868222,111.66328430175781,POS_0020,2000019S11127,NOAA HURSAT-B1 v07b
POS_0021.png,.png,38549,PNG,256,256,L,True,859b2cd28e2eb3ebeffdba3a1735a586da7ca0b7970590df74874809d338e24c,0.0,0.0,51.28086769430163,102.66799926757812,POS_0021,2000019S11127,NOAA HURSAT-B1 v07b
POS_0022.png,.png,38508,PNG,256,256,L,True,ea39cd1c2e4370719a3c4a7b4e95f45233c06bafdc7e9a4d965a8ec911bf83ed,0.0,0.0,50.85924479149999,98.9140625,POS_0022,2000019S11127,NOAA HURSAT-B1 v07b
POS_0023.png,.png,37350,PNG,256,256,L,True,3d86389847759ae92709129016c95102dadc5a9dd2cdfa849c000df13e54f842,0.0,0.0,52.11917988670209,87.76954650878906,POS_0023,2000019S11127,NOAA HURSAT-B1 v07b
POS_0024.png,.png,36736,PNG,256,256,L,True,3ef3444bca7d0f3c6932fa19294c684e144906681a8beee045e6afb288fc0a8a,0.0,0.0,46.11105010642698,85.2041015625,POS_0024,2000019S11127,NOAA HURSAT-B1 v07b
POS_0025.png,.png,33971,PNG,256,256,L,True,89832255f97d8d3b351af99ff265ac6b1e77d82cbd1a2fcff5980257d346d4a7,0.0,0.0,53.2950152645774,83.59515380859375,POS_0025,2000032S11116,NOAA HURSAT-B1 v07b
POS_0026.png,.png,31794,PNG,256,256,L,True,f4ffe30d82436d42e46975ac1d3590542104763b4eb321620336d843d7657021,0.0,0.0,33.84276760501602,57.82746887207031,POS_0026,2000032S11116,NOAA HURSAT-B1 v07b
POS_0027.png,.png,35279,PNG,256,256,L,True,46bc4d5b065317671303b3a5fd85878810859f2d2fc762f757bbc679515e5876,0.0,0.0,48.098839052796016,70.86506652832031,POS_0027,2000032S11116,NOAA HURSAT-B1 v07b
POS_0028.png,.png,32557,PNG,256,256,L,True,a4851777ed6e919ea9ec5ece50f4a562b902c5ad8c481944d5d77a7ef4a8f0c4,0.0,0.0,30.616829145284143,71.02622985839844,POS_0028,2000032S11116,NOAA HURSAT-B1 v07b
POS_0029.png,.png,33833,PNG,256,256,L,True,4f72fefcffbb7c2685ed847210f72b88118f0eb7986011ce6c0af4dc03f967c6,0.0,0.0,51.154795449903126,80.39988708496094,POS_0029,2000056S17152,NOAA HURSAT-B1 v07b
POS_0030.png,.png,34156,PNG,256,256,L,True,df0398d9dcffc1367b15adbe82532aefae1d710749b6ca02f54f0fb0dd9fc1e1,0.0450286865234375,0.0,65.55042053693506,85.38583374023438,POS_0030,2000056S17152,NOAA HURSAT-B1 v07b
POS_0031.png,.png,34255,PNG,256,256,L,True,5bfc9f6b19dd34cb11d836e85a1c032e53d1ed39a08d2c39eba8c2cd92e6c88f,0.0,0.0,41.46462153007079,71.39382934570312,POS_0031,2000060S12086,NOAA HURSAT-B1 v07b
POS_0032.png,.png,33198,PNG,256,256,L,True,6a0a45f04321a3fafd09dab28cdde2aca51cee83b2c7c906dfbf82114ddf0ae3,0.0,0.0,44.396279687809454,66.75360107421875,POS_0032,2000060S12086,NOAA HURSAT-B1 v07b
POS_0033.png,.png,34121,PNG,256,256,L,True,e3c73442a47c742ebceafe1e1890b3ddcd26b81a6e918f4ab1dc9f8d9a0bdce9,0.0,0.0,44.02700249978025,70.11160278320312,POS_0033,2000060S12086,NOAA HURSAT-B1 v07b
POS_0034.png,.png,30790,PNG,256,256,L,True,9a7c3fd9577e60cba89bab53bd8453f3c20e530788fd8681c10244a391cbbc81,0.0,0.0,32.90330692203865,56.209747314453125,POS_0034,2000060S12086,NOAA HURSAT-B1 v07b
POS_0035.png,.png,37760,PNG,256,256,L,True,998093b8fadcf1b3a4a2bbebaec3e2feae27fc9bac6e7290195c57842af28b49,0.0,0.0,45.287197803762616,102.20115661621094,POS_0035,2000067S15189,NOAA HURSAT-B1 v07b
POS_0036.png,.png,34284,PNG,256,256,L,True,9028c100f69731b55653009024f3cca13c53214e680dc96a0a6645099ef8084d,0.0,0.0,41.99395116863525,100.51683044433594,POS_0036,2000067S15189,NOAA HURSAT-B1 v07b
POS_0037.png,.png,31736,PNG,256,256,L,True,7a87df6e1cafd3b5dfb3f437e1e9c75fb4629a65ef7a9f81ca490ca1ace02bfa,0.0,0.0,33.03719393264846,57.27473449707031,POS_0037,2000083S17102,NOAA HURSAT-B1 v07b
POS_0038.png,.png,30587,PNG,256,256,L,True,d1f3b3ad8289a837ff535676496e7c13cd5fc63a30e71d323ea6bb054c39d4cb,0.0,0.0,36.57421582872932,53.48297119140625,POS_0038,2000083S17102,NOAA HURSAT-B1 v07b
POS_0039.png,.png,27669,PNG,256,256,L,True,be65353bb361127dea0ac87eafdf9cf44e3a763c95906f0dd6e672f589e51f23,0.0,0.0,33.0506064713755,44.854461669921875,POS_0039,2000083S17102,NOAA HURSAT-B1 v07b
POS_0040.png,.png,30724,PNG,256,256,L,True,8642a00927bc5e2be48b321d4da37581779743b18e4ccae6d8c885f79298f8d8,0.0,0.0,40.07863150874867,61.91090393066406,POS_0040,2000083S17102,NOAA HURSAT-B1 v07b
POS_0041.png,.png,38281,PNG,256,256,L,True,21c105e5debc0d1d69841ac4807d67d33a1f25d70e44dccb5f689fb191c934f5,0.0,0.0,48.43831286901686,98.83836364746094,POS_0041,2000088N08090,NOAA HURSAT-B1 v07b
POS_0042.png,.png,40222,PNG,256,256,L,True,766de6b5db483a9e26909d056e0abc0b8660e7ab60372512a832f8ed13c0fc6b,0.015625,0.0,50.530252183624,88.6026611328125,POS_0042,2000088N08090,NOAA HURSAT-B1 v07b
POS_0043.png,.png,34759,PNG,256,256,L,True,449fc99ef5ac0bca305567ae6033a94eafb5df9cf84191f4bde774e5f93942f0,0.0,0.0,50.14020147631198,80.14328002929688,POS_0043,2000088N08090,NOAA HURSAT-B1 v07b
POS_0044.png,.png,33135,PNG,256,256,L,True,0357a6b555e599f9287b0aca4ff2c2bd9a99c380b6bd09243aab701df96a7623,0.0,0.0,46.6941388445823,76.37763977050781,POS_0044,2000088N08090,NOAA HURSAT-B1 v07b
POS_0045.png,.png,33888,PNG,256,256,L,True,0f29200080d60b4e483cadbd4006248bc5873721106cd4825ed56ad74a13ebe8,0.0,0.0,47.95117569100812,78.73056030273438,POS_0045,2000089S20168,NOAA HURSAT-B1 v07b
POS_0046.png,.png,32560,PNG,256,256,L,True,c779f74fbdb80b898fb550044c4492655d477d4626734bbe830c113ca6ec84c6,0.0,0.0,40.63603902511288,60.48936462402344,POS_0046,2000089S20168,NOAA HURSAT-B1 v07b
POS_0047.png,.png,30757,PNG,256,256,L,True,3292cce39b00d8075b77773cea3eb7efb08b62e92159d9fe9a8f4415fbe6e4f5,0.0,0.0,39.31899810034765,53.85368347167969,POS_0047,2000089S20168,NOAA HURSAT-B1 v07b
POS_0048.png,.png,33156,PNG,256,256,L,True,9860c3eef79d9ddd2dbfca98182aac42941ce42a2d35e63e1ec323e7dfafbb78,0.0,0.0,40.27000423091914,54.86448669433594,POS_0048,2000089S20168,NOAA HURSAT-B1 v07b
POS_0049.png,.png,35943,PNG,256,256,L,True,787264ef9c4afee2853242dc79ce01531bd0731a052e8059bd0e5da762a7517c,0.0,0.0,58.40953662895464,99.086181640625,POS_0049,2000125N06136,NOAA GridSat-B1 v02r01
POS_0050.png,.png,38921,PNG,256,256,L,True,14144280ece86b4ec41a011577813d76e0b7256e187950bf3620abec702d9254,0.0,0.0,57.371162641386114,99.8817138671875,POS_0050,2000125N06136,NOAA HURSAT-B1 v07b
POS_0051.png,.png,35754,PNG,256,256,L,True,8a2a97919f8d5f50f02aa81a9ac9006ced118fdf766906ae05524025e7682f53,0.0,0.0,52.574357917035776,103.91871643066406,POS_0051,2000125N06136,NOAA HURSAT-B1 v07b
POS_0052.png,.png,28781,PNG,256,256,L,True,c786d3d64a569aa75c2bfc4f553a7bf1fa3f1f08b45662d7051093d3259cde84,0.0,0.0,34.87460236831151,66.9674072265625,POS_0052,2000125N06136,NOAA HURSAT-B1 v07b
POS_0053.png,.png,38082,PNG,256,256,L,True,a7326a95e0c8ceec9d660513b367da8727498a75827d10fab1877a47935f06df,0.0,0.0,55.71032424428401,88.10874938964844,POS_0053,2000138N16119,NOAA HURSAT-B1 v07b
POS_0054.png,.png,32987,PNG,256,256,L,True,bedf6099d48348f5353fdd86957ca86be68ce42b12c0afa1a2a2f66913e52220,0.0,0.0,48.43730397344107,85.24931335449219,POS_0054,2000138N16119,NOAA HURSAT-B1 v07b
POS_0055.png,.png,31324,PNG,256,256,L,True,f3febf2c564363e11cd2b483a26f6fbbe4bdfb09b2ffdb27f7072334635b95d3,0.0,0.0,39.51467468982625,77.7674560546875,POS_0055,2000138N16119,NOAA HURSAT-B1 v07b
POS_0056.png,.png,30341,PNG,256,256,L,True,81afa19fcdb7afe710269908eaa20d07b53a4cc99ec5bedfb96df764c6c570e7,0.0,0.0,36.92079006652079,101.7735595703125,POS_0056,2000138N16119,NOAA HURSAT-B1 v07b
POS_0057.png,.png,37639,PNG,256,256,L,True,0604913d57d2a424bce39b5b41f1b7096e12f8405a0cc0ef2e264b7dea44682c,0.0,0.0,37.854233136505556,92.51087951660156,POS_0057,2000141N18116,NOAA HURSAT-B1 v07b
POS_0058.png,.png,37199,PNG,256,256,L,True,6463b84445e768ba4fd22c811cfafa55de59cffc075c3881730156a20044e2c6,0.0,0.0,44.92954443110663,103.94795227050781,POS_0058,2000141N18116,NOAA HURSAT-B1 v07b
POS_0059.png,.png,37239,PNG,256,256,L,True,40bf8032508feb143401afcf8efa68a5a29a03c84eb89b0629965bbdd190d01d,0.0,0.0,51.08578053500592,103.76992797851562,POS_0059,2000141N18116,NOAA HURSAT-B1 v07b
POS_0060.png,.png,35739,PNG,256,256,L,True,2a6e4b2591c4895c322d5dc6613cf5a2377207fbabf68dbe159ce6a0cf0921ff,0.0,0.0,47.51021849758243,92.79640197753906,POS_0060,2000141N18116,NOAA HURSAT-B1 v07b
POS_0061.png,.png,38041,PNG,256,256,L,True,04fe3871f9a9af77e152d98dc0044cdc9182f28fe0b6470f0c7befb7257f13d2,0.0,0.0,53.6271098551182,81.38786315917969,POS_0061,2000142N12262,NOAA HURSAT-B1 v07b
POS_0062.png,.png,38283,PNG,256,256,L,True,42a0b4fa2b62749eaf677b6ce68b36367c0284ad87b324ce7cbc036a5b9e1950,0.00482177734375,0.0,50.46884626974815,75.43833923339844,POS_0062,2000142N12262,NOAA HURSAT-B1 v07b
POS_0063.png,.png,34481,PNG,256,256,L,True,06fb1fbc441d64438988ec268af58222ed2243377037200fe30da996d28569a1,0.0,0.0,47.01932355324465,70.70747375488281,POS_0063,2000142N12262,NOAA HURSAT-B1 v07b
POS_0064.png,.png,34300,PNG,256,256,L,True,904845a40ca069170715eec68aed9565272b5e8756376aa8a0ecfdd83bbe1274,0.0,0.0,45.17536526960364,73.53128051757812,POS_0064,2000142N12262,NOAA HURSAT-B1 v07b
POS_0065.png,.png,37243,PNG,256,256,L,True,78779496553ddcbddb7058199673a7a3beb4d87b99c9c887598956f9f3ce9569,0.0,0.0,55.010120207146436,96.10662841796875,POS_0065,2000164N12256,NOAA HURSAT-B1 v07b
POS_0066.png,.png,36731,PNG,256,256,L,True,8d3d85a41410e46d04ef95fdb84749c391c813e3865c2de62e63c76393eeb46e,0.0,0.0,53.52465923453544,92.01457214355469,POS_0066,2000164N12256,NOAA HURSAT-B1 v07b
POS_0067.png,.png,37669,PNG,256,256,L,True,6a0f393db3bbbc00549ecf66eae59b089525d7e124a6037759a5083a54c2e7c6,0.010284423828125,0.0,49.46706156912448,85.74122619628906,POS_0067,2000164N12256,NOAA HURSAT-B1 v07b
POS_0068.png,.png,34144,PNG,256,256,L,True,c9a8006072894df17d3ecf7e0d74df14bf24b8210c0d29c19597757dff78753f,0.0,0.0,35.12289167598825,67.34829711914062,POS_0068,2000164N12256,NOAA HURSAT-B1 v07b
POS_0069.png,.png,31005,PNG,256,256,L,True,47f9b50487bcfde1a41df061d774c73871fa913a35658e55efd1d9cd138645ff,0.0,0.0,36.08328103809897,56.671173095703125,POS_0069,2000187N12245,NOAA HURSAT-B1 v07b
POS_0070.png,.png,29329,PNG,256,256,L,True,32a1e48986a4e2d72c3d1593a98a81738b646b148cbfb3900ea62b1a7a394307,0.0,0.0,24.68968605603803,47.45445251464844,POS_0070,2000187N12245,NOAA HURSAT-B1 v07b
POS_0071.png,.png,27966,PNG,256,256,L,True,48f55f4ae2592d7b400ae1e43053769690c33e4071672c94db8ab127dc235c12,0.0,0.0,25.902641516945415,47.52818298339844,POS_0071,2000187N12245,NOAA HURSAT-B1 v07b
POS_0072.png,.png,30505,PNG,256,256,L,True,21bbafb721fdf5a45ad0a9d1d0c7fcb1f914a28abd9542b865518485be3098f4,0.0,0.0,26.71657731634733,47.873748779296875,POS_0072,2000187N12245,NOAA HURSAT-B1 v07b
POS_0073.png,.png,35757,PNG,256,256,L,True,6610e6417015a94b782ac02b8a0b18199e1a9948b53c6c8a2962eaafa40196a4,0.0,0.0,46.42099438126025,72.77566528320312,POS_0073,2000193N10131,NOAA HURSAT-B1 v07b
POS_0074.png,.png,35618,PNG,256,256,L,True,5e7456464947cf581c12a25c88922343f8d926f0df2d0dcd0e02ec56742e6411,0.0,0.0,58.74448891621531,93.578125,POS_0074,2000193N10131,NOAA HURSAT-B1 v07b
POS_0075.png,.png,34822,PNG,256,256,L,True,863527ab2b030afeb1d1b11b7fd015c48f61e431ca91319bf64b91178a929809,0.0,0.0,57.60051999543192,97.89204406738281,POS_0075,2000193N10131,NOAA HURSAT-B1 v07b
POS_0076.png,.png,39535,PNG,256,256,L,True,c35ecf817c2d4d7e2c2c8867b2a1b7334c80e42b45e6d8ea38a5a2b1e4bcb5a8,0.0,0.0,47.20612758518076,100.40380859375,POS_0076,2000193N10131,NOAA HURSAT-B1 v07b
POS_0077.png,.png,34808,PNG,256,256,L,True,0755fc30cdc6a9b1d3ceec109ff98a2ba3f71c7738ed0d1b2f10d789adf67f30,0.0,0.0,45.09020783498515,82.38015747070312,POS_0077,2000230N30169,NOAA HURSAT-B1 v07b
POS_0078.png,.png,32656,PNG,256,256,L,True,d27282915357d2826833676c3de003469229e478a290957ffbce2e1b99579c4e,0.0,0.0,49.25415849809926,79.19615173339844,POS_0078,2000230N30169,NOAA HURSAT-B1 v07b
POS_0079.png,.png,34394,PNG,256,256,L,True,9a71fbdee79b01988ee4b40b4273393557161a3b0c7e6afa11fe3ded43e2d1a8,0.0,0.0,50.31626102827687,83.41949462890625,POS_0079,2000236N17084,NOAA HURSAT-B1 v07b
POS_0080.png,.png,39385,PNG,256,256,L,True,1dc2b0f5967496701489096cef7cab2fbeab385592820540a27fd27e48b35880,0.0,0.0,51.33968462654885,89.4224853515625,POS_0080,2000236N17084,NOAA HURSAT-B1 v07b
POS_0081.png,.png,37347,PNG,256,256,L,True,1a856f86fde03f18a499fd228641f925114d4afa7ce4e6aac7538e75a8243a7f,0.0,0.0,49.9156510408845,91.338134765625,POS_0081,2000236N17084,NOAA HURSAT-B1 v07b
POS_0082.png,.png,36792,PNG,256,256,L,True,c0d5510670cb583f9e30e2d40a1c43645f4d06efb291de988a234102c6746850,0.0,0.0,46.848835718778034,91.04646301269531,POS_0082,2000236N17084,NOAA HURSAT-B1 v07b
POS_0083.png,.png,34654,PNG,256,256,L,True,8aa8db074cb2ef49abb5b54e45f91d973ef7aa3cfcddbd3db881d5d6d866e829,0.0,0.0,39.9655467582451,71.71275329589844,POS_0083,2000241N15223,NOAA HURSAT-B1 v07b
POS_0084.png,.png,33496,PNG,256,256,L,True,ca08783675e7dabb2d242f18104b289f41a0e98ebe13b87690e6aa82b436746f,0.0,0.0,38.68568048522952,64.49798583984375,POS_0084,2000241N15223,NOAA HURSAT-B1 v07b
POS_0085.png,.png,36205,PNG,256,256,L,True,70083d218a4b38af12b08aa34d6e20109c1fd88d98b8421750b04fa6352cf136,0.0,0.0,42.09633832827584,78.3323974609375,POS_0085,2000241N15223,NOAA HURSAT-B1 v07b
POS_0086.png,.png,33080,PNG,256,256,L,True,53f65a1989727896feeaf4c7e4ebb140de1523a7c61d596f6f303e3c2943a3ab,0.0,0.0,41.20515153147746,66.49101257324219,POS_0086,2000241N15223,NOAA HURSAT-B1 v07b
POS_0087.png,.png,35155,PNG,256,256,L,True,e655de70d2126cc87e8b66cce3ac37b4f1258043e04ba5ac118079ef016b562a,0.0,0.0,49.14798436011057,71.51707458496094,POS_0087,2000248N18126,NOAA HURSAT-B1 v07b
POS_0088.png,.png,31715,PNG,256,256,L,True,d9bc1a1e77e77cee52aac80e64a6e92202595c80aecda7014fe6dfc4ce64477d,0.0,0.0,50.667487761035154,68.8385009765625,POS_0088,2000248N18126,NOAA HURSAT-B1 v07b
POS_0089.png,.png,32719,PNG,256,256,L,True,b28c92e9d55b2eed8c788afe9edc4a272d15f816e2fd70417d8784fdafdd4861,0.0,0.0,44.866299315661266,68.33111572265625,POS_0089,2000248N18126,NOAA HURSAT-B1 v07b
POS_0090.png,.png,36763,PNG,256,256,L,True,c2dbb226b5d616eb7a4cbcbb611078bd6436173d657d4bf3921e3f812a4aac7a,0.0,0.0,48.49363773377944,88.48634338378906,POS_0090,2000248N18126,NOAA HURSAT-B1 v07b
POS_0091.png,.png,36138,PNG,256,256,L,True,822342120654bd6ad715920b8d10268d41f4ba896885942621b360280a7941b1,0.0,0.0,50.23489260807077,82.63743591308594,POS_0091,2000249N15258,NOAA HURSAT-B1 v07b
POS_0092.png,.png,34166,PNG,256,256,L,True,67148890ee8f721f45ccf3f2e631b0a9a8dec27238121c533b5a944c2494c8f5,0.0,0.0,51.81757486091793,83.1239013671875,POS_0092,2000249N15258,NOAA HURSAT-B1 v07b
POS_0093.png,.png,32045,PNG,256,256,L,True,d7b7b44a0cafed224326e2d5e3529c3d42961f8a91b7218c876851eaccff2ece,0.0,0.0,39.42496779331013,61.223052978515625,POS_0093,2000249N15258,NOAA HURSAT-B1 v07b
POS_0094.png,.png,26443,PNG,256,256,L,True,c3d60a99f79fe0c45f39ffd330fa9d49a20c390e45c4687e53e9e3e1837d9014,0.065826416015625,0.0,32.871390030058876,49.3382568359375,POS_0094,2000249N15258,NOAA HURSAT-B1 v07b
POS_0095.png,.png,30537,PNG,256,256,L,True,abed588db193ef883d9eb926268602108a8f5f94226381e4330425f323598be6,0.0,0.0,45.26744637439234,66.59690856933594,POS_0095,2000258N22138,NOAA GridSat-B1 v02r01
POS_0096.png,.png,26975,PNG,256,256,L,True,9fd70ba100aefcfd0e6fea3fbe53d0bef3cd90e6c9a94043f2b187029c4989f7,0.0,0.0,30.35595542680172,78.67628479003906,POS_0096,2000258N22138,NOAA HURSAT-B1 v07b
POS_0097.png,.png,24529,PNG,256,256,L,True,0dfefbafd2d559936fd3e9172065f710ce4a21c02dedf9522225b511f80c9f93,0.0,0.0,29.209427826743337,99.11219787597656,POS_0097,2000258N22138,NOAA HURSAT-B1 v07b
POS_0098.png,.png,32253,PNG,256,256,L,True,849613cafc575d289a1afc0c5d453f901a237b1bcaa792b2e4b373a0cf860ff3,0.0,0.0,42.394730884372294,59.99493408203125,POS_0098,2000260N15178,NOAA HURSAT-B1 v07b
POS_0099.png,.png,36855,PNG,256,256,L,True,8190e1df56ec121d2c834b5fdd3cd3fa533490117bfbf9051d82e77add11880d,0.0,0.0,51.73885873056101,81.32232666015625,POS_0099,2000289N15089,NOAA HURSAT-B1 v07b
POS_0100.png,.png,30457,PNG,256,256,L,True,5ea023fa9322f1e8076307480ed1a16e48b96d5b8fe5cda8fb2cd6b9781c51c6,0.0,0.0,36.75626844026863,51.00001525878906,POS_0100,2000289N15089,NOAA HURSAT-B1 v07b
POS_0101.png,.png,36960,PNG,256,256,L,True,f3072667365fd54de2569454e3ed7fe90b42ff08d57e061702ff696040c9a5c5,0.008636474609375,0.0,52.266599836358544,70.01339721679688,POS_0101,2000299N13093,NOAA HURSAT-B1 v07b
POS_0102.png,.png,34744,PNG,256,256,L,True,8a931249bc74a90959acf5cbf75fd52f1e3eaa7f82195eb9e2ada5fa977aedfd,0.0026397705078125,0.0,51.867675457534915,66.20620727539062,POS_0102,2000299N13093,NOAA HURSAT-B1 v07b
POS_0103.png,.png,32517,PNG,256,256,L,True,7334d4f053d17c293ca439051a5dd31522f2a1d522691c0df8a7b8d47aa16aca,0.0,0.0,41.79408533675541,75.10968017578125,POS_0103,2000313N18126,NOAA HURSAT-B1 v07b
POS_0104.png,.png,27600,PNG,256,256,L,True,c02c1375808b184d5219f8a7a869ad1681ee52bcc5b0fa003fe59ca311cff326,0.0,0.0,41.83331159018077,63.04551696777344,POS_0104,2000313N18126,NOAA HURSAT-B1 v07b
POS_0105.png,.png,36169,PNG,256,256,L,True,8f2f495d8c96d02b7ecd0211688f7626891c85f18f94df7edef74529f57b5f0b,0.0,0.0,60.65711586917405,100.640625,POS_0105,2000331N09092,NOAA HURSAT-B1 v07b
POS_0106.png,.png,37665,PNG,256,256,L,True,b0910c4ade612c991eda16b7b2a3c52be6afade6e6831d2104089dc765bb16be,0.0,0.0,46.485369150223185,87.77384948730469,POS_0106,2000331N09092,NOAA HURSAT-B1 v07b
POS_0107.png,.png,33310,PNG,256,256,L,True,ce636ba523acfbf47c4b1ace47698573da6ed1ff5ed3de1d5ce5e4560eb32a8f,0.0,0.0,51.1532155034173,78.29447937011719,POS_0107,2000331N09092,NOAA HURSAT-B1 v07b
POS_0108.png,.png,34469,PNG,256,256,L,True,064542ae804aedcaa980ced741f9791ba7b985db8e8ff09124b01ba04df70dac,0.0,0.0,44.7874534664058,70.32496643066406,POS_0108,2000331N09092,NOAA HURSAT-B1 v07b
POS_0109.png,.png,32885,PNG,256,256,L,True,269ef86751b8f18c0c0a75a7aefd5746e3921e8c1991ee28bdeca245c3dd485b,0.0,0.0,39.323288733645015,59.483184814453125,POS_0109,2000331N09092,NOAA HURSAT-B1 v07b
POS_0110.png,.png,33989,PNG,256,256,L,True,cba162b2c772f44110d4fffaf6adbfbec2160a439690d16654ffb956cda3a69a,0.0,0.0,36.738498332856,59.73817443847656,POS_0110,2000331N09092,NOAA HURSAT-B1 v07b
POS_0111.png,.png,31368,PNG,256,256,L,True,a89a3ceb42940983fffa39fee5fea51810f2535988b575d80d2f4bf749f0de5d,0.0,0.0,32.124398850556396,52.023834228515625,POS_0111,2000331N09092,NOAA HURSAT-B1 v07b
POS_0112.png,.png,28944,PNG,256,256,L,True,82c16112ab5c9bda37a4345c9c5e360809065108ae21f7bed3cba2f726bc4015,0.0,0.0,25.86572202074316,42.77606201171875,POS_0112,2000331N09092,NOAA HURSAT-B1 v07b
POS_0113.png,.png,25081,PNG,256,256,L,True,004543773b2f989a7a965ac648025f311b0d4b7da180bc35540e938c48ac0baa,0.0,0.0,19.330599093620943,37.62101745605469,POS_0113,2000331N09092,NOAA HURSAT-B1 v07b
POS_0114.png,.png,24583,PNG,256,256,L,True,6764331fb4f5e383a5abd40151fd407d1878a88142e9e9b8a1f925a4c33d8df7,0.01971435546875,0.0,23.836935033553203,33.12181091308594,POS_0114,2000331N09092,NOAA HURSAT-B1 v07b
POS_0115.png,.png,27323,PNG,256,256,L,True,1f978df3902a8dd35d8589bdacf795504469927c4376b971513376f3d98d114d,0.0,0.0,33.38785659143537,44.18809509277344,POS_0115,2000331N09092,NOAA HURSAT-B1 v07b
POS_0116.png,.png,28196,PNG,256,256,L,True,e89688de687282d84669d1321e11c1f9fdb96dbed0150b63d70050f257da6bdf,0.0,0.0,26.60948949435695,42.44956970214844,POS_0116,2000331N09092,NOAA HURSAT-B1 v07b
POS_0117.png,.png,25316,PNG,256,256,L,True,710178ea40f556210fe10e2900018d168732f085ccff6cc70b07f216bf03a129,0.0,0.0,20.78318785007325,35.8250732421875,POS_0117,2000331N09092,NOAA HURSAT-B1 v07b
POS_0118.png,.png,25467,PNG,256,256,L,True,581143e409ece07f0451cfb123896d6ac67036727b084b611526f38de1100f74,0.0,0.0,17.731827768490337,37.2227783203125,POS_0118,2000331N09092,NOAA HURSAT-B1 v07b
POS_0119.png,.png,23379,PNG,256,256,L,True,fb4d1525814275ce4d7242aeea3c8dc940eb04e699c253016f8c3546935a9c97,0.0,0.0,15.668631222674476,36.608428955078125,POS_0119,2000331N09092,NOAA HURSAT-B1 v07b
POS_0120.png,.png,36209,PNG,256,256,L,True,2ca2e1a47ce5e863c4737aae7d054a2a44b3dd3410614f39d0f88209853c7299,0.0195159912109375,0.0,52.85174969317885,72.1627197265625,POS_0120,2000358N08086,NOAA HURSAT-B1 v07b
POS_0121.png,.png,34705,PNG,256,256,L,True,4ad76d024b48d4c4e1ab1e265040157a4fc3270b8c3edf8c81b97a5de91b4977,0.000823974609375,0.0,50.228219687159594,63.59178161621094,POS_0121,2000358N08086,NOAA HURSAT-B1 v07b
POS_0122.png,.png,34110,PNG,256,256,L,True,7e43512e7259362bc4b3348f032dfd8a7a56bdc920d14a551edf8317266c9a54,0.0,0.0,46.705406183306145,65.66961669921875,POS_0122,2000358N08086,NOAA HURSAT-B1 v07b
POS_0123.png,.png,35325,PNG,256,256,L,True,3a89a0b0ce4cd58911f2e6363051bf6e279c166fc322598a552adea2fa39ddc7,0.0,0.0,50.06426088322552,74.88880920410156,POS_0123,2000358N08086,NOAA HURSAT-B1 v07b
POS_0124.png,.png,34435,PNG,256,256,L,True,0930b596c44b96dd4c0ba76814845a127f8cbba50f3d0bfede07a483faf39e3a,0.0,0.0,49.30313949560569,70.51904296875,POS_0124,2000358N08086,NOAA HURSAT-B1 v07b
POS_0125.png,.png,35050,PNG,256,256,L,True,ce47637c3d7caabd694594af4a6436e8227945451a9cdcdff52d9e68d8789376,0.0,0.0,44.87538671422111,70.09046936035156,POS_0125,2000358N08086,NOAA HURSAT-B1 v07b
POS_0126.png,.png,33923,PNG,256,256,L,True,ff17cfa060db82344a73847c0a951fb717dd2fc7eec57885abdb9bc1ca41d44d,0.0,0.0,40.88069457080652,65.58636474609375,POS_0126,2000358N08086,NOAA HURSAT-B1 v07b
POS_0127.png,.png,34234,PNG,256,256,L,True,c728ede0662b8504848e422c17a05432cf5b331a5205e9f15385aaa0091e49b2,0.0086212158203125,0.0,41.713925559873665,57.992919921875,POS_0127,2000358N08086,NOAA HURSAT-B1 v07b
POS_0128.png,.png,35426,PNG,256,256,L,True,508a8e449989177bfb4e83246a614034401ea9e753a5010005fc3696fe171a8b,0.0,0.0,42.54226588183342,66.15878295898438,POS_0128,2000315S08083,NOAA HURSAT-B1 v07b
POS_0129.png,.png,32753,PNG,256,256,L,True,d1a3e6892be9dd42fc74c27f9dec1b5b47a47d0160a526d7a051bf83d6e3461d,0.0,0.0,54.547586321885895,110.87394714355469,POS_0129,2000315S08083,NOAA HURSAT-B1 v07b
POS_0130.png,.png,36441,PNG,256,256,L,True,9cbceda0c87a91bc64fd50749e141a5f0e5066e33ebd80a6305f52cbb81bed45,0.0,0.0,42.70145209040388,82.5072021484375,POS_0130,2000315S08083,NOAA HURSAT-B1 v07b
POS_0131.png,.png,32219,PNG,256,256,L,True,487d374a934b21386f3b31d15d1763caab241a4068fe0f26d589e4ad13cb340f,0.0,0.0,31.4077878752497,58.56779479980469,POS_0131,2000315S08083,NOAA HURSAT-B1 v07b
POS_0132.png,.png,34378,PNG,256,256,L,True,2c7ab20250de6b9b47abe9808cb2693032d6175fcb0f4f3e7ff27703e8e64ad4,0.0,0.0,59.35416509279927,82.74114990234375,POS_0132,2000333S11140,NOAA HURSAT-B1 v07b
POS_0133.png,.png,35849,PNG,256,256,L,True,4ad9439d30f57114a708a5bc7546f1083afa358bb2983269d423a09f1b7d422f,0.0,0.0,40.18364269105605,76.09829711914062,POS_0133,2000333S11140,NOAA HURSAT-B1 v07b
POS_0134.png,.png,36633,PNG,256,256,L,True,725252bf72e4d07ebcc559b5b486394ea4b41dcde3c7c36ebdeb80c79ab19d05,0.0,0.0,48.448601750688546,77.03103637695312,POS_0134,2001003S09091,NOAA HURSAT-B1 v07b
POS_0135.png,.png,34886,PNG,256,256,L,True,b9f965a2efe93616c35048f47af4cb865d127af6b344724376ffc5a839b48d9d,0.0,0.0,53.3468694271661,90.51597595214844,POS_0135,2001003S09091,NOAA HURSAT-B1 v07b
POS_0136.png,.png,30638,PNG,256,256,L,True,4f60606330457a394bdf5e25522721dde9affea885b214f7f8c22b14b3edeb35,0.0,0.0,31.461413251141746,64.11894226074219,POS_0136,2001003S09091,NOAA HURSAT-B1 v07b
POS_0137.png,.png,39049,PNG,256,256,L,True,fe574a55c5c8668e6631cc58cdc3861ed91c79c072d6f1e7e67be94cab11746a,0.0130615234375,0.0,60.06943852536181,96.07911682128906,POS_0137,2001039S11139,NOAA HURSAT-B1 v07b
POS_0138.png,.png,38467,PNG,256,256,L,True,9c22ecd06fdda1e3b1246ec05d9b90fdbd6ab01c101e9f7c9dba432977ff5519,0.0,0.0003509521484375,57.90953371967777,97.38201904296875,POS_0138,2001045S14142,NOAA HURSAT-B1 v07b
POS_0139.png,.png,34646,PNG,256,256,L,True,db8143e5737e539f8bcb8db541bc1fc8e840053e6f4e2bf992d264936bb88429,0.0,0.0,54.82163735977466,95.77726745605469,POS_0139,2001045S14142,NOAA HURSAT-B1 v07b
POS_0140.png,.png,33890,PNG,256,256,L,True,e7123b9a8766cb8db1369b161c0bfda7f8d8082c81e39acc5441259e9b23fa61,0.0059967041015625,0.0,36.381948621129574,61.86274719238281,POS_0140,2001045S14142,NOAA HURSAT-B1 v07b
POS_0141.png,.png,37906,PNG,256,256,L,True,9547e0af9ec7f39db71c7a57cd7635964ddf33f37966a1f35c82028c7d6d18b6,0.0,0.0,53.7028058910448,80.44500732421875,POS_0141,2001049S17198,NOAA HURSAT-B1 v07b
POS_0142.png,.png,35846,PNG,256,256,L,True,0e896a7d58a5255f15702a31fd1fde79ff45feed3bf083c4fe77cdaa5641b4e8,0.0,0.0,39.12032447586853,87.52194213867188,POS_0142,2001049S17198,NOAA HURSAT-B1 v07b
POS_0143.png,.png,1971,PNG,256,256,L,True,1ecd3a9a7c1a743bfb23ff493041a9c5ea36bb98d3277f43b6682ac812caad3c,0.2306671142578125,0.7589874267578125,107.83393704709337,194.8059539794922,POS_0143,2001049S17198,NOAA GridSat-B1 v02r01
POS_0144.png,.png,37488,PNG,256,256,L,True,dbe22a2f416f7a45377bd575b16fee42a79cdac4494c8ee96b947356b0b57f62,0.0,0.0,52.44191239480356,92.7301025390625,POS_0144,2001056S11163,NOAA HURSAT-B1 v07b
POS_0145.png,.png,35080,PNG,256,256,L,True,8d394de8a31a30a8b7bfd123da5331353308087165a116bae42ce1fa795886d0,0.0,0.0,45.41304715745288,65.66377258300781,POS_0145,2001060S19223,NOAA HURSAT-B1 v07b
POS_0146.png,.png,38044,PNG,256,256,L,True,b04b8274c24f2979f68bf8771a1ca6bc96f3e67649678d025f1d9b8c4923856c,0.0,0.0,52.5094955430207,100.23361206054688,POS_0146,2001091S11111,NOAA HURSAT-B1 v07b
POS_0147.png,.png,37469,PNG,256,256,L,True,a3c06f9630b5cbb25915d3df57323683a18895b2c56859e62e64df6dc3cae141,0.0,0.0,56.998315454009706,90.90837097167969,POS_0147,2001094S12172,NOAA HURSAT-B1 v07b
POS_0148.png,.png,33670,PNG,256,256,L,True,d959f8f04d4660538bde95a587d6ae916f829f0ed168ffde332ec90f9ee39fc0,0.0,0.0,40.80235837311666,73.57124328613281,POS_0148,2001094S12172,NOAA HURSAT-B1 v07b
POS_0149.png,.png,32147,PNG,256,256,L,True,5c45619dbe7aadb3a5d339626e837a2cdea1958d8570624aef7cd9b31a3a51ae,0.0,0.0,33.109746485735094,68.62860107421875,POS_0149,2001094S12172,NOAA HURSAT-B1 v07b
POS_0150.png,.png,38052,PNG,256,256,L,True,8f1ffd7d0b8d0610cdd5712f0b7b80253a03cabc92dd6242a25d2a645668c911,0.0,0.0,51.54842931891235,89.09634399414062,POS_0150,2001106N04138,NOAA HURSAT-B1 v07b
POS_0151.png,.png,35440,PNG,256,256,L,True,fab577058c86b566da1b5d545034906d07c5c339a18c2f414a4c4f6648aa43a4,0.0,0.0,48.463910350664655,66.991943359375,POS_0151,2001106N04138,NOAA HURSAT-B1 v07b
POS_0152.png,.png,31155,PNG,256,256,L,True,463904558a0374eafe1542139d1ff1ee75638e65421ed9214323cb10c28b16a2,0.0,0.0,48.719181957332935,57.928009033203125,POS_0152,2001106N04138,NOAA HURSAT-B1 v07b
POS_0153.png,.png,36706,PNG,256,256,L,True,b026fd4bc83d6b783a88224f99cb3849d8a096b05cc591a8b1872afcfb7a585d,0.0,0.0,47.06910812411827,74.74049377441406,POS_0153,2001106N04138,NOAA HURSAT-B1 v07b
POS_0154.png,.png,35870,PNG,256,256,L,True,b602a09b529ccfbeb71ff1aacde8654f9bb8cbaad240d1d559cb29709e7cbffe,0.0,0.0,43.60682610367954,70.86650085449219,POS_0154,2001106S08137,NOAA HURSAT-B1 v07b
POS_0155.png,.png,27293,PNG,256,256,L,True,f1cf0511f37c7d2115a7a9322b0bfaca07c1f2bc91bd586dddc3244afc1084fe,0.0,0.0,22.021529332720885,49.70875549316406,POS_0155,2001106S08137,NOAA HURSAT-B1 v07b
POS_0156.png,.png,32235,PNG,256,256,L,True,f1447a1348a33e815581cd10a4e6157943d8c4745d312520343cebc4138b235d,0.020782470703125,0.0,50.34976564373841,55.61799621582031,POS_0156,2001141N14068,NOAA HURSAT-B1 v07b
POS_0157.png,.png,32578,PNG,256,256,L,True,6b9a9b5f82fedb4f99b0b53a6b37cba225b628f85a6f28b888939b0d515238e5,0.0,0.0,45.04289764424147,59.79389953613281,POS_0157,2001141N14068,NOAA HURSAT-B1 v07b
POS_0158.png,.png,33151,PNG,256,256,L,True,ad28cb3baf87cd3b602e319097cbfd4be8ac34419303a3cbc9336c4a34575fe0,0.04144287109375,0.0,55.14955475117655,56.7623291015625,POS_0158,2001141N14068,NOAA HURSAT-B1 v07b
POS_0159.png,.png,33610,PNG,256,256,L,True,90a7675659b750a3eb6316b8d45feaf51f00ece19d5268845ba36018340f2035,0.0,0.0,48.48670026461331,62.51393127441406,POS_0159,2001141N14068,NOAA HURSAT-B1 v07b
POS_0160.png,.png,32819,PNG,256,256,L,True,defb8f17a22bb4db7bd94d8ed1bae05f37f5492d8e22d0859a861405710197e5,0.08062744140625,0.0,60.39731403393688,63.201385498046875,POS_0160,2001141N14068,NOAA HURSAT-B1 v07b
POS_0161.png,.png,31959,PNG,256,256,L,True,9527eab945dac434a6ac93b6de4c6069d5f6739e1a966ffd6dd24dfb2b43d2e6,0.0001983642578125,0.0,55.67377185129487,61.82757568359375,POS_0161,2001141N14068,NOAA HURSAT-B1 v07b
POS_0162.png,.png,31629,PNG,256,256,L,True,891f24c8d86eb53d87c1586da16523c980ad6fddd0d934c8d988a771b0e5e5dc,0.0,0.0,50.173382775584535,61.55363464355469,POS_0162,2001141N14068,NOAA HURSAT-B1 v07b
POS_0163.png,.png,30209,PNG,256,256,L,True,1939681a1b9c9ddb37a33ec943605fc9ac3087e8d097bfbded3e456a345c5bfa,0.1315155029296875,0.0,53.0870452810187,53.74462890625,POS_0163,2001141N14068,NOAA HURSAT-B1 v07b
POS_0164.png,.png,31674,PNG,256,256,L,True,6c04b3985e082b269e8cb98868dbbbd6bb4a6fdcd9d27b6a8bc75dd2d7799d5c,0.105926513671875,0.0,51.2063132370756,57.54656982421875,POS_0164,2001141N14068,NOAA HURSAT-B1 v07b
POS_0165.png,.png,31060,PNG,256,256,L,True,f63183ca70f9fd99ef32ee473136e4966a1ba64438b740ab83ce70b76bf1abee,0.10894775390625,0.0,56.9108709908559,59.089202880859375,POS_0165,2001141N14068,NOAA HURSAT-B1 v07b
POS_0166.png,.png,31110,PNG,256,256,L,True,7530d0b5470263b54faf678ab04abd94ed02e0dc98237059aa3daffe3aaafad9,0.0,0.0,45.981628858394494,59.61396789550781,POS_0166,2001141N14068,NOAA HURSAT-B1 v07b
POS_0167.png,.png,31764,PNG,256,256,L,True,18bf8baed36f9cf0104b96ef3ac909c67fb2b7bd0d904bd4f2abc47fbffb380f,0.090484619140625,0.0,50.94304246379396,54.59259033203125,POS_0167,2001141N14068,NOAA HURSAT-B1 v07b
POS_0168.png,.png,28720,PNG,256,256,L,True,bb799d62e262ca7d5de06fe687d0332ac58fa1e6313008b8ec091a8c5b198653,0.1276702880859375,0.0,41.610336093605504,36.90861511230469,POS_0168,2001141N14068,NOAA HURSAT-B1 v07b
POS_0169.png,.png,28368,PNG,256,256,L,True,38e5d75b20718fc8bde2be51856131648cff2ab708422172cf93c75223c595af,0.0,0.0,34.15531874646174,46.121978759765625,POS_0169,2001141N14068,NOAA HURSAT-B1 v07b
POS_0170.png,.png,34021,PNG,256,256,L,True,e89797b82cdf527a09887438892def61529e72d58dbf926d1797456978ecea70,0.0,0.0,34.72786612171761,61.0018310546875,POS_0170,2001171N12234,NOAA HURSAT-B1 v07b
POS_0171.png,.png,31589,PNG,256,256,L,True,0b081e29a2ec8919f1edf84e9bd5665a1307dba4b10b582b0e3353dc87e4355d,0.0,0.0,28.666980293448027,54.41151428222656,POS_0171,2001171N12234,NOAA HURSAT-B1 v07b
POS_0172.png,.png,35156,PNG,256,256,L,True,60546ac8b8a7cc2f169679162fe05f4093a068fdc438fae99a9267252cf0bcd4,0.019927978515625,0.0,48.84670056264394,67.73945617675781,POS_0172,2001194N15252,NOAA HURSAT-B1 v07b
POS_0173.png,.png,32782,PNG,256,256,L,True,a60b1b9987d8d0d04ad86cca0a563a681a1ac4999d044244760a7e30e080fbd4,0.008697509765625,0.0,36.93548490858069,60.42570495605469,POS_0173,2001194N15252,NOAA HURSAT-B1 v07b
POS_0174.png,.png,27643,PNG,256,256,L,True,f51f2dcd7f26c3fe5f86e58882aa3c98a923280225bbd883f78fd706e7888e22,0.0,0.0,39.149823529697564,64.30067443847656,POS_0174,2001225N18146,NOAA HURSAT-B1 v07b
POS_0175.png,.png,34469,PNG,256,256,L,True,1dbb59b3b2845a853b43876a3a0b553bad0a04e2c7cb098ce9520a042499bd25,0.0,0.0,59.05205363174906,88.69534301757812,POS_0175,2001238N16139,NOAA HURSAT-B1 v07b
POS_0176.png,.png,32440,PNG,256,256,L,True,e093fdf6d6ba1409588ba0c2ac86cadda6e769ec328c1a27c39eef0b9c81401e,0.0,0.0,49.04509505186069,70.69773864746094,POS_0176,2001238N16139,NOAA HURSAT-B1 v07b
POS_0177.png,.png,31375,PNG,256,256,L,True,266643299600d4ddc637f02545b440b38505c30fa950272d5374cf9ece2dcf88,0.0,0.0,38.06645784574868,58.21897888183594,POS_0177,2001238N16139,NOAA HURSAT-B1 v07b
POS_0178.png,.png,39679,PNG,256,256,L,True,f6d45270443724a8aac6024928af16f84d7c499c46580466532bd9826857ffec,0.0,0.0,46.38736288853936,96.71333312988281,POS_0178,2001239N19116,NOAA HURSAT-B1 v07b
POS_0179.png,.png,37364,PNG,256,256,L,True,780f40be68de9b415eee050748573ed1d90195c180c0950e1201ce38cffae518,0.0,0.0,49.71580452034234,98.41456604003906,POS_0179,2001239N19116,NOAA HURSAT-B1 v07b
POS_0180.png,.png,37191,PNG,256,256,L,True,8a27d45ee03de064b036916dfa0e2af574362f94dd39658160832d4833740b74,0.0,0.0,47.85321123629409,95.67227172851562,POS_0180,2001239N19116,NOAA HURSAT-B1 v07b
POS_0181.png,.png,34717,PNG,256,256,L,True,fb53f1abf041b67a42c51c923115ad18b0c2939ca583af929ca942b8f2def39c,0.0,0.0,52.35944382960338,79.99159240722656,POS_0181,2001239N19116,NOAA HURSAT-B1 v07b
POS_0182.png,.png,32847,PNG,256,256,L,True,65104c8b095e0d0f53d82dba80bd9fc07aff2f56537d6871a097dca578b10b5e,0.0,0.0,34.129199936324405,51.88279724121094,POS_0182,2001253N13213,NOAA HURSAT-B1 v07b
POS_0183.png,.png,31715,PNG,256,256,L,True,094ae153fcb68680ec003a32c011c192eeb22060f7bb8eb6acd3454dfd21285c,0.0,0.0,26.908075409175158,48.123291015625,POS_0183,2001253N13213,NOAA HURSAT-B1 v07b
POS_0184.png,.png,29242,PNG,256,256,L,True,ee4d9fc06415cf09f1874050ba3bf0144dc4a57e4a681eb5c6e39c6f083917bf,0.0,0.0,21.65303031640486,41.13934326171875,POS_0184,2001253N13213,NOAA HURSAT-B1 v07b
POS_0185.png,.png,27898,PNG,256,256,L,True,3a5f27bab2695c3b997f85b0ce2e87eeb497a91f1fdf7bd0359fa3e0867671ee,0.0,0.0,21.689491245145245,39.136962890625,POS_0185,2001253N13213,NOAA HURSAT-B1 v07b
POS_0186.png,.png,26071,PNG,256,256,L,True,71c1b503ec64a849fd164c5338cbfec7feb0e4c0364a815887e1839461290b66,0.0,0.0,34.89754311047651,52.9566650390625,POS_0186,2001265N16244,NOAA HURSAT-B1 v07b
POS_0187.png,.png,28003,PNG,256,256,L,True,6db364e8b806b961e3560975e329a2e916939a4520d5184329a955c1d7f6b620,0.0,0.0,26.67542506442194,51.147735595703125,POS_0187,2001265N16244,NOAA HURSAT-B1 v07b
POS_0188.png,.png,24855,PNG,256,256,L,True,6509a979ed25bcae266fc8f9093a59e972c1b08e6b32de06936737e56608e101,0.0,0.0,23.95571325696852,43.045135498046875,POS_0188,2001265N16244,NOAA HURSAT-B1 v07b
POS_0189.png,.png,31725,PNG,256,256,L,True,c675f4415c233ab416c5169fea1f63c27cd7e6f97ed1b8dc41a9a15ee321b404,0.0,0.0,45.60165042143295,66.1827392578125,POS_0189,2001267N17070,NOAA HURSAT-B1 v07b
POS_0190.png,.png,29559,PNG,256,256,L,True,dcd8007ddb2504c5fed4b185b064b54f87e2f3a68d828e1f9c7dbdc4ff4a9dbc,0.0,0.0,39.832526670298385,55.2064208984375,POS_0190,2001267N17070,NOAA HURSAT-B1 v07b
POS_0191.png,.png,27826,PNG,256,256,L,True,bf034f62a28d6fbbc7da1f342228d10160a1e9ef2840cbc84311356756b787bd,0.1309814453125,0.0,35.093993021878,40.957183837890625,POS_0191,2001267N17070,NOAA HURSAT-B1 v07b
POS_0192.png,.png,24558,PNG,256,256,L,True,5c20e83691886df151c2739681636c0b847a25965d79cd3c1075f613461e15f7,0.2464599609375,0.0,32.24243215772423,31.73760986328125,POS_0192,2001267N17070,NOAA HURSAT-B1 v07b
POS_0193.png,.png,29337,PNG,256,256,L,True,5f179292588b749daf0c777e007fd1823a413a5d532d2c8a33329b84d57f8e39,0.1001739501953125,0.0,42.41087070572638,45.732330322265625,POS_0193,2001281N18071,NOAA HURSAT-B1 v07b
POS_0194.png,.png,30664,PNG,256,256,L,True,b39b776f30aee04d97e472729fef0180a820951bc0dddf6246c0d6207f99b55d,0.0486602783203125,0.0,45.261397812516115,48.75384521484375,POS_0194,2001281N18071,NOAA HURSAT-B1 v07b
POS_0195.png,.png,27172,PNG,256,256,L,True,05f424e58332734288cba151a68020d5677109be207a28239afbe271050fdac9,0.0,0.0,37.820445111212535,48.555328369140625,POS_0195,2001281N18071,NOAA HURSAT-B1 v07b
POS_0196.png,.png,25933,PNG,256,256,L,True,6a9c4b4735ef19aa2ad13f9f965d15a5bea575571c82a1c4726f27e73af0f40d,0.136871337890625,0.0,33.139767116888734,33.87333679199219,POS_0196,2001281N18071,NOAA HURSAT-B1 v07b
POS_0197.png,.png,31526,PNG,256,256,L,True,816f4bc5feed2212e689e72325ba9a47a3917ba1ca817cfa7a3e2f55bf1b92d8,0.0,0.0,36.11625433928347,56.07395935058594,POS_0197,2001294N11235,NOAA HURSAT-B1 v07b
POS_0198.png,.png,27153,PNG,256,256,L,True,a9da6888c345868fd9ac32bcaa254ba2f3b560392268a1aa8680e94ada167533,0.0,0.0,40.27844914341341,73.02714538574219,POS_0198,2001347N04162,NOAA HURSAT-B1 v07b
POS_0199.png,.png,36134,PNG,256,256,L,True,ad02dd553f9dd63188274e070d5ba2418c52081d40ca7e6a3d162ef9342b5810,0.0,0.0,43.258362721947755,81.62016296386719,POS_0199,2001361N01106,NOAA HURSAT-B1 v07b
POS_0200.png,.png,35971,PNG,256,256,L,True,017baeb86d71dbc076cc8e078944f7522f506376c9d6edd018f30c23ad5064a9,0.0,0.0,43.05364406473023,74.63856506347656,POS_0200,2001361N01106,NOAA HURSAT-B1 v07b
POS_0201.png,.png,34625,PNG,256,256,L,True,afd40f1f335da7893ccc923d2a303b1bb097774752d8aa53d8a177d630063043,0.0,0.0,34.96266832574226,59.97608947753906,POS_0201,2001361N01106,NOAA HURSAT-B1 v07b
POS_0202.png,.png,36087,PNG,256,256,L,True,b84ef7fa5cc02549b27b71069f35c627983596f2c4533d2f7e555f64cb5b99f4,0.0,0.0,44.78388257640008,78.39277648925781,POS_0202,2001361N01106,NOAA HURSAT-B1 v07b
POS_0203.png,.png,35315,PNG,256,256,L,True,9061a6a3ee58d76109a105bdb5705d7442765bbeccbc325a711c5865ee94386d,0.0,0.0,37.18457213140824,65.91499328613281,POS_0203,2001361N01106,NOAA HURSAT-B1 v07b
POS_0204.png,.png,37280,PNG,256,256,L,True,de6198fe8006fe2efa6e116fb4a73001032c3ff604632a4c516c0f40bb3d7ab4,0.0,0.0,46.458451274844315,79.63418579101562,POS_0204,2001277S10082,NOAA HURSAT-B1 v07b
POS_0205.png,.png,36472,PNG,256,256,L,True,6095378d500e129b786182d98e2817c2c54333a775126ad2e7001c3cb4f9b663,0.0,0.0,54.551158801073875,95.27359008789062,POS_0205,2001298S07098,NOAA HURSAT-B1 v07b
POS_0206.png,.png,38937,PNG,256,256,L,True,09f3a6bc780100b48556656d90284968088c19fd5ed58f435ca80946bd4e6414,0.0118560791015625,0.0,55.895099944913795,78.30079650878906,POS_0206,2001320S11146,NOAA HURSAT-B1 v07b
POS_0207.png,.png,28972,PNG,256,256,L,True,fd2f5632b17feb616c68279c7f21ff2d6d03bdb06bb6a78e3808bc445cf24785,0.0,0.0,36.3745646640128,54.21461486816406,POS_0207,2001324S12081,NOAA HURSAT-B1 v07b
POS_0208.png,.png,28780,PNG,256,256,L,True,82e199d10371d3b9e7c6def0cfda9f5814f6d49935cd3b18766c7fed251006fa,0.0,0.0,37.12597025179479,54.95799255371094,POS_0208,2001324S12081,NOAA HURSAT-B1 v07b
POS_0209.png,.png,35427,PNG,256,256,L,True,7d7a6cfe505199b1e1696aaff123ed9187a758931d5d6356e005e6000c79672c,0.0,0.0,49.99373886469166,96.9901123046875,POS_0209,2001329S06095,NOAA HURSAT-B1 v07b
POS_0210.png,.png,37031,PNG,256,256,L,True,bc66f08425a16baf9411f6b2bfa41d0480bd6550d7129621412a25df1ca18011,0.0,0.0,63.71502034180415,107.01473999023438,POS_0210,2001365S12138,NOAA GridSat-B1 v02r01
POS_0211.png,.png,38262,PNG,256,256,L,True,3714de7ba0c838087aa502c6d169e53e65d1a11d900b2101bbe93e1d0b0f816a,0.0428619384765625,0.0,49.16753771087354,76.96444702148438,POS_0211,2001365S12138,NOAA GridSat-B1 v02r01
POS_0212.png,.png,29519,PNG,256,256,L,True,470d312354a3f591c6b7f0f2eb75787d733ccdcb0db5c6b5c9175b83b7acc20d,0.025390625,0.0,31.812032151857174,41.633544921875,POS_0212,2001365S12138,NOAA GridSat-B1 v02r01
POS_0213.png,.png,35393,PNG,256,256,L,True,30309a3f3130f86cadd0830311edfa69368f5b563a72bcdf1317f1e49c528a0f,0.0,0.0,45.00107042748782,73.96371459960938,POS_0213,2002030S13093,NOAA HURSAT-B1 v07b
POS_0214.png,.png,35284,PNG,256,256,L,True,ab828be3ab7de7fa0792137459ec4f4ecc7d3b1e00cdaca4517c6b48398891c7,0.0,0.0,57.72232044711136,89.2174072265625,POS_0214,2002033S13121,NOAA HURSAT-B1 v07b
POS_0215.png,.png,31269,PNG,256,256,L,True,abf7e157a8c11e1cc48ed501692f8ab9c8f5af1fda71c63122d4d59b5fe2d594,0.0416717529296875,0.0,43.20543023313125,56.57652282714844,POS_0215,2002033S13121,NOAA HURSAT-B1 v07b
POS_0216.png,.png,37730,PNG,256,256,L,True,a359d1134ac498cb5280b5a655918cc46c88b24db1ff8dcdc901c3d0df871f13,0.0,0.0,56.226719854946744,99.51255798339844,POS_0216,2002040S14130,NOAA HURSAT-B1 v07b
POS_0217.png,.png,35092,PNG,256,256,L,True,1f511147ded715c870da774814d3a0f127910861c95f1fac9b4200c457f7792b,0.1427459716796875,0.0,61.67204823347609,77.4617919921875,POS_0217,2002040S14130,NOAA HURSAT-B1 v07b
POS_0218.png,.png,35798,PNG,256,256,L,True,5790f6fc5090fbd060981029880302166a5219e636a8b813a29958b4296ccf32,0.0,0.0,52.304807961640726,93.00152587890625,POS_0218,2002040S14130,NOAA HURSAT-B1 v07b
POS_0219.png,.png,36666,PNG,256,256,L,True,67c688b935782d4d3dbebea60914a468f18f73750e931731b8acca1d1ea70442,0.0,0.0,51.35116365298441,101.18144226074219,POS_0219,2002040S14130,NOAA HURSAT-B1 v07b
POS_0220.png,.png,38037,PNG,256,256,L,True,08cf1638f3ef82fdb06241ac8d0869fc5fceb6453ba06f3bdcc5a8736441920f,0.0,0.0,58.61315811433914,96.87306213378906,POS_0220,2002040S14130,NOAA HURSAT-B1 v07b
POS_0221.png,.png,37114,PNG,256,256,L,True,42fdd21b5e0f0b3c0c95cfc1122f0d7fdb09b8d6fc4b82bd6796a00ccf9f1241,0.0193023681640625,0.0,59.37146878676988,87.41122436523438,POS_0221,2002040S14130,NOAA HURSAT-B1 v07b
POS_0222.png,.png,38927,PNG,256,256,L,True,bc73d1af463af630c97f3875780002c8e2a38caac52b2ad3fe7e3a8f198e85e2,0.002349853515625,1.52587890625e-05,58.47746209974672,93.75227355957031,POS_0222,2002040S14130,NOAA HURSAT-B1 v07b
POS_0223.png,.png,37209,PNG,256,256,L,True,a14083daea8d5df22dc31b3cb74252a154124abf6a40af9fb0d5119adc2d997e,0.0,0.0,45.07112425659956,88.68498229980469,POS_0223,2002040S14130,NOAA HURSAT-B1 v07b
POS_0224.png,.png,39128,PNG,256,256,L,True,a0a113b3833ce6f391d065fe8ca33dc1b1990a0b41ea5bf8c5ff8395ac7ff1c1,0.0742950439453125,0.0,55.71149518278706,78.04499816894531,POS_0224,2002040S14130,NOAA HURSAT-B1 v07b
POS_0225.png,.png,36233,PNG,256,256,L,True,6e2b40bbd384afca52c1922378b41c5d4560a5c288e44cd9f0f986b972f7fbd1,0.0,0.0,47.04927981880077,88.18414306640625,POS_0225,2002040S14130,NOAA HURSAT-B1 v07b
POS_0226.png,.png,35451,PNG,256,256,L,True,f7fd316707cb61d46392adb8e851fcd0661b2111eac04b5543d13d02fe5de1c5,0.1300811767578125,0.0,57.80334477270702,68.5567626953125,POS_0226,2002040S14130,NOAA HURSAT-B1 v07b
POS_0227.png,.png,37605,PNG,256,256,L,True,0514c6a921107ba8a1b27addafd4cc86dd71a5f18315cedbbb8592d0a8c518cc,0.0,0.0,49.783049587267186,97.63742065429688,POS_0227,2002040S14130,NOAA HURSAT-B1 v07b
POS_0228.png,.png,39375,PNG,256,256,L,True,fc20247ebbd70a5a0692fdb93d21ca006314fe8dc58274616c81d83958c98409,0.0299224853515625,0.0,55.8806215176308,83.90748596191406,POS_0228,2002040S14130,NOAA HURSAT-B1 v07b
POS_0229.png,.png,36864,PNG,256,256,L,True,7584cdcf41231e5ec410ee4e8731cd18b7e3b460050eda3297daa3311e6f9d0f,0.0,0.0,51.70115134253443,105.83345031738281,POS_0229,2002040S14130,NOAA HURSAT-B1 v07b
POS_0230.png,.png,35832,PNG,256,256,L,True,85550fe4fb68650f87251d98da236ae2fabba24c8cfbc973b667ed4e82f0b888,0.0,7.62939453125e-05,53.67866087344408,97.05050659179688,POS_0230,2002040S14130,NOAA HURSAT-B1 v07b
POS_0231.png,.png,39012,PNG,256,256,L,True,809237713d3c14bb0626515c288f752feb14a54a173511f9bfff88751683a9c5,0.0287628173828125,0.0,60.18394928095525,94.49009704589844,POS_0231,2002040S14130,NOAA HURSAT-B1 v07b
POS_0232.png,.png,35287,PNG,256,256,L,True,fd1afe41bc4cb15f31b9d35ed7cb9ad31e0e1901fb223cb85ddfa51c5e52ffe0,0.0,0.0,56.55008691889261,99.06219482421875,POS_0232,2002040S14130,NOAA HURSAT-B1 v07b
POS_0233.png,.png,36605,PNG,256,256,L,True,41637a4d9d242d91ef81a5df2b87336b1fb6c8d7b9cdcb43e1adc61a599cf62e,0.0,0.0,52.61412480862668,85.73312377929688,POS_0233,2002040S14130,NOAA HURSAT-B1 v07b
POS_0234.png,.png,36285,PNG,256,256,L,True,7aa5c6009bff7fcf5398d174617b0f8efb6ab603c9e3b098632944d0fc3fbfb5,0.0,0.0,47.95525350411598,96.48193359375,POS_0234,2002040S14130,NOAA HURSAT-B1 v07b
POS_0235.png,.png,37868,PNG,256,256,L,True,d67176499659ad4d21e13ebe7e7fd4bc25d9bdf60110818c50451db5acc6de26,0.094390869140625,0.0,60.12068309287243,80.73165893554688,POS_0235,2002040S14130,NOAA HURSAT-B1 v07b
POS_0236.png,.png,36777,PNG,256,256,L,True,9174a00b2557b0792211c4cc4d95368679839945fb7a3149b277e0f8475dfb49,0.0,0.0,50.43543606145332,88.70147705078125,POS_0236,2002040S14130,NOAA HURSAT-B1 v07b
POS_0237.png,.png,37822,PNG,256,256,L,True,8b1f685862f66f69a4ce27843195196249fdfe9a099d9494311919a40ebf3864,0.0,0.0,54.56784111356814,98.83834838867188,POS_0237,2002040S14130,NOAA HURSAT-B1 v07b
POS_0238.png,.png,36890,PNG,256,256,L,True,0455cb2b640d4a72c29f8cdf87d8bc2abdba375731c636bf8f6ec0f8e334efa0,0.0,0.0,48.51570070006418,94.43272399902344,POS_0238,2002040S14130,NOAA HURSAT-B1 v07b
POS_0239.png,.png,35485,PNG,256,256,L,True,221c3d014f55b478a036752fd5ce60975788f123a5a407254c37c6643da9e23f,0.0,0.0,51.63552960666112,90.80958557128906,POS_0239,2002040S14130,NOAA HURSAT-B1 v07b
POS_0240.png,.png,36330,PNG,256,256,L,True,10aa2e926ecec889ece9230810e470099b50434f884b42d6d705d9e0a05cf8ef,0.06689453125,0.0,45.98837880248417,73.44952392578125,POS_0240,2002040S14130,NOAA HURSAT-B1 v07b
POS_0241.png,.png,33086,PNG,256,256,L,True,686f650d8f91fd33430b741c05c1db9c000301c9ac51802e78336b53e77901a1,0.0,0.0,36.25614662004412,68.69844055175781,POS_0241,2002040S14130,NOAA HURSAT-B1 v07b
POS_0242.png,.png,31560,PNG,256,256,L,True,434de304bf974ceb5cde104a0230486cf36cfc569bd0bd7609caf50d2c590c55,0.0,0.0,26.54012766117706,55.51690673828125,POS_0242,2002040S14130,NOAA HURSAT-B1 v07b
POS_0243.png,.png,27889,PNG,256,256,L,True,d8153f94688db7877830f01fe852bde7581d80dd76469f494568fbd864a43ad0,0.1416778564453125,0.0,26.24470355806651,37.89796447753906,POS_0243,2002040S14130,NOAA HURSAT-B1 v07b
POS_0244.png,.png,27597,PNG,256,256,L,True,835a1fe099a3a00aa38ac5a990008082d461eda9f61f0d665746c7547c95b242,0.0,0.0,23.68512616114078,50.14356994628906,POS_0244,2002042S20156,NOAA HURSAT-B1 v07b
POS_0245.png,.png,36634,PNG,256,256,L,True,76b7faa8d3f67331168eb4b855031fa3158c7175aaec632198040bd09b49e88c,0.0,0.0,47.56833426504573,86.45085144042969,POS_0245,2002057N06156,NOAA HURSAT-B1 v07b
POS_0246.png,.png,37716,PNG,256,256,L,True,4ef87833723e2cefe6c6ff6d579947e9521e5e9d51da7d9ea0f2d024c67cf080,0.0,0.0,51.706540724411475,93.07846069335938,POS_0246,2002062S15154,NOAA HURSAT-B1 v07b
POS_0247.png,.png,34135,PNG,256,256,L,True,9adcfa8d26fce057ecac50a95a4de2bd1ca489d6f3da4dad1b2f770d4daeb0e2,0.0,0.0,42.62555445273942,58.88690185546875,POS_0247,2002063S11066,NOAA HURSAT-B1 v07b
POS_0248.png,.png,38410,PNG,256,256,L,True,1484fd7e79e60deacbd7d23e5bd0b7dc6d540e4f0e99826662dd9231709c4e88,0.0,0.0,44.32175771144616,77.089111328125,POS_0248,2002078N04138,NOAA HURSAT-B1 v07b
POS_0249.png,.png,31248,PNG,256,256,L,True,4f149f4bc15178f86780d5797ad6049f64a578b2d29b6d1b603f736a056a01dd,0.0,0.0,38.20373709408677,56.63671875,POS_0249,2002078N04138,NOAA HURSAT-B1 v07b
POS_0250.png,.png,36777,PNG,256,256,L,True,1da1c418907287184b414b13659edcdf21cdc9e34b478ac8240eda892332c3cf,0.0,0.0,54.15909204141649,87.72769165039062,POS_0250,2002096N11155,NOAA HURSAT-B1 v07b
POS_0251.png,.png,32950,PNG,256,256,L,True,dc8545ca5ee3c050964f068f5fd10652288167bfa47ec1a0151a817558e4c960,0.0,0.0,48.706608346376036,71.11387634277344,POS_0251,2002096N11155,NOAA HURSAT-B1 v07b
POS_0252.png,.png,28068,PNG,256,256,L,True,f6e880e578607b425e3d2c0093663c7e317f2be8aaea66b44282aab61eff5b29,0.0,0.0,32.892324360149935,48.45515441894531,POS_0252,2002122S07063,NOAA HURSAT-B1 v07b
POS_0253.png,.png,35913,PNG,256,256,L,True,db7a012102f9c83818326bb3403347ae87d828d96cabdb178ff52d3ce46afacd,0.0,0.0,58.807428143175066,91.20072937011719,POS_0253,2002126N09068,NOAA HURSAT-B1 v07b
POS_0254.png,.png,35068,PNG,256,256,L,True,9ceba4cbdbd656ee24487cf3777f34fa538dfc4048405cab9285b50d4eef02ca,0.0,0.0,48.41605974969802,68.06379699707031,POS_0254,2002126N09068,NOAA HURSAT-B1 v07b
POS_0255.png,.png,34043,PNG,256,256,L,True,7a1168295e89d07da28bf483773c434092c8753f5400051d904bcdb38c80ef6c,0.0,0.0,47.74204404459145,66.02267456054688,POS_0255,2002126N09068,NOAA HURSAT-B1 v07b
POS_0256.png,.png,32010,PNG,256,256,L,True,8b3de4662d16e2d46f7af8519840318a107631ae7e58462ad6ba835b50a82999,0.099609375,7.62939453125e-05,50.40155976167714,55.619140625,POS_0256,2002126N09068,NOAA HURSAT-B1 v07b
POS_0257.png,.png,26863,PNG,256,256,L,True,1e69bdf7fa3a33765847ccb743f05330e34141823053cb5e30d5a286d2fcd1a5,0.0604400634765625,0.0,35.236873409761934,34.543731689453125,POS_0257,2002126N09068,NOAA HURSAT-B1 v07b
POS_0258.png,.png,38350,PNG,256,256,L,True,122463aa16a0fa8eb0749f5f5327393266c284bcc59542804d8b5bceb4f6812b,0.0,0.0,58.10260707238874,110.11328125,POS_0258,2002129N08096,NOAA HURSAT-B1 v07b
POS_0259.png,.png,37038,PNG,256,256,L,True,f5e808f0cbfca69a312ff595eff79b2a1dbb1f8e26096acb361417f2ae968338,0.0,0.0,54.069254033249464,107.58317565917969,POS_0259,2002129N08096,NOAA HURSAT-B1 v07b
POS_0260.png,.png,37256,PNG,256,256,L,True,3a68e9161fd43938fc6080fe7c1350685538fe3b00a749f0e9edb613c0c5baf5,0.0,0.0,49.494919204968404,106.46116638183594,POS_0260,2002129N08096,NOAA HURSAT-B1 v07b
POS_0261.png,.png,37505,PNG,256,256,L,True,d696555e16bf828a1a90bb0d889a795d1002a4ff320e3492bcdd7788bf14c653,0.0,0.0,48.16661832621742,104.25515747070312,POS_0261,2002129N08096,NOAA HURSAT-B1 v07b
POS_0262.png,.png,36830,PNG,256,256,L,True,100849aeb82136f107715c495581f66f6fa5870f8129ad5a2d1b307e49e081f2,0.0,0.0,46.3949816698488,71.78715515136719,POS_0262,2002143S07157,NOAA HURSAT-B1 v07b
POS_0263.png,.png,34899,PNG,256,256,L,True,a8e59c30f3226c575311e7420ebe99437cf91c9b4823a616d6aa5b90d73e26b0,0.0,0.0,42.53224279321953,69.68974304199219,POS_0263,2002143S07157,NOAA HURSAT-B1 v07b
POS_0264.png,.png,31146,PNG,256,256,L,True,56355a98b7179e35ed52cf54295fed234a0456de5add4cfe1b85cb76459e901d,0.0,0.0,45.32539739984527,58.336456298828125,POS_0264,2002143S07157,NOAA HURSAT-B1 v07b
POS_0265.png,.png,35638,PNG,256,256,L,True,9dbd04f6a6cf0f5570dd0ef3a16fcbd6bf2da1e1ea9c8699c274a604ea9f36e2,0.0,0.0,46.186691728366576,85.52108764648438,POS_0265,2002189N21116,NOAA HURSAT-B1 v07b
POS_0266.png,.png,31122,PNG,256,256,L,True,56d5962e3e6f8184c39ab6ab72d5370d6ff103c8cb045b6918d03460e074da3a,0.0,0.0,49.27886316071462,75.9432373046875,POS_0266,2002189N21116,NOAA HURSAT-B1 v07b
POS_0267.png,.png,30369,PNG,256,256,L,True,4b38cd2ff4ec2e9666e1600cefdccdba9968796810879ed7fea46bdad974e1d2,0.0,0.0,41.88794304990714,61.40357971191406,POS_0267,2002189N21116,NOAA HURSAT-B1 v07b
POS_0268.png,.png,32401,PNG,256,256,L,True,d11a2ea1192004ede80eb6e5c32f20cf1125071d9d13cc385d6735afd30de6a8,0.0,0.0,47.00837378111478,68.72749328613281,POS_0268,2002189N21116,NOAA HURSAT-B1 v07b
POS_0269.png,.png,35825,PNG,256,256,L,True,4206eed9dd7c3f4c5803784a9572c51ebb5a3749d75323859100aaa82f6c01df,0.0,0.0,47.31552793732703,77.7513427734375,POS_0269,2002191N12260,NOAA HURSAT-B1 v07b
POS_0270.png,.png,34361,PNG,256,256,L,True,8c8dda81a889b03aa57d9819f14267f6e1e0c5c29205a8ed281441b4fb23a02d,0.0,0.0,47.42654567816574,68.46395874023438,POS_0270,2002191N12260,NOAA HURSAT-B1 v07b
POS_0271.png,.png,32640,PNG,256,256,L,True,ecd06806e2f94223650010511be1dbf602641fdec5ba6c5dd94c82846fe8d87d,0.0,0.0,46.10264649268864,78.01339721679688,POS_0271,2002191N12260,NOAA HURSAT-B1 v07b
POS_0272.png,.png,34385,PNG,256,256,L,True,df14acd059174b28ceb3306108fb71dae2ded0f6553cc7f046f84071d2646a1c,0.0,0.0,43.75093207252001,79.349365234375,POS_0272,2002191N12260,NOAA HURSAT-B1 v07b
POS_0273.png,.png,34519,PNG,256,256,L,True,2a1465b52c57528207f6104b084de990dc4f379c0fa5a35bcd3ced94a539a983,0.0,0.0,38.052190288287356,69.16375732421875,POS_0273,2002218N13241,NOAA HURSAT-B1 v07b
POS_0274.png,.png,35454,PNG,256,256,L,True,8065038eebab924a56271d423647f02160df0e5496f6fd60ccdd8491520f0f66,0.0,0.0,59.191454901751094,95.34722900390625,POS_0274,2002222N09163,NOAA HURSAT-B1 v07b
POS_0275.png,.png,30721,PNG,256,256,L,True,6c3761efa6fa2a3898c03dc0cfa9282c5069a35b51bf9b02f7593b54915a43f9,0.0,0.0,44.8263541532814,61.84642028808594,POS_0275,2002222N09163,NOAA HURSAT-B1 v07b
POS_0276.png,.png,24217,PNG,256,256,L,True,7a94951291e691ba2b4df4feb275a7b6a63fa5695885612b96a2452656a593da,0.0,0.0,26.77901345199273,80.17172241210938,POS_0276,2002222N09163,NOAA HURSAT-B1 v07b
POS_0277.png,.png,30833,PNG,256,256,L,True,75db966ca5dd6166b1f99c69219a08a12ee44527dab166113b8f9d77273b8e40,0.0,0.0,39.73413530777665,59.777435302734375,POS_0277,2002234N14164,NOAA HURSAT-B1 v07b
POS_0278.png,.png,37091,PNG,256,256,L,True,b710ab9cf057c49102bd6bd33ddedac62f8aa5aac16a9e73e629b2b6092829bf,0.0021209716796875,0.0,52.46239330713631,83.21617126464844,POS_0278,2002242N14257,NOAA HURSAT-B1 v07b
POS_0279.png,.png,33617,PNG,256,256,L,True,f8ec2bec69b4d4d238e2e2ab2938db7fb0112270d6c908d41b0202bafd01ac47,0.0,0.0,52.639566731750456,80.15754699707031,POS_0279,2002242N14257,NOAA HURSAT-B1 v07b
POS_0280.png,.png,29829,PNG,256,256,L,True,938b7fccd526de23b2526eac76b5e99fa2ef6ab2520a0b79c47d508034a5ce2e,0.0,0.0,34.00714812302031,56.51063537597656,POS_0280,2002242N14257,NOAA HURSAT-B1 v07b
POS_0281.png,.png,28729,PNG,256,256,L,True,b37f4fba3797ba20a524171a85a833fea1d4eb3a09bca2a961584d125d48eefd,0.0,0.0,25.725678728399174,52.74908447265625,POS_0281,2002242N14257,NOAA HURSAT-B1 v07b
POS_0282.png,.png,33527,PNG,256,256,L,True,f07f9d63c880c81f706acf1b38927a2141b29ea72e51be47795c8087a3409f83,0.0004730224609375,0.0,36.66608956500958,53.28825378417969,POS_0282,2002249N19253,NOAA HURSAT-B1 v07b
POS_0283.png,.png,35004,PNG,256,256,L,True,a89700e255c4311e4fb4af0c71663755712b9a41beb62155dce740924414aad8,0.0,0.0,41.06899375440761,60.420623779296875,POS_0283,2002249N19253,NOAA HURSAT-B1 v07b
POS_0284.png,.png,34972,PNG,256,256,L,True,a8dc8e5a7ae4c4229e5e36eaa69930c2536838884a732cb18aa95eddef4a0af5,0.0,0.0,43.92085121469255,65.79501342773438,POS_0284,2002249N19253,NOAA HURSAT-B1 v07b
POS_0285.png,.png,39009,PNG,256,256,L,True,c19d4f386468e8cbf6bcf563558d345d5ada5bbc79e8bcc066dd434c9b5ceb12,0.0,0.0,61.45092420119197,99.6824951171875,POS_0285,2002281N10163,NOAA HURSAT-B1 v07b
POS_0286.png,.png,28698,PNG,256,256,L,True,61942d568eb04f9aa62461325be8cd3442154ffa550b826d2f3a028142af7a8c,0.0,0.0,33.472839993952796,43.26966857910156,POS_0286,2002289N18162,NOAA HURSAT-B1 v07b
POS_0287.png,.png,30801,PNG,256,256,L,True,00728aadfa9f0e7a986149f7cd019a44749cfb8c71a1e82253b79bb05849b3b1,0.0,0.0,30.577152512153273,44.62138366699219,POS_0287,2002289N18162,NOAA HURSAT-B1 v07b
POS_0288.png,.png,28543,PNG,256,256,L,True,8a8fd93405dded85928d746280816229c8a3298966fa5f263cfa781e83066e90,0.0,0.0,33.15659614272633,45.74198913574219,POS_0288,2002289N18162,NOAA HURSAT-B1 v07b
POS_0289.png,.png,33388,PNG,256,256,L,True,801af7319b5019f6311b6daf9702551a42911460f054bc9a3ffb9c2ad3eeab1c,0.0,0.0,43.14643171509928,65.32350158691406,POS_0289,2002295N14082,NOAA HURSAT-B1 v07b
POS_0290.png,.png,33649,PNG,256,256,L,True,679a494ca450bcd536f948ff4aaed29f549625eb0ee1028b2f87365940b421ff,0.0,0.0,42.58768152326874,60.8299560546875,POS_0290,2002295N14082,NOAA HURSAT-B1 v07b
POS_0291.png,.png,32444,PNG,256,256,L,True,b4452d35e3e4b4c42bf55802d13d8bc281b1b4d485bc77d8730ce3c32ea1f70c,0.05633544921875,0.0,48.8907906291573,54.08518981933594,POS_0291,2002295N14082,NOAA HURSAT-B1 v07b
POS_0292.png,.png,32218,PNG,256,256,L,True,8aba4e8105603b425724c2ba8bf8711f9b6900f89463f38d2b9f29fa40d3d903,0.0,0.0,44.92452940211426,61.32148742675781,POS_0292,2002295N14082,NOAA HURSAT-B1 v07b
POS_0293.png,.png,32433,PNG,256,256,L,True,39c1552e69a0bdc1d3b976f278ac8eabfae9cf1eea40bc7859d9a7e9269dfd99,0.0,0.0,42.70813050981727,56.14387512207031,POS_0293,2002296N11230,NOAA HURSAT-B1 v07b
POS_0294.png,.png,35014,PNG,256,256,L,True,2f69d1b02f4b4b15115780c071d01ec034fa53670d33dc281752a9b088a05462,0.0,0.0,34.89572082767096,59.25146484375,POS_0294,2002296N11230,NOAA HURSAT-B1 v07b
POS_0295.png,.png,36078,PNG,256,256,L,True,3fb55d688c865af490f6f84d5d6e288f5339b3fd05031e0ac2a07c3f467cb7f4,0.0,0.0,34.56941582826153,58.9573974609375,POS_0295,2002296N11230,NOAA HURSAT-B1 v07b
POS_0296.png,.png,38007,PNG,256,256,L,True,7d2c0cffea01117a144df5075893213373e05a2d04f2d612a6a92281eb121e8c,0.0,0.0,41.77087601843437,79.42320251464844,POS_0296,2002296N11230,NOAA HURSAT-B1 v07b
POS_0297.png,.png,31530,PNG,256,256,L,True,55c0ac27e53e3aa58acc661ef4fd45c18301f15c12ac8c9203f59f82921f31c3,0.0,0.0,45.45157688269707,64.14431762695312,POS_0297,2002318N15250,NOAA HURSAT-B1 v07b
POS_0298.png,.png,38743,PNG,256,256,L,True,289b5dadf26a35255246f6fd8bb43ce49e2758db075608ad7d8bcbf53ce7d75a,0.0,0.0,49.93405974731551,87.95057678222656,POS_0298,2002327N10089,NOAA HURSAT-B1 v07b
POS_0299.png,.png,29835,PNG,256,256,L,True,01a359507a5dbf64f9db7e49cb780581e54f0ae6859ad8426f0befa341a1d869,0.0,0.0,33.04810111091199,52.8070068359375,POS_0299,2002327N10089,NOAA HURSAT-B1 v07b
POS_0300.png,.png,29682,PNG,256,256,L,True,4fc4b9950622d1d2f63aa1f290f44151a3c80cbfb1273bdff30dfaa147894111,0.0,0.0,36.037230609642116,58.8570556640625,POS_0300,2002327N10089,NOAA HURSAT-B1 v07b
POS_0301.png,.png,29692,PNG,256,256,L,True,a9758bbcc6915031f9a58f6be7a0d32146e948d09f5b4369bb1b8c63f3618054,0.0,0.0,39.723271337646736,62.57952880859375,POS_0301,2002327N10089,NOAA HURSAT-B1 v07b
POS_0302.png,.png,37385,PNG,256,256,L,True,2756937b58233b255986e4f92f4b6cb3580cf853ae9730f9d4d9cbf91db652dd,0.0,0.0,60.36331499472647,108.92475891113281,POS_0302,2002355N04077,NOAA HURSAT-B1 v07b
POS_0303.png,.png,36495,PNG,256,256,L,True,ff9b2a5993a3f22222371b3cd4ec43b72894cc4030ba33c64912adf88bc6396b,0.009674072265625,0.0,56.53638642398163,87.29548645019531,POS_0303,2002355N04077,NOAA HURSAT-B1 v07b
POS_0304.png,.png,29451,PNG,256,256,L,True,77160f59e68134d979e325a5aa4f9d2568b2e10b9c69ef378d1d6174cef87c4e,0.0,0.0,25.35114116595939,44.767913818359375,POS_0304,2002247S03067,NOAA HURSAT-B1 v07b
POS_0305.png,.png,37360,PNG,256,256,L,True,745d81045f434f27d0b5139e3fd24864a2f6eabf8320d00c4a0ab69cc5acacd8,0.0,0.0,41.03891945013504,68.89566040039062,POS_0305,2002307S07070,NOAA HURSAT-B1 v07b
POS_0306.png,.png,31593,PNG,256,256,L,True,dd2ae372a849910470116b7b64ead9f47091f70ce0f9cf3aec7f9c1cba9c9ae2,0.0,0.0,41.34211322368325,61.646759033203125,POS_0306,2002319S06078,NOAA HURSAT-B1 v07b
POS_0307.png,.png,38633,PNG,256,256,L,True,06518225856650e3e2789d5c329c69e9a5ac4000c5fbd03c5205df087452d902,0.0,0.0,52.78070822011258,106.47589111328125,POS_0307,2002335S13182,NOAA HURSAT-B1 v07b
POS_0308.png,.png,39037,PNG,256,256,L,True,30ac682c364254f2f47e157a303658e937894fa2a912b5d23e6c3ebde444fc27,0.0,0.0,54.130117247158694,93.26416015625,POS_0308,2002356S07070,NOAA HURSAT-B1 v07b
POS_0309.png,.png,25594,PNG,256,256,L,True,84733d3df64b90c8bc57b96ad5bed75f11e738e1423d6b3de8b3d43c3b72375a,0.0,0.0,27.96399812189375,59.92930603027344,POS_0309,2002356S07070,NOAA GridSat-B1 v02r01
POS_0310.png,.png,36206,PNG,256,256,L,True,04282fc43b8f0b3f8914abd89f964ac8ed48bcc5b492d7510a483608875e1e34,0.0,0.0,52.422119794372094,84.35797119140625,POS_0310,2002358S08185,NOAA HURSAT-B1 v07b
POS_0311.png,.png,37444,PNG,256,256,L,True,8f191f54e4ab51305317902d6ff2049db349769fccd025696ecc6a4e4c8e0cb9,0.0,0.0,59.30209347296584,96.93377685546875,POS_0311,2002358S08185,NOAA HURSAT-B1 v07b
POS_0312.png,.png,35544,PNG,256,256,L,True,0edccc214ff371d46bde91ad933ceb81776cd3aa8554237f66eefeaf2e3237e0,0.0,0.0,48.36124554852079,95.20063781738281,POS_0312,2002358S08185,NOAA HURSAT-B1 v07b
POS_0313.png,.png,38377,PNG,256,256,L,True,4dd73fb2936a6c844298253e9caddc5169e39e4d22a753111bf9e96256ae15f0,0.0,0.0,53.939998242546906,112.44647216796875,POS_0313,2002359S03089,NOAA HURSAT-B1 v07b
POS_0314.png,.png,36944,PNG,256,256,L,True,8c1ec6e8f5af66c9384f9c839c90fec9c66c9372c106bad93e3376a4b25680c3,0.0,0.0,50.93488722919892,110.54873657226562,POS_0314,2002359S03089,NOAA HURSAT-B1 v07b
POS_0315.png,.png,36901,PNG,256,256,L,True,ec9e6877050a89f32590792ec4a1beb257464d4248074ec150672306f683bec1,0.0,0.0,46.03963884672405,99.49909973144531,POS_0315,2002359S03089,NOAA HURSAT-B1 v07b
POS_0316.png,.png,36995,PNG,256,256,L,True,81ab38730ebba91c747df442af31173b9b1b48b4e749af7f938ff03eababad1f,0.0,0.0,52.50191032791854,89.37461853027344,POS_0316,2002359S03089,NOAA HURSAT-B1 v07b
POS_0317.png,.png,36577,PNG,256,256,L,True,12b31e9f3563e04de4f198cb3c08ffbf1353c16c5da7bd260f665ee8f847386a,0.0,0.0,44.672047004598625,78.60356140136719,POS_0317,2002359S03089,NOAA HURSAT-B1 v07b
POS_0318.png,.png,36618,PNG,256,256,L,True,121eff9ce20144efb1ca2875dfa301bcedead37da9188592b2f570bb460cb03a,0.0,0.0,51.29600114871974,85.10884094238281,POS_0318,2002359S03089,NOAA HURSAT-B1 v07b
POS_0319.png,.png,37125,PNG,256,256,L,True,fe57392491d5f89a49e8ebf985f9bebd9ceaf87a29bb76c15004f1cc256d7425,0.0,0.0,51.81141363065013,93.46983337402344,POS_0319,2002359S03089,NOAA HURSAT-B1 v07b
POS_0320.png,.png,37514,PNG,256,256,L,True,b3d0aa5b24719608186c4cfdb95c4ab82b2bfd9c2a5ff98411b5a1b5106e3298,0.0,0.0,46.918615976843256,91.11717224121094,POS_0320,2002359S03089,NOAA HURSAT-B1 v07b
POS_0321.png,.png,36558,PNG,256,256,L,True,2e2b02ec730c7033beeec80a4ecafde1a5c4d76e8a3255376abd0308525dedc2,0.0,0.0,45.82528391361563,83.71011352539062,POS_0321,2002359S03089,NOAA HURSAT-B1 v07b
POS_0322.png,.png,36282,PNG,256,256,L,True,67c52387150eda5700ecde1341c8cf68d4a7b4d67608178cf926b5da266d108d,0.0,0.0,52.82128611536215,83.82243347167969,POS_0322,2002359S03089,NOAA HURSAT-B1 v07b
POS_0323.png,.png,36036,PNG,256,256,L,True,3371e3f17ae76886daa95abd82ebbac35f9cc12264530723345937b4c9aba3e1,0.0,0.0,41.8156228916392,73.08544921875,POS_0323,2002359S03089,NOAA HURSAT-B1 v07b
POS_0324.png,.png,35052,PNG,256,256,L,True,d0be8bf524153e4d7fc8568b9a5a7c5e30bbf3ada0106d9fbaede612096b565b,0.0,0.0,45.39520763868516,71.07144165039062,POS_0324,2002359S03089,NOAA HURSAT-B1 v07b
POS_0325.png,.png,33250,PNG,256,256,L,True,ac170a74643f9c10e5a5acc62a049f0feaa8555476fd4d699f40a41b1dc4bb3d,0.0,0.0,46.744752527929116,74.06602478027344,POS_0325,2002359S03089,NOAA GridSat-B1 v02r01
POS_0326.png,.png,34541,PNG,256,256,L,True,d01ddc840496ecbc4883c6d4f25b8713123540be834b15e567883af8f0ddb88f,0.0,0.0,50.36667736808039,78.80458068847656,POS_0326,2002359S03089,NOAA GridSat-B1 v02r01
POS_0327.png,.png,32993,PNG,256,256,L,True,1484127e6baed471d4d7e3dc8ece636f0c1ae4aeb3c53ca27291ba30a8d9b5f8,0.0,0.0,43.27163530261855,64.1358642578125,POS_0327,2002359S03089,NOAA GridSat-B1 v02r01
POS_0328.png,.png,32072,PNG,256,256,L,True,dc8b09a250faf896d8ab7aa8291153b3ab6162c75b15b983f24e953d7cd5a38c,0.0,0.0,32.22520119305724,71.01954650878906,POS_0328,2002364S16045,NOAA GridSat-B1 v02r01
POS_0329.png,.png,34079,PNG,256,256,L,True,bd76cfdf2c7444f82898f273f230c56ee5fce64c1488fcf34811370a4951bc2d,0.0,0.0,40.68122346170502,75.55242919921875,POS_0329,2002364S16045,NOAA GridSat-B1 v02r01
POS_0330.png,.png,33197,PNG,256,256,L,True,ccc54a812d8c378f4a535980cd9f40874e6aa6c1917b803159793d219a075d41,0.0,0.0,53.048240987087325,76.09449768066406,POS_0330,2003004S10136,NOAA HURSAT-B1 v07b
POS_0331.png,.png,37177,PNG,256,256,L,True,a6f010be73aa563033c59b366c744388cd3b5ed5361acc46677a731558fa9301,0.0,0.0,41.29781652935587,80.75404357910156,POS_0331,2003004S10136,NOAA HURSAT-B1 v07b
POS_0332.png,.png,37664,PNG,256,256,L,True,06cc8bee00bf7cd3e3294cc6cacc709364a05dee2545904fb53620f3ed866f2c,0.0,0.0,46.60603663037034,95.35775756835938,POS_0332,2003011N02180,NOAA HURSAT-B1 v07b
POS_0333.png,.png,34933,PNG,256,256,L,True,c60d8a0616535f61af4523211713b24972d619f8c52524405b9926de25f3b171,0.0,0.0,51.751457585179566,77.26210021972656,POS_0333,2003011N02180,NOAA HURSAT-B1 v07b
POS_0334.png,.png,36435,PNG,256,256,L,True,e843a8391ee94337902f972bf4501fb5c77aa8d65d403593b9ee599d5b6e8d80,0.0,0.0,51.6082161391911,86.99891662597656,POS_0334,2003011N02180,NOAA HURSAT-B1 v07b
POS_0335.png,.png,30152,PNG,256,256,L,True,3c8c7ec05a8b9c238212b256d3d7aa3780cef74c7ba24ba82a85b8ee91675903,0.0,0.0,40.062668156112856,59.36395263671875,POS_0335,2003011N02180,NOAA HURSAT-B1 v07b
POS_0336.png,.png,36559,PNG,256,256,L,True,44538028ff5473dbfd4f8ab078ff92b4f8870dd709f403e23870091bb4558cc8,0.0,0.0,49.086730123547326,93.9918212890625,POS_0336,2003021S10163,NOAA HURSAT-B1 v07b
POS_0337.png,.png,26734,PNG,256,256,L,True,415c4a9cb4a92e76c9640159811734a7fb642d0499f1a4fb86c583566526a0ec,0.0,0.0,21.19248358053043,42.93904113769531,POS_0337,2003021S10163,NOAA HURSAT-B1 v07b
POS_0338.png,.png,31323,PNG,256,256,L,True,423e093b6378830330de9498b09a38a59ce1caaed4ea1143d5edbf490926d963,0.0,0.0,41.085085911329614,56.677978515625,POS_0338,2003021S11081,NOAA GridSat-B1 v02r01
POS_0339.png,.png,36885,PNG,256,256,L,True,2fc09b0ac9d4a633f327fc78707cf44474ca3fdd4748f126edc0f067931c6240,0.0,0.0,45.254723534818034,74.99418640136719,POS_0339,2003021S11081,NOAA HURSAT-B1 v07b
POS_0340.png,.png,38349,PNG,256,256,L,True,5d1e8716c53f94ed4bdb45ad917856a726b4c79b93d8859cfea9c46879bb71bc,0.0,0.0,54.330160074553696,109.94459533691406,POS_0340,2003025S16173,NOAA HURSAT-B1 v07b
POS_0341.png,.png,38746,PNG,256,256,L,True,55e25a4b7830f0289b7c40d2ec97a8d31331c2633501f622b1e1c6a71b981372,0.0,0.0,54.47007868342283,104.1304931640625,POS_0341,2003025S16173,NOAA HURSAT-B1 v07b
POS_0342.png,.png,39212,PNG,256,256,L,True,1340010cfd85da0d2a7577f58b7ca74a00d50d974c8dbc3bb6e7116f229cd39e,0.0,0.0,54.78735949608725,98.37911987304688,POS_0342,2003025S16173,NOAA HURSAT-B1 v07b
POS_0343.png,.png,35722,PNG,256,256,L,True,fba85137cbd479c5b93cb3dac237c274141bd8a705ec0de7b1e382fbe08db9bb,0.0,0.0,57.531750269707885,94.20057678222656,POS_0343,2003025S16173,NOAA HURSAT-B1 v07b
POS_0344.png,.png,35203,PNG,256,256,L,True,3ec4165e3e30b7b2f09ef7682bbb80ad37b98b3dc831d9bff8527033c339c1e2,0.0,9.1552734375e-05,57.141766221704955,95.61749267578125,POS_0344,2003025S16173,NOAA HURSAT-B1 v07b
POS_0345.png,.png,32710,PNG,256,256,L,True,9c1aa1e3ebeda0ffafabbced9af2dc93f021f45ddd260ccd3898b49666c65c4e,0.0,0.0,46.51205334615275,64.69822692871094,POS_0345,2003035S10099,NOAA HURSAT-B1 v07b
POS_0346.png,.png,36991,PNG,256,256,L,True,6350b850e9a16d2ac2a558df1906d5bd48c4d6c55d07dd4f7b3512aa57b61fc7,0.0,0.0,45.29360372540892,115.31864929199219,POS_0346,2003036S10197,NOAA HURSAT-B1 v07b
POS_0347.png,.png,36213,PNG,256,256,L,True,ed72b03e612e3b502c166439e381757a774c103984fe0bffc56a0e977749c193,0.0,0.0,44.178148576338685,87.00221252441406,POS_0347,2003036S10197,NOAA HURSAT-B1 v07b
POS_0348.png,.png,25380,PNG,256,256,L,True,fefcb1b2cab65d213727aa0efaba3b8af93cdf8edcc69506b1f9dacf1ae212e0,0.0,0.0,30.288736684650225,54.68336486816406,POS_0348,2003036S10197,NOAA HURSAT-B1 v07b
POS_0349.png,.png,35089,PNG,256,256,L,True,0e9a0282e1cce5e39fb4daceff6dfaecf58c4b4fbfcd52ad1174e260cac90736,0.0107574462890625,0.0,62.031718821262444,86.53178405761719,POS_0349,2003056S17119,NOAA HURSAT-B1 v07b
POS_0350.png,.png,33596,PNG,256,256,L,True,7c1ba2fd72685785fcd457ae1d0d4daf86d5da213f73920a238eb2e9880957ba,0.0,0.0,42.64074085352608,75.10586547851562,POS_0350,2003056S21042,NOAA HURSAT-B1 v07b
POS_0351.png,.png,36139,PNG,256,256,L,True,6231976e02a014d55edaf7d21705f8fd81a1c3edb5b6e5f496c17dde0efc13e1,0.0150909423828125,0.0,56.57275459753033,77.37771606445312,POS_0351,2003061S21148,NOAA HURSAT-B1 v07b
POS_0352.png,.png,36549,PNG,256,256,L,True,eace1e9fb9397b3a276e3771b2a50c59ce1f08a715c8ba913b9f59655a86d272,0.0,0.0,59.93844659135196,99.30076599121094,POS_0352,2003061S21148,NOAA HURSAT-B1 v07b
POS_0353.png,.png,34639,PNG,256,256,L,True,3274bdef51e5a9f9da621d5277db34c32a10fed03e23bc97a30715749d9ae63f,0.0,0.0,52.69914715011593,79.32655334472656,POS_0353,2003062S10080,NOAA HURSAT-B1 v07b
POS_0354.png,.png,34800,PNG,256,256,L,True,908acf12bfba51a4adc5cc3fb78639eb0d4ce2bdbcce804c274a03665bb3868c,0.0,0.0,43.847288253265845,61.301666259765625,POS_0354,2003062S10080,NOAA HURSAT-B1 v07b
POS_0355.png,.png,30207,PNG,256,256,L,True,3796728888ee5b445aea02a15620ccac7591558085cf2ff9dad89f12c60f228d,0.0,0.0,32.726229753475835,73.70234680175781,POS_0355,2003062S10080,NOAA HURSAT-B1 v07b
POS_0356.png,.png,31109,PNG,256,256,L,True,3b6383081b72b0c15e7c87409929d4ecf6a170094279c462a03e0c8103786537,0.0,0.0,43.56241572106461,72.53730773925781,POS_0356,2003067S13130,NOAA HURSAT-B1 v07b
POS_0357.png,.png,35830,PNG,256,256,L,True,88d0b5d6070f6128f0e3ec574533d53278d3bf4120a5722987ec82a2155038c8,0.0,0.0,62.621238715102656,110.93380737304688,POS_0357,2003068S14172,NOAA HURSAT-B1 v07b
POS_0358.png,.png,34024,PNG,256,256,L,True,74c35845e860d390628dbc768e0582d6441724bbcbfe48478d9d7225416bc4bf,0.0,0.0,49.533888945859445,79.38313293457031,POS_0358,2003068S14172,NOAA HURSAT-B1 v07b
POS_0359.png,.png,37052,PNG,256,256,L,True,63e27594a80e61d4427cf39a454591ffc94e21b9fe238acf3c4d5aa15ad91a3a,0.0,0.0,51.8219179905296,92.20588684082031,POS_0359,2003103S14180,NOAA HURSAT-B1 v07b
POS_0360.png,.png,39142,PNG,256,256,L,True,f8e03ea4bedda32ea017e5de2365c21186b8532e4bc8530edc89ce75c8ffc6b4,0.0,0.0,47.54490136520944,124.20303344726562,POS_0360,2003129N05091,NOAA HURSAT-B1 v07b
POS_0361.png,.png,37486,PNG,256,256,L,True,6c3d84895fe3864177099e23c311ee420d5dee7934b27c8667089460ace043c8,0.0,0.0,55.74097418034124,127.57377624511719,POS_0361,2003129N05091,NOAA HURSAT-B1 v07b
POS_0362.png,.png,38381,PNG,256,256,L,True,c9d07010b70973fa997206398f77eaad6008313e772171b27af0dae7ae8621ac,0.0,0.0,55.393905321312076,125.75416564941406,POS_0362,2003129N05091,NOAA HURSAT-B1 v07b
POS_0363.png,.png,38866,PNG,256,256,L,True,6d87917b2e6761259a0599108121c98b5a6ab4793c64318d10b9d108947d78b4,0.0,0.0,52.42089252547708,119.02262878417969,POS_0363,2003129N05091,NOAA HURSAT-B1 v07b
POS_0364.png,.png,38481,PNG,256,256,L,True,db5cb8f0d819e611e240df2b85971b6ba6a3104a2192af5579096690fc8bc8cc,0.0,0.0,49.67809614532909,136.08822631835938,POS_0364,2003129N05091,NOAA HURSAT-B1 v07b
POS_0365.png,.png,38264,PNG,256,256,L,True,48485bc7c58d0c26397220a4ae441f9dd7ba0a08aa8e0e4394606c85db042fc4,0.006011962890625,0.0,53.5073141481178,121.25131225585938,POS_0365,2003129N05091,NOAA HURSAT-B1 v07b
POS_0366.png,.png,36100,PNG,256,256,L,True,ee6c38e0b7cbfb35fd06f9dba5118d1e000ba8f53a92c36c85b7abb5d09b20e1,0.0,0.0,56.728580663515366,85.29754638671875,POS_0366,2003129N05091,NOAA HURSAT-B1 v07b
POS_0367.png,.png,35861,PNG,256,256,L,True,3282aeab086eb52f3cd8e3c1fcae51562e860ec4bf6e004731e40cce9b76bcd3,0.0,0.0,56.837536624020565,89.56686401367188,POS_0367,2003129N05091,NOAA HURSAT-B1 v07b
POS_0368.png,.png,36652,PNG,256,256,L,True,503d6dc226d4f7c076959b20f574a776d4de020272145c88bc49c8e057d55649,0.0,0.0,56.13104094650914,98.65953063964844,POS_0368,2003129N05091,NOAA HURSAT-B1 v07b
POS_0369.png,.png,37136,PNG,256,256,L,True,f88645dcd58e001aa51c9b6ffc060f2780091445c09e1e62bccb6575a4c467fa,0.0142364501953125,0.0,58.20422177554279,91.94436645507812,POS_0369,2003129N05091,NOAA HURSAT-B1 v07b
POS_0370.png,.png,36205,PNG,256,256,L,True,e61d016085f75c6c22fb49eb073af17788002f3952e651cd5f9d1dec91f4eeaf,0.0,0.0,46.4002647108262,83.47671508789062,POS_0370,2003129N05091,NOAA HURSAT-B1 v07b
POS_0371.png,.png,35257,PNG,256,256,L,True,426a524ac0fe086d8742c6801a356285f5abc0d4fa5b06fc86a6d6ac4a3db9ce,0.0,0.0,39.48025284224047,85.16578674316406,POS_0371,2003129N05091,NOAA HURSAT-B1 v07b
POS_0372.png,.png,39031,PNG,256,256,L,True,252bb8d8b4434eed3147c378e7b5af665358037ee6f8d00e52067c1fcdb8dbc0,0.0,0.0,52.3224721270303,114.54051208496094,POS_0372,2003138N04148,NOAA HURSAT-B1 v07b
POS_0373.png,.png,36852,PNG,256,256,L,True,a42161f0461df64dcdda1d5916542e67c725bc06a40f086cc2c7f45b70c7325e,0.0,0.0,51.61967183242641,92.12245178222656,POS_0373,2003138N04148,NOAA HURSAT-B1 v07b
POS_0374.png,.png,29064,PNG,256,256,L,True,4f96a33874240fd0e7a6c3662e8f6282e58fc3c9073ec672af3e1b90cf2783e5,0.0,0.0092620849609375,38.492594707960066,81.56045532226562,POS_0374,2003138N04148,NOAA HURSAT-B1 v07b
POS_0375.png,.png,36797,PNG,256,256,L,True,2648351827b2fd893ca81fb4c13c84bac3200e2023a5789adf07782977e606f5,0.0,0.0,57.386373299295066,105.38969421386719,POS_0375,2003158N08156,NOAA HURSAT-B1 v07b
POS_0376.png,.png,36445,PNG,256,256,L,True,4b53e18c1b29dbba1830ebc02f4820b274aa24fcb035ecea58ae2459a48e6b09,0.0,0.0,44.99259029154475,77.43115234375,POS_0376,2003199N14255,NOAA HURSAT-B1 v07b
POS_0377.png,.png,32867,PNG,256,256,L,True,9b955a1f0930d9f283af8eaa17b994186fb24aac0654bc629b6ec602a9781911,0.0,0.0,36.460005174883065,67.7947998046875,POS_0377,2003199N14255,NOAA HURSAT-B1 v07b
POS_0378.png,.png,32080,PNG,256,256,L,True,71855b01b5ad37977e5d5e54ec89572325f52f141049fcf0c09ef3abcccf66d7,0.0,0.0,28.82927406172269,54.852691650390625,POS_0378,2003199N14255,NOAA HURSAT-B1 v07b
POS_0379.png,.png,29935,PNG,256,256,L,True,a00322305da1c945d5d80c4bc354193fb7f727d560e8aea173e3d59471756cfc,0.0,0.0,25.133744282991433,48.480682373046875,POS_0379,2003199N14255,NOAA HURSAT-B1 v07b
POS_0380.png,.png,38582,PNG,256,256,L,True,cd55cc8818d4ea65b07b8da1eae1a791bab6b2a2a17504f8ae7d155643d59850,0.0,0.0,49.53034668047572,103.006103515625,POS_0380,2003206N21089,NOAA HURSAT-B1 v07b
POS_0381.png,.png,36101,PNG,256,256,L,True,88fecd2b9c5a5e82c84bdc67879674687251ba656af2d3cc397eacc319414d2d,0.0,0.0,37.72351687528084,67.14546203613281,POS_0381,2003223N13224,NOAA HURSAT-B1 v07b
POS_0382.png,.png,31668,PNG,256,256,L,True,a4ce64656ffa9d869f7766588318ad461fd5c14fd9100290e15b0e993dcf2d25,0.0,0.0,29.516252062564725,49.46211242675781,POS_0382,2003223N13224,NOAA HURSAT-B1 v07b
POS_0383.png,.png,33568,PNG,256,256,L,True,433aca4ad7feaf77f0f22c6de770111ec86aefdda23954ef5748aac6e835fdcf,0.0,0.0,36.80029637250429,58.575927734375,POS_0383,2003223N13224,NOAA HURSAT-B1 v07b
POS_0384.png,.png,32086,PNG,256,256,L,True,b96d3da857dcbfd591648386ccb2f28c0a16822e587a98ae91ee59ab22d5f6f0,0.0,0.0496063232421875,57.01765744596204,69.63548278808594,POS_0384,2003240N14230,NOAA HURSAT-B1 v07b
POS_0385.png,.png,37097,PNG,256,256,L,True,05cdd3499c21e54569a8aaf1b5921b279ba2442c8d9d8ef8d6453ad7d4112b97,0.0,0.0,50.05611539524994,93.81185913085938,POS_0385,2003271N18275,NOAA HURSAT-B1 v07b
POS_0386.png,.png,36747,PNG,256,256,L,True,d2a17db93383f4cbe73c762147a2c4f4655a2cfb6da037bafbcfcadfa6c78960,0.0,0.0,54.36616858446424,109.55366516113281,POS_0386,2003279N17084,NOAA HURSAT-B1 v07b
POS_0387.png,.png,36652,PNG,256,256,L,True,fb92868c8a8bf36866211f7b8783357e98b50454ed24056155cc3269e1e017fc,0.0,0.0,49.430171044578465,99.8680419921875,POS_0387,2003279N17084,NOAA HURSAT-B1 v07b
POS_0388.png,.png,34102,PNG,256,256,L,True,20ddd4368769f4c8d4107cbcc5001409cf5245f42abd788d4caeef7c6c178aef,0.0,0.0,51.551126233646436,88.21685791015625,POS_0388,2003279N17084,NOAA HURSAT-B1 v07b
POS_0389.png,.png,34027,PNG,256,256,L,True,32e90aa9770e3cbcb63e2fa07bd42e5fd8fddb3dba547f39d0ec680e0887b699,0.0,0.0,36.25989757008038,68.18959045410156,POS_0389,2003279N18118,NOAA HURSAT-B1 v07b
POS_0390.png,.png,34140,PNG,256,256,L,True,740406220d460136b1703c60b1d861b6dab23d6b999cf3af30ddeb2aa047b8c6,0.0,0.0,34.089798453550905,67.07228088378906,POS_0390,2003279N18118,NOAA HURSAT-B1 v07b
POS_0391.png,.png,32806,PNG,256,256,L,True,95c482d8d9142430ed64bd2caa25302a2ebf7ae77910d3575d15c7490c8635c7,0.0,0.0,38.145515727927645,63.372650146484375,POS_0391,2003279N18118,NOAA HURSAT-B1 v07b
POS_0392.png,.png,38417,PNG,256,256,L,True,fb18ef49195e0927ca9c88216bcc57183a234596ec3b03947f4684aac16323ec,0.0,0.0,53.911137394504976,86.62052917480469,POS_0392,2003290N15132,NOAA HURSAT-B1 v07b
POS_0393.png,.png,35595,PNG,256,256,L,True,bb6d812d7ac24d2e07e41a7b55277001dc36f93acf9bf1db61cd9b576f6e65d6,0.0,0.0,50.33192426464203,87.56332397460938,POS_0393,2003290N15132,NOAA HURSAT-B1 v07b
POS_0394.png,.png,34979,PNG,256,256,L,True,258340f69a46b0e8d8aec7bdf536898d5ac9acc8ba2b8e9dc4391b39e0c5e329,0.0,0.0,51.66679259286744,83.77125549316406,POS_0394,2003290N15132,NOAA HURSAT-B1 v07b
POS_0395.png,.png,34949,PNG,256,256,L,True,3f37c5db71ba8b5c140ba54f92f8f224d8e78d759b9d95a2a187f4a882234f13,0.0,0.0,40.84636968947615,74.82530212402344,POS_0395,2003290N15132,NOAA HURSAT-B1 v07b
POS_0396.png,.png,30265,PNG,256,256,L,True,dc0b2265b0e9101e83e0f72bd3b3852fab1a3724903f5d12e477bbdc434c61ab,0.0,0.0,30.462704171592527,54.26922607421875,POS_0396,2003294N10260,NOAA HURSAT-B1 v07b
POS_0397.png,.png,28923,PNG,256,256,L,True,56edc0b41aab3e960e2e01fd2b60e2283b870ac83b736393edb8259a8d1fb909,0.0,0.0,30.173460246975658,48.43840026855469,POS_0397,2003294N10260,NOAA HURSAT-B1 v07b
POS_0398.png,.png,35829,PNG,256,256,L,True,e3d8941f3a66280dbbc3877a9f0b0ae82513e796354e424013d410ac524a271b,0.0,0.0,40.758112765169614,68.32937622070312,POS_0398,2003294N10260,NOAA HURSAT-B1 v07b
POS_0399.png,.png,34075,PNG,256,256,L,True,6f9290b2a76f29ab7b0cedc1a5e9f60aa3c0b18b23d605f62f0556de79ceb0ff,0.0,0.0,36.53920892715069,64.973876953125,POS_0399,2003294N10260,NOAA HURSAT-B1 v07b
POS_0400.png,.png,32552,PNG,256,256,L,True,14868c534876d9757f790acb21a82adc716ba0c40d0b5e7db41d777ef529f6c4,0.0,0.0,37.07734176481437,68.82673645019531,POS_0400,2003295N09101,NOAA GridSat-B1 v02r01
POS_0401.png,.png,34091,PNG,256,256,L,True,950e8903a308f5026ffb6c053a435865e71ec2ed71eca62a4891c92180a4ba1b,0.0,0.0,35.83347709040315,65.11140441894531,POS_0401,2003295N09101,NOAA HURSAT-B1 v07b
POS_0402.png,.png,28574,PNG,256,256,L,True,625eb49abc106196423417a2f81e9352e9bd6092493c018db990229fa9392c93,0.0,0.0,33.41684479057905,49.31536865234375,POS_0402,2003295N09101,NOAA HURSAT-B1 v07b
POS_0403.png,.png,33142,PNG,256,256,L,True,996d6fea3ad6a5bb3ff4ca033b345c2400dfed031dc9716c7bbf8b4c5014e4a1,0.0,0.0,51.44280172360273,67.9085693359375,POS_0403,2003315N09067,NOAA HURSAT-B1 v07b
POS_0404.png,.png,35336,PNG,256,256,L,True,4495e058268da44623149f20c7c37c231e80014bb300ad1556e399ceb16a49cc,3.0517578125e-05,0.0,45.67175539062359,65.55093383789062,POS_0404,2003315N09067,NOAA HURSAT-B1 v07b
POS_0405.png,.png,33592,PNG,256,256,L,True,593e2cc2d62dc7e8bd29a6a79e9f6c714e5e4666585a25899169be9eafaa2766,0.0,0.0,45.63829458865537,65.66921997070312,POS_0405,2003315N09067,NOAA HURSAT-B1 v07b
POS_0406.png,.png,31517,PNG,256,256,L,True,cf263765915245e8c2d4621fb79414478e1ddbdc02e5b5d2a4bc52dc9cdf4eea,0.0,0.0,35.77092090014688,56.69786071777344,POS_0406,2003315N09067,NOAA HURSAT-B1 v07b
POS_0407.png,.png,29979,PNG,256,256,L,True,14b96c7357118bd178834fd36e3bb6097198f06ef919cff1ef6b3563c347df71,0.0,0.0,27.352504642901696,49.4420166015625,POS_0407,2003315N09067,NOAA HURSAT-B1 v07b
POS_0408.png,.png,30304,PNG,256,256,L,True,6dd194067e1806bf040d05a7d45ae73e36b4c73fb0bbdde3ee49a01320cde1a2,0.0597991943359375,0.0,39.94535012120012,45.60459899902344,POS_0408,2003315N09067,NOAA HURSAT-B1 v07b
POS_0409.png,.png,34638,PNG,256,256,L,True,649a3f9b617f0ec498b9b3d66947a7ba2909d55e6cb4465a7469082832b3e9e8,0.0,0.0,53.733548223363826,82.99980163574219,POS_0409,2003345N05092,NOAA HURSAT-B1 v07b
POS_0410.png,.png,36386,PNG,256,256,L,True,e2c9fe92473a24acd846237f734e82f16fa283f87929ac10945e4a0467996d1c,0.0,0.0,49.32826548977669,77.04698181152344,POS_0410,2003272S05066,NOAA HURSAT-B1 v07b
POS_0411.png,.png,33697,PNG,256,256,L,True,43a06319786e82284882b4cbbf544379352b2bd2982a4ea75ddf019d0fc2ca96,0.0,0.0,38.31870852019237,60.6944580078125,POS_0411,2003338S09065,NOAA HURSAT-B1 v07b
POS_0412.png,.png,33061,PNG,256,256,L,True,8c8a20acc5ef5c88319b5db239e2a62ee4dc5d957df14bdbb02cc90a959a0921,0.0058135986328125,0.0,44.65235295252655,59.76708984375,POS_0412,2003338S09065,NOAA HURSAT-B1 v07b
POS_0413.png,.png,34877,PNG,256,256,L,True,7a304f642f0a6f8bc094a60f0d833fc6ed295e50cf35182c509a306144b6b647,0.0,0.0,60.619066246523396,103.88302612304688,POS_0413,2003340S07093,NOAA GridSat-B1 v02r01
POS_0414.png,.png,31747,PNG,256,256,L,True,54d908f63614821c34996123b5d37e3963230d3e6abe869cf76321ba178617b5,0.0,0.0,43.06673331108107,55.17616271972656,POS_0414,2003340S07093,NOAA HURSAT-B1 v07b
POS_0415.png,.png,35466,PNG,256,256,L,True,5bfd24cdf3124e4222ad30dc0c3ac586e783e3fe191a2524165edac70859f022,0.0,0.0,34.90481981263872,61.90533447265625,POS_0415,2003358S06067,NOAA HURSAT-B1 v07b
POS_0416.png,.png,35143,PNG,256,256,L,True,e7a288a80f3e9c4ec267b4588b87f3037b4ba3413e6cfdc7ad4a1ec2dca17ec1,0.0,0.0,48.325007825621974,79.36051940917969,POS_0416,2003359S15177,NOAA HURSAT-B1 v07b
POS_0417.png,.png,35860,PNG,256,256,L,True,fc84138868524108ef30ef388de2a8f2f09b1a493ea9554bfbfe44a77fb4b4de,0.0,0.0062255859375,52.99578427176166,82.41651916503906,POS_0417,2003359S15177,NOAA HURSAT-B1 v07b
POS_0418.png,.png,36399,PNG,256,256,L,True,529d29c74606aec74ce6f9a03cb64e6116ec645cce089e29c9d94de0bb8dc80b,0.0,0.0063018798828125,54.92706655699682,87.48020935058594,POS_0418,2003359S15177,NOAA HURSAT-B1 v07b
POS_0419.png,.png,38427,PNG,256,256,L,True,05d99beb6c4cdda9ec4e3a0ddcc8c6f2f4805774c198272113e8c901362787c8,0.0,0.0203094482421875,54.540262290766655,84.19145202636719,POS_0419,2003359S15177,NOAA HURSAT-B1 v07b
POS_0420.png,.png,37982,PNG,256,256,L,True,dc35328bf2c299d1093fa3f7ffef0d9b94957e26a9ed46e66747395c718ebfef,0.0,0.02569580078125,50.66105634966178,82.05372619628906,POS_0420,2003359S15177,NOAA HURSAT-B1 v07b
POS_0421.png,.png,37164,PNG,256,256,L,True,6f5d75e4f4800546ed130d055a38f7ee0c3f0a59f82d05b583efa419fb83694e,0.0,0.0378570556640625,59.97671641809294,90.90519714355469,POS_0421,2003359S15177,NOAA HURSAT-B1 v07b
POS_0422.png,.png,26961,PNG,256,256,L,True,21df82cd647318e148459f8c096e4667414069797e656395814ea66a4a609680,0.0360260009765625,0.0,26.468470222886516,50.141632080078125,POS_0422,2004001S16124,NOAA HURSAT-B1 v07b
POS_0423.png,.png,33983,PNG,256,256,L,True,097414786e870f4baeea47728ff5afb5b47a45e703c58a40fb89084a69c5f3e5,0.0,0.0,48.10596776469734,77.43916320800781,POS_0423,2004028S06090,NOAA HURSAT-B1 v07b
POS_0424.png,.png,37561,PNG,256,256,L,True,8278f7061174dced68fb78f47d5425a40542cad7ab37c5e0b540d232ae51c123,0.0,0.0,58.81017767512752,81.63731384277344,POS_0424,2004041S14147,NOAA HURSAT-B1 v07b
POS_0425.png,.png,36294,PNG,256,256,L,True,db853ca1a7a5a9c16793daa28c246918e92a888ee655869d8d41253b019c3f5b,0.0,0.0,43.45732591391703,75.42665100097656,POS_0425,2004042N08148,NOAA HURSAT-B1 v07b
POS_0426.png,.png,35089,PNG,256,256,L,True,7a46a61b435da863910c191a2b1623ea2a37c9a45102bed05bd85a23b1233d84,0.0,0.0,63.467571267783,99.92288208007812,POS_0426,2004052S15172,NOAA GridSat-B1 v02r01
POS_0427.png,.png,35172,PNG,256,256,L,True,814c1d74bd95452956bb2afc61edcd9986abc285b9ef434398f1ce13a33c872d,0.0,0.0,54.807979391493745,88.83821105957031,POS_0427,2004052S15172,NOAA HURSAT-B1 v07b
POS_0428.png,.png,33164,PNG,256,256,L,True,d90f516e827e5f521d6983e1e636705c3398d94873cba28ae9a2ac99a455726d,0.0,0.0,36.714262511568094,67.91703796386719,POS_0428,2004056S18125,NOAA HURSAT-B1 v07b
POS_0429.png,.png,34604,PNG,256,256,L,True,88c67bfc40a292d6d51f0914ce80826ee81144ca11ab07bb4bd649c62b75dd05,0.0,0.0,49.932739218532355,79.16180419921875,POS_0429,2004058S13142,NOAA HURSAT-B1 v07b
POS_0430.png,.png,37696,PNG,256,256,L,True,8e36581c68722155e1ed3196dd63f3fa5036226185306a6717ae43e7375c9748,0.0,0.0,51.319286176801725,80.91172790527344,POS_0430,2004061S12072,NOAA HURSAT-B1 v07b
POS_0431.png,.png,35041,PNG,256,256,L,True,6437dc37a90bc062aadbb7e8080fa04af0c60401cc6d4e11ccb90397b13d1c39,0.0,0.0,53.63547809607066,92.00071716308594,POS_0431,2004061S12072,NOAA HURSAT-B1 v07b
POS_0432.png,.png,25964,PNG,256,256,L,True,b80ac1efcbb49500527e3e81fb61beab52430db68b8176e5272b1bae76a873f1,0.0,0.0,25.208357890040425,47.95964050292969,POS_0432,2004068S13089,NOAA HURSAT-B1 v07b
POS_0433.png,.png,40316,PNG,256,256,L,True,2184bf01763b30d028d463beb46ad852fbf8b11935a34da967a91dfb462d7e12,0.014373779296875,0.0,52.486266456130274,86.125,POS_0433,2004072S11146,NOAA HURSAT-B1 v07b
POS_0434.png,.png,38401,PNG,256,256,L,True,ee06e937761cc93f893cbff0972750ef9f55544d43b306351ebcb1839e0752cb,0.0,0.0,54.792938567407646,85.52336120605469,POS_0434,2004074N03143,NOAA HURSAT-B1 v07b
POS_0435.png,.png,29652,PNG,256,256,L,True,f9abec723bd161413c7783636135331e66e72b167253b4cdd08cae3b87e3eca3,0.0,0.0,36.75326370509326,59.80046081542969,POS_0435,2004074N03143,NOAA HURSAT-B1 v07b
POS_0436.png,.png,28369,PNG,256,256,L,True,700d4a242e4cc02d2f714c2103dadd060a076723a21d05c61ce6064bca0cf075,0.0,0.0,24.085862862220267,52.56221008300781,POS_0436,2004074N03143,NOAA HURSAT-B1 v07b
POS_0437.png,.png,33760,PNG,256,256,L,True,5f4a912554a4c530b9913ed0c7803ea61fdf7a65d9330c523809ee1b3c5aa690,0.0,0.0,56.49470524138959,98.27996826171875,POS_0437,2004081S15148,NOAA GridSat-B1 v02r01
POS_0438.png,.png,30230,PNG,256,256,L,True,e61c2ab8a5af79a87e1bc332ec3d1511c60c4e31b460cab3a23b703841958d0f,0.0,0.0,40.1687029595064,50.02960205078125,POS_0438,2004083S08056,NOAA HURSAT-B1 v07b
POS_0439.png,.png,33185,PNG,256,256,L,True,7a25b4f9d21733faaefeba321db4f23e5288e899f8266f325c0b659e124858c4,0.0,0.0,46.303114353358055,64.36894226074219,POS_0439,2004083S08056,NOAA HURSAT-B1 v07b
POS_0440.png,.png,32851,PNG,256,256,L,True,e8148d94b09ce0a85c0137f77923244c00a7f2282d668c89fa74f0ae774e4e43,0.0,0.0,36.81692415176397,57.23329162597656,POS_0440,2004083S08056,NOAA HURSAT-B1 v07b
POS_0441.png,.png,31759,PNG,256,256,L,True,04b2bfc1e1625a198a230481bde55196f89abe85fb1b8e14b7b1e20da2d3380a,0.0,0.0,45.0794824279704,58.31089782714844,POS_0441,2004083S08056,NOAA HURSAT-B1 v07b
POS_0442.png,.png,29676,PNG,256,256,L,True,6130f5d31f6fd195d3210d8f3b5cceb0d00fd282f9ecae0bfcde10702da99e50,0.0,0.0,40.64128003835213,51.88600158691406,POS_0442,2004083S08056,NOAA HURSAT-B1 v07b
POS_0443.png,.png,27667,PNG,256,256,L,True,13160f3e66f7ea6f0b9c1d796a3dd09ab000a45e74fab66b3b70aea51fd7d3c7,0.0,0.0,35.226328227741796,50.03800964355469,POS_0443,2004083S08056,NOAA HURSAT-B1 v07b
POS_0444.png,.png,28639,PNG,256,256,L,True,34c01de336c7d4f35e6dd451c786c60863eb0e02a15c2a9a9823f6a968ded5be,0.0,0.0,42.373447536124125,52.17256164550781,POS_0444,2004083S08056,NOAA HURSAT-B1 v07b
POS_0445.png,.png,29065,PNG,256,256,L,True,085837003e4ffa35deb680cf42e9ddd87a099b643d4bcf2db9d5982498ae43da,0.0,0.0,42.235417160460834,51.82331848144531,POS_0445,2004083S08056,NOAA HURSAT-B1 v07b
POS_0446.png,.png,37201,PNG,256,256,L,True,f3804177010079cddb936751b8a8064308bcaa7036eab2a1cd88c4c210cdf9e2,0.0,0.0,59.24228427923319,97.07197570800781,POS_0446,2004125N11074,NOAA HURSAT-B1 v07b
POS_0447.png,.png,38633,PNG,256,256,L,True,ca16f0dd49c0ba23004b7d4a62aca65aaa1d6b8f7af0a54804146a5e453d90b9,0.0098876953125,0.0,60.06224285121172,93.78277587890625,POS_0447,2004125N11074,NOAA HURSAT-B1 v07b
POS_0448.png,.png,37862,PNG,256,256,L,True,23155961869752d7568f45e54afda0730f126ad7e777b00d783fbfc020adb5b0,0.0160675048828125,0.0,54.42411649715667,84.27180480957031,POS_0448,2004125N11074,NOAA HURSAT-B1 v07b
POS_0449.png,.png,35060,PNG,256,256,L,True,dcf56a5560f5f96044f588059f739a89209dfe04be276b634962c02a0b362247,0.0,0.0,52.540409132103555,74.18206787109375,POS_0449,2004125N11074,NOAA HURSAT-B1 v07b
POS_0450.png,.png,35419,PNG,256,256,L,True,8439bb18aea3bbf29c2d9062d7c7fbf07ef8d23e0e6a6b740a6805c189dd2449,0.0,0.0,47.022108112993386,75.82186889648438,POS_0450,2004125N11074,NOAA HURSAT-B1 v07b
POS_0451.png,.png,37548,PNG,256,256,L,True,78e8a8499d98ab1265fb3b6d9843e1e7e0125618d1c2823bc0f672cb9332e670,0.0,0.0,52.2478640124671,100.17085266113281,POS_0451,2004136N15090,NOAA HURSAT-B1 v07b
POS_0452.png,.png,37879,PNG,256,256,L,True,73c3027720755014c41502b9b7fe67aaa65284b0c374bdb52cd4df7ba072798f,7.62939453125e-05,0.0,57.59071334954351,110.02403259277344,POS_0452,2004136N15090,NOAA HURSAT-B1 v07b
POS_0453.png,.png,35319,PNG,256,256,L,True,86a0ee226a443aea227de2402c1d4eaa0c563ab8e9e69b3b46fb7ba6f42450e3,0.0,0.0,52.64530729728352,90.59944152832031,POS_0453,2004136N15090,NOAA HURSAT-B1 v07b
POS_0454.png,.png,36436,PNG,256,256,L,True,30e7613b0be462349e832ea5f030d521d8e23047aff523998f7b537b62a1c910,0.0036773681640625,0.0,52.92332166635559,104.58847045898438,POS_0454,2004136N15090,NOAA HURSAT-B1 v07b
POS_0455.png,.png,34519,PNG,256,256,L,True,965d480b1eb57b85ed2e5e6bcdbcadf3339b7d5d69b8d8d5b09304edf532ea34,0.0,0.0,55.05943219802036,78.71601867675781,POS_0455,2004162N18068,NOAA HURSAT-B1 v07b
POS_0456.png,.png,33232,PNG,256,256,L,True,d19aff6639455d8d9fc8624dde2bbc4290ee4701296f4986347470831ddde2cb,0.00054931640625,0.0,52.66878644360534,69.55900573730469,POS_0456,2004162N18068,NOAA HURSAT-B1 v07b
POS_0457.png,.png,33773,PNG,256,256,L,True,d11ada6393e95487854d496d58f836c4144fb5799761557151dbdacf090e0f61,0.0,0.0,49.63499666119155,70.96882629394531,POS_0457,2004162N18068,NOAA HURSAT-B1 v07b
POS_0458.png,.png,30235,PNG,256,256,L,True,60e538696d86b0e4912f56795782461c07b98ea5d32f73e6ab6428c932c0eb18,0.148651123046875,0.0,55.22545246414995,58.9263916015625,POS_0458,2004162N18068,NOAA HURSAT-B1 v07b
POS_0459.png,.png,32672,PNG,256,256,L,True,7858185d483a2a6b9ca015b76a226f3c7b60a7c3cfe533848398c87940b561f9,0.0010833740234375,0.0,50.8950516063444,66.72923278808594,POS_0459,2004162N18068,NOAA HURSAT-B1 v07b
POS_0460.png,.png,30764,PNG,256,256,L,True,04f91feaf847420d45a9693b2389d65523853c137dc5f4f7c9df8915eaf50a75,0.0,0.0,50.0507832159996,64.9554443359375,POS_0460,2004162N18068,NOAA HURSAT-B1 v07b
POS_0461.png,.png,31310,PNG,256,256,L,True,63786d8b61e0fcb8530fb97e0a89fdee951ecd3d99120da28db0b89d5958192d,0.1190643310546875,0.0,51.72435527560018,59.716522216796875,POS_0461,2004162N18068,NOAA HURSAT-B1 v07b
POS_0462.png,.png,35993,PNG,256,256,L,True,b87199c462b0d6af99651a4252f422feb5ef1e9997ede8cee080e8559e8de7ce,0.0,0.0,45.76610344868095,117.49452209472656,POS_0462,2004163N15090,NOAA HURSAT-B1 v07b
POS_0463.png,.png,39631,PNG,256,256,L,True,53804168a722ed05bdbccac06d4560a6aac23459362f9459613c8fd51e1b4c51,0.0,0.0,61.445138700370386,100.37835693359375,POS_0463,2004164N06139,NOAA HURSAT-B1 v07b
POS_0464.png,.png,34848,PNG,256,256,L,True,04e1076acbad38836dfc84181e2397333e063feae8f377ce100b7f45c7573c3d,0.0,0.0,58.236605286620325,99.33705139160156,POS_0464,2004164N06139,NOAA HURSAT-B1 v07b
POS_0465.png,.png,31350,PNG,256,256,L,True,148442dfaa2cc316d828ee0cfb3f409b556c5b3b204e1e9290ff217fe1d153e3,0.0,0.0,40.07075206074036,91.92019653320312,POS_0465,2004164N06139,NOAA HURSAT-B1 v07b
POS_0466.png,.png,26892,PNG,256,256,L,True,7a9c01c237bdb9cbe6efa4fd1599910cc67cdc84ecadf7030adf7c5802c259a2,0.0,0.0,25.48124718180613,84.15225219726562,POS_0466,2004164N06139,NOAA HURSAT-B1 v07b
POS_0467.png,.png,30189,PNG,256,256,L,True,c969ebaa148432486e7ff1f341729daad3eabda3d193f98c046d382ec39bcb3a,0.0,0.0,34.23672193279934,66.63691711425781,POS_0467,2004185N16241,NOAA HURSAT-B1 v07b
POS_0468.png,.png,30572,PNG,256,256,L,True,76e9aa4ff6b5c0868ff7be64c99edfa779aac4a2b27ce54f1a3f596b6c0be267,1.52587890625e-05,0.0,37.676160840076456,60.96791076660156,POS_0468,2004185N16241,NOAA HURSAT-B1 v07b
POS_0469.png,.png,30084,PNG,256,256,L,True,d84cea1f86d3037add3e447333ab6c0d0baacd8f3e32e6fe739b45e030cc1d91,0.0,0.0,30.725470179836936,56.16082763671875,POS_0469,2004185N16241,NOAA HURSAT-B1 v07b
POS_0470.png,.png,35604,PNG,256,256,L,True,c1863d7b13b2ffc7cf05183b3e3924fa68b4dfa4c639f703cb2b69a9d7836b38,0.0,0.0,47.71859854720431,83.35377502441406,POS_0470,2004195N15255,NOAA HURSAT-B1 v07b
POS_0471.png,.png,23936,PNG,256,256,L,True,2cd143479b6dab8fe512d3a7d5e4a4492c749e1b800b978f653facfbabcb5d11,0.0,0.0063629150390625,24.453190745734346,47.47615051269531,POS_0471,2004195N15255,NOAA HURSAT-B1 v07b
POS_0472.png,.png,20066,PNG,256,256,L,True,66083309cfedbcc4eaad4b3e7eff4287cdd8442f58a1c71f671851bb38afcad5,0.0,0.0,7.648462926468142,41.44468688964844,POS_0472,2004195N15255,NOAA HURSAT-B1 v07b
POS_0473.png,.png,36778,PNG,256,256,L,True,bb0248e4bdffca068c6e043b3ffeb1b36f60fb8ddeda66ad044b06aa43f7ae54,0.0,0.0005950927734375,52.10475854613429,98.8101806640625,POS_0473,2004231N09147,NOAA GridSat-B1 v02r01
POS_0474.png,.png,36869,PNG,256,256,L,True,61da871a442d8d249b196891dac507f12fbbd446bd992e9be0624a014d505a08,0.0,0.0,51.69921878170508,92.508544921875,POS_0474,2004231N09147,NOAA HURSAT-B1 v07b
POS_0475.png,.png,36048,PNG,256,256,L,True,1f4907360536e00e190874587b491c125daf844de4ec57976c8bd71ecbc1f3f6,0.0,0.0,50.414989208406915,90.69819641113281,POS_0475,2004231N09147,NOAA HURSAT-B1 v07b
POS_0476.png,.png,32163,PNG,256,256,L,True,e9bf15da5afcbadeb82c2641ddb36e4971e9064608ba51aada7f02687fe0b15e,0.0,0.0,48.62721222815444,86.04660034179688,POS_0476,2004231N09147,NOAA HURSAT-B1 v07b
POS_0477.png,.png,34743,PNG,256,256,L,True,f1c12342be29ab7342e4bfc5185a7cf768bf93ff1be96e727f2627c901cfade1,0.0,0.0,40.845203619768675,61.940765380859375,POS_0477,2004232N12228,NOAA HURSAT-B1 v07b
POS_0478.png,.png,36310,PNG,256,256,L,True,a04410b155d57938fb2bef72813571cdc20b8724c3347da4df891fb9cdc9206b,0.0,0.0,43.10746585932196,74.24566650390625,POS_0478,2004237N17236,NOAA HURSAT-B1 v07b
POS_0479.png,.png,29592,PNG,256,256,L,True,a282d5a53e7ceba8bdac1f1a6c82ef378b2c38f51c3f0ce3a98ea779e2f1c08b,0.0,0.0,25.135540998387057,49.37443542480469,POS_0479,2004237N17236,NOAA HURSAT-B1 v07b
POS_0480.png,.png,26461,PNG,256,256,L,True,3bcec980f7159843099b85ac5b48d89c627ec290559deec32faecb513e41bfe6,0.0,0.0,20.486450705463614,43.37730407714844,POS_0480,2004237N17236,NOAA HURSAT-B1 v07b
POS_0481.png,.png,26838,PNG,256,256,L,True,2a0cadc0627ffe4c422ae4c699a8bf0858a8bf80cdb4039d9d0a39a6f6f07af8,0.0,0.0,23.511269321810815,44.00018310546875,POS_0481,2004237N17236,NOAA HURSAT-B1 v07b
POS_0482.png,.png,33403,PNG,256,256,L,True,f07647ada2cf527f7e53b6a69a3173bf36b82c609f1e4fb9cb9aae7d074492d3,0.0,0.0,45.37661174450489,71.55300903320312,POS_0482,2004238N13154,NOAA GridSat-B1 v02r01
POS_0483.png,.png,37364,PNG,256,256,L,True,725c8137db224ad6dcf18a5878c9e9c7ce80dc0692f1813b61c5d5de9aca906b,0.0,0.0,39.821880796630914,76.70582580566406,POS_0483,2004255N11267,NOAA HURSAT-B1 v07b
POS_0484.png,.png,33376,PNG,256,256,L,True,569cdbb87fba27cf4a645359de3dc443fd46e41154471a7b25b91a3c9c79399a,0.00067138671875,0.0,44.228844093112,60.67060852050781,POS_0484,2004255N11267,NOAA HURSAT-B1 v07b
POS_0485.png,.png,38400,PNG,256,256,L,True,d6746691dc0809ea7876987e27d44a476c53106e978adc3fa106ec9a57ad0c95,0.0120086669921875,0.0,49.41770452138977,72.50994873046875,POS_0485,2004255N11267,NOAA HURSAT-B1 v07b
POS_0486.png,.png,35221,PNG,256,256,L,True,157a51140eba544dffd5a2e268c09d038c02af08d127b00e3e6b201a72b215e3,0.0118865966796875,0.0,39.87591634123384,65.44276428222656,POS_0486,2004255N11267,NOAA HURSAT-B1 v07b
POS_0487.png,.png,34518,PNG,256,256,L,True,12325f19d2002e907acf58e5897f38e8154aceab9e137ed6f063bb1af75824d1,0.0,0.0,51.30895305557608,80.41001892089844,POS_0487,2004255N23120,NOAA HURSAT-B1 v07b
POS_0488.png,.png,35992,PNG,256,256,L,True,5a470ede3a6b2fc82590360bfbce01138581b34b7476ad891ef6ce6e3b57ae1b,0.0,0.0,42.74033459596206,100.35403442382812,POS_0488,2004256N23089,NOAA HURSAT-B1 v07b
POS_0489.png,.png,36377,PNG,256,256,L,True,efaec99b4df88caa75a095d1624e248781e843a5ec88e3bc121695369ef6bc3c,0.0,0.0,51.3117252126099,103.24754333496094,POS_0489,2004256N23089,NOAA HURSAT-B1 v07b
POS_0490.png,.png,31253,PNG,256,256,L,True,1442af9ebc7488e6552cb51fd0a729b1e63c8622bbd6f6adde1df03fc24ce7e7,0.0,0.0,41.40708660067519,63.66441345214844,POS_0490,2004274N16069,NOAA HURSAT-B1 v07b
POS_0491.png,.png,28531,PNG,256,256,L,True,7cf83225a498df5a5373fedca34e3df4440d424e78c75bd5ee6144bc8e5a01a0,0.1658935546875,0.0,45.41728486431808,49.3692626953125,POS_0491,2004274N16069,NOAA HURSAT-B1 v07b
POS_0492.png,.png,30181,PNG,256,256,L,True,bf48ed722c3262fd47dbdfb54f7b42d9d6635389bbf03e0fd0c7d25bc8f3512b,0.0,0.0,34.98141647191024,60.60609436035156,POS_0492,2004274N16069,NOAA HURSAT-B1 v07b
POS_0493.png,.png,26447,PNG,256,256,L,True,c19bfabc73c9450cdbc58983e59e1b8735808ea83c294948d955cec5a5c1ac0c,0.1382598876953125,0.0,32.89223048669052,34.624542236328125,POS_0493,2004274N16069,NOAA HURSAT-B1 v07b
POS_0494.png,.png,25567,PNG,256,256,L,True,bdc1443e8dbca5ad320ef2c4f9d9248f9883c3fa8d3fbc4a4cab55c0dbcbf629,0.0,0.0,25.435870073102894,39.653900146484375,POS_0494,2004274N16069,NOAA HURSAT-B1 v07b
POS_0495.png,.png,24046,PNG,256,256,L,True,d209dfe97772478402cc4a251c2b72c6205a37bbe6daf7cfffaec63c46c28d0a,0.0,0.0,19.12070791363113,37.61744689941406,POS_0495,2004274N16069,NOAA HURSAT-B1 v07b
POS_0496.png,.png,25121,PNG,256,256,L,True,174c1b72daab100545304d7003ae9bf33eda22c415ce6f27466f0f8305545802,0.006866455078125,0.0,20.367005267620236,31.865447998046875,POS_0496,2004274N16069,NOAA HURSAT-B1 v07b
POS_0497.png,.png,36434,PNG,256,256,L,True,d4ba04ee77bd130969621a20d63ad4e9cf09bc50e507d5c54f4eedbef4871da4,0.0,0.0,55.74573100106625,88.81448364257812,POS_0497,2004276N12087,NOAA HURSAT-B1 v07b
POS_0498.png,.png,37514,PNG,256,256,L,True,639d9eeb4735fb2cf4b9da8d9c68f737804b5d004439b3427e978ad44fc093f7,0.0,0.0,50.95645293568861,99.4794921875,POS_0498,2004276N12087,NOAA HURSAT-B1 v07b
POS_0499.png,.png,37051,PNG,256,256,L,True,46aa452ee626109f5cf8580fa08a073f708ff06aa05e8c8959b4a9b4cb450d6a,0.0003509521484375,0.0,46.030106976670325,67.15008544921875,POS_0499,2004307N09068,NOAA HURSAT-B1 v07b
POS_0500.png,.png,32859,PNG,256,256,L,True,ca3f3b848dabcc021a30b571b10ae9bfa97f146a0d01239556611c99e1bf5a1b,0.002288818359375,0.0,42.35247304545503,56.094512939453125,POS_0500,2004307N09068,NOAA HURSAT-B1 v07b
POS_0501.png,.png,33193,PNG,256,256,L,True,c23cd38dfe6a6dbab2eb19e25e1feb199a7f431b8ed0178378210225fdbe590e,0.0,0.0,42.62677423191658,62.150543212890625,POS_0501,2004307N09068,NOAA HURSAT-B1 v07b
POS_0502.png,.png,32614,PNG,256,256,L,True,8f1143e5550068dccec9c7239974be7b79736799d083e856572d8dd3231d7a0d,0.0,0.0,37.52295835538927,57.54463195800781,POS_0502,2004307N09068,NOAA HURSAT-B1 v07b
POS_0503.png,.png,27371,PNG,256,256,L,True,5f2cc6f91e21090325ea7d355577cb967a182784f049cd89fc70353fb0b6fc09,0.0,0.0,26.805377756729502,43.964874267578125,POS_0503,2004307N09068,NOAA HURSAT-B1 v07b
POS_0504.png,.png,24397,PNG,256,256,L,True,4f745dff584c6d67aabcc7614a67f0f1639a617c7fa13f8e842e4523d41fb409,0.061920166015625,0.0,28.120555668992594,27.91766357421875,POS_0504,2004307N09068,NOAA HURSAT-B1 v07b
POS_0505.png,.png,35236,PNG,256,256,L,True,0ea96dc8d8b8fd43c269f291461e99da36e61c92c8454c41fd959698867b0961,0.0,0.0,37.83438924056347,71.20747375488281,POS_0505,2004327N16125,NOAA HURSAT-B1 v07b
POS_0506.png,.png,38406,PNG,256,256,L,True,914d11a6ad69bc2858427f1dd20c09eb07e0a5cb9d53276493f967518e9a8fa6,0.0,0.0,48.867731734085595,79.12046813964844,POS_0506,2004332N02072,NOAA HURSAT-B1 v07b
POS_0507.png,.png,38209,PNG,256,256,L,True,77311711bae85996bddbefdb3a703dd4ae8c04e499a6b24ec539f1c7787cb598,0.0,0.0,48.17073324078139,79.69975280761719,POS_0507,2004332N02072,NOAA HURSAT-B1 v07b
POS_0508.png,.png,38037,PNG,256,256,L,True,41757dcfa30490483b398bff1d9c256012ac8fb3a903b15118d5d057b018460d,0.0,0.0,55.70265478151828,87.12861633300781,POS_0508,2004332N02072,NOAA HURSAT-B1 v07b
POS_0509.png,.png,38882,PNG,256,256,L,True,12f9b51fa02e06ed1d2055fe621b9fb75cb994674010aca3d811903f0b75af62,0.0,0.0,54.61105867164849,96.08877563476562,POS_0509,2004332N02072,NOAA HURSAT-B1 v07b
POS_0510.png,.png,37729,PNG,256,256,L,True,2242bfdbd4ea227d22f2a6de7f50ef856a478ce55a105a6c95163b2fc2e96c38,0.0,0.0,46.71405597949463,89.87112426757812,POS_0510,2004332N02072,NOAA HURSAT-B1 v07b
POS_0511.png,.png,37268,PNG,256,256,L,True,2c2833a7b66b00046457332222ab74a9eef5c58e08543a0ed49ef252fecd85c0,0.0,0.0,46.74589816851432,80.01579284667969,POS_0511,2004332N02072,NOAA HURSAT-B1 v07b
POS_0512.png,.png,38404,PNG,256,256,L,True,080e63d9203a47d524f9fe4e4832f149465c38400e6ff2f6d5c4ec5b7b4bbb2f,0.0,0.0,37.88073215317893,73.45487976074219,POS_0512,2004332N02072,NOAA HURSAT-B1 v07b
POS_0513.png,.png,37360,PNG,256,256,L,True,3d6b75142ea5e7ae52e4eec78f58d3c5f56eb46d8bfa7c9cb8347397f52becb0,0.0,0.0,40.532770858001065,69.81192016601562,POS_0513,2004332N02072,NOAA HURSAT-B1 v07b
POS_0514.png,.png,31665,PNG,256,256,L,True,7ce4c9f6c89ef17c9851b7b75bf58658305c2755c7f7774ff70ccab71405fad4,0.0,0.0,40.86048047843215,57.69427490234375,POS_0514,2004332N02072,NOAA HURSAT-B1 v07b
POS_0515.png,.png,30494,PNG,256,256,L,True,a73bc9d09446f5c313b37f660b91538fca6025aad9f14547e6ccb98ab16d6709,0.003662109375,0.0,43.39031199321373,55.638336181640625,POS_0515,2004332N02072,NOAA HURSAT-B1 v07b
POS_0516.png,.png,27738,PNG,256,256,L,True,fd57741d6978726b3d27ed4a781036b99fceca2ae1adae44ead5f5fa63b0d557,0.014892578125,0.0,34.683291350141936,44.54905700683594,POS_0516,2004332N02072,NOAA HURSAT-B1 v07b
POS_0517.png,.png,27438,PNG,256,256,L,True,1825dd490b963a09173ab28db4c3dae7b318b6c1248a81621ac82d1868022975,0.0,0.0,28.339970844230777,49.40095520019531,POS_0517,2004332N02072,NOAA HURSAT-B1 v07b
POS_0518.png,.png,29331,PNG,256,256,L,True,324c27c24fdacda84bf40de4bebb4d3310252399917583c3f722d2ae48ce0524,0.0,0.0,25.684626584172516,49.826446533203125,POS_0518,2004332N02072,NOAA HURSAT-B1 v07b
POS_0519.png,.png,31465,PNG,256,256,L,True,83326ba01e6a11bbf751131e425d15307d278721c89b54419d9c335619a01ae8,0.0,0.0,33.02827045564872,51.561920166015625,POS_0519,2004344N06178,NOAA HURSAT-B1 v07b
POS_0520.png,.png,33380,PNG,256,256,L,True,09ef78b84e7f041383f580f9fbcc07be621c9c34d4054a91a5001cfc24fea8e7,0.0,0.0,43.7236281238016,62.960296630859375,POS_0520,2004344N06178,NOAA HURSAT-B1 v07b
POS_0521.png,.png,37465,PNG,256,256,L,True,769f08ef0291bdfbda6b3844a8e1dd2c016c32fad6226ba6ac464c6969cc6031,0.0,0.0,44.711255247969746,89.43727111816406,POS_0521,2004312S05085,NOAA HURSAT-B1 v07b
POS_0522.png,.png,33987,PNG,256,256,L,True,a846fe1cb36ff52c754cc3a478637152df87a0356efc325bca4f12d0b2efdc4c,0.0,0.0,44.115854085733474,72.13774108886719,POS_0522,2004312S05085,NOAA HURSAT-B1 v07b
POS_0523.png,.png,35887,PNG,256,256,L,True,92328199c8adc967f9a35e6d0a540f7bf47899f7f525291e7bc3d6dd5d253ad2,0.0,0.0,40.87420842109546,69.26429748535156,POS_0523,2004325S06078,NOAA HURSAT-B1 v07b
POS_0524.png,.png,31726,PNG,256,256,L,True,808ca4a04f3aeb3109d4f7209a7dbcdfb4461859fcedb279202774abcf9eb760,0.0,0.0,38.822681500532966,64.53570556640625,POS_0524,2004325S06078,NOAA HURSAT-B1 v07b
POS_0525.png,.png,39175,PNG,256,256,L,True,9596f2c53c263bf57cc2a84dcb38af029921353f5c4c6cbd40c2fbf1b515961b,0.0,0.0,51.50036751361341,94.48477172851562,POS_0525,2004357S06095,NOAA HURSAT-B1 v07b
POS_0526.png,.png,23035,PNG,256,256,L,True,9ad6a5d1facf9064c1e1580634aae15f8917113be117e25acbce238f89e7e884,0.0,0.0,24.011907805376065,51.69366455078125,POS_0526,2004357S06095,NOAA GridSat-B1 v02r01
POS_0527.png,.png,33572,PNG,256,256,L,True,5ccfd57714b9fb314497b478204e558aff5f242369202d040300335101fff578,0.0,0.0,57.020155247305524,86.99276733398438,POS_0527,2004357S16216,NOAA HURSAT-B1 v07b
POS_0528.png,.png,31375,PNG,256,256,L,True,d43398fbdcf48051748d80f9d2b129d3b906d220c7febfc71626e556f331d0a6,0.0,0.0,47.43493040369621,73.0950927734375,POS_0528,2004357S16216,NOAA HURSAT-B1 v07b
POS_0529.png,.png,35608,PNG,256,256,L,True,cd4a2fe4dc58738af805ed2a26e21a9ecb53bb8cfad669a9e5a3d8b8c6eaa6ce,0.0,0.0,53.77528053739882,93.36015319824219,POS_0529,2004365S13120,NOAA GridSat-B1 v02r01
POS_0530.png,.png,24829,PNG,256,256,L,True,f25fb42d9c14462f7f463575a3de109723c8bf5d9ba605ad48608ebebac932ef,0.0,0.0,23.276627223705127,40.773468017578125,POS_0530,2005003S09177,NOAA HURSAT-B1 v07b
POS_0531.png,.png,31470,PNG,256,256,L,True,cd789e431581323726eed0623eca713b7e724a3e926d68b82a591c410d3aea89,0.0,0.0,42.09506546077012,62.3760986328125,POS_0531,2005006S09099,NOAA HURSAT-B1 v07b
POS_0532.png,.png,36036,PNG,256,256,L,True,ebb533e55dc4b9934a416684147b6a8e00512ca8770fee71f8ea35d21a80718c,0.0,0.0,48.31685523775696,77.37094116210938,POS_0532,2005007N04085,NOAA HURSAT-B1 v07b
POS_0533.png,.png,33109,PNG,256,256,L,True,4602a5cc2f12b3b2e72d08f75ea24abddd195c96c409cc33a65305e72b49b021,0.0,0.0,44.16786717988902,61.749664306640625,POS_0533,2005007N04085,NOAA HURSAT-B1 v07b
POS_0534.png,.png,35113,PNG,256,256,L,True,ee925270f43e60dd46d2b6d349ea4dc3f94b45d777a5ea2f15320abc198db275,0.0,0.0,36.02058102429771,61.720306396484375,POS_0534,2005012N04090,NOAA HURSAT-B1 v07b
POS_0535.png,.png,34309,PNG,256,256,L,True,2ef3b88538fb4eb35eecb7b83fe0e4339447345074f5bbbf2fd3c9c618c3db9f,0.0,0.0,37.75720865352331,57.92173767089844,POS_0535,2005012N04090,NOAA HURSAT-B1 v07b
POS_0536.png,.png,35388,PNG,256,256,L,True,0a57c52406a3ac2f49eb0af389b098fdde9226ce3f0866d22751d585d982860f,0.0001068115234375,0.0,45.098528673355595,64.93177795410156,POS_0536,2005012N04090,NOAA HURSAT-B1 v07b
POS_0537.png,.png,32311,PNG,256,256,L,True,0d7b52ed858a28a4d37b5ffa4f105c24f50da97f1f3ed598e25e6bc97149f3ae,0.0,0.0,37.17548406858348,55.2066650390625,POS_0537,2005015S06089,NOAA HURSAT-B1 v07b
POS_0538.png,.png,31812,PNG,256,256,L,True,3e85ef6ebbea76b58341b602dad4a8fc23ff9656067c87f4e5b6c2a8b433be64,0.0,0.0,37.336257049260595,62.932769775390625,POS_0538,2005022S14112,NOAA HURSAT-B1 v07b
POS_0539.png,.png,31094,PNG,256,256,L,True,c1ccb4c5663c5a38f890a0ba1941d55228ddbb87a79e9e3261a80dc4b6210680,0.0,0.0,32.672685272051616,56.07939147949219,POS_0539,2005026S20040,NOAA HURSAT-B1 v07b
POS_0540.png,.png,38944,PNG,256,256,L,True,4f0e6c7c6695d76fb3d9f082a03aa76a035d45c9d3189597d79e310f011f463f,0.0,0.0,46.365622063519154,98.47944641113281,POS_0540,2005027S18168,NOAA HURSAT-B1 v07b
POS_0541.png,.png,38251,PNG,256,256,L,True,606c591bed3359f242ce34617df7c6f7b12c25cf791f9c90fd36b776cb853ff2,0.0,0.0,43.36973134668812,81.91761779785156,POS_0541,2005027S18168,NOAA HURSAT-B1 v07b
POS_0542.png,.png,36146,PNG,256,256,L,True,ccbd2cd230bc7afca9259ec1496aafc8aa3b61781dd892fc3b7f287b2c7292ce,0.0,0.0,49.19177530209546,76.22825622558594,POS_0542,2005027S18168,NOAA HURSAT-B1 v07b
POS_0543.png,.png,35314,PNG,256,256,L,True,1de6869ba2d9bc57c185e48a873886537204f90ee8af53d91fb481cab55c0f41,0.0,0.0,52.94662468974577,81.41734313964844,POS_0543,2005027S18168,NOAA HURSAT-B1 v07b
POS_0544.png,.png,35054,PNG,256,256,L,True,38eff23ff68974294d4ca56ceae9188902e90a3747f0ca91362dc33fa88137b7,0.0,0.0,55.30746701848162,79.96151733398438,POS_0544,2005027S18168,NOAA HURSAT-B1 v07b
POS_0545.png,.png,34863,PNG,256,256,L,True,3a5fca1251e2ea08583705ef576847faad083fe4a47cb9d6080dddd48dc605d9,0.0,0.0,59.02974002271989,94.37852478027344,POS_0545,2005027S18168,NOAA HURSAT-B1 v07b
POS_0546.png,.png,36119,PNG,256,256,L,True,bff65a1ef9b250aa97393bcfaccb1bc07d0fb278d63501fe935c71e782c2a445,0.0,0.0,59.913867632016085,105.35403442382812,POS_0546,2005027S18168,NOAA HURSAT-B1 v07b
POS_0547.png,.png,41326,PNG,256,256,L,True,1e62fa4bcd0405e708c96ad1b2d2be45f44cc765e27b6ea6bff536fbb1f03fc7,0.0,0.0,50.39217114456081,102.13485717773438,POS_0547,2005032S14195,NOAA HURSAT-B1 v07b
POS_0548.png,.png,35447,PNG,256,256,L,True,86675690c86f3459d73f83f4bda06afe3c156baf91269c57ab6cce5982f65371,0.0,0.0,58.27309486991094,94.60488891601562,POS_0548,2005032S14195,NOAA HURSAT-B1 v07b
POS_0549.png,.png,34062,PNG,256,256,L,True,9f4629ca0264a41c11b73cb07fe6a8d55379d9b88e9e57f4ebc51aa2cfd860ae,0.0,0.0,44.46268103683368,89.04928588867188,POS_0549,2005032S14195,NOAA HURSAT-B1 v07b
POS_0550.png,.png,33233,PNG,256,256,L,True,8c3439827bc6639a6675577159a77c6b96ded0643e525edb37846a63cb491963,0.0,0.0,28.885918548454683,99.88946533203125,POS_0550,2005032S14195,NOAA HURSAT-B1 v07b
POS_0551.png,.png,37803,PNG,256,256,L,True,c7f5587f30aabebfd4798ee929671e62a2d7aaff1a16791ff4a581d5c7a8b39d,0.0,0.0,54.929478919291476,101.16827392578125,POS_0551,2005041S13181,NOAA HURSAT-B1 v07b
POS_0552.png,.png,36549,PNG,256,256,L,True,fec1055c3fb6af21280f527bcdf6293f1514bb2aea4a6260f459deb800c7477f,0.0,0.0,61.35180975189454,93.77056884765625,POS_0552,2005041S13181,NOAA HURSAT-B1 v07b
POS_0553.png,.png,33187,PNG,256,256,L,True,2ca12217822778f16ba95af386dcabeaf6ca0e1c3b2e4efeaa3fbf8e309b6e9f,0.0,0.0,45.843357181277504,96.75364685058594,POS_0553,2005041S13181,NOAA HURSAT-B1 v07b
POS_0554.png,.png,25295,PNG,256,256,L,True,97844e6b6877a8d3c9678f4dc6455f040c6156beb12999bf2288ef84c72b80b4,0.0,0.0,18.825028244605196,72.84187316894531,POS_0554,2005041S13181,NOAA HURSAT-B1 v07b
POS_0555.png,.png,38334,PNG,256,256,L,True,8462b70a77b4a00d2de9182e45525a2e50dda6f2ba8f9f698ff2cc792ead44e3,0.0,0.0,59.22763967212035,95.51347351074219,POS_0555,2005054S09173,NOAA HURSAT-B1 v07b
POS_0556.png,.png,38396,PNG,256,256,L,True,8e6ad5d0a197b38f38ba3b7015a9580bb4d2a4f2599913ca4975435ae888b2f8,0.0,0.0,53.19394740684304,99.23443603515625,POS_0556,2005054S09173,NOAA HURSAT-B1 v07b
POS_0557.png,.png,38201,PNG,256,256,L,True,048ca6ec3f32ce88da77f2391a5f40fae456c45ce0e4581a62e8cef93487d33e,0.0,0.0,59.1423417527454,94.00564575195312,POS_0557,2005054S09173,NOAA HURSAT-B1 v07b
POS_0558.png,.png,38175,PNG,256,256,L,True,c218e94ef62d063f25132532a051eba441cc33dc28d52f317033dc8ffcfb46bf,0.0,0.0,59.887842721520514,96.24774169921875,POS_0558,2005054S09173,NOAA HURSAT-B1 v07b
POS_0559.png,.png,39892,PNG,256,256,L,True,13efad46bb99ada42a2c17940ce50821c7d4d72865fa8df89de9f311e037ee15,0.0,0.0,55.184967348155226,96.44264221191406,POS_0559,2005060S12179,NOAA HURSAT-B1 v07b
POS_0560.png,.png,36976,PNG,256,256,L,True,ff663e5a8406baeed1e3e05b13e3a5350d8544f3c12cde32a1c683b6001ad0f0,0.0,0.0,51.99896097771191,80.20826721191406,POS_0560,2005063S12141,NOAA HURSAT-B1 v07b
POS_0561.png,.png,37426,PNG,256,256,L,True,8d5c10eaaf04f0b92a2a30f2487a43578fe1e44b4fe2921c2e0e702f187ac418,0.0,0.0,45.20419646929925,75.22685241699219,POS_0561,2005063S12141,NOAA HURSAT-B1 v07b
POS_0562.png,.png,33607,PNG,256,256,L,True,0c9327db3c0681355802b2bf0f3cce09fcdd800081f17d0bffe03bb3a3e4c59d,0.0,0.0,43.9134996203697,78.9188232421875,POS_0562,2005089S10085,NOAA HURSAT-B1 v07b
POS_0563.png,.png,29991,PNG,256,256,L,True,682dfacc32ed7c4a3a2dac2b7aed8bf41aee04551a14eeb5bb064834a26937e2,0.0,0.0,47.85717209595765,69.71440124511719,POS_0563,2005092S11102,NOAA HURSAT-B1 v07b
POS_0564.png,.png,35641,PNG,256,256,L,True,7686135009bbd48e4e80251c1e270738566752c09a35fdce3e3b5a9106db1148,0.0,0.0,55.530289585231664,77.63272094726562,POS_0564,2005107N07151,NOAA HURSAT-B1 v07b
POS_0565.png,.png,37427,PNG,256,256,L,True,a23ae628d3e6fa30b25c7010e93a7b6b5fff183546a601fc2813358c9c1d9df5,0.0,0.0,49.585274908892714,73.9517822265625,POS_0565,2005107N07151,NOAA HURSAT-B1 v07b
POS_0566.png,.png,32721,PNG,256,256,L,True,a4b900013e882c6b517dff2c551bd5733510e604a5f92a383bbdd913e3700bc6,0.0,0.0,53.943383448630634,71.76704406738281,POS_0566,2005107N07151,NOAA HURSAT-B1 v07b
POS_0567.png,.png,31909,PNG,256,256,L,True,fe5cc3de6b3272425a5f2239147c9eade11ad69e8569f7ff2c410f853a847174,0.0,0.0,46.36411292878269,74.65472412109375,POS_0567,2005107N07151,NOAA HURSAT-B1 v07b
POS_0568.png,.png,35741,PNG,256,256,L,True,8c70079ccfe6aec4b7430d8dcf36551321ca46a29a74629af03b44b3ea24fc2c,0.0,0.0,56.751115811087374,91.93603515625,POS_0568,2005110S17180,NOAA HURSAT-B1 v07b
POS_0569.png,.png,32442,PNG,256,256,L,True,ddd8a23bacbc09c6541f217ce7784641929ed9918e19487faf9c956dd2b3e8e1,0.1534423828125,0.0,57.61851123895684,61.21495056152344,POS_0569,2005172N22069,NOAA HURSAT-B1 v07b
POS_0570.png,.png,34256,PNG,256,256,L,True,993c98882c5a6947006d810db241d7d7f5c7236785d7d140115041bc075ccdfc,0.0152435302734375,0.0,50.351224009030034,74.06163024902344,POS_0570,2005172N22069,NOAA HURSAT-B1 v07b
POS_0571.png,.png,30285,PNG,256,256,L,True,1e00bd1250c262343842476df5072ca2eca042a34a705c03b97bec9b081cab27,0.165069580078125,0.0,53.32590025938911,56.44903564453125,POS_0571,2005172N22069,NOAA HURSAT-B1 v07b
POS_0572.png,.png,36687,PNG,256,256,L,True,6d5b63d04d4f8df803cdb3545655aa891f244049b737ea0703280cd9bee00e00,0.0,0.0,50.12749239543985,104.1466064453125,POS_0572,2005177N13263,NOAA HURSAT-B1 v07b
POS_0573.png,.png,35617,PNG,256,256,L,True,07e54107cfa4a409783c3ce92bf836a17ee1126d8a1cd73cc2da8385f6dfecce,0.0,0.0,43.72541423603885,82.38780212402344,POS_0573,2005177N13263,NOAA HURSAT-B1 v07b
POS_0574.png,.png,21809,PNG,256,256,L,True,056a8d737d8142ef3612141eeef22cc29d8de106ef7a5014fc29b90a658f60b1,0.0,0.0,17.757758247234502,49.667572021484375,POS_0574,2005177N13263,NOAA HURSAT-B1 v07b
POS_0575.png,.png,36092,PNG,256,256,L,True,5b2fef49bc60d63f6afe9039e0ef40adb7e0adaec0a0751b4935b1e642c4a453,0.0,0.0,41.09541543044299,105.307861328125,POS_0575,2005179N22088,NOAA HURSAT-B1 v07b
POS_0576.png,.png,40246,PNG,256,256,L,True,48dffc28b1a5f8e8c06cc021fd5e20f20e7158eb90ceeb112d7f7f8c0d753209,0.0,0.0,44.50209912434322,109.47587585449219,POS_0576,2005179N22088,NOAA HURSAT-B1 v07b
POS_0577.png,.png,35427,PNG,256,256,L,True,97ef938d4ece3cecfab63326a7b4eb53c3b0079cd39c744bb722879342203d37,0.0,0.0,47.15537045840863,91.40397644042969,POS_0577,2005179N22088,NOAA HURSAT-B1 v07b
POS_0578.png,.png,35276,PNG,256,256,L,True,07fb31bdb031ac113aed9c6778cd13aa45b0c0ac2d2b2536d26d7adc257a8552,0.0,0.0,46.00274905086041,88.91912841796875,POS_0578,2005179N22088,NOAA HURSAT-B1 v07b
POS_0579.png,.png,35049,PNG,256,256,L,True,4373167db0d2861955673bf1c1b8fd0f4fd1eba805574fd4dfae3b0d93abed67,0.0,0.0,38.9971325021722,94.20246887207031,POS_0579,2005179N22088,NOAA HURSAT-B1 v07b
POS_0580.png,.png,35023,PNG,256,256,L,True,605d20de7db936c8d6ee7b09a5ed4b507bcb0698aedcc7730751d02acf3e89cd,0.0573272705078125,0.0,48.94399204390979,67.1763916015625,POS_0580,2005185N15261,NOAA HURSAT-B1 v07b
POS_0581.png,.png,32902,PNG,256,256,L,True,b429fe026c167f600128c9842fbcb72cfa75958a5068eaf663890dc86c0b1b9a,0.0,0.0,47.048779120143195,85.55740356445312,POS_0581,2005210N21088,NOAA HURSAT-B1 v07b
POS_0582.png,.png,30829,PNG,256,256,L,True,b70bdf91a682a4ddd9f38010a7acc465558560f4c4f52b1c6b5732f293df4ce9,0.0,0.0,44.31911742309217,60.44932556152344,POS_0582,2005215N14224,NOAA HURSAT-B1 v07b
POS_0583.png,.png,32017,PNG,256,256,L,True,2106af58338250cf970ab17e3b9b6d8831600109b7a11d75837cafe2a184d9c2,0.0,0.0,40.749227820315895,58.82012939453125,POS_0583,2005215N14224,NOAA HURSAT-B1 v07b
POS_0584.png,.png,35966,PNG,256,256,L,True,b108eab1cb9a1a7a6f8d0846a22c92d27fc7a4f61a1ea1efa9c1a761b7c71de1,0.0,0.0,62.07826276107676,93.00563049316406,POS_0584,2005222N14131,NOAA HURSAT-B1 v07b
POS_0585.png,.png,35372,PNG,256,256,L,True,35608221476248de69436b2a2826975b19e6cce7ea00207e8a21f5b852514a93,0.0,0.0,41.48825532153649,89.89482116699219,POS_0585,2005255N20088,NOAA HURSAT-B1 v07b
POS_0586.png,.png,34717,PNG,256,256,L,True,55507c345eff8432c795efaacdab3cf050fa8625b2493fde9158e039b582f9c0,0.0,0.0,40.013233088537184,84.58549499511719,POS_0586,2005255N20088,NOAA HURSAT-B1 v07b
POS_0587.png,.png,33243,PNG,256,256,L,True,1bf957432ac6ebeee85f9e6652d03761df22b7b5fd27c7909a0ff3fc9744e419,0.0,0.0,37.28631810637773,79.38069152832031,POS_0587,2005255N20088,NOAA HURSAT-B1 v07b
POS_0588.png,.png,32872,PNG,256,256,L,True,98310692b92eac28c5587ea4b8aff88f9f17095e7dc54f8ab92864c921dbf9a0,0.0,0.0011138916015625,54.31831283155161,79.90863037109375,POS_0588,2005257N15120,NOAA HURSAT-B1 v07b
POS_0589.png,.png,38967,PNG,256,256,L,True,db45710293be1eea9d5f23070b9849a1c4b4056a746ab847021fabee01f61468,0.0,0.0,51.89540155070074,119.12310791015625,POS_0589,2005257N15120,NOAA HURSAT-B1 v07b
POS_0590.png,.png,32009,PNG,256,256,L,True,170d658aca6da5ac1560f6d234f606bbbba563a1fb17fed938afa3998f290f7d,0.0893402099609375,0.0,51.17365434803306,67.84217834472656,POS_0590,2005257N20069,NOAA HURSAT-B1 v07b
POS_0591.png,.png,32855,PNG,256,256,L,True,a8a94d4d607e0dea976d596225a31943d59ba05ba4372126ab60d9c4126a22ac,0.0,0.0,48.33849807041207,76.12266540527344,POS_0591,2005257N20069,NOAA HURSAT-B1 v07b
POS_0592.png,.png,32416,PNG,256,256,L,True,a0519892de23fa04865e01c62ed77ebe141acc162896de7f11153d5e9a39b65e,0.11181640625,0.0,48.1191474600848,62.47509765625,POS_0592,2005257N20069,NOAA HURSAT-B1 v07b
POS_0593.png,.png,31996,PNG,256,256,L,True,24044559149e901d0e9086b0d0960806caecb0e1c2778134c5ee5c0971bdbd97,0.0,0.0,42.11890236272846,63.864959716796875,POS_0593,2005257N20069,NOAA HURSAT-B1 v07b
POS_0594.png,.png,32173,PNG,256,256,L,True,f6d4709ed2637852763f7114f7d8494615454db429e5c14922d80fb28cebb1dc,0.0743408203125,0.0,43.70587974907968,56.9591064453125,POS_0594,2005257N20069,NOAA HURSAT-B1 v07b
POS_0595.png,.png,31168,PNG,256,256,L,True,29f30c1df8a73679d72bb160de50ecba009e412d4e1a22d7d33f3e9eb9ef0c7d,0.0,0.0,40.73657130988737,64.71371459960938,POS_0595,2005258N12242,NOAA HURSAT-B1 v07b
POS_0596.png,.png,33505,PNG,256,256,L,True,0dae2ab9576f78c69ad6977b768e2aa3d205e6fc337a04939b2f7d14b8bf7e80,0.0,0.0,34.15646933211862,65.99212646484375,POS_0596,2005258N12242,NOAA HURSAT-B1 v07b
POS_0597.png,.png,28614,PNG,256,256,L,True,7d5c64baa24e3371d1e0d339f328ac62a8cd06712ea595e52aa496f2a8a64f2b,0.0,0.0,26.230938365422134,48.026611328125,POS_0597,2005258N12242,NOAA HURSAT-B1 v07b
POS_0598.png,.png,30839,PNG,256,256,L,True,7a1af2c11687c5b87720ac4670f9eb6a5ce5c38f2057dbbecbcc572c9f076fee,0.0,0.0,23.89402484855596,48.20875549316406,POS_0598,2005258N12242,NOAA HURSAT-B1 v07b
POS_0599.png,.png,35809,PNG,256,256,L,True,8b14c5f6ee43e2eaf8db1b2bc305bf6f06a138182037dc92d0e2a8ed4e617b65,0.0,0.0,47.91307740737639,99.83830261230469,POS_0599,2005260N20091,NOAA HURSAT-B1 v07b
POS_0600.png,.png,33873,PNG,256,256,L,True,d8087ebc9af653c191a5a08d057ff918e96304fe633565e9f553b52775458289,0.00103759765625,0.0,42.22729985960932,65.95722961425781,POS_0600,2005260N20091,NOAA HURSAT-B1 v07b
POS_0601.png,.png,32739,PNG,256,256,L,True,6d27329567c4dc240a911eb981d6068028d487001bc38ab3a951ec3fe97ae468,0.0,0.0,47.81982939459834,77.39649963378906,POS_0601,2005260N20091,NOAA HURSAT-B1 v07b
POS_0602.png,.png,32869,PNG,256,256,L,True,0cb430d1929d97442d4d894184563ff2454f4c65bacdeddf25329750d7ce5bfc,0.0,0.0,47.170597208286566,75.03733825683594,POS_0602,2005260N20091,NOAA HURSAT-B1 v07b
POS_0603.png,.png,32545,PNG,256,256,L,True,9d518146d59a628773d22b2bbbfbde2f5c04f9e7ab8cea721ed4fc0acdc2e3d4,0.0,0.0,43.173932059962574,90.39846801757812,POS_0603,2005262N13127,NOAA HURSAT-B1 v07b
POS_0604.png,.png,31540,PNG,256,256,L,True,6013ca75d2b12d8822f519a297a89f917da273a696dd9186fb8554e623eeb1a2,0.0,0.004058837890625,42.31659848994047,93.41615295410156,POS_0604,2005262N13127,NOAA HURSAT-B1 v07b
POS_0605.png,.png,38204,PNG,256,256,L,True,dfed4ecc43cd6e9fd5058bd814642993d66d3b8dabef7824e72e536f2fb35ef3,0.0,0.0,44.35710171981847,67.64219665527344,POS_0605,2005262N20155,NOAA HURSAT-B1 v07b
POS_0606.png,.png,35932,PNG,256,256,L,True,ceda005da14514bfbe9b8a2cc69788d5a88736b890cedbcc71f5d2f69ad4d7c9,0.0,0.0,41.97413644852162,64.17864990234375,POS_0606,2005262N20155,NOAA HURSAT-B1 v07b
POS_0607.png,.png,29435,PNG,256,256,L,True,c81d4cc0ce74df8c9147f7f7b1dea31be80d3e70ec1dbaaa48b370c6981191f1,0.0,0.0,40.409705376653555,67.14030456542969,POS_0607,2005279N17111,NOAA HURSAT-B1 v07b
POS_0608.png,.png,32976,PNG,256,256,L,True,57725ccdb53b7636d23b626c159ba75fae04ac04baab8a773bedb12a8006f600,0.0,0.0046844482421875,43.999335502326,73.47714233398438,POS_0608,2005279N17111,NOAA HURSAT-B1 v07b
POS_0609.png,.png,30726,PNG,256,256,L,True,a789449f08c315e8a225b98afe8b7c358a6549cc5eebc794c44c3484532f9be4,0.0,0.0123443603515625,38.996451554008175,70.9771728515625,POS_0609,2005279N17111,NOAA HURSAT-B1 v07b
POS_0610.png,.png,27184,PNG,256,256,L,True,c890c29030c5518e32e599027317a857ee7d684ce315382f5d935ffeae551157,0.0,0.0,22.70834422905067,48.85931396484375,POS_0610,2005288N11259,NOAA HURSAT-B1 v07b
POS_0611.png,.png,28534,PNG,256,256,L,True,95d34a611ef9aa74fd6843f19ca7442dbe6aa46591f6f70ff192e9d446a85809,0.0,0.0,24.427715888946267,44.0037841796875,POS_0611,2005288N11259,NOAA HURSAT-B1 v07b
POS_0612.png,.png,23538,PNG,256,256,L,True,f1e5e52c5a7bef0390bca93315ae332c2170e3cfdb599dac20f20d6b4d85b81e,0.0,0.0,10.507525398795249,39.28599548339844,POS_0612,2005288N11259,NOAA HURSAT-B1 v07b
POS_0613.png,.png,34542,PNG,256,256,L,True,08b9c7a5957e4e5342bda6572e9cd2a86d41196b42cb986ed90d3f2e2218ed43,0.0,0.01055908203125,51.792651603723414,79.43417358398438,POS_0613,2005298N12088,NOAA HURSAT-B1 v07b
POS_0614.png,.png,36052,PNG,256,256,L,True,21e08504407bf66d38842deb8ef253607924a59c1b6bab9d5e8acf4a5c34662b,0.0256500244140625,0.0,52.28667345973309,73.46031188964844,POS_0614,2005298N12088,NOAA HURSAT-B1 v07b
POS_0615.png,.png,30078,PNG,256,256,L,True,d212400f9b725b3914e94ec308e0bef054c459b51d122b6d253c6437c98ea435,0.0,0.003570556640625,37.14382655143098,61.80216979980469,POS_0615,2005311N08140,NOAA HURSAT-B1 v07b
POS_0616.png,.png,35393,PNG,256,256,L,True,1d20ef9d224555ba5b2a573a5f780b5fa5f6720561dba7446e3a4be32dbddada,0.0,0.0,40.45522955958983,65.81913757324219,POS_0616,2005324N08085,NOAA HURSAT-B1 v07b
POS_0617.png,.png,33813,PNG,256,256,L,True,5662e1eb55089bc82b9f8a939a6e78e79f1b1ead04bdd32248bc6a94ee85799e,0.0,0.0,41.960478677601685,66.95677185058594,POS_0617,2005324N08085,NOAA HURSAT-B1 v07b
POS_0618.png,.png,30472,PNG,256,256,L,True,b21d365574476a72402a4abb366179d5ef7c92ef79371c41cf8a6d19b2dcd7a0,0.0,0.0,42.427093555885996,68.52572631835938,POS_0618,2005330N09096,NOAA HURSAT-B1 v07b
POS_0619.png,.png,32463,PNG,256,256,L,True,86dfa8c56e97b2827aeda565c3bdbaaed8613a2782bb8143c90d6b037c0debd3,0.0,0.0027313232421875,41.8752739918448,73.15043640136719,POS_0619,2005330N09096,NOAA HURSAT-B1 v07b
POS_0620.png,.png,27223,PNG,256,256,L,True,05edda1a8636d4a52df9f41e3f02928895f814c236f8edf9ff5746dbd8bc1d49,0.0,0.0,35.611207724669335,58.143829345703125,POS_0620,2005330N09096,NOAA HURSAT-B1 v07b
POS_0621.png,.png,30001,PNG,256,256,L,True,68fc45d90b6761e8302db804ecdcebef5909c932492a0208bc614bc9251915bf,0.0,0.0,35.90500683682525,53.7991943359375,POS_0621,2005330N09096,NOAA HURSAT-B1 v07b
POS_0622.png,.png,32876,PNG,256,256,L,True,e8c1035a58cdbfce4652d8036cfdd8ea6056339e297fe5b5567529e0bbb4798a,0.0,0.00390625,54.22087135694337,90.65925598144531,POS_0622,2005338N09093,NOAA HURSAT-B1 v07b
POS_0623.png,.png,30563,PNG,256,256,L,True,342e46035f20b24af032de6583968d56b353a933542e010536bb41304ceb8262,0.0,0.01568603515625,47.25099680262173,73.78407287597656,POS_0623,2005338N09093,NOAA HURSAT-B1 v07b
POS_0624.png,.png,35275,PNG,256,256,L,True,d690c1bbe3a2fd5b6f94c89b7f8ebf221e172f767e2f3cf544eb46a6a6166a00,0.011962890625,0.0,49.980994422916424,66.73284912109375,POS_0624,2005338N09093,NOAA HURSAT-B1 v07b
POS_0625.png,.png,37273,PNG,256,256,L,True,90dafd9a5daaa1ee25598b1ba728ebd27feeab52e1f684e814f532ebd393d73d,0.0,0.0,46.225072064557494,73.56327819824219,POS_0625,2005338N09093,NOAA HURSAT-B1 v07b
POS_0626.png,.png,32248,PNG,256,256,L,True,807d373f7b534870fe6d690d785ae1121b818846ce501eae666bbc92b6af4385,0.0,0.00579833984375,48.49397876565112,76.85934448242188,POS_0626,2005349N06090,NOAA HURSAT-B1 v07b
POS_0627.png,.png,29623,PNG,256,256,L,True,f152477436aedd0f1d5e37ffdf1eb364872ea51dc90cdf25cd385bb37ed336ac,0.0,0.002655029296875,48.48130529849836,69.26390075683594,POS_0627,2005349N06090,NOAA HURSAT-B1 v07b
POS_0628.png,.png,36232,PNG,256,256,L,True,dcdc4b52645b2dc74461393ef7164032eb9989dfa2182d0318d984fc889ae036,0.0,0.0,45.46290423758289,80.43409729003906,POS_0628,2005349N06090,NOAA HURSAT-B1 v07b
POS_0629.png,.png,29766,PNG,256,256,L,True,5f5028eb7bef23f5aabe46d44cfe8fd05e335383697afb657bf4d94dd6005b83,0.0,0.0,42.97455660339952,68.21484375,POS_0629,2005349N06090,NOAA HURSAT-B1 v07b
POS_0630.png,.png,29414,PNG,256,256,L,True,d017fbee3c92d9a6f933660e9156eda3ab90f1e1415044b3423f1b37f4e85208,0.0,0.00360107421875,42.3289850402329,69.62922668457031,POS_0630,2005349N06090,NOAA HURSAT-B1 v07b
POS_0631.png,.png,26153,PNG,256,256,L,True,76a7c60992d80f559e1451273049b803743572c196be3753485edb6daa1db073,0.0,0.0,35.32550415799263,58.26100158691406,POS_0631,2005349N06090,NOAA HURSAT-B1 v07b
POS_0632.png,.png,31337,PNG,256,256,L,True,a26c556a93ade3ff31bec3d37b0f6e926572120da58c3787ddfe96c2a8c31295,0.0,0.0,30.631989171235187,60.78178405761719,POS_0632,2005287S09084,NOAA HURSAT-B1 v07b
POS_0633.png,.png,25301,PNG,256,256,L,True,bf58ad1ac846226fd0091adf6da5b7f4668383a0c316b0e490110d8247f62e32,0.0,0.0,32.844107923417006,47.991119384765625,POS_0633,2005322S04095,NOAA HURSAT-B1 v07b
POS_0634.png,.png,35330,PNG,256,256,L,True,21b35526b0750b23d6d7f3a04132cb81faff27a24d8945756fce2acf9abff4b3,0.0,0.0,38.40485001423318,62.521881103515625,POS_0634,2005322S04095,NOAA HURSAT-B1 v07b
POS_0635.png,.png,30585,PNG,256,256,L,True,a20bc779e9796ba4552016676206a9743838afac6176366bccbda2257cde82ac,0.0,0.01397705078125,43.40302581488718,61.395416259765625,POS_0635,2005351S09084,NOAA HURSAT-B1 v07b
POS_0636.png,.png,28688,PNG,256,256,L,True,dba1417c5664f679a32d593540df06846278d5d7a19a8efccc07341e293027ef,0.0,0.0113983154296875,45.10625326267891,62.33552551269531,POS_0636,2005351S09084,NOAA HURSAT-B1 v07b
POS_0637.png,.png,35488,PNG,256,256,L,True,1558bd986321e430db1f8a7fbadeb095cfee4dd8275f78fc7290800d655b54ed,0.0,0.0019073486328125,53.739035783813456,78.01846313476562,POS_0637,2006007S15182,NOAA HURSAT-B1 v07b
POS_0638.png,.png,37039,PNG,256,256,L,True,b1d5c4539b522f057566dcf2b6c8a5128e79918cd5daaf7ae4612e021da2fde5,0.0,0.003265380859375,53.48863279979719,80.19575500488281,POS_0638,2006007S15182,NOAA HURSAT-B1 v07b
POS_0639.png,.png,36949,PNG,256,256,L,True,22ed1d04f862f9d548e97c8c9f6ea17140cfa34f30c28d1f8fc5e4491f8c389f,0.0,0.0055084228515625,55.52643682635368,84.42349243164062,POS_0639,2006007S15182,NOAA HURSAT-B1 v07b
POS_0640.png,.png,36435,PNG,256,256,L,True,a37b05030294aea2e5c5e10eb98e69e9179881d7b797ade038ad0700d760286f,0.0,0.004058837890625,58.397577700385526,86.77597045898438,POS_0640,2006007S15182,NOAA HURSAT-B1 v07b
POS_0641.png,.png,38592,PNG,256,256,L,True,d66e5de960841fe46b7a6a9a604de2a75f123cd7f661f9b5c6fc4c9c74027795,0.0,0.001953125,56.35158383212069,90.96163940429688,POS_0641,2006007S15182,NOAA HURSAT-B1 v07b
POS_0642.png,.png,35769,PNG,256,256,L,True,7ae203ec40d3f5f4eb778ff7eafdb6eb29a12d0cfef80112dc03cddbc0fb53bf,0.0,0.04681396484375,66.80669034245729,93.66136169433594,POS_0642,2006007S15182,NOAA HURSAT-B1 v07b
POS_0643.png,.png,38385,PNG,256,256,L,True,97c3bcb599ea44da35bdef2e28be645cedd7274ce25d79b141c0306e58dd37dc,0.0,0.0031585693359375,60.11112143351318,95.62513732910156,POS_0643,2006007S15182,NOAA HURSAT-B1 v07b
POS_0644.png,.png,38473,PNG,256,256,L,True,712accf339301b65ffe9d39f7c1084fbe8670327c3232c4e1c1950662a87e610,0.0,0.00341796875,62.25686125363533,104.14669799804688,POS_0644,2006007S15182,NOAA HURSAT-B1 v07b
POS_0645.png,.png,39468,PNG,256,256,L,True,8cf8455a652b7cde5eb8bd48df609c91eef6dedd7294b534c97fa8b0cc7ad885,0.0,0.0,61.29014808028698,107.04881286621094,POS_0645,2006007S15182,NOAA HURSAT-B1 v07b
POS_0646.png,.png,38205,PNG,256,256,L,True,f4f46f07d99cf6c82b16e138b38c45a0d90a5f329d4a6881fdf626218871e3d1,0.0,0.0,54.98316150091382,90.40435791015625,POS_0646,2006012N03081,NOAA HURSAT-B1 v07b
POS_0647.png,.png,36020,PNG,256,256,L,True,66cc222814e0e07de55c5662305fca751917af85abe609ff5ae8cbbe3def07ed,0.0,0.0,51.83304006653443,96.96029663085938,POS_0647,2006012N03081,NOAA HURSAT-B1 v07b
POS_0648.png,.png,37356,PNG,256,256,L,True,3c7d33640c96292cc22558f8d565ee8e689bcf670a2661c91e4c19a65957e63c,0.0,0.0,39.13874495610969,71.2127685546875,POS_0648,2006012N03081,NOAA HURSAT-B1 v07b
POS_0649.png,.png,31780,PNG,256,256,L,True,d155c02d9ab9f73d6827b164bb529ba4d8ffac8496e4121c05b7e2932d483b07,0.0,0.0,32.683001948054695,52.155181884765625,POS_0649,2006012N03081,NOAA HURSAT-B1 v07b
POS_0650.png,.png,21099,PNG,256,256,L,True,022d9d87ed53819f9ae029408cc2fdc697d0e1f651cf2fa7c0d5313a8c49223e,0.0,0.0,15.860223407900245,34.27061462402344,POS_0650,2006012N03081,NOAA HURSAT-B1 v07b
POS_0651.png,.png,20838,PNG,256,256,L,True,f3c5c6a86bc0fe8a39aa7c9bead68fc8cecaecdff5923e12388525020fa9eecf,0.0,0.0,13.769361876594164,33.80595397949219,POS_0651,2006012N03081,
POS_0652.png,.png,29271,PNG,256,256,L,True,af1a1f38c7cd83ab913f816e33f220bf824ebcd974535c5b249a62456868477e,0.0,0.0,22.895016120484573,54.8924560546875,POS_0652,2006013S13184,
POS_0653.png,.png,32009,PNG,256,256,L,True,cad4a31b58a42196e3dc467a8666ae4f3c9e7b15973a92c0d8848710e9c9aa4b,0.0,0.0,38.3407929893118,51.090667724609375,POS_0653,2006021S11053,
POS_0654.png,.png,35652,PNG,256,256,L,True,17b2398c58f91e5771f05822d8d3cdcc4df5f81fa73a9c6a96e53ac42eeea43e,0.0,1.52587890625e-05,59.459640197072325,103.68357849121094,POS_0654,2006025S18147,
POS_0655.png,.png,33400,PNG,256,256,L,True,414b58e0526385b9cf9be06eca5bb76a27af4d101663d896356857bec0ed6f30,0.0,0.0,53.49158374906957,92.47822570800781,POS_0655,2006040S15181,
POS_0656.png,.png,35763,PNG,256,256,L,True,742c84b02725f1b63e56bc27e4faf72eb3a4b268fb0e596d2699c68779ecda14,0.0,0.0,41.22100879196168,80.78082275390625,POS_0656,2006040S15181,
POS_0657.png,.png,28727,PNG,256,256,L,True,fca010a2d5b489b17db6807eceaa49971633b76da6b5e20c4890117cdaaa9213,0.0,0.0037994384765625,35.7712677280447,78.20649719238281,POS_0657,2006040S15181,
POS_0659.png,.png,36428,PNG,256,256,L,True,e7195ae106c9759dcb52d5bbf3c59f5660d189af10c13d10fa72f0c69dc73838,0.0,0.007171630859375,53.44797460304311,87.28643798828125,POS_0659,2006055S10138,NOAA HURSAT-B1 v07b
POS_0660.png,.png,28214,PNG,256,256,L,True,1df6e4ee56b531ee0ebf7c37bb515b04051f82a4caf02ecf2724d8da1886318f,0.0,0.0,51.14439834234743,77.78184509277344,POS_0660,2006057S12114,NOAA HURSAT-B1 v07b
POS_0661.png,.png,35203,PNG,256,256,L,True,a6d976d25258f0358a1aa7870df62f70831a46c956b7dca5c7b09357c1f230e9,0.0,0.0,52.25875130000727,87.27534484863281,POS_0661,2006060S13058,NOAA HURSAT-B1 v07b
POS_0662.png,.png,35946,PNG,256,256,L,True,054a4c8c9f5c1ee312175e45b192265bb7c0e4e52358703ccc4c891010c40831,0.0,0.0052032470703125,45.152314694417676,68.74528503417969,POS_0662,2006074S13158,NOAA HURSAT-B1 v07b
POS_0663.png,.png,35773,PNG,256,256,L,True,2ddf3ba8f4caf92384061122d381ec7552906b25dfdac5c329a9bf961b7947d2,0.13092041015625,0.0,47.67748118549497,70.81849670410156,POS_0663,2006074S13158,NOAA HURSAT-B1 v07b
POS_0664.png,.png,37504,PNG,256,256,L,True,659171a24021e57eb2bee0bc88adfc5f3cb56e28e24c2d7934155e75e01925af,0.0,0.007965087890625,50.80901493620284,98.9334716796875,POS_0664,2006075S14185,NOAA HURSAT-B1 v07b
POS_0665.png,.png,39307,PNG,256,256,L,True,a177b974c9bb8aa02814dcdb030d8fd052b6fae81dc33c2761d8b77f6fd7fbcc,0.0,0.023956298828125,48.74589721199024,94.01902770996094,POS_0665,2006081S14129,NOAA HURSAT-B1 v07b
POS_0666.png,.png,39261,PNG,256,256,L,True,58bec93418f038bf372e6273cf10812088728311fd33d63fbb8580756f72af63,0.0,0.0149383544921875,53.97709197222631,94.17196655273438,POS_0666,2006081S14129,NOAA HURSAT-B1 v07b
POS_0667.png,.png,33065,PNG,256,256,L,True,3ae391ef5789110ca33ea797af8368c28a5c8dab43ce2d5c77886ba2eed8061a,0.0,0.0,33.27854074344191,58.5198974609375,POS_0667,2006094S08087,NOAA HURSAT-B1 v07b
POS_0668.png,.png,34119,PNG,256,256,L,True,bcceff7ce1bf1cfe4431a5f273839c1a39e1849d746e3db3d38f63ace6c86969,0.0,0.012969970703125,59.91013492093829,122.91036987304688,POS_0668,2006106S10153,NOAA HURSAT-B1 v07b
POS_0669.png,.png,35010,PNG,256,256,L,True,f84ba95ae046a3d74ec2db1520f0011d1780991783fa1f9c8c2d751e0ff777ba,0.0,0.015625,55.7037489643748,87.09434509277344,POS_0669,2006106S10153,NOAA HURSAT-B1 v07b
POS_0670.png,.png,36221,PNG,256,256,L,True,df35f92543fa6d909c65c3a05ba08b39f4622021088d50b57202920052d2f214,0.0,0.005157470703125,56.11819609631406,94.97885131835938,POS_0670,2006114N08090,NOAA HURSAT-B1 v07b
POS_0671.png,.png,35116,PNG,256,256,L,True,88b07a4c102dd9fc35236d295b8b5e0a5e5f9d5ff205217fae5aeb9a0d4718c7,0.0001220703125,0.02734375,66.68975130719193,118.3272705078125,POS_0671,2006114N08090,NOAA HURSAT-B1 v07b
POS_0672.png,.png,35271,PNG,256,256,L,True,75384c6924739dd283d7e2e431a6507cdbd44e4f3d610d70440c1399b92e8d3d,0.0,4.57763671875e-05,51.538039827635636,107.36924743652344,POS_0672,2006114N08090,NOAA HURSAT-B1 v07b
POS_0673.png,.png,35766,PNG,256,256,L,True,dcb33b74792303ad30ccdae3c718870bfd83f304bb923929fcb099ee1256712c,0.0,0.0238494873046875,57.95558518716217,108.16909790039062,POS_0673,2006114N08090,NOAA HURSAT-B1 v07b
POS_0674.png,.png,33051,PNG,256,256,L,True,6b8257f8c390755b05bdbac12053d058fea578d73c8c866ab5743fa531cf48eb,0.0,0.0041961669921875,56.90925133018615,93.4000244140625,POS_0674,2006114N08090,NOAA HURSAT-B1 v07b
POS_0675.png,.png,31349,PNG,256,256,L,True,b002e25b1f13a351a09f09052a645cb33209c599079941e51f4cf404fd91029e,0.0,0.001251220703125,56.753997639955166,82.07267761230469,POS_0675,2006114N08090,NOAA HURSAT-B1 v07b
POS_0676.png,.png,28402,PNG,256,256,L,True,7a7fbb3b3992f8c16a2239f3a5de50b6867a95911f2eba139313467722d60f0a,0.0,0.03607177734375,56.6740361196306,88.51277160644531,POS_0676,2006114N08090,NOAA HURSAT-B1 v07b
POS_0677.png,.png,34629,PNG,256,256,L,True,b31a6f228385f9f8ea052e62f8a22cc56a92727444d91803fef559e9f544438f,0.0,0.0,39.108276221586024,65.17466735839844,POS_0677,2006147N15259,NOAA HURSAT-B1 v07b
POS_0678.png,.png,36015,PNG,256,256,L,True,59e61acd4d0039b33bc8ae0e8cf943af3da3b2d9e45a9c705cce57084fb66a0f,0.0143890380859375,0.0,45.59717769409411,57.35295104980469,POS_0678,2006147N15259,NOAA HURSAT-B1 v07b
POS_0679.png,.png,33989,PNG,256,256,L,True,fa92ec5d501c969d01212184751b194b806ad9b33ef0e81663f85230773a4121,0.0,0.0,44.708843081329654,67.9439697265625,POS_0679,2006147N15259,NOAA HURSAT-B1 v07b
POS_0680.png,.png,33463,PNG,256,256,L,True,120f41a26b27dd5d8df586cd15454eb24b2bff0b7bab0215d77d0af786240076,0.0,0.0,44.67030994306887,63.230621337890625,POS_0680,2006147N15259,NOAA HURSAT-B1 v07b
POS_0681.png,.png,37828,PNG,256,256,L,True,09a6198365f96854217bc99972cb9d8f41feebc8123aecea89ff0eecbcefee11,0.0,0.0,45.572433147008894,83.157470703125,POS_0681,2006155N16257,NOAA HURSAT-B1 v07b
POS_0682.png,.png,37747,PNG,256,256,L,True,db5e1aafb14bd8b817faa38c675164542bb8ae5b3d828d48e4503f46c1b6577e,0.0,0.0,46.40463426510383,78.88467407226562,POS_0682,2006155N16257,NOAA HURSAT-B1 v07b
POS_0683.png,.png,29727,PNG,256,256,L,True,e4a4f644354f0b1400116a57b459240495180b90486dcab99281176710371461,0.0,0.0662078857421875,58.61185894090992,123.89981079101562,POS_0683,2006182N20088,NOAA HURSAT-B1 v07b
POS_0684.png,.png,33255,PNG,256,256,L,True,83d30aed43348987b17102952274a86feafc010303f1b24c1791d0cf410f1d52,0.0,0.0,49.0892269327847,92.61360168457031,POS_0684,2006182N20088,NOAA HURSAT-B1 v07b
POS_0685.png,.png,28235,PNG,256,256,L,True,a05b84b377975066b4f5b92bc88f7ee8d1f72f29cfe7f6abbd51b6c26ecd03ce,0.0,0.0,35.037080410114385,51.47833251953125,POS_0685,2006198N12252,NOAA HURSAT-B1 v07b
POS_0686.png,.png,26757,PNG,256,256,L,True,52fb09ad5b3f97426ff953503d8b2baf915656b6173a6f819f4591a91003f414,0.0,0.0,31.074209634432933,49.85652160644531,POS_0686,2006198N12252,NOAA HURSAT-B1 v07b
POS_0687.png,.png,29612,PNG,256,256,L,True,cc96cd655f98208b07f5d19eb9fd30eedee853e6798ac6fa73395c2812e9573c,0.0,0.0,22.469736425513545,48.84483337402344,POS_0687,2006198N12252,NOAA HURSAT-B1 v07b
POS_0688.png,.png,24687,PNG,256,256,L,True,acb3c4faa92bfb80827c55fba301714f53d809ffb0082f8e7e8459b5429697ba,0.0,0.0,16.657771852487425,37.35725402832031,POS_0688,2006198N12252,NOAA HURSAT-B1 v07b
POS_0689.png,.png,32361,PNG,256,256,L,True,d033321feab3965ab736191c9acf56ffe327d6c77e05cae244870def70a859cd,0.0,0.0,44.132156677151656,106.18946838378906,POS_0689,2006214N20088,NOAA HURSAT-B1 v07b
POS_0690.png,.png,34417,PNG,256,256,L,True,df8360a63663588fcfb7dc6fed12c4a92fd22020d2c5e62dfb42d0c4523e00b7,0.0,0.0,48.738773900987965,86.21842956542969,POS_0690,2006214N20088,NOAA HURSAT-B1 v07b
POS_0691.png,.png,33035,PNG,256,256,L,True,459750edc172aa5d52c67c32caa50292657c0b78d660d2f7bbe3633a1fbe1e3a,0.0,0.0,32.818645327117345,69.34327697753906,POS_0691,2006216N21152,NOAA HURSAT-B1 v07b
POS_0692.png,.png,28164,PNG,256,256,L,True,f66e1fd49651f00d8c60d64a6253cfb286ef6a53785c0379490b500fd6cc94df,0.0,0.00897216796875,37.50364127953036,70.40106201171875,POS_0692,2006216N21152,NOAA HURSAT-B1 v07b
POS_0693.png,.png,35227,PNG,256,256,L,True,ebb4fb25c6b8ec381c3d8812f1ecd9ac54c917292f0b483c045073bdc8ebbd8f,0.0,0.013275146484375,50.52655300390284,65.63337707519531,POS_0693,2006217N20134,NOAA HURSAT-B1 v07b
POS_0694.png,.png,33695,PNG,256,256,L,True,680a49a1459e62f8386708681ee6989d099516cf7552988887ceef7f43893be0,0.0,0.0,52.37555385751397,76.2447509765625,POS_0694,2006224N21141,NOAA HURSAT-B1 v07b
POS_0695.png,.png,32920,PNG,256,256,L,True,1551c587adc75831fe3e8ed84831391e5d271cedd7848c1ff1cfb01804cd456f,0.0,0.0054473876953125,45.27033229082369,65.68263244628906,POS_0695,2006224N21141,NOAA HURSAT-B1 v07b
POS_0696.png,.png,30548,PNG,256,256,L,True,42e1bc7003b1d30a6b92a8e5ab70365fe8aa5aa99c725ea1c5d8e883aaec55b3,0.0,0.003326416015625,31.02068854776872,63.00297546386719,POS_0696,2006224N21141,NOAA HURSAT-B1 v07b
POS_0697.png,.png,32283,PNG,256,256,L,True,b1eb096faef6f0941339e17fb3f9b3310ff4e2c64fbb32a37afe93e9cc809688,0.0,0.0120849609375,54.34940409846052,73.73043823242188,POS_0697,2006228N10218,NOAA HURSAT-B1 v07b
POS_0698.png,.png,35672,PNG,256,256,L,True,fb1d3e4b48c3a1884d6f77bd8b3216f285e259e034c53a432f0401340e1407e8,0.0,0.0,52.28211964104559,80.50312805175781,POS_0698,2006228N10218,NOAA HURSAT-B1 v07b
POS_0699.png,.png,35252,PNG,256,256,L,True,247a63e6ed8e5e303c11db74e2ac09ac7e8adc6ad1a9926a9213792cf12b13bc,0.0,0.0,41.62033629112764,80.94670104980469,POS_0699,2006228N21088,NOAA HURSAT-B1 v07b
POS_0700.png,.png,38695,PNG,256,256,L,True,2773c6405c06b90725c9c7bc9756a8bfb27456b3b2c15d5f313e166f4ac99d1e,0.000244140625,0.0,45.23097383125674,66.28164672851562,POS_0700,2006228N21088,NOAA HURSAT-B1 v07b
POS_0701.png,.png,32977,PNG,256,256,L,True,df0819ec2350494e75a5742a6bb0697a241cb48edc5fb81ef1ffa5622149be4d,0.0,0.0,41.934428282965015,87.10945129394531,POS_0701,2006241N20088,NOAA HURSAT-B1 v07b
POS_0702.png,.png,35052,PNG,256,256,L,True,42e349401dbc15e83ea71fc57d5687bbc58fa82318d0570dc502faf08f7341ea,0.0,0.0,41.02490417227651,78.80342102050781,POS_0702,2006241N20088,NOAA HURSAT-B1 v07b
POS_0703.png,.png,35704,PNG,256,256,L,True,f4d8fd9a3f4c2e90a3514080fe97ec00b4ad48e07455d7eaedb7f92ada70f808,0.013641357421875,0.0,40.032675277881246,61.52259826660156,POS_0703,2006241N20088,NOAA HURSAT-B1 v07b
POS_0704.png,.png,35815,PNG,256,256,L,True,9c325f77d659e95930fab1db78964ff803bf066b9a8948363cbfcc3efcbb232d,0.0,0.0,36.28360557105797,66.47866821289062,POS_0704,2006258N11215,NOAA HURSAT-B1 v07b
POS_0705.png,.png,28898,PNG,256,256,L,True,6fac192cbac113293595911d1fb790410e54f9b29ce85114206d86f77e581598,1.52587890625e-05,0.0568695068359375,64.88667741175436,69.27708435058594,POS_0705,2006258N11215,NOAA HURSAT-B1 v07b
POS_0706.png,.png,35847,PNG,256,256,L,True,e51cc086bc2417d3f39f0dc69a3b5e8c954db775181a65dbfb374e759093ec8d,0.0,0.0,51.37243461932936,75.75244140625,POS_0706,2006258N11215,NOAA HURSAT-B1 v07b
POS_0707.png,.png,32237,PNG,256,256,L,True,60198026a961f58b6d0dcca4825a81f4e982e02d010e7fe9e421bdb85439b90d,0.0,0.0057830810546875,35.999633270711534,53.322601318359375,POS_0707,2006258N11215,NOAA HURSAT-B1 v07b
POS_0708.png,.png,32337,PNG,256,256,L,True,1db5ee2aa7f8b605beb30c3b38b01ee2909a660b8a32243ca6ca025ccb25d142,0.0,0.0,34.28343987492839,53.84846496582031,POS_0708,2006258N11215,NOAA HURSAT-B1 v07b
POS_0709.png,.png,30652,PNG,256,256,L,True,bdd7a42bef644a5862ad6238d6a284a5b25288edd2999e0a977055da451a4e03,0.0,0.0,35.74962188987947,55.879364013671875,POS_0709,2006262N19069,NOAA HURSAT-B1 v07b
POS_0710.png,.png,33597,PNG,256,256,L,True,c886daab038cf6e51ba720dee322da5a463357e4d283cbd7630cdf773bf19566,0.0,0.0,40.670724512506396,62.532470703125,POS_0710,2006262N19069,NOAA HURSAT-B1 v07b
POS_0711.png,.png,28719,PNG,256,256,L,True,fbac2ba18192f2ac7194397b68e6f93f4ab174bd71ab2c588585bf198f94faa9,0.0,0.0,30.10420498780727,51.114532470703125,POS_0711,2006262N19069,NOAA HURSAT-B1 v07b
POS_0712.png,.png,27915,PNG,256,256,L,True,1f3c5728c43119d7e338b6ea3a13eeb2fd916b085f57a6ce34089068b5fd20c6,0.0,0.0,31.076672779227234,45.984649658203125,POS_0712,2006262N19069,NOAA HURSAT-B1 v07b
POS_0713.png,.png,33592,PNG,256,256,L,True,857f7354df821b322300a685c68601dcc97dce9ac884c2fbed3c00fdf2bfacc2,0.0,0.0261993408203125,54.490192905959006,80.68263244628906,POS_0713,2006264N13115,NOAA HURSAT-B1 v07b
POS_0714.png,.png,39061,PNG,256,256,L,True,cbe47bfe7a771e4bdbc75525e14b641d1f281265ba4eda56cdedb8b7ef135701,0.0,0.00677490234375,53.85824837029711,98.47042846679688,POS_0714,2006264N13115,NOAA HURSAT-B1 v07b
POS_0715.png,.png,37495,PNG,256,256,L,True,bdcf0df6f831a90fe967188e206713f6e3289d87030fe54f8a79958afc854c6e,0.0,0.0068511962890625,56.31155864330842,96.99884033203125,POS_0715,2006264N13115,NOAA HURSAT-B1 v07b
POS_0716.png,.png,25015,PNG,256,256,L,True,3a86dba1619ea6e2e5dd3cba99094b29c3fdc4aee2fb75a7492f198025abcfbc,0.0,0.0221710205078125,46.044496443907875,55.917755126953125,POS_0716,2006264N13115,NOAA HURSAT-B1 v07b
POS_0717.png,.png,36142,PNG,256,256,L,True,1eb672590b2435f8035af41a4c909d9f30eac9246f677ac64211f3030424325d,0.0,0.0,36.809124448359256,86.22140502929688,POS_0717,2006264N23087,NOAA HURSAT-B1 v07b
POS_0718.png,.png,36194,PNG,256,256,L,True,6b5b1d85b0c1180ff34c03779755fc133dcd212696092fbfb952b3cd67e5ba67,0.0,0.0034637451171875,57.07394751944341,83.23146057128906,POS_0718,2006268N10187,NOAA HURSAT-B1 v07b
POS_0719.png,.png,34191,PNG,256,256,L,True,97a2a5c5ec71e777710b71d7b81c4cb36f06df7019724f7c0329a74e298f2ae8,0.0,0.003631591796875,54.5182110669372,95.05645751953125,POS_0719,2006271N18089,NOAA HURSAT-B1 v07b
POS_0720.png,.png,33363,PNG,256,256,L,True,c23e14589d5df006f74117a6263d0fd7f8d9ee4d31ffd013c1d983a4630c6b87,0.0,0.0186309814453125,49.070398589925425,83.96186828613281,POS_0720,2006271N18089,NOAA HURSAT-B1 v07b
POS_0721.png,.png,35575,PNG,256,256,L,True,034e517fddf1a2b8cefac2f92dbf2f06ce74dd9d6fddc809778df2cd2f1d2006,0.0,0.0,47.20801866197685,71.76370239257812,POS_0721,2006281N11201,NOAA HURSAT-B1 v07b
POS_0722.png,.png,33668,PNG,256,256,L,True,1d83421c681b839d2a9e83f39f72ca7df9aaabaf0340f2f2172e7a75c5f7a966,0.0,0.0,42.93152794884557,63.62847900390625,POS_0722,2006281N11201,NOAA HURSAT-B1 v07b
POS_0723.png,.png,32612,PNG,256,256,L,True,9265ca7858b5ac4620d6baf58b342c9d222393025db65fa37af96a26e1f8d9a9,0.0,0.0044403076171875,53.29400364386074,69.830810546875,POS_0723,2006281N11201,NOAA HURSAT-B1 v07b
POS_0724.png,.png,31508,PNG,256,256,L,True,f2041ddc832a782abb9e6bab42e77c6f8e31d086ac1b023fac7f199bb7f2619e,0.0,0.0703125,64.72608671101075,83.50617980957031,POS_0724,2006281N11201,NOAA HURSAT-B1 v07b
POS_0725.png,.png,27826,PNG,256,256,L,True,dc13cfd9883f08fa47ebae26fba9d85a0686e3a43e6f36cab8385213f6e69e61,0.0,0.0,32.60523251448943,45.01728820800781,POS_0725,2006281N11201,NOAA HURSAT-B1 v07b
POS_0726.png,.png,27592,PNG,256,256,L,True,a06d172163ea85418041805c5ac07fd5827b327b876ea7603f24c9792e2e9e73,0.0,0.0039215087890625,29.252435303583002,44.00035095214844,POS_0726,2006281N11201,NOAA HURSAT-B1 v07b
POS_0727.png,.png,34922,PNG,256,256,L,True,c8493416146fd5d7720e1246effabcdaa5b496f507c0cfb84a53c783e9f76dc5,0.0,0.0,40.68390562083722,61.90666198730469,POS_0727,2006281N11201,NOAA HURSAT-B1 v07b
POS_0728.png,.png,37977,PNG,256,256,L,True,b79a49254fad3c70c6fa6eb73295f773ed27f482d198256a92fbdf8dbbb1dbe9,0.0,0.004241943359375,43.662740851374686,82.9188232421875,POS_0728,2006282N14243,NOAA HURSAT-B1 v07b
POS_0729.png,.png,35282,PNG,256,256,L,True,23924333a8f17a081357c98f2174ad9721466807aa5eb2fdc44729b52e1936e0,0.0,0.0,41.41881481707275,74.26130676269531,POS_0729,2006282N14243,NOAA HURSAT-B1 v07b
POS_0730.png,.png,36029,PNG,256,256,L,True,4d214fc1cfa34db45f89e80055f92c50a1294c5b37cafa5ee10fc5ab3c22466e,0.0,0.0,53.341002673097115,88.52662658691406,POS_0730,2006282N14243,NOAA HURSAT-B1 v07b
POS_0731.png,.png,38277,PNG,256,256,L,True,97fe8bb17cf0ffc802b508c1410ce6e9b2a6bbfa7165224ad7de85451d769f50,0.0,0.0,56.45435419968751,107.86715698242188,POS_0731,2006282N14243,NOAA HURSAT-B1 v07b
POS_0732.png,.png,29180,PNG,256,256,L,True,13c1eb2dc7f70bcdcdc9520d8b7041c51b3d840edab3a1ff52a08dc3012bb08a,0.0,0.0,39.3064445492492,53.580047607421875,POS_0732,2006300N07078,NOAA HURSAT-B1 v07b
POS_0733.png,.png,33013,PNG,256,256,L,True,f4d95dc2fe910c93e0396348707301bfe3b7d9295eb681815866d99b4a58cdb3,0.0,0.0,51.76074367253649,74.39115905761719,POS_0733,2006315N13248,NOAA HURSAT-B1 v07b
POS_0734.png,.png,36429,PNG,256,256,L,True,1f00f0a4f50a052280138a1541771f4717e5b9acbc659728da369a10b3771dbf,0.0,0.0,39.14105056775647,67.75184631347656,POS_0734,2006318N12256,NOAA HURSAT-B1 v07b
POS_0735.png,.png,33942,PNG,256,256,L,True,9f272ef528fd9c000ac55d43670f9e9efc9b9108e47d55cb9e40c5fa7569e905,0.0,0.0,45.89588880963948,66.89802551269531,POS_0735,2006318N12256,NOAA HURSAT-B1 v07b
POS_0736.png,.png,34023,PNG,256,256,L,True,6fe5ffcf116c962fa7b3f3378ccf836b434ae95d5f09fa0471ba549ce6adf6f3,0.0,0.0,48.615341505922785,65.82670593261719,POS_0736,2006318N12256,NOAA HURSAT-B1 v07b
POS_0737.png,.png,30926,PNG,256,256,L,True,cdda56002821f9bd626db26e4a1e2d27c15e086bd436b7f6da3e9d5331883cec,0.0,0.0,38.178799510957475,57.171417236328125,POS_0737,2006318N12256,NOAA HURSAT-B1 v07b
POS_0738.png,.png,28715,PNG,256,256,L,True,175351d71201d1cfd0ec81df591bbd1285492527b05123b59e128ca877053e82,0.0,0.00390625,40.80526002627053,57.36334228515625,POS_0738,2006329N06150,NOAA HURSAT-B1 v07b
POS_0739.png,.png,27306,PNG,256,256,L,True,8888c5bc3a81e97703e48a3ffa625bab7cc4480501fcb32f0f6d407538cdbb3a,0.0,0.00848388671875,46.42714548698095,54.69761657714844,POS_0739,2006329N06150,NOAA HURSAT-B1 v07b
POS_0740.png,.png,25368,PNG,256,256,L,True,cfa347f726dc8ce1abc49c7be35a61ce8e936facdeffd8834f700839e1eed2cc,0.0,0.008697509765625,48.58338344005841,48.660797119140625,POS_0740,2006329N06150,NOAA HURSAT-B1 v07b
POS_0741.png,.png,37379,PNG,256,256,L,True,86898851e755e762181189944010eca92d86aee4e782c0c609da4cbe55a5ef1a,0.0,0.0086669921875,48.23641940328854,75.86419677734375,POS_0741,2006322S09172,NOAA HURSAT-B1 v07b
POS_0742.png,.png,31396,PNG,256,256,L,True,dc2894ab625788a4ce6642f76d24108c799d5267e045f0a04693570f5ff87c2b,7.62939453125e-05,0.0,31.039076242366896,49.91740417480469,POS_0742,2006322S09172,NOAA HURSAT-B1 v07b
POS_0743.png,.png,32768,PNG,256,256,L,True,a2282ef57f11c1a3c97753c599bff33e2bfa643ebc64f7bfb24c91a89ee4446c,0.0,0.0,45.49920407976174,66.59963989257812,POS_0743,2006330S06049,NOAA HURSAT-B1 v07b
POS_0744.png,.png,35060,PNG,256,256,L,True,298ed9800e9570b2645256db5964ed0d5f3cb4d84187c7d1586c1a68af5e854c,0.0,0.0,49.11894065111162,74.39480590820312,POS_0744,2006350S07071,NOAA HURSAT-B1 v07b
POS_0745.png,.png,34785,PNG,256,256,L,True,c62f863909da0c49cec10be7b94276d4024b090f7a4f38601ccc1d421b0d22dc,0.0,0.0,49.66270500157167,74.15913391113281,POS_0745,2006364S12058,NOAA HURSAT-B1 v07b
POS_0746.png,.png,35904,PNG,256,256,L,True,9c5de238573776c9818deab49b3d12d90f0cdb4e54661b688ab8c28bded109f4,0.0,0.0,57.710574016770884,93.82704162597656,POS_0746,2007021S12183,NOAA HURSAT-B1 v07b
POS_0747.png,.png,35979,PNG,256,256,L,True,69d6af0d9d27333ee92b74744576de7b88a04678aa0ba07462e8252fcdd60d78,0.0,0.0,53.18660170019603,84.57835388183594,POS_0747,2007021S12183,NOAA HURSAT-B1 v07b
POS_0748.png,.png,38200,PNG,256,256,L,True,8e34eebfca8bf7467985a224f0bb9eeff9fe20efbfa5a092e18e74285f3b3845,0.0,0.0,54.166337894631546,101.62692260742188,POS_0748,2007021S12195,NOAA HURSAT-B1 v07b
POS_0749.png,.png,34932,PNG,256,256,L,True,c9b430fc2fcf5d21f5468b1a28b0a4f1a10116db7c81e4a6327795e32309f487,0.0,0.0,50.16339744220735,99.50653076171875,POS_0749,2007021S12195,NOAA HURSAT-B1 v07b
POS_0750.png,.png,39616,PNG,256,256,L,True,ea79a494d96412434324a9234c48e44b944f6f6525f4b0e99bb3a436d39dcc6b,0.0064544677734375,0.0,55.717117207747606,91.67636108398438,POS_0750,2007032S11137,NOAA HURSAT-B1 v07b
POS_0751.png,.png,31304,PNG,256,256,L,True,aa5349df62ca7fa8fb8f8b92120ccbec6dcec41b2487c2d5c2079a322afa991a,0.2122650146484375,0.005859375,68.75829497034779,83.07917785644531,POS_0751,2007032S11137,NOAA HURSAT-B1 v07b
POS_0752.png,.png,34721,PNG,256,256,L,True,70273f66a9fac54015f43f8463c983b92700348bb60debd84dba7540df5f89ac,0.0,0.0,48.25925599818911,74.18775939941406,POS_0752,2007037S19050,NOAA HURSAT-B1 v07b
POS_0753.png,.png,30015,PNG,256,256,L,True,1956d628ac19c7b8e7ee4782b9813c2b25cc54b233e48a72e014fea2ebcd6b5e,0.0,0.0,44.67759708970245,70.09274291992188,POS_0753,2007050S16079,NOAA HURSAT-B1 v07b
POS_0754.png,.png,34079,PNG,256,256,L,True,e9ee99671300991d30cc33303030592704eee7d19fa554ae20d459d628262e4f,0.0,0.0160980224609375,54.23591268247126,110.44218444824219,POS_0754,2007052S10093,NOAA HURSAT-B1 v07b
POS_0755.png,.png,27777,PNG,256,256,L,True,fd20b608e87f569e24bc4e310bee29000e2f6d1458909401fb6b24b0be283b5b,0.0,0.0,30.211481401032287,71.58613586425781,POS_0755,2007052S10093,NOAA HURSAT-B1 v07b
POS_0756.png,.png,37168,PNG,256,256,L,True,b98286a67cf55efb714f85973b11b0a2961d95083d67dae9fd1ffa8aa90d40ad,0.0,0.02239990234375,61.12635320261098,96.77798461914062,POS_0756,2007058S12135,NOAA HURSAT-B1 v07b
POS_0757.png,.png,33255,PNG,256,256,L,True,25135f5f6789e7641d9256325c2f2f32daab203b895587f6eb9e2f47755adb28,0.0,0.0,46.71693317075557,72.33541870117188,POS_0757,2007084S12157,NOAA HURSAT-B1 v07b
POS_0758.png,.png,28846,PNG,256,256,L,True,07ee648de3cfed4859d44893464543bcbaa42294a4f53182f26bf022fc42c096,0.0,0.0,41.53083158028241,50.204833984375,POS_0758,2007085S11085,NOAA HURSAT-B1 v07b
POS_0759.png,.png,33748,PNG,256,256,L,True,dd77ac28a6bffb380517f5c5c1274cdcd1a2bd57ca88d86d950c771853256d9a,0.0,0.013092041015625,43.06157640359977,62.70783996582031,POS_0759,2007091S14175,NOAA HURSAT-B1 v07b
POS_0760.png,.png,35193,PNG,256,256,L,True,17fe525f70e684eac9f726ab696b213d30647057699c0982c053c202e3c728bc,0.0,0.0024871826171875,46.29374394464046,68.91555786132812,POS_0760,2007091S14175,NOAA HURSAT-B1 v07b
POS_0761.png,.png,34335,PNG,256,256,L,True,ce1e423b7ce309424d8c3d72a56d046be6fb71e7561552dc8f0a861cb69ac8df,0.0,0.010284423828125,49.7705643192547,72.21891784667969,POS_0761,2007091S14175,NOAA HURSAT-B1 v07b
POS_0762.png,.png,35822,PNG,256,256,L,True,a815af97f1dc0c7e34eb09a99e73fd9c620ae077b812f4197c1aea7d8eace80e,0.0,0.0043182373046875,49.63669668377114,75.5029296875,POS_0762,2007091S14175,NOAA HURSAT-B1 v07b
POS_0763.png,.png,34065,PNG,256,256,L,True,19bd3af8476e8f8fe333a67b7b28e949365a4c374e61a5a4acf734cb9cb7ebae,0.0,0.0013427734375,51.141182336959396,74.47589111328125,POS_0763,2007091S14175,NOAA HURSAT-B1 v07b
POS_0764.png,.png,36180,PNG,256,256,L,True,2b67d142e0d3b5a84bd8436674b3015fddd4bd194b9a02e50e25c2bad5b73f7a,0.0,0.0015716552734375,55.40304754338251,91.95474243164062,POS_0764,2007091S14175,NOAA HURSAT-B1 v07b
POS_0765.png,.png,35706,PNG,256,256,L,True,732175c8e3413b443ecaac04c64a378bd537b4f20cd7d45e9aef63cd4ccdae61,0.0,0.0,57.52747027201138,94.45774841308594,POS_0765,2007091S14175,NOAA HURSAT-B1 v07b
POS_0766.png,.png,32541,PNG,256,256,L,True,865fe558a8494bd3929acfbf0785f1cc47e8ae6ac9158afec0b18232e7555d36,0.0,0.0,43.59480560735212,75.00706481933594,POS_0766,2007100S22037,NOAA HURSAT-B1 v07b
POS_0767.png,.png,29421,PNG,256,256,L,True,f01d7e85e7854858fc4570dfda69089d253706cfe47e2d03357c2ea1fff6729c,0.0,0.0,50.06107009757878,80.85261535644531,POS_0767,2007133N15091,NOAA HURSAT-B1 v07b
POS_0768.png,.png,30729,PNG,256,256,L,True,c056c7e1944c32f04c63488d7b766db38f95009ebd925c910d78e1f88d392ea2,0.0,0.0,37.06539915009709,102.28378295898438,POS_0768,2007133N15091,NOAA HURSAT-B1 v07b
POS_0769.png,.png,35540,PNG,256,256,L,True,407caf34426ad6eac61125c592926956ce6f0b425377ad7fff7a661bdc711894,0.0,0.01007080078125,59.04962091854049,71.81048583984375,POS_0769,2007135N08147,NOAA HURSAT-B1 v07b
POS_0770.png,.png,35569,PNG,256,256,L,True,72bba0aebbe875addc24a58f23484a1eb71394bc81a014cf5fdf5a085f84d5f7,0.0,0.0057373046875,51.09027160889446,75.93135070800781,POS_0770,2007135N08147,NOAA HURSAT-B1 v07b
POS_0771.png,.png,34591,PNG,256,256,L,True,ffe3938a1ec4865116fa493745c0ee8b01fc67e40678525eca38c5a56e00cfa7,0.0,0.0,44.06415801908535,70.34941101074219,POS_0771,2007135N08147,NOAA HURSAT-B1 v07b
POS_0772.png,.png,37743,PNG,256,256,L,True,d5b04582b67f292f3e87b8c07e4e98260b717db976376a82e4dd7f91129c6cc4,0.0,0.0,50.41938664135211,74.51869201660156,POS_0772,2007136S10158,NOAA HURSAT-B1 v07b
POS_0773.png,.png,36073,PNG,256,256,L,True,2e993c580cf74befc75a4ba90a2ac74a8ae16520ad749872e7a53cae96dbd945,0.0,0.0,46.22911805271381,69.08085632324219,POS_0773,2007136S10158,NOAA HURSAT-B1 v07b
POS_0774.png,.png,34448,PNG,256,256,L,True,93e4697da56d559a1c0f1b9551fc23df1bcce05e06462ccf66a523c2ea344043,0.0090179443359375,0.0,56.64824522590537,61.36836242675781,POS_0774,2007151N14072,NOAA HURSAT-B1 v07b
POS_0775.png,.png,32060,PNG,256,256,L,True,fdc0d46cd7ee1acaf52c9b88bd468b2bc42b1c707e703f4145837db358436425,0.0,0.0,47.4179764058475,55.22001647949219,POS_0775,2007151N14072,NOAA HURSAT-B1 v07b
POS_0776.png,.png,32998,PNG,256,256,L,True,75e61561d8334c736877dd814d48c2333798ce9f8506971fc3d5d8bae73083fd,0.0,0.0,50.084545917846874,65.54579162597656,POS_0776,2007151N14072,NOAA HURSAT-B1 v07b
POS_0777.png,.png,35514,PNG,256,256,L,True,c509e92bcf7365417f5b2c5125ce4758815d263bc3fbce3d1b6b751a7db13487,0.034027099609375,0.0,62.04675288750936,83.60089111328125,POS_0777,2007151N14072,NOAA HURSAT-B1 v07b
POS_0778.png,.png,37158,PNG,256,256,L,True,ee74125299d0c1b2ee0cb1d7cc6054c2c727f1672aa0901832e7afb7c036bd16,0.0,0.0,50.93513415134949,76.01797485351562,POS_0778,2007151N14072,NOAA HURSAT-B1 v07b
POS_0779.png,.png,36289,PNG,256,256,L,True,e7011b5d8b2b4a007f6ea509e5308f87580f0de82239f3aa51a672bcc6b2823c,0.0,0.0,52.20308808327664,76.88381958007812,POS_0779,2007151N14072,NOAA HURSAT-B1 v07b
POS_0780.png,.png,35528,PNG,256,256,L,True,a3d97f012c17851d87594b832a3e4f02a0519f0e02283b3a73b87c6e29e7812b,0.0,0.0,50.405179048078175,67.95207214355469,POS_0780,2007151N14072,NOAA HURSAT-B1 v07b
POS_0781.png,.png,34914,PNG,256,256,L,True,bb553ea959b33ff609733cab47450e8f52f8b1631fdf89bbb6917e61766d5d0b,0.0,0.0,51.39632736064424,71.33128356933594,POS_0781,2007151N14072,NOAA HURSAT-B1 v07b
POS_0782.png,.png,32930,PNG,256,256,L,True,644558cfeb4668ffdd7028cb44a80120b0b182d26789b8e38502693e4a9822db,0.1332244873046875,0.0,54.21767630944616,57.99577331542969,POS_0782,2007151N14072,NOAA HURSAT-B1 v07b
POS_0783.png,.png,30089,PNG,256,256,L,True,92c0edba707a168e600dd9d43311a0fa42d637c86c5812cc60f52a2a974c6ec8,0.19586181640625,0.0,49.71677681935949,49.48622131347656,POS_0783,2007151N14072,NOAA HURSAT-B1 v07b
POS_0784.png,.png,28279,PNG,256,256,L,True,9a531b7a343b1319937f09ec5aa281669a9bc106b8b383f89e525e1f40b9283f,0.0,0.0,36.32154831898765,50.80450439453125,POS_0784,2007151N14072,NOAA HURSAT-B1 v07b
POS_0785.png,.png,27557,PNG,256,256,L,True,9b9a8eb6a72f80e1474aa7cf0cd5a223fce62a3fb0035a53ec99da75e39a0164,0.0,0.0,34.36530491776149,43.696868896484375,POS_0785,2007151N14072,NOAA HURSAT-B1 v07b
POS_0786.png,.png,26232,PNG,256,256,L,True,14b756f68db39ae0d1c89c252552ecc5ed4d68e4199e333b6838d6b7345b2dad,0.0001220703125,0.0,27.049635832443492,45.385040283203125,POS_0786,2007163N15250,NOAA HURSAT-B1 v07b
POS_0787.png,.png,23161,PNG,256,256,L,True,f120273150f4db0b172a795080c5b03b688b14474c039b336a4655ab194b4130,0.0198516845703125,0.0,16.870633062902243,39.692230224609375,POS_0787,2007163N15250,NOAA HURSAT-B1 v07b
POS_0788.png,.png,23999,PNG,256,256,L,True,692a225f43df8c9c23d4ec230de2bd0774a56c048557b37ca06f3e8a17fe49c0,0.0315704345703125,0.0,19.20603363817802,41.08409118652344,POS_0788,2007163N15250,NOAA HURSAT-B1 v07b
POS_0789.png,.png,34709,PNG,256,256,L,True,4d1e4cc51917386026aac23dc99bb91090517e88a5f06d28e1b4a0c8858b1f6a,0.0,0.0,59.37991574138051,118.53790283203125,POS_0789,2007172N15088,NOAA HURSAT-B1 v07b
POS_0790.png,.png,35875,PNG,256,256,L,True,96a1daefd24db72f15e3dc19a7142c4f8cd8962e92a824cd6ecb168dbdb54c06,0.0,0.0,57.190183746671245,120.38055419921875,POS_0790,2007172N15088,NOAA HURSAT-B1 v07b
POS_0791.png,.png,35471,PNG,256,256,L,True,5440513c94f22a9a845e77aeb679a15198be24b1d693cc42515c2c4306cf7254,0.0,0.0,55.25824791768729,118.90138244628906,POS_0791,2007172N15088,NOAA HURSAT-B1 v07b
POS_0792.png,.png,37417,PNG,256,256,L,True,f79791f62ecf87e177aaad94daf1290888d5fe1aebb08107aea461e5261849d9,0.0231781005859375,0.0,59.97449402090216,89.18244934082031,POS_0792,2007172N15088,NOAA HURSAT-B1 v07b
POS_0793.png,.png,37365,PNG,256,256,L,True,bcad62680e0df8c586e26c7b93296fef017629c16b5810b1bb2a42ad772311fe,0.0,0.0,48.66752014702158,97.50309753417969,POS_0793,2007172N15088,NOAA HURSAT-B1 v07b
POS_0794.png,.png,34823,PNG,256,256,L,True,8bf5ebfe2b76b560ea9d1d8cf4affc7d6f9f3b536ea68ebd6ea5160afe7a5857,0.0,0.0,47.26141523378946,78.03475952148438,POS_0794,2007172N15088,NOAA HURSAT-B1 v07b
POS_0795.png,.png,33472,PNG,256,256,L,True,ffde8726d07de1c5eaa5453352c133f6d4c6f2aacefe60f948533b51cdd92cc8,0.0,0.0,64.0764963416688,118.17279052734375,POS_0795,2007178N18089,NOAA HURSAT-B1 v07b
POS_0796.png,.png,34002,PNG,256,256,L,True,87e55cb00e2d3ba9d9f25d1c94971f5bb1c74d1e9d9de6540d5728db58fb309c,0.0,0.0,52.225495824193715,111.77510070800781,POS_0796,2007178N18089,NOAA HURSAT-B1 v07b
POS_0797.png,.png,25852,PNG,256,256,L,True,2bcb0935508fb826865f549973184e14578ee03c44db558197f23bd0bd3050b3,0.0,0.0131378173828125,39.213000628422456,84.55665588378906,POS_0797,2007188N04148,NOAA HURSAT-B1 v07b
POS_0798.png,.png,31334,PNG,256,256,L,True,444890fafb9398ecd778feed78b17cc81cccd5c04847f73d4400d1fb654cd9a8,0.0,0.0,43.09923409714214,59.16497802734375,POS_0798,2007196N15246,NOAA HURSAT-B1 v07b
POS_0799.png,.png,35952,PNG,256,256,L,True,7949259f3b9ff03b2993b52ff6c724fe8729cf7c7dbefcb1d05af99d6b5e3446,0.0,0.0,46.22777884739393,81.18284606933594,POS_0799,2007203N13255,NOAA HURSAT-B1 v07b
POS_0800.png,.png,34594,PNG,256,256,L,True,0c7ee27306cde59051d3d986be2c7e1d0d8f9fec35612827bbbcf2c8e676a44a,0.0,0.0,34.84379184532219,59.82275390625,POS_0800,2007203N13255,NOAA HURSAT-B1 v07b
POS_0801.png,.png,24913,PNG,256,256,L,True,36a580a84596531f49d7e762729f6464ec196e081ea39896ab550547e1147ed6,0.0,0.0,18.177912212487453,42.842193603515625,POS_0801,2007203N13255,NOAA HURSAT-B1 v07b
POS_0802.png,.png,23076,PNG,256,256,L,True,3c579aafe550c2a9bb9c7e0c6811a4577eac874eb827f1476e319c75639d66c5,0.004974365234375,0.0,14.096063275497993,40.4940185546875,POS_0802,2007203N13255,NOAA HURSAT-B1 v07b
POS_0803.png,.png,40024,PNG,256,256,L,True,45ee52966ac35c8a6a1c6a3df726612c4d418f7a7e635d720f5229cdebae1f05,0.0,0.0141143798828125,48.96374111841529,101.24320983886719,POS_0803,2007262N09138,NOAA HURSAT-B1 v07b
POS_0804.png,.png,31967,PNG,256,256,L,True,9ff694db12a500257516dbcced33f76d8aad3adef650b14e1339eee20bcf41da,0.0,0.0,36.78260249891525,58.63551330566406,POS_0804,2007262N16233,NOAA HURSAT-B1 v07b
POS_0805.png,.png,34473,PNG,256,256,L,True,dc41514dffa73a1af44433e947d4214c4c65087fb3a57a0795fa994ec5c5bd97,0.0,0.0,33.80648268565933,62.42613220214844,POS_0805,2007262N16233,NOAA HURSAT-B1 v07b
POS_0806.png,.png,29011,PNG,256,256,L,True,ab47e5d3008218505b8d2c488bf34bc8d9ecd20e9c8593e7c2cf7491610f4a1b,0.0,0.0,23.093819806607183,46.85292053222656,POS_0806,2007262N16233,NOAA HURSAT-B1 v07b
POS_0807.png,.png,30261,PNG,256,256,L,True,c60eb46937c57bd47439f49d608c059806fa78a1f90fe750eb72c7dac6d6f719,0.0,0.027313232421875,49.72099654765754,61.18382263183594,POS_0807,2007262N16233,NOAA HURSAT-B1 v07b
POS_0808.png,.png,32238,PNG,256,256,L,True,3174de314af0ed015dd6d418ce95f8faa117237f4add16fbfee1ce117231fb91,0.0,0.0,49.78613266912429,68.52688598632812,POS_0808,2007274N28173,NOAA HURSAT-B1 v07b
POS_0809.png,.png,31793,PNG,256,256,L,True,ba5ac1fae0b64f31208809eb3c84cb882a033ccbc50c5699b1f74340354632e8,0.0,0.0,39.48733416163869,59.218292236328125,POS_0809,2007276N20147,NOAA HURSAT-B1 v07b
POS_0810.png,.png,31839,PNG,256,256,L,True,50eb1fa91c2bca76176f93448acee24dba343290cc33690d302b2804f2f60597,0.0,0.0097198486328125,45.09418572445322,66.7891845703125,POS_0810,2007282N19181,NOAA HURSAT-B1 v07b
POS_0811.png,.png,31128,PNG,256,256,L,True,83672d6d95ade0dad8c9094a8d66a311be2f7608075938880a287f9c0f115908,0.0,0.0,30.590702393583094,58.53031921386719,POS_0811,2007282N19181,NOAA HURSAT-B1 v07b
POS_0812.png,.png,31641,PNG,256,256,L,True,93a35107ae9dce48b1a298277b1ef68f487cd9c33c8d1f6b2ba9de9130402279,0.0,0.0,46.725508604685395,68.75401306152344,POS_0812,2007291N19148,NOAA HURSAT-B1 v07b
POS_0813.png,.png,34559,PNG,256,256,L,True,f548b6ad4cc3c9a59e8f82395e95a868fadc04e0873510afd8d5f9929cdbaad3,0.00225830078125,0.0,54.19110628123535,73.7203369140625,POS_0813,2007300N11068,NOAA HURSAT-B1 v07b
POS_0814.png,.png,36335,PNG,256,256,L,True,4370b3eb091672498a2e9fd14ef665ef9610d14640491788c9c9fedabd25e5ba,0.0,0.0,52.33688699438369,73.73269653320312,POS_0814,2007300N11068,NOAA HURSAT-B1 v07b
POS_0815.png,.png,35312,PNG,256,256,L,True,13d25695935a94672891fd1b39e627b229bfa8da1ef873b655ec6472944b530d,0.0033416748046875,0.0,49.22604974535051,65.02880859375,POS_0815,2007300N11068,NOAA HURSAT-B1 v07b
POS_0816.png,.png,36791,PNG,256,256,L,True,749e675279414fd45f558a9e059a89fde9a9e30b8f044b18a07a935817f86b5d,0.0,0.00244140625,43.850536802949094,66.93482971191406,POS_0816,2007306N18133,NOAA HURSAT-B1 v07b
POS_0817.png,.png,37046,PNG,256,256,L,True,fe8190931449e366406ccf1afd77b2cc0b2d0fbb49587641e223a518dcd81bcd,0.0,0.004425048828125,53.999593082937935,82.2054443359375,POS_0817,2007306N18133,NOAA HURSAT-B1 v07b
POS_0818.png,.png,32411,PNG,256,256,L,True,eea0f9db4a2b6dacf2fe6e4df7b79bcd5ae410c8ac5833f34edd0ced9e4a73de,0.0,0.0133209228515625,56.23889080435644,84.51341247558594,POS_0818,2007314N10093,NOAA HURSAT-B1 v07b
POS_0819.png,.png,31286,PNG,256,256,L,True,71a39a86713ea25f8cf47976dd4b856f630be0f192209bc598ceded5d82e7a25,0.0,0.04547119140625,60.25325338878617,76.0628662109375,POS_0819,2007314N10093,NOAA HURSAT-B1 v07b
POS_0820.png,.png,31810,PNG,256,256,L,True,7a56285eb88a12ca4ed12500b7d8431bdcec52249f9e0e8e9486bb31f377d865,0.0,0.0,42.42260802409105,67.05154418945312,POS_0820,2007314N10093,NOAA HURSAT-B1 v07b
POS_0821.png,.png,35373,PNG,256,256,L,True,a91b9eb09bdf41365b90cfd20713162fd1c201c8f1f39b196440ac954dfac759,0.0,0.0,45.15350362651262,71.96696472167969,POS_0821,2007314N10093,NOAA HURSAT-B1 v07b
POS_0822.png,.png,27521,PNG,256,256,L,True,54fc8c3fab194fa4d7cf24e28182aaf49185a74ef4f8227d21d1cbfa95fb19ae,0.0,0.0,41.24548893610895,62.76420593261719,POS_0822,2007314N10093,NOAA HURSAT-B1 v07b
POS_0823.png,.png,26143,PNG,256,256,L,True,aacdd734e167a33ad717806fb576f1d1a1d4f6846c032cbcf583ee6f419b78b1,0.0,0.0,38.76241343842656,75.71429443359375,POS_0823,2007314N10093,NOAA HURSAT-B1 v07b
POS_0824.png,.png,29905,PNG,256,256,L,True,1ed011121cdbbd878cd916856bd6cf13be6bb6a1ba26798612e581da1e372e4f,0.0,0.0,50.24597934166413,78.45857238769531,POS_0824,2007323N09128,NOAA HURSAT-B1 v07b
POS_0825.png,.png,38417,PNG,256,256,L,True,9b72c4197b7b9310447fc5d094033489ccb776c8030dfa86527e9a3ea4912c5c,0.0,0.0049285888671875,57.58216443959074,90.02095031738281,POS_0825,2007327N09152,NOAA HURSAT-B1 v07b
POS_0826.png,.png,36036,PNG,256,256,L,True,e9bf9bba8cea27b9eff76d5a5445a3ccafb5e81a286845c22e3b688ac2314709,0.0,0.0044403076171875,58.497720812266174,91.74237060546875,POS_0826,2007327N09152,NOAA HURSAT-B1 v07b
POS_0827.png,.png,34262,PNG,256,256,L,True,147fc4338be1e4d6a73e9abf90fbee6c7e5591980c759a08120eaca951d501cc,0.0,0.0,49.07243420713087,91.22758483886719,POS_0827,2007327N09152,NOAA HURSAT-B1 v07b
POS_0828.png,.png,30341,PNG,256,256,L,True,eff8c0ca09e7f13a58fe2ff7be1051fa496a88e97411c4d4307fb4e18818a212,0.0,0.003936767578125,39.06617603428402,65.61061096191406,POS_0828,2007315S05095,NOAA HURSAT-B1 v07b
POS_0829.png,.png,36856,PNG,256,256,L,True,f416180598aedc5b495b3c487588e62493bf8c8e5dee03841503afb109ff9ef5,0.0,0.00390625,46.61101107770252,81.54327392578125,POS_0829,2007317S10150,NOAA HURSAT-B1 v07b
POS_0830.png,.png,28688,PNG,256,256,L,True,eef53b10ff22bc7c74cfa99c4c4622730d86580efe9bd65c04cf02644a2a8a04,0.0,0.0,33.15322420229124,47.925567626953125,POS_0830,2007322S06075,NOAA HURSAT-B1 v07b
POS_0831.png,.png,36464,PNG,256,256,L,True,5ca38aad79a3436d16b3ba209888f6c1de90210418706dfb86b302815c688617,0.0,0.0,52.32374644796971,83.20425415039062,POS_0831,2007337S12186,NOAA HURSAT-B1 v07b
POS_0832.png,.png,36746,PNG,256,256,L,True,cd9f94761fc3927ab80042480df67d96e5dcd99128f121a14e274a82919d5e90,0.0,0.0,45.368490666046114,86.54667663574219,POS_0832,2007346S12073,NOAA HURSAT-B1 v07b
POS_0833.png,.png,30397,PNG,256,256,L,True,13a0b9766f294c7697563b6b936cdec4a9ea6b54a88eb21a91c319b6c7b7cb38,0.0,0.0,35.544678485069845,55.70918273925781,POS_0833,2007346S12073,NOAA HURSAT-B1 v07b
POS_0834.png,.png,32725,PNG,256,256,L,True,44e40277f288545718c4403663d5a1c91a2519354680b8662f87cf3a25802f1b,0.0,0.0,45.4184321985655,71.85958862304688,POS_0834,2007352S12088,NOAA HURSAT-B1 v07b
POS_0836.png,.png,37094,PNG,256,256,L,True,d820157cda7277f6aba35f279fce551d3ce12f2132420692cc16461a7cf3605b,0.0,0.0,56.90963308721605,96.69900512695312,POS_0836,2008008S18184,NOAA HURSAT-B1 v07b
POS_0837.png,.png,37694,PNG,256,256,L,True,dc4f49f06939a9dd7fbe3ebb9f43d29c701118908986a06143610cad38a2f5d7,0.0,0.0031280517578125,67.88050553412502,106.17071533203125,POS_0837,2008015S16162,NOAA HURSAT-B1 v07b
POS_0838.png,.png,28265,PNG,256,256,L,True,d536c8ec007d7f6f28161197cda16be7243828f868a4cf9d1f088edc414a2786,0.0,0.0,28.778720598564114,67.671142578125,POS_0838,2008015S16162,NOAA HURSAT-B1 v07b
POS_0839.png,.png,39690,PNG,256,256,L,True,31aa5ea3880fde254172b6048c7cf140af9babcea87f287e4b31260b3d51ade5,3.0517578125e-05,0.0,54.932101040243666,83.22816467285156,POS_0839,2008023S10050,NOAA HURSAT-B1 v07b
POS_0840.png,.png,38485,PNG,256,256,L,True,25886a8b52bf4d6d4847fa46a01c800834caa47f152277e8f1cafcad76be2d5b,0.0,0.0,53.679530957482484,84.12181091308594,POS_0840,2008026S11064,NOAA HURSAT-B1 v07b
POS_0841.png,.png,33908,PNG,256,256,L,True,60f87b7d58db82500e1ae1ac9cd874a8477ffa77feeb43abb58e06a2c4210f89,0.0,0.0,51.140768384205714,83.06224060058594,POS_0841,2008026S11064,NOAA HURSAT-B1 v07b
POS_0843.png,.png,34622,PNG,256,256,L,True,1b1df6f9e9a6886c635504b1a21b486c5321478cecd709bce14c5811e59ef37a,9.1552734375e-05,0.0,53.88251168564053,82.171630859375,POS_0843,2008034S12103,NOAA GridSat-B1 v02r01
POS_0844.png,.png,35525,PNG,256,256,L,True,7fdfd4e718873ee5119c02eaab8b9de9487519eb1d372c150bef111579a8da3c,0.0,0.0,52.55083291639321,83.06251525878906,POS_0844,2008037S10055,NOAA HURSAT-B1 v07b
POS_0845.png,.png,31326,PNG,256,256,L,True,5fef06d39137da6ed7ba32e65795422578ddef1d233247505afc56774ea16ba3,0.0,0.00726318359375,58.328617865066896,101.20240783691406,POS_0845,2008042S16122,NOAA HURSAT-B1 v07b
POS_0846.png,.png,31209,PNG,256,256,L,True,09e9d50c784d82354e47dc12ea92f55fa99d01e04904bdda9e438ee9bb7e1f2b,0.1038970947265625,0.024810791015625,67.14645694984651,95.60662841796875,POS_0846,2008042S16122,NOAA HURSAT-B1 v07b
POS_0847.png,.png,27079,PNG,256,256,L,True,5a8c3e952f178350fcc93eb9823530a17310c4403f45ad1a6f864f2f5ee9ff5d,0.0,0.0,26.39625928558685,47.36692810058594,POS_0847,2008058S15131,NOAA HURSAT-B1 v07b
POS_0848.png,.png,36238,PNG,256,256,L,True,773dfd137205dc54066f3fa14f8e6f97cfcd6d3ccd90f2e70cd8a63f2cb2737f,0.0,0.0,51.789159478968074,72.92758178710938,POS_0848,2008079S12069,NOAA HURSAT-B1 v07b
POS_0849.png,.png,32959,PNG,256,256,L,True,8654601371b37d589dd3d49d0529a5771aa739f6a9364f36c27e5a48e3667c95,0.0,0.0,39.23414754610536,60.873321533203125,POS_0849,2008079S12069,NOAA HURSAT-B1 v07b
POS_0850.png,.png,35281,PNG,256,256,L,True,13f026293cc6a348425fee81945389aa32d1e4e66a24eafeff6aa167c4589d5c,0.0,0.002593994140625,48.58019293725393,73.78987121582031,POS_0850,2008080S17163,NOAA HURSAT-B1 v07b
POS_0851.png,.png,36515,PNG,256,256,L,True,c4f71c0def4fdcdbf6bf34d42657932e985ebb604d155314c9fdc17e8bfb0749,0.0,0.0027008056640625,52.409951683359054,81.09744262695312,POS_0851,2008080S17163,NOAA HURSAT-B1 v07b
POS_0852.png,.png,37081,PNG,256,256,L,True,49b4219146c4008d38f54a47031cd7348a41cb2a5bd9ab88f937495e02c20fc7,0.0,0.00030517578125,57.83434230228233,97.390869140625,POS_0852,2008108S13158,NOAA HURSAT-B1 v07b
POS_0853.png,.png,37531,PNG,256,256,L,True,268390edb80f869b3093acdc3195e7c56f22c5a5ba23ce9c736b2f98e4bfe42b,0.0,1.52587890625e-05,55.24045013872895,92.74943542480469,POS_0853,2008108S13158,NOAA HURSAT-B1 v07b
POS_0854.png,.png,37147,PNG,256,256,L,True,45aba740eab66e8e457b830c7bb9aa615ef8a0a9e53daa2291e86734be5393a3,0.0,0.0,54.35257174217573,87.22572326660156,POS_0854,2008108S13158,NOAA HURSAT-B1 v07b
POS_0855.png,.png,35145,PNG,256,256,L,True,2dc09403192aa18e40c4324b9de7a585ad70c95aff7c827c2f303f96e7b07416,0.0,0.0,49.68863024647263,77.62783813476562,POS_0855,2008108S13158,NOAA HURSAT-B1 v07b
POS_0856.png,.png,32453,PNG,256,256,L,True,c2d99e96cc96878be41a75073669277c1ba4f84b1abdb9dbe573be0054245841,0.0,0.0062713623046875,46.247231892922166,77.49220275878906,POS_0856,2008117N11090,NOAA HURSAT-B1 v07b
POS_0857.png,.png,32717,PNG,256,256,L,True,c83a9d0d482d3cd339245cb06baff4badec48ae5402b64e8b4401d230b46dd84,0.0,0.008636474609375,49.18266994141569,76.79258728027344,POS_0857,2008117N11090,NOAA HURSAT-B1 v07b
POS_0858.png,.png,37576,PNG,256,256,L,True,47fee428b793d71588d40d6e9eead10a9ccc4374bae958b70c2753e261c03e50,0.0,0.0,66.44159920243378,109.56497192382812,POS_0858,2008117N11090,NOAA HURSAT-B1 v07b
POS_0859.png,.png,36519,PNG,256,256,L,True,0453de9e7f0847674174e7ebf9378efa37ea020c5260333507b1e9ffd5a6cac9,0.0,0.0,61.53316998986944,102.86344909667969,POS_0859,2008117N11090,NOAA HURSAT-B1 v07b
POS_0860.png,.png,38317,PNG,256,256,L,True,13f93385040210f8e3712de885db89cc25d4c5a57b2e36628e48d01d6a44592e,0.0,0.0,53.59967434112606,99.40325927734375,POS_0860,2008117N11090,NOAA HURSAT-B1 v07b
POS_0861.png,.png,35578,PNG,256,256,L,True,398dafad106ce8893d8d37ce3819fd6f0678930a58719f90627ccc68be142b05,0.0,0.0,49.46710802296612,78.56610107421875,POS_0861,2008117N11090,NOAA HURSAT-B1 v07b
POS_0862.png,.png,35428,PNG,256,256,L,True,5d9e417293a9e91f4dde45bb8c40dcf73661ecd4d4c9f7aea825cf79280c246b,0.0,0.0,58.17176295877753,94.92068481445312,POS_0862,2008117N11090,NOAA HURSAT-B1 v07b
POS_0863.png,.png,36453,PNG,256,256,L,True,45f71bb205010372452767190df76a84679782b5252a68a9d22538c594f4a9ea,0.0,0.0,57.661256149388066,94.78309631347656,POS_0863,2008117N11090,NOAA HURSAT-B1 v07b
POS_0864.png,.png,35950,PNG,256,256,L,True,a88fa805d73a68ba974ef55e70e173692e17029cac2fc1bb86b114bc3e84cbf6,0.0,0.0,50.12393178776666,104.6728515625,POS_0864,2008117N11090,NOAA HURSAT-B1 v07b
POS_0865.png,.png,33061,PNG,256,256,L,True,093b8f80d55d89882506fc835b852e8691dd4f829944f39fe04a7d90bd70cc2c,0.027740478515625,0.0,63.002887444392194,73.10784912109375,POS_0865,2008157N16066,NOAA HURSAT-B1 v07b
POS_0866.png,.png,33086,PNG,256,256,L,True,ae2087226275514230e2dcf7dd55c417f5a938212528f993bffcd1a9fdcbf568,0.000213623046875,0.0,54.00923504787745,66.77040100097656,POS_0866,2008157N16066,NOAA HURSAT-B1 v07b
POS_0867.png,.png,29625,PNG,256,256,L,True,23e632a6ee6eff7382eb5715ec343acb057ac3b44335f60fdcf8a52e375ef729,0.13653564453125,0.0,60.070410805513674,59.535369873046875,POS_0867,2008157N16066,NOAA HURSAT-B1 v07b
POS_0868.png,.png,31485,PNG,256,256,L,True,d1fcf03e2ffca4ae2fecb05f967f9f63330293a44ed655b99cc87b7b1e4927f1,0.0,0.0,47.49657135056068,97.62113952636719,POS_0868,2008168N22090,NOAA HURSAT-B1 v07b
POS_0869.png,.png,24630,PNG,256,256,L,True,95188b03da9e79b4b8719efa82509e2abf2109d0fbddff9c9f494835c64c52c5,0.0,0.0,16.925913241261277,42.10691833496094,POS_0869,2008179N12252,NOAA HURSAT-B1 v07b
POS_0870.png,.png,32079,PNG,256,256,L,True,9b020e0c41313397503c031ac47e88fa56fcdca346bda49c678efe4c2236a36e,0.0,0.0,40.121531290435,67.37721252441406,POS_0870,2008180N14238,NOAA HURSAT-B1 v07b
POS_0871.png,.png,32505,PNG,256,256,L,True,74edf0eddf0f2597e9fc8eb4e4f933c484368237933d147cf0166e4940a119cb,0.0,0.0,43.9186188970639,68.37171936035156,POS_0871,2008180N14238,NOAA HURSAT-B1 v07b
POS_0872.png,.png,31239,PNG,256,256,L,True,80186f63669f075d56287f792511013cbf09044ff4f36c7672da05358b00a590,0.0,0.0,36.40496763336646,59.92041015625,POS_0872,2008180N14238,NOAA HURSAT-B1 v07b
POS_0873.png,.png,27773,PNG,256,256,L,True,9a91ee63906c09aa73e330301fd726c993437b5c2872b8c8e83b757c2f8708e5,0.0,0.0,28.861141044932356,50.390106201171875,POS_0873,2008180N14238,NOAA HURSAT-B1 v07b
POS_0874.png,.png,39498,PNG,256,256,L,True,0c9dad260ce8e67b75b6307336b3d6ba3a0a712ef5ef6171142dd47989ae4d32,0.0,0.00921630859375,53.33039134836796,111.40084838867188,POS_0874,2008194N11266,NOAA HURSAT-B1 v07b
POS_0875.png,.png,34532,PNG,256,256,L,True,b20128670d7f1c37f63e9aa7b42f45da7c0f2d80dab3a43e89c68438d096d5c0,0.0,0.0043487548828125,47.1912603481006,69.79588317871094,POS_0875,2008194N11266,NOAA HURSAT-B1 v07b
POS_0876.png,.png,28175,PNG,256,256,L,True,74ea34e8cf054271976b67bc6a1fe5aacfe9f237980f9a5d68e96ac95c6f3cbb,0.00347900390625,0.0,40.6718806901909,55.37873840332031,POS_0876,2008194N11266,NOAA HURSAT-B1 v07b
POS_0877.png,.png,36033,PNG,256,256,L,True,f7ccc6b81b617c9de499a3d54a610fa7ff93a056347d5ae84b440177fc0717d1,0.0,0.0022125244140625,48.92249266391694,76.77729797363281,POS_0877,2008226N22134,NOAA HURSAT-B1 v07b
POS_0878.png,.png,37818,PNG,256,256,L,True,d7aeb802a1894269e428b649424e9088d058ec3616b70ae4d7a914c605cbc581,0.0,0.0,55.53794843074427,90.2984619140625,POS_0878,2008252N16128,NOAA HURSAT-B1 v07b
POS_0879.png,.png,31396,PNG,256,256,L,True,156a59814a438b31a81334cc32edb436e8159229a326ef3b2a69db9319191a1d,0.0,0.0045928955078125,46.275528211787176,84.00701904296875,POS_0879,2008252N16128,NOAA HURSAT-B1 v07b
POS_0880.png,.png,32406,PNG,256,256,L,True,b720fcdb0ad53684328a4351e61efc1b782ce7a6d6d672d8de2694ca8553c868,0.0,0.0,39.72610991274314,64.46859741210938,POS_0880,2008252N16128,NOAA HURSAT-B1 v07b
POS_0881.png,.png,34183,PNG,256,256,L,True,f1878b2f979e061c5164fef7b405ba17b9e96eea624f9391cdac18690b1495ca,0.0,0.00872802734375,47.35839345113457,74.93702697753906,POS_0881,2008253N29150,NOAA HURSAT-B1 v07b
POS_0882.png,.png,34584,PNG,256,256,L,True,3e72c25bbf35ef6baea71919e6053d1102f5426caf5a9171c012f64d7e00b0ee,0.0,0.0,46.25075421078553,84.61494445800781,POS_0882,2008253N29150,NOAA HURSAT-B1 v07b
POS_0883.png,.png,32556,PNG,256,256,L,True,3ff5496e6c4147a2b88c92843763201ca94178b6cdfefece071b36d2011a8b52,0.0,0.0114898681640625,48.38384073723199,69.89700317382812,POS_0883,2008257N28148,NOAA HURSAT-B1 v07b
POS_0884.png,.png,32672,PNG,256,256,L,True,10f354cf91e9a51ff3f82bf4a25d08f076ffc84a2aac1e447eb93357c3661772,0.0,0.0,34.00341695206707,83.51220703125,POS_0884,2008259N20089,NOAA HURSAT-B1 v07b
POS_0885.png,.png,35960,PNG,256,256,L,True,4616346ced54dff90022371429808a252077bde65f2cbf15704557fb7501467e,0.0,0.0,58.943539406269764,105.04434204101562,POS_0885,2008262N16142,NOAA HURSAT-B1 v07b
POS_0886.png,.png,27188,PNG,256,256,L,True,1285a95b79c5dd8c862a81f6a5018d0c0779b888226f2268e0e5fecd7e089c3d,0.0023345947265625,0.0,36.86374453412864,51.72705078125,POS_0886,2008275N16245,NOAA HURSAT-B1 v07b
POS_0887.png,.png,25723,PNG,256,256,L,True,22d7e7bc49eae4e838cea061276b8beccd84af0ed7be9ca558e28ba49b02eb6c,0.0,0.018218994140625,36.118668467389824,49.82218933105469,POS_0887,2008275N16245,NOAA HURSAT-B1 v07b
POS_0888.png,.png,31880,PNG,256,256,L,True,1190e5b8d419432095cdc6721598099aa873b7d5f88fbc60c6c049b92d8e056a,0.0,0.0,36.8510207361713,57.10162353515625,POS_0888,2008275N16245,NOAA HURSAT-B1 v07b
POS_0889.png,.png,26188,PNG,256,256,L,True,e6b2cdba616f609a99425ce2dd1d3cb9f2f367ae6f5e5ee8ce37f9b072c0d314,0.0,0.005615234375,24.948902144766706,42.15509033203125,POS_0889,2008275N16245,NOAA HURSAT-B1 v07b
POS_0890.png,.png,36347,PNG,256,256,L,True,511dd263c9e64b3abe9542eecae8a7571f72be2a9cd1864a657016f61ada4673,0.0,0.00433349609375,43.61692942851601,76.38363647460938,POS_0890,2008283N12271,NOAA HURSAT-B1 v07b
POS_0891.png,.png,34755,PNG,256,256,L,True,6abf55bed65107a95e1395c850df65565dcfe7c4c8e95df5a91548a2adf3088f,0.0,0.007171630859375,54.175170344029404,73.19952392578125,POS_0891,2008283N12271,NOAA HURSAT-B1 v07b
POS_0892.png,.png,35998,PNG,256,256,L,True,daa8ba86b7888bbf9d433bf5ca704c4aa1d7d4016b289bce881f581e9ed431b2,0.0,0.0,50.460576744248726,82.36445617675781,POS_0892,2008283N12271,NOAA HURSAT-B1 v07b
POS_0893.png,.png,32315,PNG,256,256,L,True,ba4b8df6298ecdfeb0c392d1673a48b9bac95b118dc13424ca009d3ca65451dc,0.0,0.0074462890625,44.30924108775062,63.747283935546875,POS_0893,2008283N12271,NOAA HURSAT-B1 v07b
POS_0894.png,.png,32167,PNG,256,256,L,True,b82e1dc3037ed2272b3d1c924141e95c4d944a8b6c4d78f2c09a8c664749276a,0.0,0.0,43.416302917780335,60.04750061035156,POS_0894,2008293N09060,NOAA HURSAT-B1 v07b
POS_0895.png,.png,32666,PNG,256,256,L,True,0695edad15049631d49623cab6479d6525f14bba8396020cb2c9747cffb52fa2,0.0,0.0,51.0630497316189,66.92141723632812,POS_0895,2008293N09060,NOAA HURSAT-B1 v07b
POS_0896.png,.png,32482,PNG,256,256,L,True,4792d2e5cd4b782fbc70664c648497c4106be4d1532758bf8c8d077b773d9bd4,0.0,0.0,53.43358364176764,75.18667602539062,POS_0896,2008293N09060,NOAA HURSAT-B1 v07b
POS_0897.png,.png,33487,PNG,256,256,L,True,3334bf747db93a71b644d898c91b12895b54647fbe0480e38c60c61e062342ce,0.0,0.0,49.019277025561074,72.910888671875,POS_0897,2008293N09060,NOAA HURSAT-B1 v07b
POS_0898.png,.png,35549,PNG,256,256,L,True,3f3f13760c612d4153c7fb15a7221cb7deb08c303d5aa5cc41636d73072da164,0.0,0.0,38.72344764844331,72.7657470703125,POS_0898,2008293N09060,NOAA HURSAT-B1 v07b
POS_0899.png,.png,34186,PNG,256,256,L,True,59bd3f5581013d61232686be4d62c99a3a2e7e4cd9757116bab2a627af7e559e,0.032257080078125,0.0,37.00770729607645,48.95805358886719,POS_0899,2008293N09060,NOAA HURSAT-B1 v07b
POS_0900.png,.png,30613,PNG,256,256,L,True,1aafcaef31d202e56b83d6a2062a7f9610edc818d7f09fdf92175bb8c20ef381,0.0,0.0,29.587937304984624,53.15779113769531,POS_0900,2008293N09060,NOAA HURSAT-B1 v07b
POS_0901.png,.png,30277,PNG,256,256,L,True,56bc6fb48db833bfd7a8bda7734e37f96366ad0a490705d2ea05f27c915316a5,0.0,0.004364013671875,41.22110222704541,58.47880554199219,POS_0901,2008297N12255,NOAA HURSAT-B1 v07b
POS_0902.png,.png,31901,PNG,256,256,L,True,29c9a7ff881010ca060971a903a6b7284c3b38fa035bc0f5f12fb6be5d09cd26,0.0001678466796875,0.0,45.066514488309124,60.2449951171875,POS_0902,2008297N12255,NOAA HURSAT-B1 v07b
POS_0903.png,.png,28232,PNG,256,256,L,True,96ee25cb5f485b24f35a69cf69479289361b2e13016bd0878794020f473784bb,0.002105712890625,0.0,30.489398876171272,44.422393798828125,POS_0903,2008297N12255,NOAA HURSAT-B1 v07b
POS_0904.png,.png,28027,PNG,256,256,L,True,d0693d403c9324fdb7e75ae3c30a28e55536aa2e8c67623db76c1a8c97795315,0.001800537109375,0.0,31.653353200576362,45.70066833496094,POS_0904,2008297N12255,NOAA HURSAT-B1 v07b
POS_0905.png,.png,33301,PNG,256,256,L,True,c40fa45063e4406e89f7b39d327a4408ace76008b6b92434735e596f7b55b209,0.0113372802734375,0.031402587890625,71.56240853871593,99.62039184570312,POS_0905,2008298N16085,NOAA HURSAT-B1 v07b
POS_0906.png,.png,34375,PNG,256,256,L,True,81f3799f5d1dd529bb8057fe4132014a5ef8349429da6927bee7af743574e809,0.0,0.0069427490234375,53.05486007360425,109.39360046386719,POS_0906,2008298N16085,NOAA HURSAT-B1 v07b
POS_0907.png,.png,33889,PNG,256,256,L,True,302eb0d539fc2e576adff7b46cf3126799bec3e2163df67df06847b76d083140,0.0,0.0035552978515625,55.80937791132245,108.44300842285156,POS_0907,2008298N16085,NOAA HURSAT-B1 v07b
POS_0908.png,.png,33677,PNG,256,256,L,True,28c928faedd7e264790d81b8da4854f08d8d61e1f58a84ef8bbcad3b773b2776,0.0,0.0,49.63358384836061,85.74525451660156,POS_0908,2008317N11089,NOAA HURSAT-B1 v07b
POS_0909.png,.png,30556,PNG,256,256,L,True,76cda8a5f639c8639d9a8c9e52386b1d4518f6d945d2d755deb209b7388d14b4,0.0,0.0,43.56560204279364,56.6717529296875,POS_0909,2008320N23146,NOAA HURSAT-B1 v07b
POS_0910.png,.png,35377,PNG,256,256,L,True,289aaaebcddb083c202f8ee9c0e524b7e58ec37c457c48a7ed3016c06676f1db,1.52587890625e-05,0.0041961669921875,58.960278965939345,96.58883666992188,POS_0910,2008329N09082,NOAA HURSAT-B1 v07b
POS_0911.png,.png,37265,PNG,256,256,L,True,6e83032e13241c769e1ddf4921eccf7462edf4b1d58b39d7b5007dc037b19ead,0.0006103515625,0.0,52.48448874317727,74.64434814453125,POS_0911,2008329N09082,NOAA HURSAT-B1 v07b
POS_0912.png,.png,35440,PNG,256,256,L,True,488ac36a45d2ff240c3f56215f8783c824b910c64c7fcf3ff04b5850182d45e1,0.0,0.0,47.505400609934455,76.97428894042969,POS_0912,2008329N09082,NOAA HURSAT-B1 v07b
POS_0913.png,.png,30447,PNG,256,256,L,True,2b3062eda0a7a0fd00f1b1939827006fbc4e5da2d42dcf3291aceb28d8b00eaa,0.0,0.0077972412109375,49.938394617829125,72.75941467285156,POS_0913,2008338N06092,NOAA HURSAT-B1 v07b
POS_0914.png,.png,32018,PNG,256,256,L,True,e058419d5240589058db587f7d11bf6f3fa6d02f8af04a4d5c810775a58f5edb,0.0,0.0,45.555481486684066,77.21958923339844,POS_0914,2008338N06092,NOAA HURSAT-B1 v07b
POS_0915.png,.png,32572,PNG,256,256,L,True,e3f6f045a645af24b3d690a5b1b0d0c6bb5872c36eccb81f9fe4fd81518ea9d2,0.0,0.0,41.91738473658667,59.78178405761719,POS_0915,2008338N06092,NOAA HURSAT-B1 v07b
POS_0916.png,.png,34260,PNG,256,256,L,True,c6e39382fb10f34a42ed23e1c69398b1b73b7044e8648383acae7531ece2a885,0.0,0.0,46.30753582953072,67.431640625,POS_0916,2008338N06092,NOAA HURSAT-B1 v07b
POS_0917.png,.png,35544,PNG,256,256,L,True,5ead3f67848b262cd6670d84116c18ecac8cf0f1234c6106ba09a996bae6eebc,0.0,0.0,41.27568399485163,70.46717834472656,POS_0917,2008319S07086,NOAA HURSAT-B1 v07b
POS_0918.png,.png,30817,PNG,256,256,L,True,e8df17f6608cfc5aca49ed3e197989ad81367b90c4a0aedc38801fcbd19bca78,0.0,0.0,32.78904983137612,64.8863525390625,POS_0918,2008319S07086,NOAA HURSAT-B1 v07b
POS_0919.png,.png,35735,PNG,256,256,L,True,7aa193710ddbfa96150a48a2eef497e11645882ce9c37a8482ce081b85148027,0.0,0.0,49.13015560833641,70.29756164550781,POS_0919,2008348S10077,NOAA HURSAT-B1 v07b
POS_0920.png,.png,30502,PNG,256,256,L,True,d9462a876fa93c997ba81b9e9d27f6c2011c11d529dd90b6039326a8202c5da7,0.0,0.0,41.14941323825929,56.31285095214844,POS_0920,2008348S10077,NOAA HURSAT-B1 v07b
POS_0921.png,.png,33853,PNG,256,256,L,True,337a15705f99938366c2724312544fbaf241ef16e34f1d221acafa59a79449de,0.0,0.0,39.33993412864514,67.45811462402344,POS_0921,2008351S11128,NOAA HURSAT-B1 v07b
POS_0922.png,.png,29963,PNG,256,256,L,True,10dac1e029fa8e86e8a678d226c88dc6ba3aa2c09caf9368a70d18d75295cd23,0.0022125244140625,0.02093505859375,54.44582533632256,65.82691955566406,POS_0922,2008351S11128,NOAA HURSAT-B1 v07b
POS_0923.png,.png,38496,PNG,256,256,L,True,30365c6c123b54d5cbb5ccd51dafa03656bc9b20fa5e230e21059b70f93ca62f,0.1259918212890625,0.031005859375,69.90689877496138,83.19233703613281,POS_0923,2008356S14138,NOAA HURSAT-B1 v07b
POS_0924.png,.png,38244,PNG,256,256,L,True,5925954910c0d65ec0f54087e137f08a4451dc28bba296d29140b3ff9bbd8bd4,0.01251220703125,0.0,63.42625920316563,85.69158935546875,POS_0924,2008356S14138,NOAA HURSAT-B1 v07b
POS_0925.png,.png,37085,PNG,256,256,L,True,322efdc27edae09393bc4b626300bf9f02e563a5f6acb940e3d978a9747445e6,0.0,0.0,56.41900684046365,89.118896484375,POS_0925,2008356S14138,NOAA HURSAT-B1 v07b
POS_0926.png,.png,35534,PNG,256,256,L,True,2dcee7067e25609f083eb4f7145c8b88891c7c38765cee59bd8a12d6616af74e,0.1035308837890625,0.0,63.679953446534256,81.42243957519531,POS_0926,2008356S14138,NOAA HURSAT-B1 v07b
POS_0927.png,.png,38841,PNG,256,256,L,True,b53bbe336cfa9dce9fe230174f2c43334f9c9dfae97f98d0a8eb1bea54bdcbbd,0.0,0.0,48.25940581278468,90.80458068847656,POS_0927,2008356S14138,NOAA HURSAT-B1 v07b
POS_0928.png,.png,40075,PNG,256,256,L,True,8b6bcc1adadfc5c0c58f15dec0d074b1eb570c77500fc86805c8034439c49a52,0.0622711181640625,0.020965576171875,61.71887629766911,76.81338500976562,POS_0928,2008356S14138,NOAA HURSAT-B1 v07b
POS_0929.png,.png,38832,PNG,256,256,L,True,4fcf630ff341d3db6094f56256ae59f1fd6f006275693faa739aa3d71a106db6,0.0,0.0080413818359375,44.03740669559207,80.24433898925781,POS_0929,2008356S14138,NOAA HURSAT-B1 v07b
POS_0930.png,.png,39812,PNG,256,256,L,True,c9b48252cfabc960aae3c1e5173e4d12012b5e1e7b2082d371394ba4e68ae41b,0.00018310546875,0.0117340087890625,53.62493506420623,78.38343811035156,POS_0930,2008356S14138,NOAA HURSAT-B1 v07b
POS_0931.png,.png,38088,PNG,256,256,L,True,8ba85742562a835620ceee3fae1c60ed31434f01b09f1947f31e1c9a446ac058,0.006591796875,0.002593994140625,39.46625008002293,60.407867431640625,POS_0931,2008356S14138,NOAA HURSAT-B1 v07b
POS_0932.png,.png,36370,PNG,256,256,L,True,02da15ded5c1e3b29cc5c001e87a04c62360031618179a8a7f20fad64f4aacd5,0.00030517578125,0.0,49.36206968130078,53.68263244628906,POS_0932,2009017S20043,NOAA HURSAT-B1 v07b
POS_0933.png,.png,36640,PNG,256,256,L,True,04d3d0433eff74a49ce75f7fbc5f1b321186da6f76ae43f7e8d33b0411e5d9a0,0.0,0.0249481201171875,61.19174229072527,94.64039611816406,POS_0933,2009025S12177,NOAA HURSAT-B1 v07b
POS_0934.png,.png,39248,PNG,256,256,L,True,3f923f6e86b69a34d267524a4d619ac11e67f04b3419686c58ddc3ba276abfb4,0.0,0.004302978515625,51.115745399013356,117.26264953613281,POS_0934,2009031S16147,NOAA HURSAT-B1 v07b
POS_0935.png,.png,25779,PNG,256,256,L,True,ae6411d342d808f41e5d1b71b7b4c0a56ca0ea8184c007b478bb497ce0ad809c,0.0,0.0,28.950882018690717,60.126556396484375,POS_0935,2009032S15071,NOAA HURSAT-B1 v07b
POS_0936.png,.png,22209,PNG,256,256,L,True,db6e176c7f9f9aea652145d35219d01ceed0ba209718b362ae134125582406b2,0.0,0.0,13.12076416620062,39.84361267089844,POS_0936,2009034S16126,NOAA HURSAT-B1 v07b
POS_0937.png,.png,29580,PNG,256,256,L,True,5ff612197fd68377ed1e824513d640e98e5748cd7364587082e6845573e281d2,0.0,0.0,22.069553895499478,43.81605529785156,POS_0937,2009034S16126,NOAA HURSAT-B1 v07b
POS_0938.png,.png,32966,PNG,256,256,L,True,131601feb89c24c619777fd7a099211b9d3da5aa9acb21e33b7b04caf14fe5b8,0.0,0.0205535888671875,53.34869423880167,69.82374572753906,POS_0938,2009045S18174,NOAA HURSAT-B1 v07b
POS_0939.png,.png,36163,PNG,256,256,L,True,3b725154e58500502f1967bcb06a9ec30cd81e3a3fa0c0986258c2fef5fc675b,0.0,0.0,50.499861646281744,69.08041381835938,POS_0939,2009051S11075,NOAA HURSAT-B1 v07b
POS_0940.png,.png,29772,PNG,256,256,L,True,0e3e5b59b20d3a31829f0a5a4460d3603e4119fa1f2bfbb900aca53f37ffb21f,0.0120697021484375,0.0609893798828125,63.214631987566825,75.78053283691406,POS_0940,2009059S10101,NOAA HURSAT-B1 v07b
POS_0941.png,.png,35840,PNG,256,256,L,True,52b3b995f014a7e64d35341408ca66089697bfa83f15e6abf5f077f42e5a5a7e,0.0,0.0041046142578125,57.81461179227015,88.07568359375,POS_0941,2009064S13148,NOAA HURSAT-B1 v07b
POS_0942.png,.png,36324,PNG,256,256,L,True,d4707587fcf89a60892eb61962a998b4e700c46543d6c0a1e93d76c3852d3966,0.0,0.0,44.57417103266149,77.710205078125,POS_0942,2009064S13148,NOAA HURSAT-B1 v07b
POS_0943.png,.png,30257,PNG,256,256,L,True,7fd11e875d2ab9b27a614514e15a5232ea4d7cd2a3be7401835dc4425e5b0136,0.0,0.0,40.76291819940507,56.84318542480469,POS_0943,2009064S13148,NOAA HURSAT-B1 v07b
POS_0944.png,.png,33690,PNG,256,256,L,True,342901bc73b2a032583284f07101b8347cedd6d9c7102aacf2e92f91addefb24,0.0,0.0,41.811741964908364,82.76695251464844,POS_0944,2009069S19204,NOAA HURSAT-B1 v07b
POS_0945.png,.png,33380,PNG,256,256,L,True,276c1cc5e6a9f3093f27b55cf30c21bec208934e4c3f677fc2ff8020e497f9f5,0.0,0.0,45.267261582200355,67.61962890625,POS_0945,2009075S18197,NOAA HURSAT-B1 v07b
POS_0946.png,.png,39271,PNG,256,256,L,True,b7f84c9050eba1c44c7ad8470fcb211ac2a43b6e708107741ec895458a757d72,0.0,0.0105133056640625,55.5251777456502,99.72128295898438,POS_0946,2009082S15154,NOAA HURSAT-B1 v07b
POS_0947.png,.png,35860,PNG,256,256,L,True,4fc776ab539b83badcf8bf856a60b50d26d12313f9bb234376a2f51f9d28154d,0.0,0.0025482177734375,67.22757840122503,101.53500366210938,POS_0947,2009092S15178,NOAA HURSAT-B1 v07b
POS_0948.png,.png,36546,PNG,256,256,L,True,494d552734032fc0e8dfaede0c7a567e5c31f3f0cfffc091f8165008dbec8e4d,0.0,0.002685546875,62.65326026684108,104.70344543457031,POS_0948,2009092S15178,NOAA HURSAT-B1 v07b
POS_0949.png,.png,38619,PNG,256,256,L,True,0626935dc082a5f3a7c0a4076bd45fe30ecca7cf4c937948c657bed7b7c31d8d,0.0,0.0,62.70197225430154,111.97053527832031,POS_0949,2009092S15178,NOAA HURSAT-B1 v07b
POS_0950.png,.png,34244,PNG,256,256,L,True,c46948eb3f048406dd95ea521b38a14b85577723ab4cd0814c766cb396d4ea80,0.0,0.0,40.82057691339876,81.53007507324219,POS_0950,2009104N13088,NOAA HURSAT-B1 v07b
POS_0951.png,.png,38585,PNG,256,256,L,True,b8b67b41732d9f87249d1074b55ecad0ae90e88d57d490603f06ebaa35f5c5de,0.0,0.01397705078125,55.176810839032925,89.79478454589844,POS_0951,2009107S07133,NOAA HURSAT-B1 v07b
POS_0952.png,.png,36036,PNG,256,256,L,True,7dc43754d770ac5c88c31a793f2063e6b14adf9983d583010ba0634ac7432fce,0.0,0.016082763671875,45.22543855502688,63.18568420410156,POS_0952,2009107S07133,NOAA HURSAT-B1 v07b
POS_0953.png,.png,37091,PNG,256,256,L,True,e2ee1e8ceca1dd6031d0575ba5143ac2a034dcea0bba415bf0c695bf1c77dd7a,0.0,0.0,51.14416097478904,130.55567932128906,POS_0953,2009143N17089,NOAA HURSAT-B1 v07b
POS_0954.png,.png,30989,PNG,256,256,L,True,7b97e3319b5909bbc0b8c4c7a36cff2c2ddb183773ae2544fa3803f8d3ca64b8,0.0,0.0,39.14501363130198,99.09616088867188,POS_0954,2009143N17089,NOAA HURSAT-B1 v07b
POS_0955.png,.png,36846,PNG,256,256,L,True,c4d8d9ded3ef94ba89b57ad5ea6f38376812abfa0ea6dc212f206ce4ff574a0d,0.02008056640625,0.0,57.26081513718538,79.12178039550781,POS_0955,2009167N14257,NOAA HURSAT-B1 v07b
POS_0956.png,.png,37596,PNG,256,256,L,True,89359356a6c8cb00d0356f4331ecefdf82c5b64e89a939e142caab32943f57d5,0.00732421875,0.0,56.21754877497385,84.13578796386719,POS_0956,2009167N14257,NOAA HURSAT-B1 v07b
POS_0957.png,.png,38311,PNG,256,256,L,True,5ae16a487bb8593f96e8a7b5fb02282f9d09a712b60a0a32ba4e7947fcabf2e6,0.01678466796875,0.0,49.82808207550686,77.06130981445312,POS_0957,2009167N14257,NOAA HURSAT-B1 v07b
POS_0958.png,.png,30511,PNG,256,256,L,True,5debf1e56f21efabdf83cd6bb96126d22a26a96a503de17e9956fa1bc36798a0,0.1275634765625,0.0,43.122069318263144,43.89949035644531,POS_0958,2009174N18072,NOAA HURSAT-B1 v07b
POS_0959.png,.png,34372,PNG,256,256,L,True,a106aec6fe04141f264e75c79f2cc25d791c8f49116abd47606f9911b2b709a4,0.0,0.0,36.93845907582463,57.72892761230469,POS_0959,2009174N18072,NOAA HURSAT-B1 v07b
POS_0960.png,.png,31964,PNG,256,256,L,True,648e0c48676e513458e291f22c022e3c571c201fafb24191ad9a46df14a6bcf0,0.1616363525390625,0.0,47.91096173481945,49.160430908203125,POS_0960,2009176N23069,NOAA HURSAT-B1 v07b
POS_0961.png,.png,34274,PNG,256,256,L,True,2eac24f77d68e70d59ba0cf3f1a416e69cbb0d02053725d568c830a76223919c,0.0,0.0,45.71013926338966,60.8572998046875,POS_0961,2009176N23069,NOAA HURSAT-B1 v07b
POS_0962.png,.png,35267,PNG,256,256,L,True,2d204660117f2b8f09a3511ea9fb9901adc72c3242dd53a294ed8716c5cf549e,0.0,0.0062713623046875,57.87063619971364,100.34153747558594,POS_0962,2009189N17129,NOAA HURSAT-B1 v07b
POS_0963.png,.png,33961,PNG,256,256,L,True,a1becdf71fd5ee607f3e298d8296ec265194d469b9821619ecfb5b243a0a141f,0.0,0.0044403076171875,59.16887043800862,94.8763427734375,POS_0963,2009189N17129,NOAA HURSAT-B1 v07b
POS_0964.png,.png,37516,PNG,256,256,L,True,9e2978b5d4171a6e10ecf90fabba573c2cda459d9738e4a279c72ddc7a477994,0.0,0.019195556640625,63.54880563414497,99.4263916015625,POS_0964,2009192N16130,NOAA HURSAT-B1 v07b
POS_0965.png,.png,31899,PNG,256,256,L,True,32a13ac10b453466c4de6efff05e778b33e8fad5762858bafeff0c369beabdb4,0.0,0.0,44.353924509810454,101.18846130371094,POS_0965,2009201N21089,NOAA HURSAT-B1 v07b
POS_0966.png,.png,30490,PNG,256,256,L,True,8f5ec92b3fc2cfb42fa85c075cc9701fd01b42b0212a38bf58960e626b5e2796,0.0,0.0,47.677842621265604,91.38377380371094,POS_0966,2009213N16130,NOAA HURSAT-B1 v07b
POS_0967.png,.png,30389,PNG,256,256,L,True,a7f588181c492607771b751264974347ddff424d2004858dfe79da61bd602465,0.0,0.001190185546875,31.86007484508428,52.74974060058594,POS_0967,2009220N12246,NOAA HURSAT-B1 v07b
POS_0968.png,.png,31901,PNG,256,256,L,True,1ac6127e31a9d2c8539c3340d2553dc9e65f95dfcfd47a578378cf162faa68bb,0.0,0.0,35.05011130675694,58.15962219238281,POS_0968,2009220N12246,NOAA HURSAT-B1 v07b
POS_0969.png,.png,29562,PNG,256,256,L,True,23340b92d0733cc33190c7cda246044927678829081b60f52461e9e667951081,0.0,0.0,29.17397957085929,51.07293701171875,POS_0969,2009220N12246,NOAA HURSAT-B1 v07b
POS_0970.png,.png,34066,PNG,256,256,L,True,f90f33b0e49d7bf9ada758401e23a441459f9a8a6a63e2f23ebd52b819a576ea,0.0,0.00067138671875,47.911304943115454,70.23147583007812,POS_0970,2009220N12246,NOAA HURSAT-B1 v07b
POS_0971.png,.png,36390,PNG,256,256,L,True,3645d8ae8f4984f36b85c306e618b0c0e51d65b9fcf7c27a1b24ea320c5f5d94,0.0,0.00390625,52.86181218161338,78.26719665527344,POS_0971,2009222N09262,NOAA HURSAT-B1 v07b
POS_0972.png,.png,30661,PNG,256,256,L,True,138b9735150f017a18208686b5378a368290ca2d655acff5b003fc907d643a33,0.0,0.0,45.385006559952636,70.97544860839844,POS_0972,2009222N09262,NOAA HURSAT-B1 v07b
POS_0973.png,.png,29999,PNG,256,256,L,True,cce37935155a9d84c8ce3c8b5450fedd3ae469b4494ab05339edcffc94b75ecc,0.0,0.0,33.204481924253066,55.742645263671875,POS_0973,2009222N09262,NOAA HURSAT-B1 v07b
POS_0974.png,.png,28762,PNG,256,256,L,True,74c4c6d900c3f76457f099f8e51db10202647ad13a807ab3a4224ee49190ae42,0.0,0.00439453125,33.94452676143193,59.43348693847656,POS_0974,2009222N09262,NOAA HURSAT-B1 v07b
POS_0975.png,.png,31981,PNG,256,256,L,True,f947caf84282b0f19b4f2d2a070eaec1804c43531278fa9a62bb7f85f1e4ff25,0.0,0.001373291015625,39.1754897027858,58.25288391113281,POS_0975,2009233N13230,NOAA HURSAT-B1 v07b
POS_0976.png,.png,32813,PNG,256,256,L,True,0334bd7d16e3f4ee16a3d8fe3034456c05e410bd9ad793970d10692f39a25201,0.0,0.0,42.32798283051335,63.12461853027344,POS_0976,2009233N13230,NOAA HURSAT-B1 v07b
POS_0977.png,.png,29245,PNG,256,256,L,True,698a40a846e11013e23c594bc766eae9fe2c9a4dcb27d2d00d7573013ba752db,0.0,0.0,24.301119715253087,43.74391174316406,POS_0977,2009233N13230,NOAA HURSAT-B1 v07b
POS_0978.png,.png,29985,PNG,256,256,L,True,1c502c299e60836b519d0518266b2d03380e141d24646d387f3119d5f84733b1,0.0,0.0,32.47240247833992,49.64326477050781,POS_0978,2009233N13230,NOAA HURSAT-B1 v07b
POS_0979.png,.png,31849,PNG,256,256,L,True,71b0617aaa03e46ab7b93d0b95e9313809d21d46939c89d4e681f865d39bb9c2,0.0,0.0,35.06537633820317,51.486114501953125,POS_0979,2009238N12189,NOAA HURSAT-B1 v07b
POS_0980.png,.png,35177,PNG,256,256,L,True,76f81409bd75f0d0af355dc17f76520478ebfe8a5ce979c8b8eade25ce93cb2b,0.0,0.0196075439453125,50.33291298121845,66.84098815917969,POS_0980,2009238N12189,NOAA HURSAT-B1 v07b
POS_0981.png,.png,36215,PNG,256,256,L,True,e05ab5da221addaf1a89dd85f3aed6c94abbc46ba0d3a1c350fff2aff6bf5390,0.0,0.0098114013671875,47.08590311478042,68.59837341308594,POS_0981,2009238N12189,NOAA HURSAT-B1 v07b
POS_0982.png,.png,37933,PNG,256,256,L,True,3352296e538cf1ee00a5695882bf5b5b1318640751ad579f2dc794eabe5dfd01,0.0,0.0,55.277215726732265,88.01589965820312,POS_0982,2009246N18130,NOAA HURSAT-B1 v07b
POS_0983.png,.png,34656,PNG,256,256,L,True,752958f2f03583599afae59d75d122f421e9d319e21080e892be4aa3e011e4a3,0.0,0.0,42.129572849367385,99.3115234375,POS_0983,2009247N19089,NOAA HURSAT-B1 v07b
POS_0984.png,.png,32837,PNG,256,256,L,True,a1e8b9c955db15029ae52adabecda99b66fe791223df1d33a6bb18318044272a,0.0,0.0,43.39886732184736,97.43267822265625,POS_0984,2009247N19089,NOAA HURSAT-B1 v07b
POS_0985.png,.png,30209,PNG,256,256,L,True,9099363168575ef4b81a521202f894c982df86127f874ed46122c824429d838c,0.0,0.0,54.85928108696184,75.40469360351562,POS_0985,2009254N14130,NOAA HURSAT-B1 v07b
POS_0986.png,.png,34858,PNG,256,256,L,True,331bed4b34af925f14a85d46df09ea7f6a42e2e2661798c95a6680523a4bb87e,0.0,0.006439208984375,50.10396401779954,79.53384399414062,POS_0986,2009254N14130,NOAA HURSAT-B1 v07b
POS_0987.png,.png,36409,PNG,256,256,L,True,367ab2b8b49ce7110947be784d30babf4855392c9c2ee573767cbb8ef73ab261,0.0,0.0120086669921875,61.67910153543689,83.8792724609375,POS_0987,2009255N13155,NOAA HURSAT-B1 v07b
POS_0988.png,.png,30463,PNG,256,256,L,True,4e4c2bff43c2025bb08dc20ef86cfcb369931a282294b7092d987ea5936fe816,0.0,0.0,43.63365664916067,71.50975036621094,POS_0988,2009255N13155,NOAA HURSAT-B1 v07b
POS_0989.png,.png,36388,PNG,256,256,L,True,9464776e76be5ed79d2285835707f7bbad0717ed9023a0a406f84bbd9964e704,0.000335693359375,0.0,47.617401411084174,72.33889770507812,POS_0989,2009257N14256,NOAA HURSAT-B1 v07b
POS_0990.png,.png,28947,PNG,256,256,L,True,370ca1d7975d26f8b5fb7983ad60d8c0aa0d4c546d6c45844e8326ab3c79bc83,0.0,0.0,32.473678711205935,49.96211242675781,POS_0990,2009257N14256,NOAA HURSAT-B1 v07b
POS_0991.png,.png,26054,PNG,256,256,L,True,6ef32f1294c8c0015441bc3fd7161d1821117dff45279494951a9b5f22c533d1,0.0,0.0413665771484375,51.33869083854655,59.642730712890625,POS_0991,2009257N14256,NOAA HURSAT-B1 v07b
POS_0992.png,.png,23022,PNG,256,256,L,True,bc5d4bca84fb13c084575bb99642a0a587aedaaa9b9c4cb9a27469effbdc7bf5,0.0,0.0,16.763902145980833,43.41569519042969,POS_0992,2009257N14256,NOAA HURSAT-B1 v07b
POS_0993.png,.png,32171,PNG,256,256,L,True,984ea7e6577fe1f227eaa4c0d7065ecb4c6b7bb9c80a7a79bc1fb45916cdab3b,0.0,0.0044708251953125,42.07249342771576,60.16117858886719,POS_0993,2009281N15144,NOAA HURSAT-B1 v07b
POS_0994.png,.png,30186,PNG,256,256,L,True,1373ae4409fb911b01f457ac4fdf3261b8ccbd8e96cf46827adf6c05bdd3e16c,0.0,0.0,44.01796772722341,59.96852111816406,POS_0994,2009281N15144,NOAA HURSAT-B1 v07b
POS_0995.png,.png,30013,PNG,256,256,L,True,157e35f62dafd3901b71789a6493bfb65ef503d26033a1b173eeb74d6a4407df,0.0,0.0,35.78858739252965,66.58599853515625,POS_0995,2009281N15144,NOAA HURSAT-B1 v07b
POS_0996.png,.png,33524,PNG,256,256,L,True,b6da44579b267f5379452ef7bad2ab1661a66fc0ffe40a101f6e42448959e6d6,0.0,0.0,48.924230663715804,63.51377868652344,POS_0996,2009289N12230,NOAA HURSAT-B1 v07b
POS_0997.png,.png,27870,PNG,256,256,L,True,88c7bd70c4473b65375de8ef12ef8a01b8edbb11b0b750110954eec556fb95fe,0.0,0.0,28.654862239548223,46.83680725097656,POS_0997,2009289N12230,NOAA HURSAT-B1 v07b
POS_0998.png,.png,29040,PNG,256,256,L,True,b069921dc53c1b4d12b18be5b60f18b538010ab4d5c37710ae46a13174f89f84,0.0,0.0,38.43558050279672,55.73774719238281,POS_0998,2009289N12230,NOAA HURSAT-B1 v07b
POS_0999.png,.png,29441,PNG,256,256,L,True,252b3c7aa2198b683f2d1c159aecea9a9be6a8e9c840ff12bc6480fa6087a77d,0.0,0.0317535400390625,46.68822892782681,51.523223876953125,POS_0999,2009305N14134,NOAA HURSAT-B1 v07b
POS_1000.png,.png,38177,PNG,256,256,L,True,86b71d1122bf6f937b17b8e060faa233122c952aa6090e102add099c3deea255,0.0,0.0,55.816158120297054,96.28033447265625,POS_1000,2009313N11072,NOAA HURSAT-B1 v07b
POS_1001.png,.png,35150,PNG,256,256,L,True,c0794354cc2fb652d74fda2023a031570aa910fe71d89a837f2d2ad2c62c9a7f,0.0,0.0,48.066989029340974,82.36006164550781,POS_1001,2009313N11072,NOAA HURSAT-B1 v07b
POS_1002.png,.png,34716,PNG,256,256,L,True,bd24a32b633726d08c997142c1b969342898ee8a166fd3829fd0f3c5810118c5,0.0,0.0,45.106421090830025,75.43115234375,POS_1002,2009313N11072,NOAA HURSAT-B1 v07b
POS_1003.png,.png,33434,PNG,256,256,L,True,157a9169eb9f1f2e13fa81fb3dd4ab1c80add7b588192ff9303f2d47f4586cad,0.0,0.00604248046875,49.47640461499466,82.85813903808594,POS_1003,2009324N06129,NOAA HURSAT-B1 v07b
POS_1004.png,.png,32177,PNG,256,256,L,True,c122951eee66414dd4c1a552f368adc530a5666c6fe0ac8af757b8a8bc469945,0.0,0.00177001953125,43.144991788903674,79.20095825195312,POS_1004,2009324N06129,NOAA HURSAT-B1 v07b
POS_1005.png,.png,33285,PNG,256,256,L,True,9ff2982605d2c0dcd8e7f3f38efdcec9f3d0b2a65e81bb3bef6e1b5175f39ec1,0.0,0.00115966796875,49.09300926865139,92.31843566894531,POS_1005,2009324N06129,NOAA HURSAT-B1 v07b
POS_1006.png,.png,31463,PNG,256,256,L,True,5fa77de5311d8026b68bf6fb0b1add48873dd7961d839ce4764e7400cbfd49cd,0.0,0.0,52.00992639909354,68.34822082519531,POS_1006,2009344N06085,NOAA HURSAT-B1 v07b
POS_1007.png,.png,33449,PNG,256,256,L,True,d154a82806e0e369f5b9e01681c593b379966c6a61e9ab3f8fae0a65b8053c51,0.0,0.0,44.35093002023906,59.02583312988281,POS_1007,2009344N06085,NOAA HURSAT-B1 v07b
POS_1008.png,.png,28187,PNG,256,256,L,True,416a695de7bcf8a9be9460a69499346941f0ca6964734163837bbf200ac84a4c,0.0,0.0,35.68807247744422,49.520721435546875,POS_1008,2009325S12066,NOAA HURSAT-B1 v07b
POS_1009.png,.png,36507,PNG,256,256,L,True,64e79afc74101a4ddba5f060be1287c6f2edaf0334d709a02016ea5bccf3a667,0.0,0.0,51.264336713052884,71.12702941894531,POS_1009,2009342S09140,
POS_1010.png,.png,39348,PNG,256,256,L,True,bc7fef4535846baa95773d33f80ed754764a54cfb900b1f7ca9ddc8410185474,0.0283203125,0.00408935546875,56.37559546707856,73.01951599121094,POS_1010,2009342S09140,
POS_1011.png,.png,39311,PNG,256,256,L,True,b37fc52bf9b5227239118f625457bad299b4376d4d7c56d3a18e34826f31d3a9,0.00054931640625,0.009796142578125,52.51923963657797,82.20091247558594,POS_1011,2009342S09140,
POS_1012.png,.png,36942,PNG,256,256,L,True,48d39c501e28be385ce2b15b92942f84b13b0086e84997ebe329e3160b6ca1ae,0.0,0.0,52.69787155254655,99.28025817871094,POS_1012,2009342S09140,
POS_1013.png,.png,30284,PNG,256,256,L,True,3c41284b5c25acfd8692ed3036ae022c8fa173e98600e30ad10c94c9c8e3ae13,0.0,0.0,43.104509472011685,53.87785339355469,POS_1013,2009346S07086,
POS_1014.png,.png,28455,PNG,256,256,L,True,2ceb4a552aa70ac46afd0cf04048c62d6fdfeaca3e388c2b4a7e598c94c2f556,0.0,0.0,40.06241660519263,66.31753540039062,POS_1014,2010002S09096,
POS_1018.png,.png,36966,PNG,256,256,L,True,95633551e305c88664978c056d370cb5a36bf0598968be96e46814d89ca5b2ab,0.0,0.0,66.41471427892813,124.69903564453125,POS_1018,2010027S14184,NOAA HURSAT-B1 v07b
POS_1019.png,.png,37495,PNG,256,256,L,True,b9e276c74854fa457dc463317564f926ab44a2515ff8914443b6fb7526b463d0,0.0,0.0,60.66978202244197,120.41938781738281,POS_1019,2010027S14184,NOAA HURSAT-B1 v07b
POS_1020.png,.png,37544,PNG,256,256,L,True,dd9c844a106bdff1b08e561feff27835d1ef3b8505722be25f3d58f22ce37a17,0.0,0.0,57.96015121095278,101.287353515625,POS_1020,2010029S12177,NOAA HURSAT-B1 v07b
POS_1021.png,.png,35773,PNG,256,256,L,True,a6bf6647bfa407e1c1d06fdfc4a981d34194d32b75ce3b8531da8dc0972c3552,0.0,0.00299072265625,72.30507493932701,115.52073669433594,POS_1021,2010029S12177,NOAA HURSAT-B1 v07b
POS_1022.png,.png,33045,PNG,256,256,L,True,8fbb187a3073a9416697b066354631a7d52e74a001e93f555709224ccfdc22ec,0.0,0.0,54.6259169994566,73.60293579101562,POS_1022,2010051S06195,NOAA HURSAT-B1 v07b
POS_1023.png,.png,33102,PNG,256,256,L,True,ebc836a4ae74a3c27a84a39e04871648d0f05d563acc559dc9365c7a19bdca0c,0.0,0.0,52.777075582659606,78.17973327636719,POS_1023,2010051S06195,NOAA HURSAT-B1 v07b
POS_1024.png,.png,34689,PNG,256,256,L,True,438932b6c2c8b69759a799ecb980cc52806e84836c7dacd3fcbcae4fab29cc46,0.0,0.002685546875,52.46723886223671,95.83784484863281,POS_1024,2010051S06195,NOAA HURSAT-B1 v07b
POS_1025.png,.png,33439,PNG,256,256,L,True,cd4da5b1d039f55ddbccb4030ac71d29b88c76ced3bbc6af52aee74707182935,0.0,0.0,45.56854784633899,66.46461486816406,POS_1025,2010051S06195,NOAA HURSAT-B1 v07b
POS_1026.png,.png,38576,PNG,256,256,L,True,d5c489f523328735684e3e965ea2f476d4731f3182f33e3a88fc0c36ed886ea6,0.0,0.0,52.3980528833127,109.01853942871094,POS_1026,2010069S12188,NOAA HURSAT-B1 v07b
POS_1027.png,.png,35913,PNG,256,256,L,True,b4544b899fdcd9747dee528c6cbc11670b3278adaa187e7c064d11d1b30ee9d5,0.0,0.0162811279296875,55.43929921463436,102.21061706542969,POS_1027,2010069S12188,NOAA HURSAT-B1 v07b
POS_1028.png,.png,21485,PNG,256,256,L,True,59057cdf2acc229ce1018a422f473582464f4d23eac253448c5e9bdd4823ce5a,0.0,0.0,25.563870164471655,106.0179443359375,POS_1028,2010069S12188,NOAA HURSAT-B1 v07b
POS_1029.png,.png,37950,PNG,256,256,L,True,72f86e1d0e5484892648a765d6d9c798c66cd6ab615ed33908dbdfa36f45edc3,0.0,0.0086822509765625,47.24152177787261,82.92880249023438,POS_1029,2010070S15168,NOAA HURSAT-B1 v07b
POS_1030.png,.png,36859,PNG,256,256,L,True,e142dab3b45fa6c2a4bcf9090a1e75802477ec42a791ef6c59f4cdb30b3359c7,0.06640625,0.0259857177734375,67.71894988133012,92.67959594726562,POS_1030,2010084S09138,NOAA HURSAT-B1 v07b
POS_1031.png,.png,39126,PNG,256,256,L,True,493d5a16923b4ad5a18bb82094b21d0ebc90832db5ab38e646c20c68eb875a62,0.0,0.0041656494140625,52.48420242475929,106.13345336914062,POS_1031,2010084S09138,
POS_1032.png,.png,36458,PNG,256,256,L,True,4ea7068f6050f962735df8d52cfddf12586dd7198d635eedc22158fed4d5abf3,0.0,0.00201416015625,49.46122331038222,80.91023254394531,POS_1032,2010084S09138,
POS_1033.png,.png,35015,PNG,256,256,L,True,3b60ff0457136ee8cc9332f1daed86b66e49cfc9de23f9a35fa281a57f758dee,0.0,0.0517120361328125,67.8324951506243,110.18510437011719,POS_1033,2010091S09093,
POS_1034.png,.png,22684,PNG,256,256,L,True,e4de84a2f9f36a9bdd6c6164d5faf310436dddbc8ee24a2952f98308ea8ae557,0.0,0.007781982421875,29.971798555756106,38.882781982421875,POS_1034,2010091S09093,
POS_1035.png,.png,24470,PNG,256,256,L,True,9d5888c21d644cb201a3ee831d336639b5807b813037a7a9716b21f25457f558,0.0,0.0,18.75510825657533,39.18414306640625,POS_1035,2010091S09093,
POS_1036.png,.png,32477,PNG,256,256,L,True,507fa2ba93628ec7b4e1817ed0bdb3b352740ac10401770dcaea55b4e8612733,0.0,0.0,47.17301866854725,68.18220520019531,POS_1036,2010110S10118,NOAA HURSAT-B1 v07b
POS_1037.png,.png,30347,PNG,256,256,L,True,ac5481ff0c3fdf52048f59f25693e51a3e9ed605d303e68193edb25dd4d37ca2,0.0520477294921875,0.0,53.82060588504616,54.34246826171875,POS_1037,2010136N09057,NOAA HURSAT-B1 v07b
POS_1038.png,.png,35451,PNG,256,256,L,True,a94f81a8909b10094fbe763f788a29d3462c557097b74290ebda59a8b5bdc21b,0.0,0.0,44.91536525436091,67.74873352050781,POS_1038,2010136N09057,NOAA HURSAT-B1 v07b
POS_1039.png,.png,31547,PNG,256,256,L,True,71e08556f4e3e94dc334f9409e8d5cea18ecb25aa1709fe089ffffcad77ce973,0.0853271484375,0.0,54.92838144580584,60.80491638183594,POS_1039,2010136N09057,NOAA HURSAT-B1 v07b
POS_1040.png,.png,29629,PNG,256,256,L,True,d54899ef6542ea4c4c0319b0f33e48895bd7550f9be8fa610e1c11b950803379,0.1006927490234375,0.0,40.109193888405066,41.21728515625,POS_1040,2010136N09057,NOAA HURSAT-B1 v07b
POS_1041.png,.png,23523,PNG,256,256,L,True,d7a50f1fdf12c3e3a9d461bbd83470e2e47c4add31694c102f6be1258da6269b,0.1840972900390625,0.0,33.08528303152956,31.381378173828125,POS_1041,2010136N09057,NOAA HURSAT-B1 v07b
POS_1042.png,.png,36098,PNG,256,256,L,True,9292d95e7feacc215655def4be15891a57fba7365b6773ec3e059895541bdb03,0.0222625732421875,0.009002685546875,69.6718821799315,103.27101135253906,POS_1042,2010137N10090,NOAA HURSAT-B1 v07b
POS_1043.png,.png,35148,PNG,256,256,L,True,7d3f0f1c808cdea36e8f435c5d71b12cd7e6c806f3892689922e142f9592399b,0.001983642578125,0.0,55.09360812399156,106.56495666503906,POS_1043,2010137N10090,NOAA HURSAT-B1 v07b
POS_1044.png,.png,31306,PNG,256,256,L,True,876a2ff80340d5e487ebbe5a7fba22628fff88ec19382ea473843dac1ca19f81,0.0,0.0,49.92739134972517,78.63398742675781,POS_1044,2010137N10090,NOAA HURSAT-B1 v07b
POS_1045.png,.png,31183,PNG,256,256,L,True,84af9fddad1569979b1c1f93c37c8c83f915e6d2647a47ae59252d952ceb0d2f,0.0872955322265625,0.0,59.64133767083203,68.89814758300781,POS_1045,2010151N14065,NOAA HURSAT-B1 v07b
POS_1046.png,.png,33311,PNG,256,256,L,True,356aa91a388d20fc6d6b6fdcda3325ba2aa072682851022a16aca2210e9fd2d7,0.0,0.0,55.66356252151069,71.80201721191406,POS_1046,2010151N14065,
POS_1047.png,.png,31186,PNG,256,256,L,True,484ca71007bca1cc77eccb10335f8a4438e2f7fda07d4b5660ad655ad7956690,0.001495361328125,0.0,50.44286117363953,57.93644714355469,POS_1047,2010151N14065,
POS_1048.png,.png,29627,PNG,256,256,L,True,a72b9749b0754215632f98a329f1fb928e7ff93980fc843879aacc0b9a318e80,0.119171142578125,0.0,51.394301257626765,48.8321533203125,POS_1048,2010151N14065,
POS_1049.png,.png,30469,PNG,256,256,L,True,63b0ceebaa98501c243d1621264094f08442a90641b11f33ece1787b9ff43b19,0.0,0.0,47.89379996713024,56.32049560546875,POS_1049,2010151N14065,
POS_1050.png,.png,30470,PNG,256,256,L,True,3d8fc6b11a1216c4eb0bc8df7a2f5fba581d73125643a6b4a204da31984f1eb8,0.133514404296875,0.0,52.48251830990746,49.8514404296875,POS_1050,2010151N14065,
POS_1051.png,.png,31310,PNG,256,256,L,True,895751c1ab2d0cba02633748a78fafba7addc6bb78c2f61b75e1099556d10ed2,0.0,0.0,50.939782337495245,62.93585205078125,POS_1051,2010151N14065,
POS_1052.png,.png,29342,PNG,256,256,L,True,70dd2a786aedf75b80395d2a3bb88724f9310a62b2f69242fc74fbadc1cc02da,0.1649627685546875,0.0,46.565743185408394,43.48893737792969,POS_1052,2010151N14065,
POS_1053.png,.png,29020,PNG,256,256,L,True,81a365ca68a65282395e3c593bc958fd473b74b8430902cb3620a9ee2b167b3c,0.0,0.0,41.45389242410874,52.2479248046875,POS_1053,2010151N14065,
POS_1054.png,.png,29594,PNG,256,256,L,True,868e871c856f80be1b83788a8f9bbd8217a70a126101f71ad1a87cadca4e63df,0.0,0.0,31.05972715597802,42.43962097167969,POS_1054,2010151N14065,
POS_1055.png,.png,27899,PNG,256,256,L,True,d92850d1aa798db3c13a25e09324c0f56d27b33a7b9f3bf7e307a6235e94b915,0.0,0.0,30.32799952689634,40.82147216796875,POS_1055,2010151N14065,
POS_1056.png,.png,28453,PNG,256,256,L,True,ac7baf7d5759a66ca06af771218ea70348f3e383cf7acc09e705c27c02a0d8bb,0.1756439208984375,0.0,44.6714159610696,42.45654296875,POS_1056,2010151N14065,
POS_1057.png,.png,32080,PNG,256,256,L,True,e1fd001c364182a1acd072b166a2df78791eb79d77b3803aebf2214515280759,0.1031494140625,0.0,41.85593150278445,46.099151611328125,POS_1057,2010151N14065,
POS_1058.png,.png,35907,PNG,256,256,L,True,87e9d959eba8d8eca7bd360e9bb2dc62e8016117876e3c7ef952d1e399dc5831,0.0107879638671875,0.00103759765625,51.16497151821212,73.40103149414062,POS_1058,2010166N15255,NOAA HURSAT-B1 v07b
POS_1059.png,.png,35186,PNG,256,256,L,True,80f8ede770b04e1f9890422ff4767f9e8ed1f583d610a2ecd7812e5ef3facd22,0.0,0.0,46.204756407468395,79.50138854980469,POS_1059,2010166N15255,NOAA HURSAT-B1 v07b
POS_1060.png,.png,31439,PNG,256,256,L,True,0f8f10ed71a0bd02fda9873f162bfc71b4a0a7514a73d723c41882007020f006,0.0,0.0,33.72101761855701,57.65837097167969,POS_1060,2010166N15255,NOAA HURSAT-B1 v07b
POS_1061.png,.png,25628,PNG,256,256,L,True,758965fe5c004f17b0e8e5c66bbd36c770e4b92eb7120d6e14f7d4a7ebb43137,0.0,0.0,25.211711107615997,52.35993957519531,POS_1061,2010166N15255,NOAA HURSAT-B1 v07b
POS_1062.png,.png,37609,PNG,256,256,L,True,158dd9dbc40c42761d7f927d6282401e5dbc84b05a19cde123515938aabec086,0.0,0.0,44.94919635853606,85.56333923339844,POS_1062,2010169N13266,NOAA HURSAT-B1 v07b
POS_1063.png,.png,37326,PNG,256,256,L,True,3d3a9836d02d4b93fa4e6e4c51eb3558b940dede5bfefa822367e424c21f0466,0.0,0.0020904541015625,53.72987417382754,99.30381774902344,POS_1063,2010195N14257,NOAA HURSAT-B1 v07b
POS_1064.png,.png,32883,PNG,256,256,L,True,0e712569a65a86ceaf4d896f29c9c116e9db00e99701cc06e8750c067b3516b5,0.001556396484375,0.0375518798828125,58.443486870747826,68.86007690429688,POS_1064,2010232N18253,NOAA HURSAT-B1 v07b
POS_1065.png,.png,33878,PNG,256,256,L,True,8d6ecc1c66ddc4142a1593a58aef195b7685a8bc238be9b0bbfba991750b0a1e,0.0,0.0,43.00122479697267,71.17767333984375,POS_1065,2010232N18253,
POS_1066.png,.png,31507,PNG,256,256,L,True,8fb8751995194136cf09c2ca4370662324a84cb27439a5f7fe6db7106e9b087b,0.0,0.003936767578125,33.81188868042295,56.52685546875,POS_1066,2010232N18253,
POS_1067.png,.png,28507,PNG,256,256,L,True,eca0399aa987d5ed2211740a7250130b783a93b2bdb190637d742f3f55f10ce0,0.0,0.0,25.112687091777946,50.11265563964844,POS_1067,2010232N18253,
POS_1068.png,.png,33527,PNG,256,256,L,True,875f2110ce1686301f6be36679c4d1e6b393d84cb3a45bb49c2e2b3ac01ea466,0.0,0.03173828125,63.6368632549328,90.82315063476562,POS_1068,2010239N15118,NOAA HURSAT-B1 v07b
POS_1069.png,.png,33159,PNG,256,256,L,True,26b92a395f556e9d8b9ea5fd66630be6a1d04c87e97c32f87de9079a658e73b9,0.0,0.03228759765625,59.66852861477144,95.18269348144531,POS_1069,2010240N15142,NOAA HURSAT-B1 v07b
POS_1070.png,.png,27535,PNG,256,256,L,True,6dfe2822a0d8ca0eb328bc39ca90f2db021e5dc6833a12d3d6d5c1e270f98468,0.0,0.006927490234375,37.86608490136198,52.90943908691406,POS_1070,2010240N15142,
POS_1071.png,.png,36509,PNG,256,256,L,True,80b49de4bf3a4cccdba82d1ebbbb33cb95ec28eeef8bd9e5ccda4662ce8b6dc4,0.0,0.00335693359375,51.252569592998874,81.38475036621094,POS_1071,2010243N12146,NOAA HURSAT-B1 v07b
POS_1072.png,.png,32095,PNG,256,256,L,True,1ba3cc2412c29a820cc5e54e6cf0aee4bab9373e716c932ab8287963b5955ecc,0.0,0.0,43.45081154945884,68.22846984863281,POS_1072,2010243N12146,
POS_1073.png,.png,30407,PNG,256,256,L,True,f84c98cc830e3fdac18d848cff1f3379e17a8800de3456362f799c20638be14e,0.0,0.0,41.69015692098433,62.48649597167969,POS_1073,2010243N12146,
POS_1074.png,.png,29620,PNG,256,256,L,True,7b0fb413d86851304c4ca83e73c1c5de6cc179b442a7bcc8d6c59c5afb2f4a09,0.0,0.0,49.72065800007001,72.40243530273438,POS_1074,2010249N24125,NOAA HURSAT-B1 v07b
POS_1075.png,.png,26958,PNG,256,256,L,True,a67354a88c3d93342c5c87443dbeddae749044192fd24b94ef9b1909f6d99004,0.0,0.0,30.940966472006483,51.759185791015625,POS_1075,2010249N24125,NOAA HURSAT-B1 v07b
POS_1076.png,.png,32270,PNG,256,256,L,True,278fab7047bc98417f879907d2c2438fa10d965407fb1897f04d4f2573043026,0.0,0.00543212890625,51.142058293898174,87.52079772949219,POS_1076,2010278N18110,NOAA HURSAT-B1 v07b
POS_1077.png,.png,32789,PNG,256,256,L,True,3ab6d5af25adcebe8bee7b33222a81e54ce6f6bd9adf95ae85640d06b8b3d483,0.0,0.01361083984375,53.63668154286522,97.74314880371094,POS_1077,2010280N17085,NOAA HURSAT-B1 v07b
POS_1078.png,.png,33325,PNG,256,256,L,True,87c34d93c31ad47b6a6f1015fc326d0e0f105ef79342fe44fce87722b91346d0,0.0,0.0066680908203125,53.58040973898753,86.6080322265625,POS_1078,2010280N17085,NOAA HURSAT-B1 v07b
POS_1079.png,.png,32982,PNG,256,256,L,True,6275474e59281b152fb7008e6f77479e1e1a68664265f64d816e448d64d37549,0.0,0.018951416015625,50.171533080862346,80.89683532714844,POS_1079,2010286N18090,NOAA HURSAT-B1 v07b
POS_1080.png,.png,32636,PNG,256,256,L,True,d9bd512ded8ac679a59e8a573a6b43f34e4140e85ac483289bc376dbb008b52b,0.0,0.001251220703125,39.831754784446105,54.08970642089844,POS_1080,2010293N13165,
POS_1081.png,.png,33012,PNG,256,256,L,True,8e846d5020dd82950c649d7f4cac1075e5c271cc722d681bc4ae8ca62871fd50,0.0,0.0,28.1306211766941,50.98826599121094,POS_1081,2010293N13165,
POS_1082.png,.png,27801,PNG,256,256,L,True,e478ff2985fb184c7fbd4ad9a7585b6636828a32ca4401bcaf1215a11f36d3cc,0.0,0.0,16.723498550648777,38.74415588378906,POS_1082,2010293N13165,
POS_1083.png,.png,34766,PNG,256,256,L,True,953e0804abe1989b30c4f6ede712da95e5f9d59aceed482f8a2a7dfa37cca13f,0.0,0.0,42.51732867256792,75.80999755859375,POS_1083,2010293N17093,NOAA HURSAT-B1 v07b
POS_1084.png,.png,31764,PNG,256,256,L,True,44a32ddf619a84056aacfef86d759627140f28dcbaebfe5de7db1a95ec73ca19,0.0,0.003662109375,42.34460418281869,68.66224670410156,POS_1084,2010293N17093,
POS_1085.png,.png,31831,PNG,256,256,L,True,ab216c49a942330758d6e25299cf6ede7d7ac2aecd54df16ab3bbef71fc69e34,0.0,0.004486083984375,40.10803659810676,68.06002807617188,POS_1085,2010293N17093,
POS_1086.png,.png,32185,PNG,256,256,L,True,7a03914173df347b90c03a087743ee3128003f05e9acc756d44d199fb5d65742,0.0,0.0,41.03111535806166,78.26751708984375,POS_1086,2010293N17093,
POS_1087.png,.png,33272,PNG,256,256,L,True,0fe4ccea724c92b18b0ed4d8aea32387c956c095c1f460081c58b34eb097a618,0.0,0.0,33.29255129112287,74.60501098632812,POS_1087,2010293N17093,
POS_1088.png,.png,34681,PNG,256,256,L,True,3e66cb0f2686ffabf033f43043572b0454919541f5b47d70a927ee97d51f2ae0,0.0,0.012481689453125,48.426224018699585,101.76957702636719,POS_1088,2010305N06105,NOAA HURSAT-B1 v07b
POS_1089.png,.png,34510,PNG,256,256,L,True,b2d6d8c4b606c9ee2d9aaef453032c7d6bebe0aed23d7a40ce56d4f68e4c4960,0.0,0.0037994384765625,52.78781624568668,101.43223571777344,POS_1089,2010305N06105,NOAA HURSAT-B1 v07b
POS_1090.png,.png,35701,PNG,256,256,L,True,f646d31cfe88c912fc7e9fefcfea18c7e1ef7b6bc76dd189182cf9a180c4d617,0.0,0.0,39.193751142586024,67.73918151855469,POS_1090,2010305N06105,NOAA HURSAT-B1 v07b
POS_1091.png,.png,36490,PNG,256,256,L,True,7b9254ff824a525485ca86003b01b2039bcf16843a6b1c2f8e878c3528baf949,0.0,0.0,42.54769780432722,88.50465393066406,POS_1091,2010315N14112,
POS_1092.png,.png,33813,PNG,256,256,L,True,0690f1274cdb96789f89d08d0b994c0a046e049308738696e53a1fe8df1e3401,0.0,0.0,44.095440552969556,75.39878845214844,POS_1092,2010341N14082,
POS_1093.png,.png,36151,PNG,256,256,L,True,b873aa1c2ae74e8c8a6b9c744e35db79b7a7e033e8528195b4bfe4772cf708d1,0.0,0.0,44.62117792221929,80.5032958984375,POS_1093,2010346N09115,
POS_1094.png,.png,37656,PNG,256,256,L,True,047a1aa4b2d97ead316d3d521d7ac34b9e7dd785106f760230ddbfb2d53ef415,0.0,0.012115478515625,48.355137450328684,78.36262512207031,POS_1094,2010346N09115,
POS_1095.png,.png,37390,PNG,256,256,L,True,574da22a4ea3bd4cca9dde9c173ff52ec53ae0ece7fc9cb452f3c2046df117d1,0.0,0.0,33.78480023788528,64.90826416015625,POS_1095,2010346N09115,
POS_1096.png,.png,36404,PNG,256,256,L,True,1bb9c0fdd3d7a2ea35294a616d30ec08e82a82009683bd4a100c5a3b30e05b3d,0.0,0.0127716064453125,53.91974919931409,119.14730834960938,POS_1096,2010349S18109,
POS_1097.png,.png,35140,PNG,256,256,L,True,3c635caa79718eb82a3e668ae04f34226b9724f98faa994317e2c479040283ce,0.0,0.03369140625,61.81971139706102,108.45890808105469,POS_1097,2010349S18109,
POS_1098.png,.png,32818,PNG,256,256,L,True,ffe41f2444849f22f00875ab86a305479d8b7359863547b6445c94ff7da75369,0.0,0.002777099609375,48.14984662714953,87.49127197265625,POS_1098,2010349S18109,
POS_1099.png,.png,34438,PNG,256,256,L,True,f2ad153830c388a023d5e95c9ec2b727ea55ebbe0aa2bc4e7b4c1045a47450d4,9.1552734375e-05,0.01953125,59.436035180598175,92.59141540527344,POS_1099,2010349S18109,
POS_1100.png,.png,33406,PNG,256,256,L,True,001bd6c7eac2ffed807e5fcc2d1a84e3792ec839d4bd4c37c06881cb2451b8d6,0.0046539306640625,0.0182037353515625,56.43418399493934,76.17236328125,POS_1100,2010349S18109,
POS_1101.png,.png,28770,PNG,256,256,L,True,6cf5a6654707972a2339fe83473436488d0c7b5788fbbcb587193b052dce5bae,0.0,0.0,20.42723909739592,54.42756652832031,POS_1101,2010349S18109,
POS_1102.png,.png,30491,PNG,256,256,L,True,ab7e83482b7850ce56fbfbe875dadcaeb417fffc8676c262aa7e756a0dd2711d,0.0,0.0,30.801658853198997,59.55326843261719,POS_1102,2010349S18109,
POS_1103.png,.png,28857,PNG,256,256,L,True,9fb8477aab0c040c029b8b76310a92b4167c155ffcf2f7c7c7f72566ce3b0274,0.000396728515625,0.0032501220703125,37.86598243274277,63.866668701171875,POS_1103,2010349S18109,
POS_1104.png,.png,36025,PNG,256,256,L,True,d9ede67652e32c9320eac63678e61ddf8658f35bd42b863472dca42e752a9c2e,0.088897705078125,0.0,63.232547844174,92.90205383300781,POS_1104,2010363S15133,
POS_1105.png,.png,34676,PNG,256,256,L,True,8fdd77714024cf135a48249ce0b310cca3e0c24aca5986a4ff480c5759a81370,0.174407958984375,0.001739501953125,59.6945794736757,76.34407043457031,POS_1105,2010363S15133,
POS_1106.png,.png,34718,PNG,256,256,L,True,cb2ef9535aae1a2e632a6ef45a29100435056497a0163c983efff1d8ac8c258e,0.0,0.0,57.33795269627541,89.34864807128906,POS_1106,2010363S15133,
POS_1107.png,.png,32843,PNG,256,256,L,True,1cb24f3605d6c0dec113f3393cdb26003c3f7c62bc1087bff994954d4ee25dff,0.0,0.0043182373046875,59.492520059135416,90.05252075195312,POS_1107,2010363S15133,
