sample_id,label,class_code,class_name,storm_id,name,basin,subbasin,region,subregion,timestamp,latitude,longitude,nature,usa_wind_kt,imd_category_of_usa_wind,wmo_wind_kt,wmo_agency,usa_sshs,dataset_a_wind_kt,in_dataset_a
CLS_00001,0,D-DD,Depression / Deep Depression,1999343S09095,ILSA,SI,WA,south_indian_ocean,,1999-12-10T12:00:00Z,-9.8,98.4,TS,25.0,D,30.0,bom,-1,30.0,True
CLS_00002,0,D-DD,Depression / Deep Depression,1999343S11123,JOHN,SI,WA,south_indian_ocean,,1999-12-11T15:00:00Z,-13.4,119.8,TS,30.0,DD,,,-1,30.0,True
CLS_00003,0,D-DD,Depression / Deep Depression,1999357S08076,ASTRIDE,SI,MM,south_indian_ocean,,2000-01-02T00:00:00Z,-12.7,45.8,TS,25.0,D,33.0,reunion,-1,33.0,True
CLS_00004,0,D-DD,Depression / Deep Depression,2000006S15164,IRIS,SP,MM,pacific_ocean,southern_pacific,2000-01-07T03:00:00Z,-15.7,164.3,TS,25.0,D,,,-1,25.0,True
CLS_00005,0,D-DD,Depression / Deep Depression,2000019S11127,UNNAMED,SI,WA,south_indian_ocean,,2000-01-18T21:00:00Z,-11.3,126.5,TS,25.0,D,,,-1,25.0,True
CLS_00006,0,D-DD,Depression / Deep Depression,2000023S15172,JO,SP,MM,pacific_ocean,southern_pacific,2000-01-23T06:00:00Z,-15.0,172.2,TS,25.0,D,25.0,nadi,-1,25.0,True
CLS_00007,0,D-DD,Depression / Deep Depression,2000024S12100,KIRRILY,SI,WA,south_indian_ocean,,2000-01-25T12:00:00Z,-12.9,106.2,TS,25.0,D,25.0,bom,-1,25.0,True
CLS_00008,0,D-DD,Depression / Deep Depression,2000025S15056,CONNIE,SI,MM,south_indian_ocean,,2000-01-25T15:00:00Z,-14.9,55.6,TS,30.0,DD,,,-1,30.0,True
CLS_00009,0,D-DD,Depression / Deep Depression,2000023S15172,JO,SP,MM,pacific_ocean,southern_pacific,2000-01-28T06:00:00Z,-33.3,197.2,TS,25.0,D,55.0,wellington,-1,55.0,True
CLS_00010,0,D-DD,Depression / Deep Depression,2000031S11074,DAMIENNE,SI,MM,south_indian_ocean,,2000-02-02T21:00:00Z,-17.5,75.2,TS,25.0,D,,,-1,25.0,True
CLS_00011,0,D-DD,Depression / Deep Depression,2000032S11116,ELINE:LEONE,SI,WA,south_indian_ocean,,2000-02-03T15:00:00Z,-11.7,108.3,TS,25.0,D,,,-1,25.0,True
CLS_00012,0,D-DD,Depression / Deep Depression,2000050S13078,FELICIA,SI,MM,south_indian_ocean,,2000-02-19T00:00:00Z,-13.8,77.6,TS,25.0,D,20.0,reunion,-1,20.0,True
CLS_00013,0,D-DD,Depression / Deep Depression,2000055S23227,KIM,SP,MM,pacific_ocean,southern_pacific,2000-02-24T06:00:00Z,-23.2,-134.8,TS,30.0,DD,25.0,nadi,-1,25.0,True
CLS_00014,0,D-DD,Depression / Deep Depression,2000056S17152,STEVE,SP,EA,pacific_ocean,southern_pacific,2000-03-01T06:00:00Z,-15.6,135.4,TS,30.0,DD,30.0,bom,-1,30.0,True
CLS_00015,0,D-DD,Depression / Deep Depression,2000056S17152,STEVE,SI,WA,south_indian_ocean,,2000-03-02T03:00:00Z,-14.8,132.7,TS,25.0,D,,,-1,25.0,True
CLS_00016,0,D-DD,Depression / Deep Depression,2000058S14063,GLORIA,SI,MM,south_indian_ocean,,2000-03-02T18:00:00Z,-16.6,47.7,TS,25.0,D,,reunion,-1,25.0,True
CLS_00017,0,D-DD,Depression / Deep Depression,2000060S12086,UNNAMED,SI,MM,south_indian_ocean,,2000-03-05T15:00:00Z,-14.7,80.5,TS,25.0,D,,,-1,25.0,True
CLS_00018,0,D-DD,Depression / Deep Depression,2000064S19209,LEO,SP,MM,pacific_ocean,southern_pacific,2000-03-06T09:00:00Z,-24.3,-162.8,TS,25.0,D,,,-1,25.0,True
CLS_00019,0,D-DD,Depression / Deep Depression,2000067S15189,MONA,SP,MM,pacific_ocean,southern_pacific,2000-03-08T06:00:00Z,-19.5,-175.1,TS,30.0,DD,25.0,nadi,-1,25.0,True
CLS_00020,0,D-DD,Depression / Deep Depression,2000075S17119,OLGA,SI,WA,south_indian_ocean,,2000-03-16T18:00:00Z,-16.7,113.5,TS,30.0,DD,35.0,bom,-1,35.0,True
CLS_00021,0,D-DD,Depression / Deep Depression,2000091S14156,TESSI,SP,EA,pacific_ocean,southern_pacific,2000-03-31T06:00:00Z,-14.7,155.2,TS,20.0,D,30.0,bom,-1,30.0,True
CLS_00022,0,D-DD,Depression / Deep Depression,2000089S20168,VAUGHAN,SP,MM,pacific_ocean,southern_pacific,2000-03-31T09:00:00Z,-19.9,167.2,TS,25.0,D,,,-1,25.0,True
CLS_00023,0,D-DD,Depression / Deep Depression,2000091S14156,TESSI,SP,EA,pacific_ocean,southern_pacific,2000-03-31T18:00:00Z,-15.4,153.8,TS,25.0,D,35.0,bom,-1,35.0,True
CLS_00024,0,D-DD,Depression / Deep Depression,2000089S20168,VAUGHAN,SP,MM,pacific_ocean,southern_pacific,2000-04-01T09:00:00Z,-17.9,165.7,TS,25.0,D,,,-1,25.0,True
CLS_00025,0,D-DD,Depression / Deep Depression,2000104S17182,NEIL,SP,MM,pacific_ocean,southern_pacific,2000-04-14T06:00:00Z,-18.4,179.8,TS,25.0,D,25.0,nadi,-1,25.0,True
CLS_00026,0,D-DD,Depression / Deep Depression,2000104S17182,NEIL,SP,MM,pacific_ocean,southern_pacific,2000-04-16T21:00:00Z,-23.2,180.7,TS,33.0,DD,,,-1,33.0,True
CLS_00027,0,D-DD,Depression / Deep Depression,2000103S10095,INNOCENTE,SI,MM,south_indian_ocean,,2000-04-19T12:00:00Z,-18.2,69.6,TS,25.0,D,30.0,reunion,-1,30.0,True
CLS_00028,0,D-DD,Depression / Deep Depression,2000105S09127,ROSITA,SI,WA,south_indian_ocean,,2000-04-20T21:00:00Z,-20.5,128.3,TS,30.0,DD,,,-1,30.0,True
CLS_00029,0,D-DD,Depression / Deep Depression,2000138N16119,LONGWANG,WP,MM,pacific_ocean,western_pacific,2000-05-18T09:00:00Z,18.6,123.0,TS,20.0,D,,,-1,20.0,True
CLS_00030,0,D-DD,Depression / Deep Depression,2000164N12256,BUD,EP,MM,pacific_ocean,eastern_pacific,2000-06-16T15:00:00Z,19.9,-111.1,TS,30.0,DD,,,-1,30.0,True
CLS_00031,0,D-DD,Depression / Deep Depression,2000203N17249,UNNAMED,EP,MM,pacific_ocean,eastern_pacific,2000-07-21T06:00:00Z,17.0,-110.7,TS,25.0,D,,,-1,25.0,True
CLS_00032,0,D-DD,Depression / Deep Depression,2000202N12131,BOLAVEN,WP,MM,pacific_ocean,western_pacific,2000-07-22T12:00:00Z,17.3,124.4,TS,25.0,D,,,-1,25.0,True
CLS_00033,0,D-DD,Depression / Deep Depression,2000206N11266,EMILIA,EP,MM,pacific_ocean,eastern_pacific,2000-07-29T15:00:00Z,20.3,-119.5,TS,33.0,DD,,,-1,33.0,True
CLS_00034,0,D-DD,Depression / Deep Depression,2000214N22155,JELAWAT,WP,MM,pacific_ocean,western_pacific,2000-07-31T18:00:00Z,22.0,154.3,TS,20.0,D,,tokyo,-1,20.0,True
CLS_00035,0,D-DD,Depression / Deep Depression,2000214S06080,UNNAMED,SI,MM,south_indian_ocean,,2000-08-01T15:00:00Z,-6.2,77.9,TS,33.0,DD,,,-1,33.0,True
CLS_00036,0,D-DD,Depression / Deep Depression,2000215N15254,FABIO,EP,MM,pacific_ocean,eastern_pacific,2000-08-06T12:00:00Z,15.5,-124.8,TS,30.0,DD,30.0,hurdat_epa,-1,30.0,True
CLS_00037,0,D-DD,Depression / Deep Depression,2000220N24149,UNNAMED,WP,MM,pacific_ocean,western_pacific,2000-08-09T21:00:00Z,35.5,148.2,TS,30.0,DD,,,-1,30.0,True
CLS_00038,0,D-DD,Depression / Deep Depression,2000222N14143,EWINIAR,WP,MM,pacific_ocean,western_pacific,2000-08-18T09:00:00Z,39.3,149.6,TS,33.0,DD,,,-1,33.0,True
CLS_00039,0,D-DD,Depression / Deep Depression,2000237N08138,PRAPIROON,WP,MM,pacific_ocean,western_pacific,2000-08-26T06:00:00Z,16.5,131.7,TS,30.0,DD,,tokyo,-1,30.0,True
CLS_00040,0,D-DD,Depression / Deep Depression,2000241N15223,JOHN,EP,CP,pacific_ocean,eastern_pacific,2000-09-01T00:00:00Z,17.3,-141.9,TS,30.0,DD,30.0,hurdat_epa,-1,30.0,True
CLS_00041,0,D-DD,Depression / Deep Depression,2000240N22115,MARIA,WP,MM,pacific_ocean,western_pacific,2000-09-01T09:00:00Z,24.8,114.3,TS,33.0,DD,,,-1,33.0,True
CLS_00042,0,D-DD,Depression / Deep Depression,2000245N14157,SAOMAI,WP,MM,pacific_ocean,western_pacific,2000-09-01T21:00:00Z,16.0,157.6,TS,20.0,D,,,-1,20.0,True
CLS_00043,0,D-DD,Depression / Deep Depression,2000249N15258,LANE,EP,MM,pacific_ocean,eastern_pacific,2000-09-05T09:00:00Z,15.8,-104.4,TS,33.0,DD,,,-1,33.0,True
CLS_00044,0,D-DD,Depression / Deep Depression,2000248N18126,BOPHA,WP,MM,pacific_ocean,western_pacific,2000-09-06T09:00:00Z,22.3,136.4,TS,28.0,DD,,,-1,28.0,True
CLS_00045,0,D-DD,Depression / Deep Depression,2000258N22138,SONAMU,WP,MM,pacific_ocean,western_pacific,2000-09-14T15:00:00Z,22.4,140.3,TS,33.0,DD,,,-1,33.0,True
CLS_00046,0,D-DD,Depression / Deep Depression,2000272N24165,UNNAMED,WP,MM,pacific_ocean,western_pacific,2000-09-30T12:00:00Z,29.8,168.1,TS,25.0,D,,,-1,25.0,True
CLS_00047,0,D-DD,Depression / Deep Depression,2000277N15257,OLIVIA,EP,MM,pacific_ocean,eastern_pacific,2000-10-02T18:00:00Z,15.3,-103.5,TS,30.0,DD,30.0,hurdat_epa,-1,30.0,True
CLS_00048,0,D-DD,Depression / Deep Depression,2000289N15089,UNNAMED,NI,BB,north_indian_ocean,bay_of_bengal,2000-10-14T21:00:00Z,14.7,88.7,TS,25.0,D,,,-1,25.0,True
CLS_00049,0,D-DD,Depression / Deep Depression,2000289N15089,UNNAMED,NI,BB,north_indian_ocean,bay_of_bengal,2000-10-15T09:00:00Z,14.5,87.4,TS,25.0,D,,,-1,25.0,True
CLS_00050,0,D-DD,Depression / Deep Depression,2000289N15089,UNNAMED,NI,BB,north_indian_ocean,bay_of_bengal,2000-10-15T21:00:00Z,14.4,86.3,TS,30.0,DD,,,-1,30.0,True
CLS_00051,0,D-DD,Depression / Deep Depression,2000289N15089,UNNAMED,NI,BB,north_indian_ocean,bay_of_bengal,2000-10-17T12:00:00Z,14.1,84.0,TS,30.0,DD,35.0,newdelhi,-1,35.0,True
CLS_00052,0,D-DD,Depression / Deep Depression,2000289N15089,UNNAMED,NI,BB,north_indian_ocean,bay_of_bengal,2000-10-18T03:00:00Z,14.4,83.4,TS,30.0,DD,30.0,newdelhi,-1,30.0,True
CLS_00053,0,D-DD,Depression / Deep Depression,2000289N15089,UNNAMED,NI,BB,north_indian_ocean,bay_of_bengal,2000-10-18T15:00:00Z,14.6,82.6,TS,25.0,D,,,-1,25.0,True
CLS_00054,0,D-DD,Depression / Deep Depression,2000299N08139,XANGSANE,WP,MM,pacific_ocean,western_pacific,2000-10-25T09:00:00Z,9.0,136.3,TS,25.0,D,,,-1,25.0,True
CLS_00055,0,D-DD,Depression / Deep Depression,2000299N13093,UNNAMED,NI,BB,north_indian_ocean,bay_of_bengal,2000-10-26T03:00:00Z,15.9,89.7,TS,28.0,DD,25.0,newdelhi,-1,25.0,True
CLS_00056,0,D-DD,Depression / Deep Depression,2000299N13093,UNNAMED,NI,BB,north_indian_ocean,bay_of_bengal,2000-10-26T21:00:00Z,17.3,88.2,TS,30.0,DD,,,-1,30.0,True
CLS_00057,0,D-DD,Depression / Deep Depression,2000299N13093,UNNAMED,NI,BB,north_indian_ocean,bay_of_bengal,2000-10-27T15:00:00Z,19.8,88.4,TS,33.0,DD,,,-1,33.0,True
CLS_00058,0,D-DD,Depression / Deep Depression,2000299N13093,UNNAMED,NI,BB,north_indian_ocean,bay_of_bengal,2000-10-28T03:00:00Z,22.5,89.1,TS,28.0,DD,30.0,newdelhi,-1,30.0,True
CLS_00059,0,D-DD,Depression / Deep Depression,2000309N10270,ROSA,EP,MM,pacific_ocean,eastern_pacific,2000-11-04T18:00:00Z,10.4,-94.2,TS,30.0,DD,30.0,hurdat_epa,-1,30.0,True
CLS_00060,0,D-DD,Depression / Deep Depression,2000305N06136,BEBINCA,WP,MM,pacific_ocean,western_pacific,2000-11-07T15:00:00Z,20.9,113.9,TS,25.0,D,,,-1,25.0,True
CLS_00061,0,D-DD,Depression / Deep Depression,2000331N09092,UNNAMED,NI,BB,north_indian_ocean,bay_of_bengal,2000-11-26T06:00:00Z,9.3,90.8,TS,30.0,DD,25.0,newdelhi,-1,25.0,True
CLS_00062,0,D-DD,Depression / Deep Depression,2000331N09092,UNNAMED,NI,AS,north_indian_ocean,arabian_sea,2000-11-30T18:00:00Z,11.5,75.7,TS,25.0,D,,,-1,25.0,True
CLS_00063,0,D-DD,Depression / Deep Depression,2000331N09092,UNNAMED,NI,AS,north_indian_ocean,arabian_sea,2000-12-02T15:00:00Z,11.7,69.4,TS,30.0,DD,,,-1,30.0,True
CLS_00064,0,D-DD,Depression / Deep Depression,2000333S11140,SAM,SI,WA,south_indian_ocean,,2000-12-04T00:00:00Z,-14.2,127.6,TS,30.0,DD,30.0,bom,-1,30.0,True
CLS_00065,0,D-DD,Depression / Deep Depression,2000331N09092,UNNAMED,NI,AS,north_indian_ocean,arabian_sea,2000-12-04T09:00:00Z,10.1,61.2,TS,28.0,DD,,,-1,28.0,True
CLS_00066,0,D-DD,Depression / Deep Depression,2000358N08086,UNNAMED,NI,BB,north_indian_ocean,bay_of_bengal,2000-12-23T06:00:00Z,7.8,85.8,TS,30.0,DD,25.0,newdelhi,-1,25.0,True
CLS_00067,0,D-DD,Depression / Deep Depression,2000358N08086,UNNAMED,NI,BB,north_indian_ocean,bay_of_bengal,2000-12-24T00:00:00Z,7.9,84.2,TS,30.0,DD,30.0,newdelhi,-1,30.0,True
CLS_00068,0,D-DD,Depression / Deep Depression,2000358N08086,UNNAMED,NI,BB,north_indian_ocean,bay_of_bengal,2000-12-24T12:00:00Z,8.2,83.7,TS,30.0,DD,30.0,newdelhi,-1,30.0,True
CLS_00069,0,D-DD,Depression / Deep Depression,2000358N08086,UNNAMED,NI,AS,north_indian_ocean,arabian_sea,2000-12-28T09:00:00Z,8.7,77.0,TS,30.0,DD,,,-1,30.0,True
CLS_00070,0,D-DD,Depression / Deep Depression,2000364N07130,SOULIK,WP,MM,pacific_ocean,western_pacific,2000-12-29T09:00:00Z,9.1,129.9,TS,25.0,D,,,-1,25.0,True
CLS_00071,0,D-DD,Depression / Deep Depression,2001018S12086,CHARLY,SI,MM,south_indian_ocean,,2001-01-18T03:00:00Z,-12.6,86.4,TS,25.0,D,,,-1,25.0,True
CLS_00072,0,D-DD,Depression / Deep Depression,2001039S11139,WINSOME,SP,EA,pacific_ocean,southern_pacific,2001-02-10T00:00:00Z,-11.6,137.5,TS,25.0,D,30.0,bom,-1,30.0,True
CLS_00073,0,D-DD,Depression / Deep Depression,2001039S11139,WINSOME,SI,WA,south_indian_ocean,,2001-02-12T03:00:00Z,-16.4,132.4,TS,25.0,D,,,-1,25.0,True
CLS_00074,0,D-DD,Depression / Deep Depression,2001047S17157,UNNAMED,SP,EA,pacific_ocean,southern_pacific,2001-02-16T00:00:00Z,-16.8,157.4,TS,25.0,D,,,-1,25.0,True
CLS_00075,0,D-DD,Depression / Deep Depression,2001047S17157,UNNAMED,SP,MM,pacific_ocean,southern_pacific,2001-02-18T06:00:00Z,-22.2,168.3,TS,30.0,DD,,,-1,30.0,True
CLS_00076,0,D-DD,Depression / Deep Depression,2001047N09134,UNNAMED,WP,MM,pacific_ocean,western_pacific,2001-02-19T06:00:00Z,11.4,122.0,TS,25.0,D,,,-1,25.0,True
CLS_00077,0,D-DD,Depression / Deep Depression,2001049S17198,OMA,SP,MM,pacific_ocean,southern_pacific,2001-02-20T06:00:00Z,-21.2,-164.0,TS,30.0,DD,30.0,nadi,-1,30.0,True
CLS_00078,0,D-DD,Depression / Deep Depression,2001054S15155,ABIGAIL,SP,EA,pacific_ocean,southern_pacific,2001-02-25T06:00:00Z,-16.7,141.0,TS,30.0,DD,30.0,bom,-1,30.0,True
CLS_00079,0,D-DD,Depression / Deep Depression,2001060S19223,RITA,SP,MM,pacific_ocean,southern_pacific,2001-02-28T18:00:00Z,-19.3,-136.8,TS,25.0,D,,,-1,25.0,True
CLS_00080,0,D-DD,Depression / Deep Depression,2001054S15155,ABIGAIL,SI,WA,south_indian_ocean,,2001-03-02T03:00:00Z,-18.6,126.9,TS,25.0,D,,,-1,25.0,True
CLS_00081,0,D-DD,Depression / Deep Depression,2001091S11111,WALTER,SI,WA,south_indian_ocean,,2001-04-02T09:00:00Z,-9.7,107.1,TS,25.0,D,,,-1,25.0,True
CLS_00082,0,D-DD,Depression / Deep Depression,2001093S10062,EVARISTE,SI,MM,south_indian_ocean,,2001-04-03T06:00:00Z,-9.9,61.5,TS,30.0,DD,25.0,reunion,-1,25.0,True
CLS_00083,0,D-DD,Depression / Deep Depression,2001094S12172,SOSE,SP,MM,pacific_ocean,southern_pacific,2001-04-04T12:00:00Z,-12.5,168.8,TS,25.0,D,,,-1,25.0,True
CLS_00084,0,D-DD,Depression / Deep Depression,2001094S12172,SOSE,SP,MM,pacific_ocean,southern_pacific,2001-04-05T15:00:00Z,-13.6,166.2,TS,30.0,DD,,,-1,30.0,True
CLS_00085,0,D-DD,Depression / Deep Depression,2001106S08137,ALISTAIR,SP,EA,pacific_ocean,southern_pacific,2001-04-16T00:00:00Z,-8.2,135.5,TS,25.0,D,25.0,bom,-1,25.0,True
CLS_00086,0,D-DD,Depression / Deep Depression,2001106S08137,ALISTAIR,SI,WA,south_indian_ocean,,2001-04-23T12:00:00Z,-24.2,111.5,TS,25.0,D,40.0,bom,-1,40.0,True
CLS_00087,0,D-DD,Depression / Deep Depression,2001171N12234,BARBARA,EP,CP,pacific_ocean,eastern_pacific,2001-06-25T09:00:00Z,21.3,-154.1,TS,25.0,D,,,-1,25.0,True
CLS_00088,0,D-DD,Depression / Deep Depression,2001192N21177,UNNAMED,WP,MM,pacific_ocean,western_pacific,2001-07-10T18:00:00Z,21.4,176.9,TS,25.0,D,,,-1,25.0,True
CLS_00089,0,D-DD,Depression / Deep Depression,2001194N15252,COSME,EP,MM,pacific_ocean,eastern_pacific,2001-07-14T21:00:00Z,18.5,-115.5,TS,28.0,DD,,,-1,28.0,True
CLS_00090,0,D-DD,Depression / Deep Depression,2001202N14243,ERICK,EP,MM,pacific_ocean,eastern_pacific,2001-07-20T21:00:00Z,14.1,-117.8,TS,30.0,DD,,,-1,30.0,True
CLS_00091,0,D-DD,Depression / Deep Depression,2001202N23152,KONG-REY,WP,MM,pacific_ocean,western_pacific,2001-07-21T06:00:00Z,24.0,151.8,TS,25.0,D,,tokyo,-1,25.0,True
CLS_00092,0,D-DD,Depression / Deep Depression,2001204N19127,YUTU,WP,MM,pacific_ocean,western_pacific,2001-07-23T00:00:00Z,19.4,124.0,TS,25.0,D,,tokyo,-1,25.0,True
CLS_00093,0,D-DD,Depression / Deep Depression,2001206N14134,TORAJI,WP,MM,pacific_ocean,western_pacific,2001-07-26T03:00:00Z,16.1,131.2,TS,25.0,D,,,-1,25.0,True
CLS_00094,0,D-DD,Depression / Deep Depression,2001212N10158,MAN-YI,WP,MM,pacific_ocean,western_pacific,2001-08-01T15:00:00Z,10.5,153.2,TS,23.0,D,,,-1,23.0,True
CLS_00095,0,D-DD,Depression / Deep Depression,2001236N21161,UNNAMED,WP,MM,pacific_ocean,western_pacific,2001-08-25T00:00:00Z,23.7,162.4,TS,30.0,DD,,,-1,30.0,True
CLS_00096,0,D-DD,Depression / Deep Depression,2001238N16139,WUTIP,WP,MM,pacific_ocean,western_pacific,2001-08-26T09:00:00Z,16.0,140.1,TS,25.0,D,,,-1,25.0,True
CLS_00097,0,D-DD,Depression / Deep Depression,2001246N19156,DANAS,WP,MM,pacific_ocean,western_pacific,2001-09-03T06:00:00Z,18.9,155.7,TS,25.0,D,,tokyo,-1,25.0,True
CLS_00098,0,D-DD,Depression / Deep Depression,2001248N17251,HENRIETTE,EP,MM,pacific_ocean,eastern_pacific,2001-09-08T09:00:00Z,22.2,-133.3,TS,33.0,DD,,,-1,33.0,True
CLS_00099,0,D-DD,Depression / Deep Depression,2001248N23125,NARI,WP,MM,pacific_ocean,western_pacific,2001-09-18T15:00:00Z,22.9,120.2,TS,33.0,DD,,,-1,33.0,True
CLS_00100,0,D-DD,Depression / Deep Depression,2001266N10217,UNNAMED,EP,CP,pacific_ocean,eastern_pacific,2001-09-24T00:00:00Z,10.2,-151.0,TS,30.0,DD,30.0,hurdat_epa,-1,30.0,True
CLS_00101,0,D-DD,Depression / Deep Depression,2001267N17070,UNNAMED,NI,AS,north_indian_ocean,arabian_sea,2001-09-24T15:00:00Z,16.9,69.1,TS,25.0,D,,,-1,25.0,True
CLS_00102,0,D-DD,Depression / Deep Depression,2001267N17070,UNNAMED,NI,AS,north_indian_ocean,arabian_sea,2001-09-25T09:00:00Z,17.1,68.1,TS,28.0,DD,30.0,newdelhi,-1,30.0,True
CLS_00103,0,D-DD,Depression / Deep Depression,2001267N17070,UNNAMED,NI,AS,north_indian_ocean,arabian_sea,2001-09-26T03:00:00Z,18.0,67.2,TS,33.0,DD,35.0,newdelhi,-1,35.0,True
CLS_00104,0,D-DD,Depression / Deep Depression,2001267N17070,UNNAMED,NI,AS,north_indian_ocean,arabian_sea,2001-09-27T09:00:00Z,18.7,63.5,TS,30.0,DD,,,-1,30.0,True
CLS_00105,0,D-DD,Depression / Deep Depression,2001267N17070,UNNAMED,NI,AS,north_indian_ocean,arabian_sea,2001-09-27T21:00:00Z,19.0,62.3,TS,25.0,D,25.0,newdelhi,-1,25.0,True
CLS_00106,0,D-DD,Depression / Deep Depression,2001267N17070,UNNAMED,NI,AS,north_indian_ocean,arabian_sea,2001-09-28T12:00:00Z,19.4,61.1,TS,20.0,D,,,-1,20.0,True
CLS_00107,0,D-DD,Depression / Deep Depression,2001264N21126,LEKIMA,WP,MM,pacific_ocean,western_pacific,2001-09-29T00:00:00Z,25.3,120.3,TS,30.0,DD,,tokyo,-1,30.0,True
CLS_00108,0,D-DD,Depression / Deep Depression,2001275N12258,LORENA,EP,MM,pacific_ocean,eastern_pacific,2001-10-02T06:00:00Z,12.0,-103.1,TS,30.0,DD,30.0,hurdat_epa,-1,30.0,True
CLS_00109,0,D-DD,Depression / Deep Depression,2001276N13146,KROSA,WP,MM,pacific_ocean,western_pacific,2001-10-03T21:00:00Z,14.9,144.3,TS,33.0,DD,,,-1,33.0,True
CLS_00110,0,D-DD,Depression / Deep Depression,2001277S10082,UNNAMED,SI,MM,south_indian_ocean,,2001-10-05T06:00:00Z,-10.2,82.7,TS,25.0,D,,,-1,25.0,True
CLS_00111,0,D-DD,Depression / Deep Depression,2001281N18071,UNNAMED,NI,AS,north_indian_ocean,arabian_sea,2001-10-08T06:00:00Z,17.7,70.8,TS,25.0,D,,,-1,25.0,True
CLS_00112,0,D-DD,Depression / Deep Depression,2001281N18071,UNNAMED,NI,AS,north_indian_ocean,arabian_sea,2001-10-09T03:00:00Z,18.5,69.7,TS,28.0,DD,30.0,newdelhi,-1,30.0,True
CLS_00113,0,D-DD,Depression / Deep Depression,2001281N18071,UNNAMED,NI,AS,north_indian_ocean,arabian_sea,2001-10-10T18:00:00Z,18.6,67.5,TS,25.0,D,,,-1,25.0,True
CLS_00114,0,D-DD,Depression / Deep Depression,2001281N18071,UNNAMED,NI,AS,north_indian_ocean,arabian_sea,2001-10-11T15:00:00Z,18.7,66.1,TS,18.0,D,,,-1,18.0,True
CLS_00115,0,D-DD,Depression / Deep Depression,2001281N18071,UNNAMED,NI,AS,north_indian_ocean,arabian_sea,2001-10-12T15:00:00Z,19.5,66.3,TS,20.0,D,,,-1,20.0,True
CLS_00116,0,D-DD,Depression / Deep Depression,2001281N18071,UNNAMED,NI,AS,north_indian_ocean,arabian_sea,2001-10-13T03:00:00Z,19.9,65.4,TS,20.0,D,,,-1,20.0,True
CLS_00117,0,D-DD,Depression / Deep Depression,2001291N05158,PODUL,WP,MM,pacific_ocean,western_pacific,2001-10-18T00:00:00Z,5.2,156.7,TS,25.0,D,,tokyo,-1,25.0,True
CLS_00118,0,D-DD,Depression / Deep Depression,2001294N11235,NARDA,EP,CP,pacific_ocean,eastern_pacific,2001-10-24T00:00:00Z,16.4,-141.2,TS,30.0,DD,30.0,hurdat_epa,-1,30.0,True
CLS_00119,0,D-DD,Depression / Deep Depression,2001298S07098,ALEX:ANDRE,SI,WA,south_indian_ocean,,2001-10-25T09:00:00Z,-7.2,96.1,TS,25.0,D,,,-1,25.0,True
CLS_00120,0,D-DD,Depression / Deep Depression,2001304N12237,OCTAVE,EP,MM,pacific_ocean,eastern_pacific,2001-11-03T18:00:00Z,18.8,-132.5,TS,30.0,DD,30.0,hurdat_epa,-1,30.0,True
CLS_00121,0,D-DD,Depression / Deep Depression,2001309N10130,LINGLING,WP,MM,pacific_ocean,western_pacific,2001-11-06T15:00:00Z,10.5,125.6,TS,30.0,DD,,,-1,30.0,True
CLS_00122,0,D-DD,Depression / Deep Depression,2001313N12084,UNNAMED,NI,BB,north_indian_ocean,bay_of_bengal,2001-11-09T15:00:00Z,13.4,82.5,TS,25.0,D,,,-1,25.0,True
CLS_00123,0,D-DD,Depression / Deep Depression,2001313N12084,UNNAMED,NI,BB,north_indian_ocean,bay_of_bengal,2001-11-10T03:00:00Z,13.9,82.1,TS,25.0,D,,,-1,25.0,True
CLS_00124,0,D-DD,Depression / Deep Depression,2001313N12084,UNNAMED,NI,BB,north_indian_ocean,bay_of_bengal,2001-11-11T00:00:00Z,15.1,82.7,TS,30.0,DD,,,-1,30.0,True
CLS_00125,0,D-DD,Depression / Deep Depression,2001313N12084,UNNAMED,NI,BB,north_indian_ocean,bay_of_bengal,2001-11-12T03:00:00Z,16.9,85.6,TS,25.0,D,,,-1,25.0,True
CLS_00126,0,D-DD,Depression / Deep Depression,2001320S11146,UNNAMED,SP,EA,pacific_ocean,southern_pacific,2001-11-16T15:00:00Z,-9.6,143.4,TS,18.0,D,,,-1,18.0,True
CLS_00127,0,D-DD,Depression / Deep Depression,2001320S11146,UNNAMED,SP,EA,pacific_ocean,southern_pacific,2001-11-18T06:00:00Z,-7.2,139.2,TS,25.0,D,20.0,bom,-1,20.0,True
CLS_00128,0,D-DD,Depression / Deep Depression,2001323N05107,UNNAMED,WP,MM,pacific_ocean,western_pacific,2001-11-20T03:00:00Z,5.6,110.6,TS,25.0,D,,,-1,25.0,True
CLS_00129,0,D-DD,Depression / Deep Depression,2001320S11146,UNNAMED,SI,WA,south_indian_ocean,,2001-11-21T03:00:00Z,-6.6,129.8,TS,33.0,DD,,,-1,33.0,True
CLS_00130,0,D-DD,Depression / Deep Depression,2001324S12081,UNNAMED,SI,MM,south_indian_ocean,,2001-11-23T15:00:00Z,-12.9,78.8,TS,25.0,D,,,-1,25.0,True
CLS_00131,0,D-DD,Depression / Deep Depression,2001329S06095,BAKO:BESSI,SI,WA,south_indian_ocean,,2001-11-25T06:00:00Z,-6.7,95.4,TS,20.0,D,20.0,bom,-1,20.0,True
CLS_00132,0,D-DD,Depression / Deep Depression,2001334S21200,TRINA,SP,MM,pacific_ocean,southern_pacific,2001-12-01T03:00:00Z,-21.5,-159.1,TS,28.0,DD,,,-1,28.0,True
CLS_00133,0,D-DD,Depression / Deep Depression,2001334S21200,TRINA,SP,MM,pacific_ocean,southern_pacific,2001-12-02T12:00:00Z,-21.1,-158.4,TS,30.0,DD,,nadi,-1,30.0,True
CLS_00134,0,D-DD,Depression / Deep Depression,2001361N01106,VAMEI,NI,BB,north_indian_ocean,bay_of_bengal,2001-12-28T18:00:00Z,2.0,99.9,TS,25.0,D,,,-1,25.0,True
CLS_00135,0,D-DD,Depression / Deep Depression,2001363S10185,WAKA,SP,MM,pacific_ocean,southern_pacific,2001-12-28T21:00:00Z,-10.5,-174.5,TS,30.0,DD,,,-1,30.0,True
CLS_00136,0,D-DD,Depression / Deep Depression,2001361N01106,VAMEI,NI,BB,north_indian_ocean,bay_of_bengal,2001-12-30T03:00:00Z,4.0,93.8,TS,25.0,D,,,-1,25.0,True
CLS_00137,0,D-DD,Depression / Deep Depression,2001361N01106,VAMEI,NI,BB,north_indian_ocean,bay_of_bengal,2001-12-30T15:00:00Z,4.5,92.1,TS,30.0,DD,,,-1,30.0,True
CLS_00138,0,D-DD,Depression / Deep Depression,2001361N01106,VAMEI,NI,BB,north_indian_ocean,bay_of_bengal,2001-12-31T15:00:00Z,4.0,90.4,TS,33.0,DD,,,-1,33.0,True
CLS_00139,0,D-DD,Depression / Deep Depression,2001361N01106,VAMEI,NI,BB,north_indian_ocean,bay_of_bengal,2002-01-01T06:00:00Z,3.0,89.3,TS,25.0,D,,,-1,25.0,True
CLS_00140,0,D-DD,Depression / Deep Depression,2001365S12138,BERNIE,SP,EA,pacific_ocean,southern_pacific,2002-01-03T03:00:00Z,-14.6,139.0,TS,30.0,DD,,,-1,30.0,True
CLS_00141,0,D-DD,Depression / Deep Depression,2001364S19036,CYPRIEN,SI,MM,south_indian_ocean,,2002-01-03T06:00:00Z,-22.1,44.1,TS,25.0,D,30.0,reunion,-1,30.0,True
CLS_00142,0,D-DD,Depression / Deep Depression,2001365S12138,BERNIE,SP,EA,pacific_ocean,southern_pacific,2002-01-04T18:00:00Z,-16.7,138.5,TS,25.0,D,35.0,bom,-1,35.0,True
CLS_00143,0,D-DD,Depression / Deep Depression,2002023S10089,EDDY,SI,MM,south_indian_ocean,,2002-01-23T12:00:00Z,-11.7,89.6,TS,25.0,D,28.0,reunion,-1,28.0,True
CLS_00144,0,D-DD,Depression / Deep Depression,2002033S13121,CHRIS,SI,WA,south_indian_ocean,,2002-02-03T00:00:00Z,-15.3,121.5,TS,30.0,DD,40.0,bom,-1,40.0,True
CLS_00145,0,D-DD,Depression / Deep Depression,2002042S20156,CLAUDIA,SP,EA,pacific_ocean,southern_pacific,2002-02-10T18:00:00Z,-19.5,155.8,TS,25.0,D,30.0,bom,-1,30.0,True
CLS_00146,0,D-DD,Depression / Deep Depression,2002054S17176,UNNAMED,SP,MM,pacific_ocean,southern_pacific,2002-02-23T06:00:00Z,-16.5,175.5,TS,20.0,D,,,-1,20.0,True
CLS_00147,0,D-DD,Depression / Deep Depression,2002062S15154,DES,SP,EA,pacific_ocean,southern_pacific,2002-03-05T00:00:00Z,-19.1,158.4,TS,30.0,DD,40.0,bom,-1,40.0,True
CLS_00148,0,D-DD,Depression / Deep Depression,2002073S16161,UNNAMED,SP,MM,pacific_ocean,southern_pacific,2002-03-13T21:00:00Z,-16.5,161.2,TS,25.0,D,,,-1,25.0,True
CLS_00149,0,D-DD,Depression / Deep Depression,2002073S16161,UNNAMED,SP,MM,pacific_ocean,southern_pacific,2002-03-16T03:00:00Z,-22.9,176.1,TS,30.0,DD,,,-1,30.0,True
CLS_00150,0,D-DD,Depression / Deep Depression,2002078N04138,UNNAMED,WP,MM,pacific_ocean,western_pacific,2002-03-19T09:00:00Z,5.9,133.8,TS,25.0,D,,,-1,25.0,True
CLS_00151,0,D-DD,Depression / Deep Depression,2002081S08084,IKALA,SI,MM,south_indian_ocean,,2002-03-22T12:00:00Z,-8.2,81.5,TS,25.0,D,20.0,reunion,-1,20.0,True
CLS_00152,0,D-DD,Depression / Deep Depression,2002096N11155,UNNAMED,WP,MM,pacific_ocean,western_pacific,2002-04-05T21:00:00Z,13.5,156.5,TS,30.0,DD,,,-1,30.0,True
CLS_00153,0,D-DD,Depression / Deep Depression,2002096S10103,DIANNE:JERY,SI,WA,south_indian_ocean,,2002-04-06T21:00:00Z,-12.2,98.5,TS,33.0,DD,35.0,bom,-1,35.0,True
CLS_00154,0,D-DD,Depression / Deep Depression,2002098S07133,BONNIE,SI,WA,south_indian_ocean,,2002-04-09T12:00:00Z,-8.1,128.6,TS,25.0,D,30.0,bom,-1,30.0,True
CLS_00155,0,D-DD,Depression / Deep Depression,2002126N09068,UNNAMED,NI,AS,north_indian_ocean,arabian_sea,2002-05-05T18:00:00Z,8.6,67.7,TS,25.0,D,,,-1,25.0,True
CLS_00156,0,D-DD,Depression / Deep Depression,2002126N09068,UNNAMED,NI,AS,north_indian_ocean,arabian_sea,2002-05-06T12:00:00Z,11.2,66.0,TS,30.0,DD,25.0,newdelhi,-1,25.0,True
CLS_00157,0,D-DD,Depression / Deep Depression,2002129N08096,UNNAMED,NI,BB,north_indian_ocean,bay_of_bengal,2002-05-09T09:00:00Z,8.7,95.3,TS,28.0,DD,,,-1,28.0,True
CLS_00158,0,D-DD,Depression / Deep Depression,2002128S05097,ERROL,SI,WA,south_indian_ocean,,2002-05-09T09:00:00Z,-6.7,97.4,TS,30.0,DD,,,-1,30.0,True
CLS_00159,0,D-DD,Depression / Deep Depression,2002129N08096,UNNAMED,NI,BB,north_indian_ocean,bay_of_bengal,2002-05-09T21:00:00Z,9.6,95.1,TS,30.0,DD,,,-1,30.0,True
CLS_00160,0,D-DD,Depression / Deep Depression,2002126N09068,UNNAMED,NI,AS,north_indian_ocean,arabian_sea,2002-05-10T18:00:00Z,17.4,53.1,TS,30.0,DD,,,-1,30.0,True
CLS_00161,0,D-DD,Depression / Deep Depression,2002129N08096,UNNAMED,NI,BB,north_indian_ocean,bay_of_bengal,2002-05-12T06:00:00Z,18.3,96.6,TS,25.0,D,,,-1,25.0,True
CLS_00162,0,D-DD,Depression / Deep Depression,2002143S07157,UPIA,SP,EA,pacific_ocean,southern_pacific,2002-05-23T09:00:00Z,-6.8,157.1,TS,25.0,D,,,-1,25.0,True
CLS_00163,0,D-DD,Depression / Deep Depression,2002145N11259,ALMA,EP,MM,pacific_ocean,eastern_pacific,2002-05-24T21:00:00Z,11.3,-101.3,TS,30.0,DD,,,-1,30.0,True
CLS_00164,0,D-DD,Depression / Deep Depression,2002155N20112,NOGURI,WP,MM,pacific_ocean,western_pacific,2002-06-06T00:00:00Z,19.9,114.9,TS,30.0,DD,,tokyo,-1,30.0,True
CLS_00165,0,D-DD,Depression / Deep Depression,2002187N11160,HALONG,WP,MM,pacific_ocean,western_pacific,2002-07-05T12:00:00Z,11.3,160.3,TS,20.0,D,,,-1,20.0,True
CLS_00166,0,D-DD,Depression / Deep Depression,2002198N09182,KALMAEGI,EP,CP,pacific_ocean,eastern_pacific,2002-07-19T15:00:00Z,15.3,181.6,TS,25.0,D,,,-1,25.0,True
CLS_00167,0,D-DD,Depression / Deep Depression,2002198N09182,KALMAEGI,WP,MM,pacific_ocean,western_pacific,2002-07-20T21:00:00Z,17.2,178.3,TS,30.0,DD,,,-1,30.0,True
CLS_00168,0,D-DD,Depression / Deep Depression,2002202N13254,DOUGLAS,EP,MM,pacific_ocean,eastern_pacific,2002-07-26T15:00:00Z,21.5,-136.3,TS,25.0,D,,,-1,25.0,True
CLS_00169,0,D-DD,Depression / Deep Depression,2002204N12263,ELIDA,EP,MM,pacific_ocean,eastern_pacific,2002-07-30T15:00:00Z,29.1,-128.6,TS,23.0,D,,,-1,23.0,True
CLS_00170,0,D-DD,Depression / Deep Depression,2002218N13241,UNNAMED,EP,MM,pacific_ocean,eastern_pacific,2002-08-06T15:00:00Z,15.2,-121.1,TS,30.0,DD,,,-1,30.0,True
CLS_00171,0,D-DD,Depression / Deep Depression,2002222N11131,UNNAMED,WP,MM,pacific_ocean,western_pacific,2002-08-10T18:00:00Z,10.4,130.7,TS,25.0,D,,,-1,25.0,True
CLS_00172,0,D-DD,Depression / Deep Depression,2002234N11221,ALIKA,EP,CP,pacific_ocean,eastern_pacific,2002-08-23T18:00:00Z,11.4,-147.0,TS,30.0,DD,30.0,hurdat_epa,-1,30.0,True
CLS_00173,0,D-DD,Depression / Deep Depression,2002234N13253,FAUSTO,EP,CP,pacific_ocean,eastern_pacific,2002-09-01T00:00:00Z,33.3,-163.8,TS,30.0,DD,30.0,hurdat_epa,-1,30.0,True
CLS_00174,0,D-DD,Depression / Deep Depression,2002247S03067,ABAIMBA,SI,MM,south_indian_ocean,,2002-09-06T15:00:00Z,-3.9,58.5,TS,30.0,DD,,,-1,30.0,True
CLS_00175,0,D-DD,Depression / Deep Depression,2002252N20121,HAGUPIT,WP,MM,pacific_ocean,western_pacific,2002-09-09T21:00:00Z,19.5,118.6,TS,20.0,D,,,-1,20.0,True
CLS_00176,0,D-DD,Depression / Deep Depression,2002289N18162,UNNAMED,WP,MM,pacific_ocean,western_pacific,2002-10-20T00:00:00Z,17.3,146.1,TS,20.0,D,,,-1,20.0,True
CLS_00177,0,D-DD,Depression / Deep Depression,2002295N11261,KENNA,EP,MM,pacific_ocean,eastern_pacific,2002-10-22T03:00:00Z,11.4,-99.9,TS,33.0,DD,,,-1,33.0,True
CLS_00178,0,D-DD,Depression / Deep Depression,2002314N12083,UNNAMED,NI,BB,north_indian_ocean,bay_of_bengal,2002-11-10T09:00:00Z,12.1,82.5,TS,25.0,D,,,-1,25.0,True
CLS_00179,0,D-DD,Depression / Deep Depression,2002314N12083,UNNAMED,NI,BB,north_indian_ocean,bay_of_bengal,2002-11-11T03:00:00Z,14.0,83.4,TS,30.0,DD,30.0,newdelhi,-1,30.0,True
CLS_00180,0,D-DD,Depression / Deep Depression,2002314N12083,UNNAMED,NI,BB,north_indian_ocean,bay_of_bengal,2002-11-12T12:00:00Z,23.7,89.7,TS,30.0,DD,,newdelhi,-1,30.0,True
CLS_00181,0,D-DD,Depression / Deep Depression,2002327N10089,UNNAMED,NI,BB,north_indian_ocean,bay_of_bengal,2002-11-22T21:00:00Z,9.8,88.7,TS,25.0,D,,,-1,25.0,True
CLS_00182,0,D-DD,Depression / Deep Depression,2002327N10089,UNNAMED,NI,BB,north_indian_ocean,bay_of_bengal,2002-11-23T09:00:00Z,11.2,88.0,TS,30.0,DD,,,-1,30.0,True
CLS_00183,0,D-DD,Depression / Deep Depression,2002319S06078,BOURA,SI,MM,south_indian_ocean,,2002-11-25T09:00:00Z,-7.7,48.7,TS,25.0,D,,,-1,25.0,True
CLS_00184,0,D-DD,Depression / Deep Depression,2002335S13182,YOLANDE,SP,MM,pacific_ocean,southern_pacific,2002-12-02T00:00:00Z,-14.1,-177.2,TS,25.0,D,,,-1,25.0,True
CLS_00185,0,D-DD,Depression / Deep Depression,2002335N05166,PONGSONA,WP,MM,pacific_ocean,western_pacific,2002-12-02T09:00:00Z,7.2,164.2,TS,25.0,D,,,-1,25.0,True
CLS_00186,0,D-DD,Depression / Deep Depression,2002335S13182,YOLANDE,SP,MM,pacific_ocean,southern_pacific,2002-12-02T15:00:00Z,-15.2,-177.4,TS,25.0,D,,,-1,25.0,True
CLS_00187,0,D-DD,Depression / Deep Depression,2002355N04077,UNNAMED,NI,BB,north_indian_ocean,bay_of_bengal,2002-12-21T06:00:00Z,1.9,78.7,TS,25.0,D,25.0,newdelhi,-1,25.0,True
CLS_00188,0,D-DD,Depression / Deep Depression,2002355N04077,UNNAMED,NI,BB,north_indian_ocean,bay_of_bengal,2002-12-21T18:00:00Z,2.6,79.4,TS,25.0,D,25.0,newdelhi,-1,25.0,True
CLS_00189,0,D-DD,Depression / Deep Depression,2002355N04077,UNNAMED,NI,BB,north_indian_ocean,bay_of_bengal,2002-12-22T12:00:00Z,3.7,80.4,TS,25.0,D,25.0,newdelhi,-1,25.0,True
CLS_00190,0,D-DD,Depression / Deep Depression,2002356S07070,CRYSTAL,SI,MM,south_indian_ocean,,2002-12-23T03:00:00Z,-10.0,67.4,TS,25.0,D,,,-1,25.0,True
CLS_00191,0,D-DD,Depression / Deep Depression,2002355N04077,UNNAMED,NI,BB,north_indian_ocean,bay_of_bengal,2002-12-23T03:00:00Z,4.3,80.7,TS,30.0,DD,25.0,newdelhi,-1,25.0,True
CLS_00192,0,D-DD,Depression / Deep Depression,2002355N04077,UNNAMED,NI,BB,north_indian_ocean,bay_of_bengal,2002-12-23T15:00:00Z,5.0,81.4,TS,33.0,DD,,,-1,33.0,True
CLS_00193,0,D-DD,Depression / Deep Depression,2002355N04077,UNNAMED,NI,BB,north_indian_ocean,bay_of_bengal,2002-12-25T18:00:00Z,8.2,86.7,TS,30.0,DD,,,-1,30.0,True
CLS_00194,0,D-DD,Depression / Deep Depression,2003007S10072,EBULA,SI,MM,south_indian_ocean,,2003-01-07T06:00:00Z,-10.8,71.2,TS,25.0,D,25.0,reunion,-1,25.0,True
CLS_00195,0,D-DD,Depression / Deep Depression,2002364S16045,DELFINA,SI,MM,south_indian_ocean,,2003-01-08T18:00:00Z,-24.4,38.4,TS,25.0,D,35.0,reunion,-1,35.0,True
CLS_00196,0,D-DD,Depression / Deep Depression,2003011S09182,AMI,SP,MM,pacific_ocean,southern_pacific,2003-01-11T12:00:00Z,-10.5,180.7,TS,30.0,DD,30.0,nadi,-1,30.0,True
CLS_00197,0,D-DD,Depression / Deep Depression,2003011N02180,YANYAN,WP,MM,pacific_ocean,western_pacific,2003-01-15T00:00:00Z,5.4,165.6,TS,25.0,D,,,-1,25.0,True
CLS_00198,0,D-DD,Depression / Deep Depression,2003025S16173,CILLA,SP,MM,pacific_ocean,southern_pacific,2003-01-25T21:00:00Z,-15.2,175.4,TS,25.0,D,,,-1,25.0,True
CLS_00199,0,D-DD,Depression / Deep Depression,2003025S16173,CILLA,SP,MM,pacific_ocean,southern_pacific,2003-01-29T12:00:00Z,-22.7,194.0,TS,30.0,DD,30.0,nadi,-1,30.0,True
CLS_00200,0,D-DD,Depression / Deep Depression,2003021S10163,BENI,SP,EA,pacific_ocean,southern_pacific,2003-02-01T18:00:00Z,-22.7,159.0,TS,25.0,D,,,-1,25.0,True
CLS_00201,0,D-DD,Depression / Deep Depression,2003034S12117,FIONA,SI,WA,south_indian_ocean,,2003-02-05T03:00:00Z,-11.7,112.2,TS,25.0,D,,,-1,25.0,True
CLS_00202,0,D-DD,Depression / Deep Depression,2003037S12061,GERRY,SI,MM,south_indian_ocean,,2003-02-07T21:00:00Z,-14.8,55.8,TS,25.0,D,,,-1,25.0,True
CLS_00203,0,D-DD,Depression / Deep Depression,2003035S10099,ISHA,SI,MM,south_indian_ocean,,2003-02-09T09:00:00Z,-10.3,85.6,TS,25.0,D,,,-1,25.0,True
CLS_00204,0,D-DD,Depression / Deep Depression,2003056S21042,JAPHET,SI,MM,south_indian_ocean,,2003-02-25T15:00:00Z,-22.4,42.6,TS,25.0,D,,,-1,25.0,True
CLS_00205,0,D-DD,Depression / Deep Depression,2003056S17119,GRAHAM,SI,WA,south_indian_ocean,,2003-03-01T06:00:00Z,-20.3,121.8,TS,25.0,D,35.0,bom,-1,35.0,True
CLS_00206,0,D-DD,Depression / Deep Depression,2003061S21148,ERICA,SP,EA,pacific_ocean,southern_pacific,2003-03-04T03:00:00Z,-20.5,153.3,TS,23.0,D,,,-1,23.0,True
CLS_00207,0,D-DD,Depression / Deep Depression,2003068S14172,ESETA,SP,MM,pacific_ocean,southern_pacific,2003-03-09T09:00:00Z,-14.2,172.2,TS,25.0,D,,,-1,25.0,True
CLS_00208,0,D-DD,Depression / Deep Depression,2003067S13130,CRAIG,SI,WA,south_indian_ocean,,2003-03-09T21:00:00Z,-10.8,130.6,TS,33.0,DD,45.0,bom,-1,45.0,True
CLS_00209,0,D-DD,Depression / Deep Depression,2003068S14172,ESETA,SP,MM,pacific_ocean,southern_pacific,2003-03-10T06:00:00Z,-15.9,172.4,TS,25.0,D,30.0,nadi,-1,30.0,True
CLS_00210,0,D-DD,Depression / Deep Depression,2003067S13130,CRAIG,SP,EA,pacific_ocean,southern_pacific,2003-03-13T00:00:00Z,-17.8,142.6,TS,25.0,D,,,-1,25.0,True
CLS_00211,0,D-DD,Depression / Deep Depression,2003103S14180,FILI,SP,MM,pacific_ocean,southern_pacific,2003-04-13T15:00:00Z,-14.4,-178.6,TS,28.0,DD,,,-1,28.0,True
CLS_00212,0,D-DD,Depression / Deep Depression,2003129N05091,UNNAMED,NI,BB,north_indian_ocean,bay_of_bengal,2003-05-09T06:00:00Z,4.2,91.0,TS,25.0,D,,,-1,25.0,True
CLS_00213,0,D-DD,Depression / Deep Depression,2003129N05091,UNNAMED,NI,BB,north_indian_ocean,bay_of_bengal,2003-05-09T21:00:00Z,5.5,90.3,TS,25.0,D,,,-1,25.0,True
CLS_00214,0,D-DD,Depression / Deep Depression,2003129N05091,UNNAMED,NI,BB,north_indian_ocean,bay_of_bengal,2003-05-10T09:00:00Z,7.2,90.1,TS,28.0,DD,25.0,newdelhi,-1,25.0,True
CLS_00215,0,D-DD,Depression / Deep Depression,2003129N05091,UNNAMED,NI,BB,north_indian_ocean,bay_of_bengal,2003-05-17T21:00:00Z,14.2,90.1,TS,30.0,DD,30.0,newdelhi,-1,30.0,True
CLS_00216,0,D-DD,Depression / Deep Depression,2003138N04148,CHAN-HOM,WP,MM,pacific_ocean,western_pacific,2003-05-18T18:00:00Z,5.8,149.0,TS,20.0,D,,,-1,20.0,True
CLS_00217,0,D-DD,Depression / Deep Depression,2003144N16119,LINFA,WP,MM,pacific_ocean,western_pacific,2003-05-28T09:00:00Z,19.8,124.5,TS,30.0,DD,,,-1,30.0,True
CLS_00218,0,D-DD,Depression / Deep Depression,2003155S10172,GINA,SP,MM,pacific_ocean,southern_pacific,2003-06-04T00:00:00Z,-10.0,171.7,TS,25.0,D,,,-1,25.0,True
CLS_00219,0,D-DD,Depression / Deep Depression,2003158N08156,SOUDELOR,WP,MM,pacific_ocean,western_pacific,2003-06-10T03:00:00Z,9.5,144.2,TS,20.0,D,,,-1,20.0,True
CLS_00220,0,D-DD,Depression / Deep Depression,2003168N16257,BLANCA,EP,MM,pacific_ocean,eastern_pacific,2003-06-20T18:00:00Z,15.5,-106.0,TS,30.0,DD,30.0,hurdat_epa,-1,30.0,True
CLS_00221,0,D-DD,Depression / Deep Depression,2003192N14254,ENRIQUE,EP,MM,pacific_ocean,eastern_pacific,2003-07-13T15:00:00Z,19.9,-120.4,TS,33.0,DD,,,-1,33.0,True
CLS_00222,0,D-DD,Depression / Deep Depression,2003196N11137,KONI,WP,MM,pacific_ocean,western_pacific,2003-07-15T21:00:00Z,10.1,130.5,TS,28.0,DD,,,-1,28.0,True
CLS_00223,0,D-DD,Depression / Deep Depression,2003199N14255,FELICIA,EP,MM,pacific_ocean,eastern_pacific,2003-07-17T18:00:00Z,14.0,-105.3,TS,25.0,D,25.0,hurdat_epa,-1,25.0,True
CLS_00224,0,D-DD,Depression / Deep Depression,2003212N12130,MORAKOT,WP,MM,pacific_ocean,western_pacific,2003-07-31T00:00:00Z,12.8,129.3,TS,20.0,D,,,-1,20.0,True
CLS_00225,0,D-DD,Depression / Deep Depression,2003212N09150,ETAU,WP,MM,pacific_ocean,western_pacific,2003-08-01T21:00:00Z,9.4,144.0,TS,23.0,D,,,-1,23.0,True
CLS_00226,0,D-DD,Depression / Deep Depression,2003221N14249,HILDA,EP,MM,pacific_ocean,eastern_pacific,2003-08-09T15:00:00Z,13.9,-113.0,TS,30.0,DD,,,-1,30.0,True
CLS_00227,0,D-DD,Depression / Deep Depression,2003223N13224,UNNAMED,EP,CP,pacific_ocean,eastern_pacific,2003-08-14T18:00:00Z,14.1,-145.0,TS,25.0,D,25.0,hurdat_epa,-1,25.0,True
CLS_00228,0,D-DD,Depression / Deep Depression,2003226N07156,KROVANH,WP,MM,pacific_ocean,western_pacific,2003-08-18T18:00:00Z,18.1,138.3,TS,25.0,D,,tokyo,-1,25.0,True
CLS_00229,0,D-DD,Depression / Deep Depression,2003240N14230,JIMENA,EP,CP,pacific_ocean,eastern_pacific,2003-09-04T12:00:00Z,14.6,186.4,TS,30.0,DD,30.0,hurdat_epa,-1,30.0,True
CLS_00230,0,D-DD,Depression / Deep Depression,2003247N19249,KEVIN,EP,MM,pacific_ocean,eastern_pacific,2003-09-04T21:00:00Z,21.6,-115.0,TS,33.0,DD,,,-1,33.0,True
CLS_00231,0,D-DD,Depression / Deep Depression,2003257N15252,LINDA,EP,MM,pacific_ocean,eastern_pacific,2003-09-17T15:00:00Z,20.3,-116.9,TS,28.0,DD,,,-1,28.0,True
CLS_00232,0,D-DD,Depression / Deep Depression,2003259N13133,CHOI-WAN,WP,MM,pacific_ocean,western_pacific,2003-09-17T21:00:00Z,20.9,128.9,TS,28.0,DD,,,-1,28.0,True
CLS_00233,0,D-DD,Depression / Deep Depression,2003262N17254,MARTY,EP,MM,pacific_ocean,eastern_pacific,2003-09-24T00:00:00Z,30.5,-113.7,TS,30.0,DD,30.0,hurdat_epa,-1,30.0,True
CLS_00234,0,D-DD,Depression / Deep Depression,2003272S05066,ABAIMBA,SI,MM,south_indian_ocean,,2003-10-02T21:00:00Z,-6.0,67.4,TS,30.0,DD,,,-1,30.0,True
CLS_00235,0,D-DD,Depression / Deep Depression,2003276N12262,OLAF,EP,MM,pacific_ocean,eastern_pacific,2003-10-03T06:00:00Z,11.7,-98.4,TS,30.0,DD,30.0,hurdat_epa,-1,30.0,True
CLS_00236,0,D-DD,Depression / Deep Depression,2003291N17147,PARMA,WP,MM,pacific_ocean,western_pacific,2003-10-20T09:00:00Z,20.2,143.1,TS,23.0,D,,,-1,23.0,True
CLS_00237,0,D-DD,Depression / Deep Depression,2003294N11112,UNNAMED,WP,MM,pacific_ocean,western_pacific,2003-10-21T15:00:00Z,12.0,112.9,TS,25.0,D,,,-1,25.0,True
CLS_00238,0,D-DD,Depression / Deep Depression,2003295N09101,UNNAMED,NI,BB,north_indian_ocean,bay_of_bengal,2003-10-24T21:00:00Z,12.5,99.1,TS,25.0,D,,,-1,25.0,True
CLS_00239,0,D-DD,Depression / Deep Depression,2003295N09101,UNNAMED,NI,BB,north_indian_ocean,bay_of_bengal,2003-10-25T18:00:00Z,13.2,95.1,TS,25.0,D,,,-1,25.0,True
CLS_00240,0,D-DD,Depression / Deep Depression,2003295N09101,UNNAMED,NI,BB,north_indian_ocean,bay_of_bengal,2003-10-26T06:00:00Z,13.3,93.3,TS,25.0,D,25.0,newdelhi,-1,25.0,True
CLS_00241,0,D-DD,Depression / Deep Depression,2003315N09067,UNNAMED,NI,AS,north_indian_ocean,arabian_sea,2003-11-15T12:00:00Z,6.0,54.1,TS,30.0,DD,25.0,newdelhi,-1,25.0,True
CLS_00242,0,D-DD,Depression / Deep Depression,2003315N09067,UNNAMED,NI,AS,north_indian_ocean,arabian_sea,2003-11-16T00:00:00Z,5.9,53.5,TS,30.0,DD,,,-1,30.0,True
CLS_00243,0,D-DD,Depression / Deep Depression,2003315N09067,UNNAMED,NI,AS,north_indian_ocean,arabian_sea,2003-11-17T03:00:00Z,4.0,51.6,TS,30.0,DD,,,-1,30.0,True
CLS_00244,0,D-DD,Depression / Deep Depression,2003315N09067,UNNAMED,NI,AS,north_indian_ocean,arabian_sea,2003-11-17T18:00:00Z,2.7,51.6,TS,30.0,DD,,,-1,30.0,True
CLS_00245,0,D-DD,Depression / Deep Depression,2003338S09065,CELA,SI,MM,south_indian_ocean,,2003-12-06T00:00:00Z,-11.8,60.8,TS,30.0,DD,30.0,reunion,-1,30.0,True
CLS_00246,0,D-DD,Depression / Deep Depression,2003345N05092,UNNAMED,NI,BB,north_indian_ocean,bay_of_bengal,2003-12-11T06:00:00Z,4.5,91.7,TS,25.0,D,,,-1,25.0,True
CLS_00247,0,D-DD,Depression / Deep Depression,2003345N05092,UNNAMED,NI,BB,north_indian_ocean,bay_of_bengal,2003-12-11T18:00:00Z,5.3,89.9,TS,25.0,D,,,-1,25.0,True
CLS_00248,0,D-DD,Depression / Deep Depression,2003345N05092,UNNAMED,NI,BB,north_indian_ocean,bay_of_bengal,2003-12-12T12:00:00Z,7.6,88.4,TS,25.0,D,25.0,newdelhi,-1,25.0,True
CLS_00249,0,D-DD,Depression / Deep Depression,2003345N05092,UNNAMED,NI,BB,north_indian_ocean,bay_of_bengal,2003-12-13T00:00:00Z,8.4,87.8,TS,30.0,DD,,,-1,30.0,True
CLS_00250,0,D-DD,Depression / Deep Depression,2003340S07093,JANA,SI,MM,south_indian_ocean,,2003-12-15T03:00:00Z,-12.6,77.3,TS,25.0,D,,,-1,25.0,True
CLS_00251,0,D-DD,Depression / Deep Depression,2003345N05092,UNNAMED,NI,BB,north_indian_ocean,bay_of_bengal,2003-12-16T06:00:00Z,17.7,81.5,TS,30.0,DD,,newdelhi,-1,30.0,True
CLS_00252,0,D-DD,Depression / Deep Depression,2003350S10140,DEBBIE,SP,EA,pacific_ocean,southern_pacific,2003-12-17T09:00:00Z,-9.3,136.2,TS,25.0,D,30.0,bom,-1,30.0,True
CLS_00253,0,D-DD,Depression / Deep Depression,2003350S10140,DEBBIE,SP,EA,pacific_ocean,southern_pacific,2003-12-17T21:00:00Z,-9.5,135.4,TS,25.0,D,30.0,bom,-1,30.0,True
CLS_00254,0,D-DD,Depression / Deep Depression,2003350S10140,DEBBIE,SI,WA,south_indian_ocean,,2003-12-22T03:00:00Z,-14.5,132.2,TS,25.0,D,15.0,bom,-1,15.0,True
CLS_00255,0,D-DD,Depression / Deep Depression,2003357N11142,UNNAMED,WP,MM,pacific_ocean,western_pacific,2003-12-23T15:00:00Z,12.3,138.7,TS,20.0,D,,,-1,20.0,True
CLS_00256,0,D-DD,Depression / Deep Depression,2003358S06067,DARIUS,SI,MM,south_indian_ocean,,2003-12-29T00:00:00Z,-9.8,65.1,TS,25.0,D,25.0,reunion,-1,25.0,True
CLS_00257,0,D-DD,Depression / Deep Depression,2004001S16124,KEN,SI,WA,south_indian_ocean,,2004-01-02T00:00:00Z,-16.5,121.1,TS,30.0,DD,,,-1,30.0,True
CLS_00258,0,D-DD,Depression / Deep Depression,2004028S06090,LINDA,SI,WA,south_indian_ocean,,2004-01-28T12:00:00Z,-7.1,90.7,TS,30.0,DD,20.0,bom,-1,20.0,True
CLS_00259,0,D-DD,Depression / Deep Depression,2004025S16044,ELITA,SI,MM,south_indian_ocean,,2004-01-31T03:00:00Z,-21.4,47.5,TS,25.0,D,,,-1,25.0,True
CLS_00260,0,D-DD,Depression / Deep Depression,2004041S14147,FRITZ,SP,EA,pacific_ocean,southern_pacific,2004-02-12T09:00:00Z,-16.7,138.8,TS,30.0,DD,,,-1,30.0,True
CLS_00261,0,D-DD,Depression / Deep Depression,2004056S18125,MONTY,SI,WA,south_indian_ocean,,2004-02-27T00:00:00Z,-19.2,120.4,TS,30.0,DD,25.0,bom,-1,25.0,True
CLS_00262,0,D-DD,Depression / Deep Depression,2004058S13142,EVAN,SP,EA,pacific_ocean,southern_pacific,2004-03-01T03:00:00Z,-13.8,137.8,TS,28.0,DD,30.0,bom,-1,30.0,True
CLS_00263,0,D-DD,Depression / Deep Depression,2004058S13142,EVAN,SI,WA,south_indian_ocean,,2004-03-02T00:00:00Z,-14.2,134.8,TS,30.0,DD,20.0,bom,-1,20.0,True
CLS_00264,0,D-DD,Depression / Deep Depression,2004081S15148,GRACE,SP,EA,pacific_ocean,southern_pacific,2004-03-21T03:00:00Z,-16.6,151.2,TS,25.0,D,,,-1,25.0,True
CLS_00265,0,D-DD,Depression / Deep Depression,2004074N03143,UNNAMED,WP,MM,pacific_ocean,western_pacific,2004-03-23T09:00:00Z,17.6,126.1,TS,20.0,D,,,-1,20.0,True
CLS_00266,0,D-DD,Depression / Deep Depression,2004083S08056,UNNAMED,SI,MM,south_indian_ocean,,2004-03-24T12:00:00Z,-9.6,55.7,TS,25.0,D,,,-1,25.0,True
CLS_00267,0,D-DD,Depression / Deep Depression,2004081S12103,ITSANG:ITSENG:OSCAR,SI,MM,south_indian_ocean,,2004-03-28T03:00:00Z,-19.7,89.1,TS,28.0,DD,,,-1,28.0,True
CLS_00268,0,D-DD,Depression / Deep Depression,2004098S15173,UNNAMED,SP,MM,pacific_ocean,southern_pacific,2004-04-07T09:00:00Z,-14.8,173.6,TS,28.0,DD,,,-1,28.0,True
CLS_00269,0,D-DD,Depression / Deep Depression,2004098S15173,UNNAMED,SP,MM,pacific_ocean,southern_pacific,2004-04-07T21:00:00Z,-16.5,176.6,TS,33.0,DD,,,-1,33.0,True
CLS_00270,0,D-DD,Depression / Deep Depression,2004125N11074,UNNAMED,NI,AS,north_indian_ocean,arabian_sea,2004-05-04T12:00:00Z,11.4,73.6,TS,30.0,DD,,,-1,30.0,True
CLS_00271,0,D-DD,Depression / Deep Depression,2004125N11074,UNNAMED,NI,AS,north_indian_ocean,arabian_sea,2004-05-05T03:00:00Z,11.5,72.9,TS,33.0,DD,25.0,newdelhi,-1,25.0,True
CLS_00272,0,D-DD,Depression / Deep Depression,2004125N11074,UNNAMED,NI,AS,north_indian_ocean,arabian_sea,2004-05-09T12:00:00Z,16.5,70.1,TS,30.0,DD,45.0,newdelhi,-1,45.0,True
CLS_00273,0,D-DD,Depression / Deep Depression,2004125S08084,JUBA,SI,MM,south_indian_ocean,,2004-05-12T00:00:00Z,-10.6,69.5,TS,25.0,D,30.0,reunion,-1,30.0,True
CLS_00274,0,D-DD,Depression / Deep Depression,2004136N15090,UNNAMED,NI,BB,north_indian_ocean,bay_of_bengal,2004-05-15T09:00:00Z,15.1,91.8,TS,18.0,D,,,-1,18.0,True
CLS_00275,0,D-DD,Depression / Deep Depression,2004136N15090,UNNAMED,NI,BB,north_indian_ocean,bay_of_bengal,2004-05-16T00:00:00Z,16.8,92.2,TS,25.0,D,,,-1,25.0,True
CLS_00276,0,D-DD,Depression / Deep Depression,2004136N15090,UNNAMED,NI,BB,north_indian_ocean,bay_of_bengal,2004-05-16T18:00:00Z,17.8,90.7,TS,30.0,DD,30.0,newdelhi,-1,30.0,True
CLS_00277,0,D-DD,Depression / Deep Depression,2004136N15090,UNNAMED,NI,BB,north_indian_ocean,bay_of_bengal,2004-05-19T18:00:00Z,21.8,96.3,TS,30.0,DD,,,-1,30.0,True
CLS_00278,0,D-DD,Depression / Deep Depression,2004143N15252,AGATHA,EP,MM,pacific_ocean,eastern_pacific,2004-05-22T03:00:00Z,15.1,-108.1,TS,28.0,DD,,,-1,28.0,True
CLS_00279,0,D-DD,Depression / Deep Depression,2004158N07142,CHANTHU,WP,MM,pacific_ocean,western_pacific,2004-06-08T15:00:00Z,9.6,126.9,TS,30.0,DD,,,-1,30.0,True
CLS_00280,0,D-DD,Depression / Deep Depression,2004164N06139,DIANMU,WP,MM,pacific_ocean,western_pacific,2004-06-12T18:00:00Z,7.9,137.3,TS,25.0,D,,tokyo,-1,25.0,True
CLS_00281,0,D-DD,Depression / Deep Depression,2004185N16241,UNNAMED,EP,MM,pacific_ocean,eastern_pacific,2004-07-02T21:00:00Z,16.9,-120.3,TS,28.0,DD,,,-1,28.0,True
CLS_00282,0,D-DD,Depression / Deep Depression,2004201N14247,CELIA,EP,MM,pacific_ocean,eastern_pacific,2004-07-25T03:00:00Z,17.7,-131.3,TS,30.0,DD,,,-1,30.0,True
CLS_00283,0,D-DD,Depression / Deep Depression,2004209N12247,DARBY,EP,MM,pacific_ocean,eastern_pacific,2004-07-26T21:00:00Z,12.4,-114.9,TS,33.0,DD,,,-1,33.0,True
CLS_00284,0,D-DD,Depression / Deep Depression,2004214N12234,UNNAMED,EP,MM,pacific_ocean,eastern_pacific,2004-08-02T00:00:00Z,12.0,-127.8,TS,25.0,D,25.0,hurdat_epa,-1,25.0,True
CLS_00285,0,D-DD,Depression / Deep Depression,2004215N22148,MALOU,WP,MM,pacific_ocean,western_pacific,2004-08-05T03:00:00Z,38.0,135.2,TS,30.0,DD,,,-1,30.0,True
CLS_00286,0,D-DD,Depression / Deep Depression,2004222N24150,MALAKAS,WP,MM,pacific_ocean,western_pacific,2004-08-12T15:00:00Z,33.0,167.5,TS,28.0,DD,,,-1,28.0,True
CLS_00287,0,D-DD,Depression / Deep Depression,2004232N12228,ESTELLE,EP,CP,pacific_ocean,eastern_pacific,2004-08-23T15:00:00Z,16.3,-145.5,TS,30.0,DD,,,-1,30.0,True
CLS_00288,0,D-DD,Depression / Deep Depression,2004237N17236,UNNAMED,EP,MM,pacific_ocean,eastern_pacific,2004-08-25T15:00:00Z,19.5,-127.2,TS,25.0,D,,,-1,25.0,True
CLS_00289,0,D-DD,Depression / Deep Depression,2004240N15254,GEORGETTE,EP,MM,pacific_ocean,eastern_pacific,2004-08-26T12:00:00Z,14.7,-106.0,TS,30.0,DD,30.0,hurdat_epa,-1,30.0,True
CLS_00290,0,D-DD,Depression / Deep Depression,2004243S03088,PHOEBE,SI,WA,south_indian_ocean,,2004-09-04T12:00:00Z,-9.8,92.8,TS,30.0,DD,30.0,bom,-1,30.0,True
CLS_00291,0,D-DD,Depression / Deep Depression,2004244N12257,HOWARD,EP,MM,pacific_ocean,eastern_pacific,2004-09-05T15:00:00Z,25.8,-118.8,TS,28.0,DD,,,-1,28.0,True
CLS_00292,0,D-DD,Depression / Deep Depression,2004255N23120,HAIMA,WP,MM,pacific_ocean,western_pacific,2004-09-12T15:00:00Z,26.4,122.1,TS,30.0,DD,,,-1,30.0,True
CLS_00293,0,D-DD,Depression / Deep Depression,2004274N16069,UNNAMED,NI,AS,north_indian_ocean,arabian_sea,2004-10-01T06:00:00Z,19.1,66.8,TS,30.0,DD,30.0,newdelhi,-1,30.0,True
CLS_00294,0,D-DD,Depression / Deep Depression,2004274N16069,UNNAMED,NI,AS,north_indian_ocean,arabian_sea,2004-10-02T15:00:00Z,22.2,67.7,TS,33.0,DD,55.0,newdelhi,-1,55.0,True
CLS_00295,0,D-DD,Depression / Deep Depression,2004279N14249,KAY,EP,MM,pacific_ocean,eastern_pacific,2004-10-05T21:00:00Z,15.2,-116.3,TS,28.0,DD,,,-1,28.0,True
CLS_00296,0,D-DD,Depression / Deep Depression,2004274N16069,UNNAMED,NI,AS,north_indian_ocean,arabian_sea,2004-10-07T09:00:00Z,18.0,68.7,TS,25.0,D,,,-1,25.0,True
CLS_00297,0,D-DD,Depression / Deep Depression,2004274N16069,UNNAMED,NI,AS,north_indian_ocean,arabian_sea,2004-10-08T06:00:00Z,18.9,68.6,TS,25.0,D,,,-1,25.0,True
CLS_00298,0,D-DD,Depression / Deep Depression,2004274N16069,UNNAMED,NI,AS,north_indian_ocean,arabian_sea,2004-10-09T09:00:00Z,20.1,69.4,TS,25.0,D,,,-1,25.0,True
CLS_00299,0,D-DD,Depression / Deep Depression,2004274N16069,UNNAMED,NI,AS,north_indian_ocean,arabian_sea,2004-10-09T21:00:00Z,21.0,70.5,TS,25.0,D,,,-1,25.0,True
CLS_00300,0,D-DD,Depression / Deep Depression,2004288N09164,NOCK-TEN,WP,MM,pacific_ocean,western_pacific,2004-10-14T12:00:00Z,11.3,161.6,TS,30.0,DD,,tokyo,-1,30.0,True
CLS_00301,0,D-DD,Depression / Deep Depression,2004299S09063,UNNAMED,SI,MM,south_indian_ocean,,2004-10-28T18:00:00Z,-8.3,42.4,TS,30.0,DD,,,-1,30.0,True
CLS_00302,0,D-DD,Depression / Deep Depression,2004307N09068,UNNAMED,NI,AS,north_indian_ocean,arabian_sea,2004-11-02T06:00:00Z,11.3,66.4,TS,25.0,D,,,-1,25.0,True
CLS_00303,0,D-DD,Depression / Deep Depression,2004307N09068,UNNAMED,NI,AS,north_indian_ocean,arabian_sea,2004-11-02T21:00:00Z,12.8,67.1,TS,25.0,D,,,-1,25.0,True
CLS_00304,0,D-DD,Depression / Deep Depression,2004307N09068,UNNAMED,NI,AS,north_indian_ocean,arabian_sea,2004-11-03T09:00:00Z,13.7,66.9,TS,25.0,D,,,-1,25.0,True
CLS_00305,0,D-DD,Depression / Deep Depression,2004307N09068,UNNAMED,NI,AS,north_indian_ocean,arabian_sea,2004-11-03T21:00:00Z,14.2,66.7,TS,28.0,DD,,,-1,28.0,True
CLS_00306,0,D-DD,Depression / Deep Depression,2004307N09068,UNNAMED,NI,AS,north_indian_ocean,arabian_sea,2004-11-07T21:00:00Z,12.6,55.4,TS,25.0,D,,,-1,25.0,True
CLS_00307,0,D-DD,Depression / Deep Depression,2004307N09068,UNNAMED,NI,AS,north_indian_ocean,arabian_sea,2004-11-08T12:00:00Z,11.9,52.7,TS,25.0,D,,,-1,25.0,True
CLS_00308,0,D-DD,Depression / Deep Depression,2004319N10134,MUIFA,WP,MM,pacific_ocean,western_pacific,2004-11-14T03:00:00Z,10.8,131.5,TS,30.0,DD,,,-1,30.0,True
CLS_00309,0,D-DD,Depression / Deep Depression,2004312S05085,AROLA,SI,MM,south_indian_ocean,,2004-11-14T06:00:00Z,-13.3,66.7,TS,25.0,D,25.0,reunion,-1,25.0,True
CLS_00310,0,D-DD,Depression / Deep Depression,2004319N10134,MUIFA,NI,BB,north_indian_ocean,bay_of_bengal,2004-11-26T00:00:00Z,11.3,99.9,TS,25.0,D,,,-1,25.0,True
CLS_00311,0,D-DD,Depression / Deep Depression,2004332N02072,UNNAMED,NI,AS,north_indian_ocean,arabian_sea,2004-11-27T03:00:00Z,1.6,71.9,TS,20.0,D,,,-1,20.0,True
CLS_00312,0,D-DD,Depression / Deep Depression,2004332N02072,UNNAMED,NI,AS,north_indian_ocean,arabian_sea,2004-11-27T18:00:00Z,0.9,69.9,TS,30.0,DD,,,-1,30.0,True
CLS_00313,0,D-DD,Depression / Deep Depression,2004333N06154,NANMADOL,WP,MM,pacific_ocean,western_pacific,2004-11-28T06:00:00Z,5.6,152.1,TS,25.0,D,,tokyo,-1,25.0,True
CLS_00314,0,D-DD,Depression / Deep Depression,2004332N02072,UNNAMED,NI,AS,north_indian_ocean,arabian_sea,2004-12-04T00:00:00Z,7.5,51.3,TS,30.0,DD,,,-1,30.0,True
CLS_00315,0,D-DD,Depression / Deep Depression,2004338S09113,UNNAMED,SI,WA,south_indian_ocean,,2004-12-05T09:00:00Z,-12.9,107.2,TS,33.0,DD,,,-1,33.0,True
CLS_00316,0,D-DD,Depression / Deep Depression,2004344N06178,TALAS,WP,MM,pacific_ocean,western_pacific,2004-12-10T03:00:00Z,7.8,170.3,TS,30.0,DD,,,-1,30.0,True
CLS_00317,0,D-DD,Depression / Deep Depression,2004352N10154,NORU,WP,MM,pacific_ocean,western_pacific,2004-12-18T03:00:00Z,13.6,150.5,TS,33.0,DD,,,-1,33.0,True
CLS_00318,0,D-DD,Depression / Deep Depression,2004365S13120,RAYMOND,SI,WA,south_indian_ocean,,2004-12-31T15:00:00Z,-14.9,121.1,TS,33.0,DD,,,-1,33.0,True
CLS_00319,0,D-DD,Depression / Deep Depression,2005006S09099,SALLY,SI,WA,south_indian_ocean,,2005-01-07T09:00:00Z,-12.1,100.9,TS,25.0,D,,,-1,25.0,True
CLS_00320,0,D-DD,Depression / Deep Depression,2005007N04085,UNNAMED,NI,BB,north_indian_ocean,bay_of_bengal,2005-01-07T18:00:00Z,3.7,84.4,TS,20.0,D,,,-1,20.0,True
CLS_00321,0,D-DD,Depression / Deep Depression,2005007N04085,UNNAMED,NI,BB,north_indian_ocean,bay_of_bengal,2005-01-08T15:00:00Z,4.4,83.6,TS,30.0,DD,,,-1,30.0,True
CLS_00322,0,D-DD,Depression / Deep Depression,2005007N04085,UNNAMED,NI,BB,north_indian_ocean,bay_of_bengal,2005-01-09T12:00:00Z,5.8,83.2,TS,25.0,D,,,-1,25.0,True
CLS_00323,0,D-DD,Depression / Deep Depression,2005007N04085,UNNAMED,NI,BB,north_indian_ocean,bay_of_bengal,2005-01-10T09:00:00Z,6.9,83.0,TS,20.0,D,,,-1,20.0,True
CLS_00324,0,D-DD,Depression / Deep Depression,2005012N04090,UNNAMED,NI,BB,north_indian_ocean,bay_of_bengal,2005-01-13T03:00:00Z,5.3,87.8,TS,28.0,DD,,,-1,28.0,True
CLS_00325,0,D-DD,Depression / Deep Depression,2005013N05153,KULAP,WP,MM,pacific_ocean,western_pacific,2005-01-14T03:00:00Z,5.4,148.4,TS,28.0,DD,,,-1,28.0,True
CLS_00326,0,D-DD,Depression / Deep Depression,2005012N04090,UNNAMED,NI,BB,north_indian_ocean,bay_of_bengal,2005-01-14T03:00:00Z,5.6,87.3,TS,30.0,DD,30.0,newdelhi,-1,30.0,True
CLS_00327,0,D-DD,Depression / Deep Depression,2005013S14124,UNNAMED,SI,WA,south_indian_ocean,,2005-01-16T09:00:00Z,-15.4,112.7,TS,30.0,DD,,,-1,30.0,True
CLS_00328,0,D-DD,Depression / Deep Depression,2005017S09061,ERNEST,SI,MM,south_indian_ocean,,2005-01-16T15:00:00Z,-8.8,60.3,TS,18.0,D,,,-1,18.0,True
CLS_00329,0,D-DD,Depression / Deep Depression,2005012N04090,UNNAMED,NI,BB,north_indian_ocean,bay_of_bengal,2005-01-16T15:00:00Z,5.1,86.1,TS,33.0,DD,35.0,newdelhi,-1,35.0,True
CLS_00330,0,D-DD,Depression / Deep Depression,2005012N04090,UNNAMED,NI,BB,north_indian_ocean,bay_of_bengal,2005-01-17T06:00:00Z,4.8,85.8,TS,20.0,D,30.0,newdelhi,-1,30.0,True
CLS_00331,0,D-DD,Depression / Deep Depression,2005022S14112,TIM,SI,WA,south_indian_ocean,,2005-01-26T00:00:00Z,-16.7,100.3,TS,30.0,DD,,,-1,30.0,True
CLS_00332,0,D-DD,Depression / Deep Depression,2005029S11072,GERARD,SI,MM,south_indian_ocean,,2005-02-03T03:00:00Z,-21.4,60.1,TS,25.0,D,,,-1,25.0,True
CLS_00333,0,D-DD,Depression / Deep Depression,2005032S14195,MEENA,SP,MM,pacific_ocean,southern_pacific,2005-02-03T15:00:00Z,-14.1,-167.7,TS,33.0,DD,,,-1,33.0,True
CLS_00334,0,D-DD,Depression / Deep Depression,2005035S14136,HARVEY,SP,EA,pacific_ocean,southern_pacific,2005-02-05T21:00:00Z,-14.1,139.8,TS,33.0,DD,,,-1,33.0,True
CLS_00335,0,D-DD,Depression / Deep Depression,2005042S12190,NANCY,SP,MM,pacific_ocean,southern_pacific,2005-02-12T03:00:00Z,-13.4,-167.3,TS,25.0,D,,,-1,25.0,True
CLS_00336,0,D-DD,Depression / Deep Depression,2005060S12179,RAE,SP,MM,pacific_ocean,southern_pacific,2005-03-05T03:00:00Z,-17.4,193.4,TS,28.0,DD,,,-1,28.0,True
CLS_00337,0,D-DD,Depression / Deep Depression,2005067S12120,WILLY,SI,WA,south_indian_ocean,,2005-03-09T15:00:00Z,-13.8,117.8,TS,30.0,DD,,,-1,30.0,True
CLS_00338,0,D-DD,Depression / Deep Depression,2005071N06152,ROKE,WP,MM,pacific_ocean,western_pacific,2005-03-14T03:00:00Z,10.1,141.8,TS,33.0,DD,,,-1,33.0,True
CLS_00339,0,D-DD,Depression / Deep Depression,2005079S10067,HENNIE,SI,MM,south_indian_ocean,,2005-03-21T12:00:00Z,-13.5,62.5,TS,25.0,D,25.0,reunion,-1,25.0,True
CLS_00340,0,D-DD,Depression / Deep Depression,2005107N07151,SONCA,WP,MM,pacific_ocean,western_pacific,2005-04-18T00:00:00Z,9.2,148.7,TS,25.0,D,,,-1,25.0,True
CLS_00341,0,D-DD,Depression / Deep Depression,2005138N10265,ADRIAN,EP,MM,pacific_ocean,eastern_pacific,2005-05-17T21:00:00Z,9.9,-95.1,TS,33.0,DD,,,-1,33.0,True
CLS_00342,0,D-DD,Depression / Deep Depression,2005185N15261,DORA,EP,MM,pacific_ocean,eastern_pacific,2005-07-04T03:00:00Z,15.2,-99.2,TS,33.0,DD,,,-1,33.0,True
CLS_00343,0,D-DD,Depression / Deep Depression,2005199N21168,NALGAE,WP,MM,pacific_ocean,western_pacific,2005-07-23T12:00:00Z,32.8,160.5,TS,30.0,DD,40.0,tokyo,-1,40.0,True
CLS_00344,0,D-DD,Depression / Deep Depression,2005215N14224,UNNAMED,EP,CP,pacific_ocean,eastern_pacific,2005-08-03T18:00:00Z,15.0,-140.5,TS,25.0,D,25.0,hurdat_epa,-1,25.0,True
CLS_00345,0,D-DD,Depression / Deep Depression,2005223N13251,GREG,EP,MM,pacific_ocean,eastern_pacific,2005-08-15T18:00:00Z,13.9,-116.5,TS,25.0,D,25.0,hurdat_epa,-1,25.0,True
CLS_00346,0,D-DD,Depression / Deep Depression,2005232N13263,HILARY,EP,MM,pacific_ocean,eastern_pacific,2005-08-19T18:00:00Z,13.3,-96.6,TS,25.0,D,25.0,hurdat_epa,-1,25.0,True
CLS_00347,0,D-DD,Depression / Deep Depression,2005237N14148,TALIM,WP,MM,pacific_ocean,western_pacific,2005-08-26T15:00:00Z,13.3,142.9,TS,33.0,DD,,,-1,33.0,True
CLS_00348,0,D-DD,Depression / Deep Depression,2005238N17255,IRWIN,EP,MM,pacific_ocean,eastern_pacific,2005-08-28T00:00:00Z,17.1,-114.0,TS,30.0,DD,30.0,hurdat_epa,-1,30.0,True
CLS_00349,0,D-DD,Depression / Deep Depression,2005261N14252,MAX,EP,MM,pacific_ocean,eastern_pacific,2005-09-18T12:00:00Z,15.0,-113.0,TS,30.0,DD,30.0,hurdat_epa,-1,30.0,True
CLS_00350,0,D-DD,Depression / Deep Depression,2005268N19146,LONGWANG,WP,MM,pacific_ocean,western_pacific,2005-09-26T03:00:00Z,19.8,143.2,TS,33.0,DD,,,-1,33.0,True
CLS_00351,0,D-DD,Depression / Deep Depression,2005282N22138,KIROGI,WP,MM,pacific_ocean,western_pacific,2005-10-10T09:00:00Z,22.4,133.7,TS,28.0,DD,,,-1,28.0,True
CLS_00352,0,D-DD,Depression / Deep Depression,2005287S09084,UNNAMED,SI,MM,south_indian_ocean,,2005-10-14T03:00:00Z,-9.9,82.7,TS,28.0,DD,,,-1,28.0,True
CLS_00353,0,D-DD,Depression / Deep Depression,2005298N12088,UNNAMED,NI,BB,north_indian_ocean,bay_of_bengal,2005-10-27T21:00:00Z,14.8,81.3,TS,33.0,DD,30.0,newdelhi,-1,30.0,True
CLS_00354,0,D-DD,Depression / Deep Depression,2005298N12088,UNNAMED,NI,BB,north_indian_ocean,bay_of_bengal,2005-10-28T09:00:00Z,15.4,80.2,TS,30.0,DD,25.0,newdelhi,-1,25.0,True
CLS_00355,0,D-DD,Depression / Deep Depression,2005298N12088,UNNAMED,NI,BB,north_indian_ocean,bay_of_bengal,2005-10-28T21:00:00Z,15.7,79.4,TS,23.0,D,,,-1,23.0,True
CLS_00356,0,D-DD,Depression / Deep Depression,2005308S07098,UNNAMED,SI,MM,south_indian_ocean,,2005-11-07T06:00:00Z,-13.4,89.3,TS,30.0,DD,,,-1,30.0,True
CLS_00357,0,D-DD,Depression / Deep Depression,2005316N05134,BOLAVEN,WP,MM,pacific_ocean,western_pacific,2005-11-12T15:00:00Z,6.2,132.4,TS,20.0,D,,,-1,20.0,True
CLS_00358,0,D-DD,Depression / Deep Depression,2005322S04095,ALVIN:BERTIE,SI,MM,south_indian_ocean,,2005-11-29T03:00:00Z,-11.4,80.7,TS,25.0,D,,,-1,25.0,True
CLS_00359,0,D-DD,Depression / Deep Depression,2005330N09096,BAAZ,NI,BB,north_indian_ocean,bay_of_bengal,2005-12-02T09:00:00Z,12.2,81.8,TS,30.0,DD,,,-1,30.0,True
CLS_00360,0,D-DD,Depression / Deep Depression,2005330N09096,BAAZ,NI,BB,north_indian_ocean,bay_of_bengal,2005-12-03T00:00:00Z,12.8,80.4,TS,30.0,DD,,,-1,30.0,True
CLS_00361,0,D-DD,Depression / Deep Depression,2005330N09096,BAAZ,NI,BB,north_indian_ocean,bay_of_bengal,2005-12-03T15:00:00Z,12.5,79.6,TS,20.0,D,,,-1,20.0,True
CLS_00362,0,D-DD,Depression / Deep Depression,2005338N09093,FANOOS,NI,BB,north_indian_ocean,bay_of_bengal,2005-12-10T21:00:00Z,10.2,78.2,TS,30.0,DD,,,-1,30.0,True
CLS_00363,0,D-DD,Depression / Deep Depression,2005338N09093,FANOOS,NI,AS,north_indian_ocean,arabian_sea,2005-12-11T12:00:00Z,8.7,76.6,TS,25.0,D,,,-1,25.0,True
CLS_00364,0,D-DD,Depression / Deep Depression,2005338N09093,FANOOS,NI,AS,north_indian_ocean,arabian_sea,2005-12-12T03:00:00Z,7.6,75.4,TS,25.0,D,,,-1,25.0,True
CLS_00365,0,D-DD,Depression / Deep Depression,2005338N09093,FANOOS,NI,AS,north_indian_ocean,arabian_sea,2005-12-12T15:00:00Z,7.0,74.3,TS,20.0,D,,,-1,20.0,True
CLS_00366,0,D-DD,Depression / Deep Depression,2005349N06090,UNNAMED,NI,BB,north_indian_ocean,bay_of_bengal,2005-12-15T15:00:00Z,8.2,86.4,TS,25.0,D,25.0,newdelhi,-1,25.0,True
CLS_00367,0,D-DD,Depression / Deep Depression,2005349N06090,UNNAMED,NI,BB,north_indian_ocean,bay_of_bengal,2005-12-16T03:00:00Z,7.8,85.1,TS,25.0,D,25.0,newdelhi,-1,25.0,True
CLS_00368,0,D-DD,Depression / Deep Depression,2005349N06090,UNNAMED,NI,BB,north_indian_ocean,bay_of_bengal,2005-12-21T06:00:00Z,11.7,84.5,TS,30.0,DD,25.0,newdelhi,-1,25.0,True
CLS_00369,0,D-DD,Depression / Deep Depression,2005349N06090,UNNAMED,NI,BB,north_indian_ocean,bay_of_bengal,2005-12-22T03:00:00Z,12.7,85.1,TS,30.0,DD,,,-1,30.0,True
CLS_00370,0,D-DD,Depression / Deep Depression,2005349N06090,UNNAMED,NI,BB,north_indian_ocean,bay_of_bengal,2005-12-22T15:00:00Z,13.5,86.3,TS,25.0,D,,,-1,25.0,True
CLS_00371,0,D-DD,Depression / Deep Depression,2005349N06090,UNNAMED,NI,BB,north_indian_ocean,bay_of_bengal,2005-12-23T03:00:00Z,14.3,88.6,TS,25.0,D,,,-1,25.0,True
CLS_00372,0,D-DD,Depression / Deep Depression,2006006S11129,CLARE,SI,WA,south_indian_ocean,,2006-01-07T06:00:00Z,-13.3,123.6,TS,25.0,D,35.0,bom,-1,35.0,True
CLS_00373,0,D-DD,Depression / Deep Depression,2006007S15182,TAM,SP,MM,pacific_ocean,southern_pacific,2006-01-12T18:00:00Z,-16.2,185.8,TS,30.0,DD,45.0,nadi,-1,45.0,True
CLS_00374,0,D-DD,Depression / Deep Depression,2006013S13184,URMIL,SP,MM,pacific_ocean,southern_pacific,2006-01-13T12:00:00Z,-13.5,-174.7,TS,25.0,D,30.0,nadi,-1,30.0,True
CLS_00375,0,D-DD,Depression / Deep Depression,2006012N03081,UNNAMED,NI,AS,north_indian_ocean,arabian_sea,2006-01-15T03:00:00Z,7.0,71.4,TS,33.0,DD,,,-1,33.0,True
CLS_00376,0,D-DD,Depression / Deep Depression,2006017S15126,DARYL,SI,WA,south_indian_ocean,,2006-01-18T15:00:00Z,-15.9,123.0,TS,28.0,DD,,,-1,28.0,True
CLS_00377,0,D-DD,Depression / Deep Depression,2006025S18147,JIM,SP,EA,pacific_ocean,southern_pacific,2006-01-27T21:00:00Z,-17.5,149.4,TS,28.0,DD,,,-1,28.0,True
CLS_00378,0,D-DD,Depression / Deep Depression,2006040S15181,VAIANU,SP,MM,pacific_ocean,southern_pacific,2006-02-11T06:00:00Z,-16.7,-174.3,TS,30.0,DD,30.0,nadi,-1,30.0,True
CLS_00379,0,D-DD,Depression / Deep Depression,2006053S11144,KATE,SP,EA,pacific_ocean,southern_pacific,2006-02-22T21:00:00Z,-11.0,145.6,TS,33.0,DD,,,-1,33.0,True
CLS_00380,0,D-DD,Depression / Deep Depression,2006049S16051,UNNAMED,SI,MM,south_indian_ocean,,2006-02-23T09:00:00Z,-16.1,50.7,TS,25.0,D,,,-1,25.0,True
CLS_00381,0,D-DD,Depression / Deep Depression,2006057S12114,EMMA,SI,WA,south_indian_ocean,,2006-02-27T06:00:00Z,-17.7,114.5,TS,25.0,D,35.0,bom,-1,35.0,True
CLS_00382,0,D-DD,Depression / Deep Depression,2006060S13058,DIWA,SI,MM,south_indian_ocean,,2006-03-03T06:00:00Z,-15.5,57.8,TS,25.0,D,40.0,reunion,-1,40.0,True
CLS_00383,0,D-DD,Depression / Deep Depression,2006074S13158,LARRY,SP,EA,pacific_ocean,southern_pacific,2006-03-16T18:00:00Z,-14.2,159.9,TS,25.0,D,30.0,bom,-1,30.0,True
CLS_00384,0,D-DD,Depression / Deep Depression,2006075S14185,WATI,SP,MM,pacific_ocean,southern_pacific,2006-03-19T00:00:00Z,-15.3,166.0,TS,30.0,DD,30.0,nadi,-1,30.0,True
CLS_00385,0,D-DD,Depression / Deep Depression,2006078S12119,FLOYD,SI,WA,south_indian_ocean,,2006-03-20T18:00:00Z,-12.0,116.6,TS,25.0,D,30.0,bom,-1,30.0,True
CLS_00386,0,D-DD,Depression / Deep Depression,2006114N08090,MALA,NI,BB,north_indian_ocean,bay_of_bengal,2006-04-24T18:00:00Z,9.0,89.5,TS,30.0,DD,,,-1,30.0,True
CLS_00387,0,D-DD,Depression / Deep Depression,2006147N15259,ALETTA,EP,MM,pacific_ocean,eastern_pacific,2006-05-27T09:00:00Z,14.8,-101.2,TS,28.0,DD,,,-1,28.0,True
CLS_00388,0,D-DD,Depression / Deep Depression,2006155N16257,UNNAMED,EP,MM,pacific_ocean,eastern_pacific,2006-06-04T12:00:00Z,16.8,-101.1,TS,25.0,D,25.0,hurdat_epa,-1,25.0,True
CLS_00389,0,D-DD,Depression / Deep Depression,2006180N06140,EWINIAR,WP,MM,pacific_ocean,western_pacific,2006-06-30T03:00:00Z,6.4,138.7,TS,30.0,DD,,,-1,30.0,True
CLS_00390,0,D-DD,Depression / Deep Depression,2006182N20088,UNNAMED,NI,BB,north_indian_ocean,bay_of_bengal,2006-07-02T09:00:00Z,20.4,87.9,TS,33.0,DD,30.0,newdelhi,-1,30.0,True
CLS_00391,0,D-DD,Depression / Deep Depression,2006182N20088,UNNAMED,NI,BB,north_indian_ocean,bay_of_bengal,2006-07-02T21:00:00Z,20.4,85.8,TS,28.0,DD,30.0,newdelhi,-1,30.0,True
CLS_00392,0,D-DD,Depression / Deep Depression,2006192N13250,BUD,EP,MM,pacific_ocean,eastern_pacific,2006-07-15T18:00:00Z,21.0,-133.7,TS,25.0,D,25.0,hurdat_epa,-1,25.0,True
CLS_00393,0,D-DD,Depression / Deep Depression,2006213N13256,GILMA,EP,MM,pacific_ocean,eastern_pacific,2006-08-01T03:00:00Z,13.0,-104.1,TS,30.0,DD,,,-1,30.0,True
CLS_00394,0,D-DD,Depression / Deep Depression,2006217N20134,BOPHA,WP,MM,pacific_ocean,western_pacific,2006-08-09T21:00:00Z,21.6,116.8,TS,28.0,DD,,,-1,28.0,True
CLS_00395,0,D-DD,Depression / Deep Depression,2006225N17126,SONAMU,WP,MM,pacific_ocean,western_pacific,2006-08-16T09:00:00Z,32.6,136.1,TS,23.0,D,,,-1,23.0,True
CLS_00396,0,D-DD,Depression / Deep Depression,2006234N12258,ILEANA,EP,MM,pacific_ocean,eastern_pacific,2006-08-21T15:00:00Z,12.2,-102.3,TS,33.0,DD,,,-1,33.0,True
CLS_00397,0,D-DD,Depression / Deep Depression,2006228N13247,HECTOR,EP,MM,pacific_ocean,eastern_pacific,2006-08-23T03:00:00Z,22.7,-138.2,TS,30.0,DD,,,-1,30.0,True
CLS_00398,0,D-DD,Depression / Deep Depression,2006242N16246,KRISTY,EP,MM,pacific_ocean,eastern_pacific,2006-08-30T00:00:00Z,16.0,-114.0,TS,30.0,DD,30.0,hurdat_epa,-1,30.0,True
CLS_00399,0,D-DD,Depression / Deep Depression,2006253N20120,UNNAMED,WP,MM,pacific_ocean,western_pacific,2006-09-12T09:00:00Z,20.0,115.0,TS,30.0,DD,,,-1,30.0,True
CLS_00400,0,D-DD,Depression / Deep Depression,2006259N19155,YAGI,WP,MM,pacific_ocean,western_pacific,2006-09-17T03:00:00Z,20.7,157.2,TS,33.0,DD,,,-1,33.0,True
CLS_00401,0,D-DD,Depression / Deep Depression,2006257N16259,LANE,EP,MM,pacific_ocean,eastern_pacific,2006-09-17T12:00:00Z,26.0,-107.5,TS,25.0,D,25.0,hurdat_epa,-1,25.0,True
CLS_00402,0,D-DD,Depression / Deep Depression,2006259N17245,MIRIAM,EP,MM,pacific_ocean,eastern_pacific,2006-09-18T09:00:00Z,19.7,-113.6,TS,28.0,DD,,,-1,28.0,True
CLS_00403,0,D-DD,Depression / Deep Depression,2006258N11215,UNNAMED,EP,CP,pacific_ocean,eastern_pacific,2006-09-19T09:00:00Z,9.9,-157.9,TS,30.0,DD,,,-1,30.0,True
CLS_00404,0,D-DD,Depression / Deep Depression,2006262N19069,MUKDA,NI,AS,north_indian_ocean,arabian_sea,2006-09-21T06:00:00Z,19.6,66.3,TS,30.0,DD,30.0,newdelhi,-1,30.0,True
CLS_00405,0,D-DD,Depression / Deep Depression,2006262N19069,MUKDA,NI,AS,north_indian_ocean,arabian_sea,2006-09-23T21:00:00Z,20.6,67.0,TS,33.0,DD,45.0,newdelhi,-1,45.0,True
CLS_00406,0,D-DD,Depression / Deep Depression,2006262N19069,MUKDA,NI,AS,north_indian_ocean,arabian_sea,2006-09-24T15:00:00Z,19.5,66.9,TS,30.0,DD,,,-1,30.0,True
CLS_00407,0,D-DD,Depression / Deep Depression,2006262N19069,MUKDA,NI,AS,north_indian_ocean,arabian_sea,2006-09-25T03:00:00Z,19.6,66.5,TS,30.0,DD,,,-1,30.0,True
CLS_00408,0,D-DD,Depression / Deep Depression,2006268N12129,XANGSANE,WP,MM,pacific_ocean,western_pacific,2006-09-25T15:00:00Z,11.7,128.2,TS,28.0,DD,,,-1,28.0,True
CLS_00409,0,D-DD,Depression / Deep Depression,2006262N19069,MUKDA,NI,AS,north_indian_ocean,arabian_sea,2006-09-25T15:00:00Z,19.8,66.2,TS,28.0,DD,,,-1,28.0,True
CLS_00410,0,D-DD,Depression / Deep Depression,2006271N18089,UNNAMED,NI,BB,north_indian_ocean,bay_of_bengal,2006-09-28T12:00:00Z,18.4,87.9,TS,30.0,DD,25.0,newdelhi,-1,25.0,True
CLS_00411,0,D-DD,Depression / Deep Depression,2006271N18089,UNNAMED,NI,BB,north_indian_ocean,bay_of_bengal,2006-09-29T03:00:00Z,18.9,85.9,TS,33.0,DD,25.0,newdelhi,-1,25.0,True
CLS_00412,0,D-DD,Depression / Deep Depression,2006271N18089,UNNAMED,NI,BB,north_indian_ocean,bay_of_bengal,2006-09-29T15:00:00Z,19.2,84.2,TS,28.0,DD,25.0,newdelhi,-1,25.0,True
CLS_00413,0,D-DD,Depression / Deep Depression,2006276N18151,RUMBIA,WP,MM,pacific_ocean,western_pacific,2006-10-05T06:00:00Z,23.2,152.0,TS,25.0,D,45.0,tokyo,-1,45.0,True
CLS_00414,0,D-DD,Depression / Deep Depression,2006283N13232,OLIVIA,EP,MM,pacific_ocean,eastern_pacific,2006-10-11T12:00:00Z,16.8,-124.7,TS,30.0,DD,30.0,hurdat_epa,-1,30.0,True
CLS_00415,0,D-DD,Depression / Deep Depression,2006294N16254,PAUL,EP,MM,pacific_ocean,eastern_pacific,2006-10-21T09:00:00Z,15.8,-106.0,TS,33.0,DD,,,-1,33.0,True
CLS_00416,0,D-DD,Depression / Deep Depression,2006294S10168,XAVIER,SP,MM,pacific_ocean,southern_pacific,2006-10-26T03:00:00Z,-14.5,170.1,TS,28.0,DD,,,-1,28.0,True
CLS_00417,0,D-DD,Depression / Deep Depression,2006300N17256,UNNAMED,EP,MM,pacific_ocean,eastern_pacific,2006-10-27T15:00:00Z,15.8,-105.2,TS,25.0,D,,,-1,25.0,True
CLS_00418,0,D-DD,Depression / Deep Depression,2006318N12256,SERGIO,EP,MM,pacific_ocean,eastern_pacific,2006-11-20T12:00:00Z,14.8,-106.9,TS,30.0,DD,30.0,hurdat_epa,-1,30.0,True
CLS_00419,0,D-DD,Depression / Deep Depression,2006322S09172,YANI,SP,EA,pacific_ocean,southern_pacific,2006-11-26T09:00:00Z,-13.6,159.4,TS,25.0,D,,,-1,25.0,True
CLS_00420,0,D-DD,Depression / Deep Depression,2006322S09172,YANI,SP,EA,pacific_ocean,southern_pacific,2006-11-26T21:00:00Z,-13.9,159.0,TS,23.0,D,,,-1,23.0,True
CLS_00421,0,D-DD,Depression / Deep Depression,2006335S10164,UNNAMED,SP,MM,pacific_ocean,southern_pacific,2006-12-02T15:00:00Z,-13.4,164.3,TS,25.0,D,,,-1,25.0,True
CLS_00422,0,D-DD,Depression / Deep Depression,2006329N06150,DURIAN,NI,BB,north_indian_ocean,bay_of_bengal,2006-12-06T18:00:00Z,10.2,97.1,TS,20.0,D,,,-1,20.0,True
CLS_00423,0,D-DD,Depression / Deep Depression,2006329N06150,DURIAN,NI,BB,north_indian_ocean,bay_of_bengal,2006-12-07T15:00:00Z,10.7,92.8,TS,20.0,D,,,-1,20.0,True
CLS_00424,0,D-DD,Depression / Deep Depression,2006364S12058,CLOVIS,SI,MM,south_indian_ocean,,2006-12-31T00:00:00Z,-13.4,55.3,TS,30.0,DD,30.0,reunion,-1,30.0,True
CLS_00425,0,D-DD,Depression / Deep Depression,2006365S12114,ISOBEL,SI,WA,south_indian_ocean,,2007-01-01T15:00:00Z,-12.3,118.8,TS,25.0,D,,,-1,25.0,True
CLS_00426,0,D-DD,Depression / Deep Depression,2007021S12183,ARTHUR,SP,MM,pacific_ocean,southern_pacific,2007-01-21T21:00:00Z,-12.2,-176.1,TS,30.0,DD,,,-1,30.0,True
CLS_00427,0,D-DD,Depression / Deep Depression,2007021S12195,ZITA,SP,MM,pacific_ocean,southern_pacific,2007-01-22T00:00:00Z,-12.3,-161.3,TS,25.0,D,25.0,nadi,-1,25.0,True
CLS_00428,0,D-DD,Depression / Deep Depression,2007021S12195,ZITA,SP,MM,pacific_ocean,southern_pacific,2007-01-22T12:00:00Z,-13.5,-158.8,TS,30.0,DD,25.0,nadi,-1,25.0,True
CLS_00429,0,D-DD,Depression / Deep Depression,2007021S12183,ARTHUR,SP,MM,pacific_ocean,southern_pacific,2007-01-23T15:00:00Z,-13.1,-172.7,TS,25.0,D,,,-1,25.0,True
CLS_00430,0,D-DD,Depression / Deep Depression,2007033S12177,UNNAMED,SP,MM,pacific_ocean,southern_pacific,2007-02-02T12:00:00Z,-12.4,176.3,TS,25.0,D,,,-1,25.0,True
CLS_00431,0,D-DD,Depression / Deep Depression,2007032S11137,NELSON,SP,EA,pacific_ocean,southern_pacific,2007-02-05T03:00:00Z,-16.0,137.8,TS,25.0,D,25.0,bom,-1,25.0,True
CLS_00432,0,D-DD,Depression / Deep Depression,2007037S19050,ENOK,SI,MM,south_indian_ocean,,2007-02-11T09:00:00Z,-22.4,64.5,TS,33.0,DD,,,-1,33.0,True
CLS_00433,0,D-DD,Depression / Deep Depression,2007052S10093,HUMBA,SI,MM,south_indian_ocean,,2007-02-21T18:00:00Z,-10.8,86.7,TS,30.0,DD,27.0,reunion,-1,27.0,True
CLS_00434,0,D-DD,Depression / Deep Depression,2007066S12066,INDLALA,SI,MM,south_indian_ocean,,2007-03-16T09:00:00Z,-16.4,47.6,TS,33.0,DD,,,-1,33.0,True
CLS_00435,0,D-DD,Depression / Deep Depression,2007084S12157,BECKY,SP,MM,pacific_ocean,southern_pacific,2007-03-25T15:00:00Z,-12.4,160.1,TS,28.0,DD,,,-1,28.0,True
CLS_00436,0,D-DD,Depression / Deep Depression,2007090N06158,KONG-REY,WP,MM,pacific_ocean,western_pacific,2007-03-31T00:00:00Z,6.7,157.7,TS,25.0,D,,tokyo,-1,25.0,True
CLS_00437,0,D-DD,Depression / Deep Depression,2007091S14175,CLIFF,SP,MM,pacific_ocean,southern_pacific,2007-04-03T18:00:00Z,-15.4,179.0,TS,25.0,D,20.0,nadi,-1,20.0,True
CLS_00438,0,D-DD,Depression / Deep Depression,2007136S10158,PIERRE,SP,EA,pacific_ocean,southern_pacific,2007-05-16T21:00:00Z,-10.8,156.5,TS,30.0,DD,,,-1,30.0,True
CLS_00439,0,D-DD,Depression / Deep Depression,2007147N13249,ALVIN,EP,MM,pacific_ocean,eastern_pacific,2007-05-30T12:00:00Z,13.3,-114.5,TS,30.0,DD,30.0,hurdat_epa,-1,30.0,True
CLS_00440,0,D-DD,Depression / Deep Depression,2007172N15088,UNNAMED,NI,BB,north_indian_ocean,bay_of_bengal,2007-06-21T12:00:00Z,15.9,84.1,TS,30.0,DD,,,-1,30.0,True
CLS_00441,0,D-DD,Depression / Deep Depression,2007172N15088,UNNAMED,NI,BB,north_indian_ocean,bay_of_bengal,2007-06-22T00:00:00Z,15.7,81.7,TS,30.0,DD,,,-1,30.0,True
CLS_00442,0,D-DD,Depression / Deep Depression,2007172N15088,UNNAMED,NI,BB,north_indian_ocean,bay_of_bengal,2007-06-22T15:00:00Z,16.6,78.5,TS,20.0,D,,,-1,20.0,True
CLS_00443,0,D-DD,Depression / Deep Depression,2007172N15088,UNNAMED,NI,AS,north_indian_ocean,arabian_sea,2007-06-24T09:00:00Z,21.7,71.0,TS,23.0,D,,,-1,23.0,True
CLS_00444,0,D-DD,Depression / Deep Depression,2007172N15088,UNNAMED,NI,AS,north_indian_ocean,arabian_sea,2007-06-24T21:00:00Z,22.2,68.6,TS,25.0,D,,,-1,25.0,True
CLS_00445,0,D-DD,Depression / Deep Depression,2007172N15088,UNNAMED,NI,AS,north_indian_ocean,arabian_sea,2007-06-26T18:00:00Z,26.3,62.6,TS,30.0,DD,,,-1,30.0,True
CLS_00446,0,D-DD,Depression / Deep Depression,2007178N18089,UNNAMED,NI,BB,north_indian_ocean,bay_of_bengal,2007-06-27T06:00:00Z,17.6,88.7,TS,25.0,D,,,-1,25.0,True
CLS_00447,0,D-DD,Depression / Deep Depression,2007178N18089,UNNAMED,NI,BB,north_indian_ocean,bay_of_bengal,2007-06-27T18:00:00Z,17.0,87.5,TS,25.0,D,,,-1,25.0,True
CLS_00448,0,D-DD,Depression / Deep Depression,2007178N18089,UNNAMED,NI,BB,north_indian_ocean,bay_of_bengal,2007-06-28T09:00:00Z,17.9,86.5,TS,33.0,DD,,,-1,33.0,True
CLS_00449,0,D-DD,Depression / Deep Depression,2007178N18089,UNNAMED,NI,BB,north_indian_ocean,bay_of_bengal,2007-06-29T15:00:00Z,21.5,83.1,TS,33.0,DD,,,-1,33.0,True
CLS_00450,0,D-DD,Depression / Deep Depression,2007191N17241,UNNAMED,EP,MM,pacific_ocean,eastern_pacific,2007-07-10T09:00:00Z,18.5,-120.5,TS,30.0,DD,,,-1,30.0,True
CLS_00451,0,D-DD,Depression / Deep Depression,2007196N11234,COSME,EP,CP,pacific_ocean,eastern_pacific,2007-07-20T15:00:00Z,16.3,-150.8,TS,30.0,DD,,,-1,30.0,True
CLS_00452,0,D-DD,Depression / Deep Depression,2007213N13238,ERICK,EP,MM,pacific_ocean,eastern_pacific,2007-08-01T21:00:00Z,13.3,-127.2,TS,33.0,DD,,,-1,33.0,True
CLS_00453,0,D-DD,Depression / Deep Depression,2007223N19136,SEPAT,WP,MM,pacific_ocean,western_pacific,2007-08-19T18:00:00Z,26.9,117.4,TS,30.0,DD,,tokyo,-1,30.0,True
CLS_00454,0,D-DD,Depression / Deep Depression,2007240N17153,FITOW,WP,MM,pacific_ocean,western_pacific,2007-08-28T18:00:00Z,20.1,155.2,TS,25.0,D,,tokyo,-1,25.0,True
CLS_00455,0,D-DD,Depression / Deep Depression,2007242N13264,HENRIETTE,EP,MM,pacific_ocean,eastern_pacific,2007-08-31T09:00:00Z,15.4,-99.2,TS,33.0,DD,,,-1,33.0,True
CLS_00456,0,D-DD,Depression / Deep Depression,2007242N19251,GIL,EP,MM,pacific_ocean,eastern_pacific,2007-09-02T03:00:00Z,19.3,-122.5,TS,25.0,D,,,-1,25.0,True
CLS_00457,0,D-DD,Depression / Deep Depression,2007249N24161,DANAS,WP,MM,pacific_ocean,western_pacific,2007-09-07T09:00:00Z,27.1,156.7,TS,33.0,DD,,,-1,33.0,True
CLS_00458,0,D-DD,Depression / Deep Depression,2007262N16233,UNNAMED,EP,MM,pacific_ocean,eastern_pacific,2007-09-19T15:00:00Z,17.3,-128.0,TS,30.0,DD,,,-1,30.0,True
CLS_00459,0,D-DD,Depression / Deep Depression,2007262N09138,UNNAMED,WP,MM,pacific_ocean,western_pacific,2007-09-21T00:00:00Z,15.6,136.4,TS,25.0,D,,,-1,25.0,True
CLS_00460,0,D-DD,Depression / Deep Depression,2007272N17125,LEKIMA,WP,MM,pacific_ocean,western_pacific,2007-09-30T06:00:00Z,14.7,114.8,TS,30.0,DD,40.0,tokyo,-1,40.0,True
CLS_00461,0,D-DD,Depression / Deep Depression,2007274N18131,KROSA,WP,MM,pacific_ocean,western_pacific,2007-10-01T15:00:00Z,17.1,130.8,TS,30.0,DD,,,-1,30.0,True
CLS_00462,0,D-DD,Depression / Deep Depression,2007272N15251,JULIETTE,EP,MM,pacific_ocean,eastern_pacific,2007-10-02T06:00:00Z,23.5,-116.1,TS,25.0,D,25.0,hurdat_epa,-1,25.0,True
CLS_00463,0,D-DD,Depression / Deep Depression,2007282N19181,LINGLING,WP,MM,pacific_ocean,western_pacific,2007-10-14T12:00:00Z,33.5,171.7,TS,25.0,D,35.0,tokyo,-1,35.0,True
CLS_00464,0,D-DD,Depression / Deep Depression,2007291N19148,KAJIKI,WP,MM,pacific_ocean,western_pacific,2007-10-18T21:00:00Z,18.8,144.6,TS,30.0,DD,,,-1,30.0,True
CLS_00465,0,D-DD,Depression / Deep Depression,2007300N11068,UNNAMED,NI,AS,north_indian_ocean,arabian_sea,2007-10-27T09:00:00Z,11.2,68.0,TS,25.0,D,,,-1,25.0,True
CLS_00466,0,D-DD,Depression / Deep Depression,2007300N11068,UNNAMED,NI,AS,north_indian_ocean,arabian_sea,2007-10-29T21:00:00Z,11.3,66.4,TS,33.0,DD,,,-1,33.0,True
CLS_00467,0,D-DD,Depression / Deep Depression,2007317S10150,GUBA,SP,EA,pacific_ocean,southern_pacific,2007-11-13T15:00:00Z,-10.5,148.0,TS,33.0,DD,,,-1,33.0,True
CLS_00468,0,D-DD,Depression / Deep Depression,2007315S05095,ARIEL:LEE,SI,WA,south_indian_ocean,,2007-11-20T21:00:00Z,-12.8,90.2,TS,25.0,D,,,-1,25.0,True
CLS_00469,0,D-DD,Depression / Deep Depression,2007330N10141,UNNAMED,WP,MM,pacific_ocean,western_pacific,2007-11-28T18:00:00Z,26.0,138.1,TS,25.0,D,,,-1,25.0,True
CLS_00470,0,D-DD,Depression / Deep Depression,2007337S12186,DAMAN,SP,MM,pacific_ocean,southern_pacific,2007-12-04T21:00:00Z,-12.0,178.9,TS,33.0,DD,,,-1,33.0,True
CLS_00471,0,D-DD,Depression / Deep Depression,2007346S12073,CELINA,SI,MM,south_indian_ocean,,2007-12-19T18:00:00Z,-22.5,57.3,TS,30.0,DD,28.0,reunion,-1,28.0,True
CLS_00472,0,D-DD,Depression / Deep Depression,2007360S10116,MELANIE,SI,WA,south_indian_ocean,,2007-12-27T15:00:00Z,-13.6,117.8,TS,28.0,DD,,,-1,28.0,True
CLS_00473,0,D-DD,Depression / Deep Depression,2007363S20043,ELNUS,SI,MM,south_indian_ocean,,2007-12-30T21:00:00Z,-18.2,41.6,TS,30.0,DD,,,-1,30.0,True
CLS_00474,0,D-DD,Depression / Deep Depression,2007365S15134,HELEN,SI,WA,south_indian_ocean,,2008-01-03T06:00:00Z,-14.2,127.9,TS,30.0,DD,25.0,bom,-1,25.0,True
CLS_00475,0,D-DD,Depression / Deep Depression,2007365S15134,HELEN,SP,EA,pacific_ocean,southern_pacific,2008-01-06T00:00:00Z,-13.8,138.5,TS,30.0,DD,25.0,bom,-1,25.0,True
CLS_00476,0,D-DD,Depression / Deep Depression,2007365S15134,HELEN,SP,EA,pacific_ocean,southern_pacific,2008-01-06T15:00:00Z,-14.3,141.7,TS,25.0,D,,,-1,25.0,True
CLS_00477,0,D-DD,Depression / Deep Depression,2008008S18184,ELISA,SP,MM,pacific_ocean,southern_pacific,2008-01-11T09:00:00Z,-24.6,-171.3,TS,30.0,DD,,,-1,30.0,True
CLS_00478,0,D-DD,Depression / Deep Depression,2008015S16162,FUNA,SP,MM,pacific_ocean,southern_pacific,2008-01-15T21:00:00Z,-15.4,163.3,TS,28.0,DD,,,-1,28.0,True
CLS_00479,0,D-DD,Depression / Deep Depression,2008026S11064,GULA,SI,MM,south_indian_ocean,,2008-01-26T09:00:00Z,-11.2,62.3,TS,25.0,D,,,-1,25.0,True
CLS_00480,0,D-DD,Depression / Deep Depression,2008023S10050,FAME,SI,MM,south_indian_ocean,,2008-01-29T00:00:00Z,-19.4,49.9,TS,30.0,DD,25.0,reunion,-1,25.0,True
CLS_00481,0,D-DD,Depression / Deep Depression,2008034S12103,UNNAMED,SI,WA,south_indian_ocean,,2008-02-10T03:00:00Z,-15.3,109.4,TS,30.0,DD,,,-1,30.0,True
CLS_00482,0,D-DD,Depression / Deep Depression,2008042S16122,NICHOLAS,SI,WA,south_indian_ocean,,2008-02-11T15:00:00Z,-15.8,120.8,TS,25.0,D,,,-1,25.0,True
CLS_00483,0,D-DD,Depression / Deep Depression,2008060S19151,UNNAMED,SP,EA,pacific_ocean,southern_pacific,2008-02-29T00:00:00Z,-19.9,152.9,TS,30.0,DD,,,-1,30.0,True
CLS_00484,0,D-DD,Depression / Deep Depression,2008058S15131,OPHELIA,SI,WA,south_indian_ocean,,2008-02-29T18:00:00Z,-15.0,124.9,TS,25.0,D,25.0,bom,-1,25.0,True
CLS_00485,0,D-DD,Depression / Deep Depression,2008060S19151,UNNAMED,SP,MM,pacific_ocean,southern_pacific,2008-03-01T00:00:00Z,-25.4,160.3,TS,30.0,DD,,,-1,30.0,True
CLS_00486,0,D-DD,Depression / Deep Depression,2008065S12096,KAMBA,SI,MM,south_indian_ocean,,2008-03-07T03:00:00Z,-12.1,88.5,TS,30.0,DD,,,-1,30.0,True
CLS_00487,0,D-DD,Depression / Deep Depression,2008079S12069,LOLA,SI,MM,south_indian_ocean,,2008-03-20T09:00:00Z,-14.6,63.3,TS,28.0,DD,,,-1,28.0,True
CLS_00488,0,D-DD,Depression / Deep Depression,2008080S17163,UNNAMED,SP,MM,pacific_ocean,southern_pacific,2008-03-21T15:00:00Z,-21.5,163.7,TS,33.0,DD,,,-1,33.0,True
CLS_00489,0,D-DD,Depression / Deep Depression,2008080S17163,UNNAMED,SP,MM,pacific_ocean,southern_pacific,2008-03-22T12:00:00Z,-21.8,162.3,TS,25.0,D,,,-1,25.0,True
CLS_00490,0,D-DD,Depression / Deep Depression,2008083S12102,PANCHO,SI,WA,south_indian_ocean,,2008-03-29T12:00:00Z,-25.5,111.6,TS,25.0,D,30.0,bom,-1,30.0,True
CLS_00491,0,D-DD,Depression / Deep Depression,2008108S13158,UNNAMED,SP,MM,pacific_ocean,southern_pacific,2008-04-18T12:00:00Z,-16.8,163.5,TS,30.0,DD,,,-1,30.0,True
CLS_00492,0,D-DD,Depression / Deep Depression,2008111S06082,DURGA,SI,WA,south_indian_ocean,,2008-04-22T09:00:00Z,-8.2,91.5,TS,30.0,DD,,,-1,30.0,True
CLS_00493,0,D-DD,Depression / Deep Depression,2008111S08096,ROSIE,SI,WA,south_indian_ocean,,2008-04-24T03:00:00Z,-14.3,106.2,TS,33.0,DD,,,-1,33.0,True
CLS_00494,0,D-DD,Depression / Deep Depression,2008180N14238,CRISTINA,EP,MM,pacific_ocean,eastern_pacific,2008-06-28T09:00:00Z,14.3,-123.9,TS,33.0,DD,,,-1,33.0,True
CLS_00495,0,D-DD,Depression / Deep Depression,2008184N15254,DOUGLAS,EP,MM,pacific_ocean,eastern_pacific,2008-07-04T00:00:00Z,20.9,-110.9,TS,30.0,DD,30.0,hurdat_epa,-1,30.0,True
CLS_00496,0,D-DD,Depression / Deep Depression,2008188N14260,UNNAMED,EP,MM,pacific_ocean,eastern_pacific,2008-07-06T00:00:00Z,14.8,-100.8,TS,25.0,D,25.0,hurdat_epa,-1,25.0,True
CLS_00497,0,D-DD,Depression / Deep Depression,2008194N11266,ELIDA,EP,MM,pacific_ocean,eastern_pacific,2008-07-11T18:00:00Z,11.1,-93.9,TS,30.0,DD,30.0,hurdat_epa,-1,30.0,True
CLS_00498,0,D-DD,Depression / Deep Depression,2008193N20126,KALMAEGI,WP,MM,pacific_ocean,western_pacific,2008-07-15T03:00:00Z,18.1,124.0,TS,33.0,DD,,,-1,33.0,True
CLS_00499,0,D-DD,Depression / Deep Depression,2008204N13260,GENEVIEVE,EP,MM,pacific_ocean,eastern_pacific,2008-07-21T12:00:00Z,13.4,-100.3,TS,30.0,DD,30.0,hurdat_epa,-1,30.0,True
CLS_00500,0,D-DD,Depression / Deep Depression,2008206N22133,FUNG-WONG,WP,MM,pacific_ocean,western_pacific,2008-07-24T18:00:00Z,21.8,131.8,TS,30.0,DD,,tokyo,-1,30.0,True
CLS_00501,0,D-DD,Depression / Deep Depression,2008227N16255,ISELLE,EP,MM,pacific_ocean,eastern_pacific,2008-08-13T12:00:00Z,16.3,-105.4,TS,30.0,DD,30.0,hurdat_epa,-1,30.0,True
CLS_00502,0,D-DD,Depression / Deep Depression,2008253N29150,UNNAMED,WP,MM,pacific_ocean,western_pacific,2008-09-09T21:00:00Z,30.3,147.1,TS,33.0,DD,,,-1,33.0,True
CLS_00503,0,D-DD,Depression / Deep Depression,2008259N20089,UNNAMED,NI,BB,north_indian_ocean,bay_of_bengal,2008-09-15T21:00:00Z,19.7,88.0,TS,30.0,DD,,,-1,30.0,True
CLS_00504,0,D-DD,Depression / Deep Depression,2008259N20089,UNNAMED,NI,BB,north_indian_ocean,bay_of_bengal,2008-09-17T12:00:00Z,22.0,84.6,TS,30.0,DD,30.0,newdelhi,-1,30.0,True
CLS_00505,0,D-DD,Depression / Deep Depression,2008259N20089,UNNAMED,NI,BB,north_indian_ocean,bay_of_bengal,2008-09-18T09:00:00Z,22.9,82.1,TS,25.0,D,25.0,newdelhi,-1,25.0,True
CLS_00506,0,D-DD,Depression / Deep Depression,2008262N16142,HAGUPIT,WP,MM,pacific_ocean,western_pacific,2008-09-18T18:00:00Z,15.0,136.6,TS,25.0,D,,tokyo,-1,25.0,True
CLS_00507,0,D-DD,Depression / Deep Depression,2008268N12140,JANGMI,WP,MM,pacific_ocean,western_pacific,2008-09-23T12:00:00Z,11.7,139.6,TS,25.0,D,,,-1,25.0,True
CLS_00508,0,D-DD,Depression / Deep Depression,2008283N12271,ODILE,EP,MM,pacific_ocean,eastern_pacific,2008-10-12T09:00:00Z,18.2,-104.2,TS,28.0,DD,,,-1,28.0,True
CLS_00509,0,D-DD,Depression / Deep Depression,2008293N09060,UNNAMED,NI,AS,north_indian_ocean,arabian_sea,2008-10-20T12:00:00Z,10.1,56.2,TS,25.0,D,25.0,newdelhi,-1,25.0,True
CLS_00510,0,D-DD,Depression / Deep Depression,2008293N09060,UNNAMED,NI,AS,north_indian_ocean,arabian_sea,2008-10-21T03:00:00Z,10.6,54.5,TS,30.0,DD,30.0,newdelhi,-1,30.0,True
CLS_00511,0,D-DD,Depression / Deep Depression,2008293N09060,UNNAMED,NI,AS,north_indian_ocean,arabian_sea,2008-10-21T18:00:00Z,12.3,53.9,TS,30.0,DD,,,-1,30.0,True
CLS_00512,0,D-DD,Depression / Deep Depression,2008293N09060,UNNAMED,NI,AS,north_indian_ocean,arabian_sea,2008-10-22T06:00:00Z,13.4,52.9,TS,30.0,DD,,,-1,30.0,True
CLS_00513,0,D-DD,Depression / Deep Depression,2008290S05071,ASMA,SI,MM,south_indian_ocean,,2008-10-22T09:00:00Z,-11.0,53.8,TS,25.0,D,,,-1,25.0,True
CLS_00514,0,D-DD,Depression / Deep Depression,2008293N09060,UNNAMED,NI,AS,north_indian_ocean,arabian_sea,2008-10-23T00:00:00Z,13.7,51.4,TS,25.0,D,,,-1,25.0,True
CLS_00515,0,D-DD,Depression / Deep Depression,2008293N09060,UNNAMED,NI,AS,north_indian_ocean,arabian_sea,2008-10-23T15:00:00Z,14.5,49.9,TS,25.0,D,,,-1,25.0,True
CLS_00516,0,D-DD,Depression / Deep Depression,2008298N16085,RASHMI,NI,BB,north_indian_ocean,bay_of_bengal,2008-10-24T09:00:00Z,16.0,85.2,TS,18.0,D,,,-1,18.0,True
CLS_00517,0,D-DD,Depression / Deep Depression,2008298N16085,RASHMI,NI,BB,north_indian_ocean,bay_of_bengal,2008-10-25T06:00:00Z,16.7,87.0,TS,30.0,DD,,,-1,30.0,True
CLS_00518,0,D-DD,Depression / Deep Depression,2008298N16085,RASHMI,NI,BB,north_indian_ocean,bay_of_bengal,2008-10-25T21:00:00Z,17.9,87.4,TS,33.0,DD,,,-1,33.0,True
CLS_00519,0,D-DD,Depression / Deep Depression,2008298N16085,RASHMI,NI,BB,north_indian_ocean,bay_of_bengal,2008-10-27T06:00:00Z,25.0,90.6,TS,25.0,D,,,-1,25.0,True
CLS_00520,0,D-DD,Depression / Deep Depression,2008308N08252,POLO,EP,MM,pacific_ocean,eastern_pacific,2008-11-02T12:00:00Z,8.3,-108.0,TS,25.0,D,25.0,hurdat_epa,-1,25.0,True
CLS_00521,0,D-DD,Depression / Deep Depression,2008317N11089,KHAI-MUK,NI,BB,north_indian_ocean,bay_of_bengal,2008-11-11T21:00:00Z,10.7,89.2,TS,18.0,D,,,-1,18.0,True
CLS_00522,0,D-DD,Depression / Deep Depression,2008317N11089,KHAI-MUK,NI,BB,north_indian_ocean,bay_of_bengal,2008-11-13T21:00:00Z,12.3,85.1,TS,33.0,DD,,,-1,33.0,True
CLS_00523,0,D-DD,Depression / Deep Depression,2008320N08122,NOUL,WP,MM,pacific_ocean,western_pacific,2008-11-16T00:00:00Z,10.0,115.8,TS,30.0,DD,,tokyo,-1,30.0,True
CLS_00524,0,D-DD,Depression / Deep Depression,2008317N11089,KHAI-MUK,NI,BB,north_indian_ocean,bay_of_bengal,2008-11-16T03:00:00Z,15.2,79.0,TS,30.0,DD,25.0,newdelhi,-1,25.0,True
CLS_00525,0,D-DD,Depression / Deep Depression,2008323S08089,ANIKA,SI,WA,south_indian_ocean,,2008-11-18T18:00:00Z,-10.5,95.3,TS,30.0,DD,30.0,bom,-1,30.0,True
CLS_00526,0,D-DD,Depression / Deep Depression,2008319S07086,BERNARD,SI,MM,south_indian_ocean,,2008-11-19T12:00:00Z,-9.6,79.4,TS,30.0,DD,30.0,reunion,-1,30.0,True
CLS_00527,0,D-DD,Depression / Deep Depression,2008329N09082,NISHA,NI,BB,north_indian_ocean,bay_of_bengal,2008-11-25T06:00:00Z,9.3,80.7,TS,30.0,DD,,,-1,30.0,True
CLS_00528,0,D-DD,Depression / Deep Depression,2008329N09082,NISHA,NI,AS,north_indian_ocean,arabian_sea,2008-11-27T18:00:00Z,12.1,77.7,TS,30.0,DD,,,-1,30.0,True
CLS_00529,0,D-DD,Depression / Deep Depression,2008338N06092,UNNAMED,NI,BB,north_indian_ocean,bay_of_bengal,2008-12-03T18:00:00Z,6.2,90.8,TS,30.0,DD,,,-1,30.0,True
CLS_00530,0,D-DD,Depression / Deep Depression,2008338N06092,UNNAMED,NI,BB,north_indian_ocean,bay_of_bengal,2008-12-04T09:00:00Z,6.9,89.8,TS,30.0,DD,25.0,newdelhi,-1,25.0,True
CLS_00531,0,D-DD,Depression / Deep Depression,2008338N06092,UNNAMED,NI,BB,north_indian_ocean,bay_of_bengal,2008-12-05T03:00:00Z,7.7,88.5,TS,33.0,DD,30.0,newdelhi,-1,30.0,True
CLS_00532,0,D-DD,Depression / Deep Depression,2008338N06092,UNNAMED,NI,BB,north_indian_ocean,bay_of_bengal,2008-12-06T18:00:00Z,8.2,83.6,TS,30.0,DD,30.0,newdelhi,-1,30.0,True
CLS_00533,0,D-DD,Depression / Deep Depression,2008338N06092,UNNAMED,NI,AS,north_indian_ocean,arabian_sea,2008-12-08T21:00:00Z,6.7,77.7,TS,23.0,D,,,-1,23.0,True
CLS_00534,0,D-DD,Depression / Deep Depression,2008351S11128,BILLY,SI,WA,south_indian_ocean,,2008-12-18T15:00:00Z,-14.6,128.8,TS,33.0,DD,,,-1,33.0,True
CLS_00535,0,D-DD,Depression / Deep Depression,2009011S16139,CHARLOTTE,SP,EA,pacific_ocean,southern_pacific,2009-01-12T06:00:00Z,-17.2,142.3,TS,25.0,D,25.0,bom,-1,25.0,True
CLS_00536,0,D-DD,Depression / Deep Depression,2009017S20043,FANELE,SI,MM,south_indian_ocean,,2009-01-18T06:00:00Z,-21.2,42.3,TS,30.0,DD,30.0,reunion,-1,30.0,True
CLS_00537,0,D-DD,Depression / Deep Depression,2009017S15059,ERIC,SI,MM,south_indian_ocean,,2009-01-18T09:00:00Z,-16.4,51.5,TS,33.0,DD,,,-1,33.0,True
CLS_00538,0,D-DD,Depression / Deep Depression,2009024S17123,DOMINIC,SI,WA,south_indian_ocean,,2009-01-25T15:00:00Z,-18.7,116.5,TS,30.0,DD,,,-1,30.0,True
CLS_00539,0,D-DD,Depression / Deep Depression,2009025S12177,HETTIE,SP,MM,pacific_ocean,southern_pacific,2009-01-28T00:00:00Z,-20.3,182.9,TS,30.0,DD,30.0,nadi,-1,30.0,True
CLS_00540,0,D-DD,Depression / Deep Depression,2009025S12177,HETTIE,SP,MM,pacific_ocean,southern_pacific,2009-01-29T06:00:00Z,-23.1,182.2,TS,25.0,D,30.0,nadi,-1,30.0,True
CLS_00541,0,D-DD,Depression / Deep Depression,2009031S16147,ELLIE,SP,EA,pacific_ocean,southern_pacific,2009-02-02T03:00:00Z,-18.9,145.3,TS,23.0,D,,,-1,23.0,True
CLS_00542,0,D-DD,Depression / Deep Depression,2009034S16126,FREDDY,SI,WA,south_indian_ocean,,2009-02-07T03:00:00Z,-16.3,113.1,TS,33.0,DD,,,-1,33.0,True
CLS_00543,0,D-DD,Depression / Deep Depression,2009045S18174,INNIS,SP,EA,pacific_ocean,southern_pacific,2009-02-18T12:00:00Z,-31.3,159.8,TS,25.0,D,,,-1,25.0,True
CLS_00544,0,D-DD,Depression / Deep Depression,2009051S11075,HINA,SI,MM,south_indian_ocean,,2009-02-25T03:00:00Z,-21.6,70.7,TS,30.0,DD,,,-1,30.0,True
CLS_00545,0,D-DD,Depression / Deep Depression,2009059S10101,GABRIELLE,SI,WA,south_indian_ocean,,2009-03-04T09:00:00Z,-16.1,104.3,TS,28.0,DD,,,-1,28.0,True
CLS_00546,0,D-DD,Depression / Deep Depression,2009069S19204,JONI,SP,MM,pacific_ocean,southern_pacific,2009-03-10T09:00:00Z,-19.3,-157.1,TS,25.0,D,,,-1,25.0,True
CLS_00547,0,D-DD,Depression / Deep Depression,2009069S19204,JONI,SP,MM,pacific_ocean,southern_pacific,2009-03-11T00:00:00Z,-20.7,-158.0,TS,30.0,DD,25.0,nadi,-1,25.0,True
CLS_00548,0,D-DD,Depression / Deep Depression,2009066S12081,UNNAMED,SI,MM,south_indian_ocean,,2009-03-11T18:00:00Z,-19.9,85.9,TS,25.0,D,,,-1,25.0,True
CLS_00549,0,D-DD,Depression / Deep Depression,2009075S18197,KEN,SP,MM,pacific_ocean,southern_pacific,2009-03-16T06:00:00Z,-18.5,-163.4,TS,25.0,D,25.0,nadi,-1,25.0,True
CLS_00550,0,D-DD,Depression / Deep Depression,2009082S16039,IZILDA,SI,MM,south_indian_ocean,,2009-03-24T03:00:00Z,-20.6,41.5,TS,28.0,DD,,,-1,28.0,True
CLS_00551,0,D-DD,Depression / Deep Depression,2009082S15154,JASPER,SP,MM,pacific_ocean,southern_pacific,2009-03-25T09:00:00Z,-21.3,163.5,TS,33.0,DD,,,-1,33.0,True
CLS_00552,0,D-DD,Depression / Deep Depression,2009092S15178,LIN,SP,MM,pacific_ocean,southern_pacific,2009-04-03T18:00:00Z,-16.6,183.5,TS,25.0,D,35.0,nadi,-1,35.0,True
CLS_00553,0,D-DD,Depression / Deep Depression,2009093S12062,JADE,SI,MM,south_indian_ocean,,2009-04-04T06:00:00Z,-11.8,56.4,TS,30.0,DD,20.0,reunion,-1,20.0,True
CLS_00554,0,D-DD,Depression / Deep Depression,2009092S15178,LIN,SP,MM,pacific_ocean,southern_pacific,2009-04-06T00:00:00Z,-26.9,187.4,TS,30.0,DD,40.0,wellington,-1,40.0,True
CLS_00555,0,D-DD,Depression / Deep Depression,2009104N13088,BIJLI,NI,BB,north_indian_ocean,bay_of_bengal,2009-04-14T15:00:00Z,12.4,87.8,TS,30.0,DD,,,-1,30.0,True
CLS_00556,0,D-DD,Depression / Deep Depression,2009104N13088,BIJLI,NI,BB,north_indian_ocean,bay_of_bengal,2009-04-15T03:00:00Z,13.9,87.3,TS,33.0,DD,25.0,newdelhi,-1,25.0,True
CLS_00557,0,D-DD,Depression / Deep Depression,2009107S07133,KIRRILY,SP,EA,pacific_ocean,southern_pacific,2009-04-26T00:00:00Z,-7.9,135.8,TS,30.0,DD,30.0,bom,-1,30.0,True
CLS_00558,0,D-DD,Depression / Deep Depression,2009107S07133,KIRRILY,SI,WA,south_indian_ocean,,2009-04-28T21:00:00Z,-5.3,133.0,TS,25.0,D,25.0,bom,-1,25.0,True
CLS_00559,0,D-DD,Depression / Deep Depression,2009143N17089,AILA,NI,BB,north_indian_ocean,bay_of_bengal,2009-05-23T12:00:00Z,16.9,88.5,TS,30.0,DD,25.0,newdelhi,-1,25.0,True
CLS_00560,0,D-DD,Depression / Deep Depression,2009143N17089,AILA,NI,BB,north_indian_ocean,bay_of_bengal,2009-05-26T00:00:00Z,25.4,88.4,TS,30.0,DD,30.0,newdelhi,-1,30.0,True
CLS_00561,0,D-DD,Depression / Deep Depression,2009167N14257,UNNAMED,EP,MM,pacific_ocean,eastern_pacific,2009-06-19T12:00:00Z,20.8,-107.1,TS,30.0,DD,30.0,hurdat_epa,-1,30.0,True
CLS_00562,0,D-DD,Depression / Deep Depression,2009171N15264,ANDRES,EP,MM,pacific_ocean,eastern_pacific,2009-06-24T12:00:00Z,20.1,-107.3,TS,30.0,DD,30.0,hurdat_epa,-1,30.0,True
CLS_00563,0,D-DD,Depression / Deep Depression,2009194N11257,DOLORES,EP,MM,pacific_ocean,eastern_pacific,2009-07-15T09:00:00Z,14.5,-114.8,TS,33.0,DD,,,-1,33.0,True
CLS_00564,0,D-DD,Depression / Deep Depression,2009210N11231,LANA,EP,CP,pacific_ocean,eastern_pacific,2009-08-02T15:00:00Z,14.4,-158.1,TS,33.0,DD,,,-1,33.0,True
CLS_00565,0,D-DD,Depression / Deep Depression,2009213N16130,GONI,WP,MM,pacific_ocean,western_pacific,2009-08-03T03:00:00Z,18.8,115.9,TS,30.0,DD,,,-1,30.0,True
CLS_00566,0,D-DD,Depression / Deep Depression,2009215N20133,MORAKOT,WP,MM,pacific_ocean,western_pacific,2009-08-03T18:00:00Z,21.1,135.7,TS,30.0,DD,45.0,tokyo,-1,45.0,True
CLS_00567,0,D-DD,Depression / Deep Depression,2009215N13252,ENRIQUE,EP,MM,pacific_ocean,eastern_pacific,2009-08-03T18:00:00Z,12.9,-112.2,TS,30.0,DD,30.0,hurdat_epa,-1,30.0,True
CLS_00568,0,D-DD,Depression / Deep Depression,2009220N12246,UNNAMED,EP,MM,pacific_ocean,eastern_pacific,2009-08-10T21:00:00Z,15.1,-124.3,TS,30.0,DD,,,-1,30.0,True
CLS_00569,0,D-DD,Depression / Deep Depression,2009221N10201,MAKA,EP,CP,pacific_ocean,eastern_pacific,2009-08-11T06:00:00Z,13.7,189.3,TS,30.0,DD,30.0,hurdat_epa,-1,30.0,True
CLS_00570,0,D-DD,Depression / Deep Depression,2009222N09262,GUILLERMO,EP,MM,pacific_ocean,eastern_pacific,2009-08-12T12:00:00Z,15.0,-115.6,TS,30.0,DD,30.0,hurdat_epa,-1,30.0,True
CLS_00571,0,D-DD,Depression / Deep Depression,2009228N11163,VAMCO,WP,MM,pacific_ocean,western_pacific,2009-08-17T09:00:00Z,13.6,158.6,TS,33.0,DD,,,-1,33.0,True
CLS_00572,0,D-DD,Depression / Deep Depression,2009238N20151,KROVANH,WP,MM,pacific_ocean,western_pacific,2009-08-28T03:00:00Z,22.0,148.7,TS,33.0,DD,,,-1,33.0,True
CLS_00573,0,D-DD,Depression / Deep Depression,2009247N19089,UNNAMED,NI,BB,north_indian_ocean,bay_of_bengal,2009-09-04T18:00:00Z,20.4,87.9,TS,25.0,D,,,-1,25.0,True
CLS_00574,0,D-DD,Depression / Deep Depression,2009247N19089,UNNAMED,NI,BB,north_indian_ocean,bay_of_bengal,2009-09-06T03:00:00Z,23.4,86.2,TS,30.0,DD,30.0,newdelhi,-1,30.0,True
CLS_00575,0,D-DD,Depression / Deep Depression,2009251N16118,MUJIGAE,WP,MM,pacific_ocean,western_pacific,2009-09-11T12:00:00Z,19.8,107.5,TS,30.0,DD,35.0,tokyo,-1,35.0,True
CLS_00576,0,D-DD,Depression / Deep Depression,2009257N14256,MARTY,EP,MM,pacific_ocean,eastern_pacific,2009-09-19T09:00:00Z,22.3,-117.0,TS,28.0,DD,,,-1,28.0,True
CLS_00577,0,D-DD,Depression / Deep Depression,2009264N13252,NORA,EP,MM,pacific_ocean,eastern_pacific,2009-09-25T03:00:00Z,17.4,-121.5,TS,30.0,DD,,,-1,30.0,True
CLS_00578,0,D-DD,Depression / Deep Depression,2009271N15257,OLAF,EP,MM,pacific_ocean,eastern_pacific,2009-10-03T06:00:00Z,24.0,-116.8,TS,30.0,DD,30.0,hurdat_epa,-1,30.0,True
CLS_00579,0,D-DD,Depression / Deep Depression,2009282N16252,PATRICIA,EP,MM,pacific_ocean,eastern_pacific,2009-10-11T18:00:00Z,17.1,-108.3,TS,30.0,DD,30.0,hurdat_epa,-1,30.0,True
CLS_00580,0,D-DD,Depression / Deep Depression,2009288N07267,RICK,EP,MM,pacific_ocean,eastern_pacific,2009-10-15T18:00:00Z,11.8,-96.6,TS,30.0,DD,30.0,hurdat_epa,-1,30.0,True
CLS_00581,0,D-DD,Depression / Deep Depression,2009311N20157,UNNAMED,WP,MM,pacific_ocean,western_pacific,2009-11-07T00:00:00Z,20.6,155.7,TS,25.0,D,,,-1,25.0,True
CLS_00582,0,D-DD,Depression / Deep Depression,2009313N11072,PHYAN,NI,AS,north_indian_ocean,arabian_sea,2009-11-09T15:00:00Z,12.4,70.9,TS,33.0,DD,,,-1,33.0,True
CLS_00583,0,D-DD,Depression / Deep Depression,2009317S10073,ANJA,SI,MM,south_indian_ocean,,2009-11-18T15:00:00Z,-23.5,67.6,TS,25.0,D,,,-1,25.0,True
CLS_00584,0,D-DD,Depression / Deep Depression,2009325S12066,BONGANI,SI,MM,south_indian_ocean,,2009-11-25T03:00:00Z,-11.2,50.6,TS,33.0,DD,,,-1,33.0,True
CLS_00585,0,D-DD,Depression / Deep Depression,2009337N14143,UNNAMED,WP,MM,pacific_ocean,western_pacific,2009-12-04T15:00:00Z,22.5,142.7,TS,28.0,DD,,,-1,28.0,True
CLS_00586,0,D-DD,Depression / Deep Depression,2009344N06085,WARD,NI,BB,north_indian_ocean,bay_of_bengal,2009-12-11T03:00:00Z,7.7,84.7,TS,28.0,DD,30.0,newdelhi,-1,30.0,True
CLS_00587,0,D-DD,Depression / Deep Depression,2009346S10172,MICK,SP,MM,pacific_ocean,southern_pacific,2009-12-12T06:00:00Z,-12.3,174.4,TS,30.0,DD,,,-1,30.0,True
CLS_00588,0,D-DD,Depression / Deep Depression,2009342S09140,LAURENCE,SI,WA,south_indian_ocean,,2009-12-13T12:00:00Z,-12.2,127.9,TS,30.0,DD,25.0,bom,-1,25.0,True
CLS_00589,0,D-DD,Depression / Deep Depression,2009344N06085,WARD,NI,BB,north_indian_ocean,bay_of_bengal,2009-12-14T03:00:00Z,8.6,81.5,TS,30.0,DD,30.0,newdelhi,-1,30.0,True
CLS_00590,0,D-DD,Depression / Deep Depression,2009346S10172,MICK,SP,MM,pacific_ocean,southern_pacific,2009-12-15T09:00:00Z,-20.2,181.7,TS,33.0,DD,,,-1,33.0,True
CLS_00591,0,D-DD,Depression / Deep Depression,2010019S11123,MAGDA,SI,WA,south_indian_ocean,,2010-01-19T15:00:00Z,-11.9,122.4,TS,25.0,D,,,-1,25.0,True
CLS_00592,0,D-DD,Depression / Deep Depression,2010020S08163,OLGA,SP,EA,pacific_ocean,southern_pacific,2010-01-25T15:00:00Z,-18.4,141.3,TS,25.0,D,,,-1,25.0,True
CLS_00593,0,D-DD,Depression / Deep Depression,2010020S08163,OLGA,SP,EA,pacific_ocean,southern_pacific,2010-01-26T12:00:00Z,-16.8,138.0,TS,30.0,DD,25.0,bom,-1,25.0,True
CLS_00594,0,D-DD,Depression / Deep Depression,2010027S14184,NISHA,SP,MM,pacific_ocean,southern_pacific,2010-01-30T12:00:00Z,-18.0,-161.1,TS,25.0,D,,,-1,25.0,True
CLS_00595,0,D-DD,Depression / Deep Depression,2010032S20042,FAMI,SI,MM,south_indian_ocean,,2010-02-03T06:00:00Z,-20.4,49.7,TS,25.0,D,,,-1,25.0,True
CLS_00596,0,D-DD,Depression / Deep Depression,2010038S08194,PAT,SP,MM,pacific_ocean,southern_pacific,2010-02-07T03:00:00Z,-8.8,-164.8,TS,23.0,D,,,-1,23.0,True
CLS_00597,0,D-DD,Depression / Deep Depression,2010038S08194,PAT,SP,MM,pacific_ocean,southern_pacific,2010-02-11T18:00:00Z,-22.0,-165.6,TS,30.0,DD,,,-1,30.0,True
CLS_00598,0,D-DD,Depression / Deep Depression,2010046S10058,GELANE,SI,MM,south_indian_ocean,,2010-02-22T03:00:00Z,-20.0,60.1,TS,23.0,D,,,-1,23.0,True
CLS_00599,0,D-DD,Depression / Deep Depression,2010051S06195,SARAH,SP,MM,pacific_ocean,southern_pacific,2010-02-28T09:00:00Z,-16.8,-162.6,TS,33.0,DD,,,-1,33.0,True
CLS_00600,0,D-DD,Depression / Deep Depression,2010051S06195,SARAH,SP,MM,pacific_ocean,southern_pacific,2010-03-03T15:00:00Z,-17.4,-164.3,TS,25.0,D,,,-1,25.0,True
CLS_00601,0,D-DD,Depression / Deep Depression,2010080S06089,IMANI,SI,MM,south_indian_ocean,,2010-03-26T18:00:00Z,-21.2,86.7,TS,30.0,DD,25.0,reunion,-1,25.0,True
CLS_00602,0,D-DD,Depression / Deep Depression,2010084S09138,PAUL,SP,EA,pacific_ocean,southern_pacific,2010-03-27T09:00:00Z,-11.8,136.7,TS,28.0,DD,30.0,bom,-1,30.0,True
CLS_00603,0,D-DD,Depression / Deep Depression,2010084S09138,PAUL,SI,WA,south_indian_ocean,,2010-03-30T18:00:00Z,-13.4,134.9,TS,30.0,DD,30.0,bom,-1,30.0,True
CLS_00604,0,D-DD,Depression / Deep Depression,2010137N10090,LAILA,NI,BB,north_indian_ocean,bay_of_bengal,2010-05-17T15:00:00Z,11.4,87.6,TS,33.0,DD,,,-1,33.0,True
CLS_00605,0,D-DD,Depression / Deep Depression,2010136N09057,BANDU,NI,AS,north_indian_ocean,arabian_sea,2010-05-19T00:00:00Z,10.9,54.5,TS,25.0,D,,,-1,25.0,True
CLS_00606,0,D-DD,Depression / Deep Depression,2010137N10090,LAILA,NI,BB,north_indian_ocean,bay_of_bengal,2010-05-21T12:00:00Z,16.9,81.5,TS,30.0,DD,,,-1,30.0,True
CLS_00607,0,D-DD,Depression / Deep Depression,2010136N09057,BANDU,NI,AS,north_indian_ocean,arabian_sea,2010-05-22T18:00:00Z,12.6,50.4,TS,30.0,DD,25.0,newdelhi,-1,25.0,True
CLS_00608,0,D-DD,Depression / Deep Depression,2010151N14065,PHET,NI,AS,north_indian_ocean,arabian_sea,2010-05-31T06:00:00Z,14.8,64.2,TS,30.0,DD,25.0,newdelhi,-1,25.0,True
CLS_00609,0,D-DD,Depression / Deep Depression,2010166N15255,BLAS,EP,MM,pacific_ocean,eastern_pacific,2010-06-21T09:00:00Z,17.7,-117.3,TS,30.0,DD,,,-1,30.0,True
CLS_00610,0,D-DD,Depression / Deep Depression,2010195N14257,UNNAMED,EP,MM,pacific_ocean,eastern_pacific,2010-07-14T12:00:00Z,14.5,-105.6,TS,30.0,DD,30.0,hurdat_epa,-1,30.0,True
CLS_00611,0,D-DD,Depression / Deep Depression,2010217N15265,ESTELLE,EP,MM,pacific_ocean,eastern_pacific,2010-08-10T00:00:00Z,17.7,-112.8,TS,30.0,DD,30.0,hurdat_epa,-1,30.0,True
CLS_00612,0,D-DD,Depression / Deep Depression,2010233N17119,MINDULLE,WP,MM,pacific_ocean,western_pacific,2010-08-22T00:00:00Z,16.1,115.1,TS,25.0,D,,tokyo,-1,25.0,True
CLS_00613,0,D-DD,Depression / Deep Depression,2010239N15118,LIONROCK,WP,MM,pacific_ocean,western_pacific,2010-08-27T18:00:00Z,16.6,117.8,TS,30.0,DD,,tokyo,-1,30.0,True
CLS_00614,0,D-DD,Depression / Deep Depression,2010241N25125,NAMTHEUN,WP,MM,pacific_ocean,western_pacific,2010-08-30T00:00:00Z,26.0,123.2,TS,25.0,D,,tokyo,-1,25.0,True
CLS_00615,0,D-DD,Depression / Deep Depression,2010246N19251,UNNAMED,EP,MM,pacific_ocean,eastern_pacific,2010-09-03T12:00:00Z,19.9,-109.8,TS,30.0,DD,30.0,hurdat_epa,-1,30.0,True
CLS_00616,0,D-DD,Depression / Deep Depression,2010247N15266,HERMINE,EP,MM,pacific_ocean,eastern_pacific,2010-09-04T03:00:00Z,15.7,-94.8,TS,30.0,DD,,,-1,30.0,True
CLS_00617,0,D-DD,Depression / Deep Depression,2010264N20252,GEORGETTE,EP,MM,pacific_ocean,eastern_pacific,2010-09-20T15:00:00Z,19.9,-108.5,TS,33.0,DD,,,-1,33.0,True
CLS_00618,0,D-DD,Depression / Deep Depression,2010278N18110,UNNAMED,WP,MM,pacific_ocean,western_pacific,2010-10-05T00:00:00Z,18.5,109.2,TS,30.0,DD,,,-1,30.0,True
CLS_00619,0,D-DD,Depression / Deep Depression,2010285N13145,MEGI,WP,MM,pacific_ocean,western_pacific,2010-10-12T21:00:00Z,11.9,141.5,TS,28.0,DD,,,-1,28.0,True
CLS_00620,0,D-DD,Depression / Deep Depression,2010293N17093,GIRI,NI,BB,north_indian_ocean,bay_of_bengal,2010-10-20T09:00:00Z,16.9,91.6,TS,30.0,DD,,,-1,30.0,True
CLS_00621,0,D-DD,Depression / Deep Depression,2010293N17093,GIRI,NI,BB,north_indian_ocean,bay_of_bengal,2010-10-24T00:00:00Z,23.7,99.8,TS,30.0,DD,,,-1,30.0,True
CLS_00622,0,D-DD,Depression / Deep Depression,2010293N16147,CHABA,WP,MM,pacific_ocean,western_pacific,2010-10-24T03:00:00Z,15.3,132.8,TS,28.0,DD,,,-1,28.0,True
CLS_00623,0,D-DD,Depression / Deep Depression,2010298S09087,UNNAMED,SI,MM,south_indian_ocean,,2010-10-28T15:00:00Z,-14.2,80.4,TS,25.0,D,,,-1,25.0,True
CLS_00624,0,D-DD,Depression / Deep Depression,2010305N06105,JAL,NI,BB,north_indian_ocean,bay_of_bengal,2010-11-02T18:00:00Z,8.3,95.9,TS,25.0,D,,,-1,25.0,True
CLS_00625,0,D-DD,Depression / Deep Depression,2010305N06105,JAL,NI,BB,north_indian_ocean,bay_of_bengal,2010-11-03T06:00:00Z,8.3,94.0,TS,25.0,D,,,-1,25.0,True
CLS_00626,0,D-DD,Depression / Deep Depression,2010305N06105,JAL,NI,BB,north_indian_ocean,bay_of_bengal,2010-11-04T03:00:00Z,8.6,91.1,TS,30.0,DD,25.0,newdelhi,-1,25.0,True
CLS_00627,0,D-DD,Depression / Deep Depression,2010305N06105,JAL,NI,BB,north_indian_ocean,bay_of_bengal,2010-11-07T21:00:00Z,13.5,79.5,TS,33.0,DD,,,-1,33.0,True
CLS_00628,0,D-DD,Depression / Deep Depression,2010331S07089,ABELE,SI,MM,south_indian_ocean,,2010-11-28T21:00:00Z,-11.3,86.5,TS,23.0,D,,,-1,23.0,True
CLS_00629,0,D-DD,Depression / Deep Depression,2010346N09115,UNNAMED,WP,MM,pacific_ocean,western_pacific,2010-12-12T21:00:00Z,10.0,111.3,TS,25.0,D,,,-1,25.0,True
CLS_00630,0,D-DD,Depression / Deep Depression,2010358S13152,TASHA,SP,EA,pacific_ocean,southern_pacific,2010-12-24T00:00:00Z,-14.5,149.9,TS,25.0,D,25.0,bom,-1,25.0,True
CLS_00631,0,D-DD,Depression / Deep Depression,2011010S17169,VANIA,SP,MM,pacific_ocean,southern_pacific,2011-01-11T06:00:00Z,-18.5,169.9,TS,25.0,D,30.0,nadi,-1,30.0,True
CLS_00632,0,D-DD,Depression / Deep Depression,2011013S15151,ZELIA,SP,EA,pacific_ocean,southern_pacific,2011-01-13T09:00:00Z,-13.3,149.9,TS,33.0,DD,,,-1,33.0,True
CLS_00633,0,D-DD,Depression / Deep Depression,2011020S13182,WILMA,SP,MM,pacific_ocean,southern_pacific,2011-01-21T06:00:00Z,-14.2,184.0,TS,30.0,DD,25.0,nadi,-1,25.0,True
CLS_00634,0,D-DD,Depression / Deep Depression,2011021S16129,BIANCA,SI,WA,south_indian_ocean,,2011-01-24T09:00:00Z,-14.8,126.2,TS,25.0,D,,,-1,25.0,True
CLS_00635,0,D-DD,Depression / Deep Depression,2011022S16146,ANTHONY,SP,EA,pacific_ocean,southern_pacific,2011-01-26T03:00:00Z,-19.0,159.1,TS,28.0,DD,,,-1,28.0,True
CLS_00636,0,D-DD,Depression / Deep Depression,2011022S16146,ANTHONY,SP,EA,pacific_ocean,southern_pacific,2011-01-31T00:00:00Z,-22.5,144.9,TS,30.0,DD,20.0,bom,-1,20.0,True
CLS_00637,0,D-DD,Depression / Deep Depression,2011034S19199,ZAKA,SP,MM,pacific_ocean,southern_pacific,2011-02-05T00:00:00Z,-22.1,190.6,TS,30.0,DD,25.0,nadi,-1,25.0,True
CLS_00638,0,D-DD,Depression / Deep Depression,2011028S13180,YASI,SI,WA,south_indian_ocean,,2011-02-06T18:00:00Z,-24.7,129.8,TS,25.0,D,,,-1,25.0,True
CLS_00639,0,D-DD,Depression / Deep Depression,2011038S11062,BINGIZA,SI,MM,south_indian_ocean,,2011-02-09T09:00:00Z,-13.7,55.4,TS,33.0,DD,,,-1,33.0,True
CLS_00640,0,D-DD,Depression / Deep Depression,2011041S17113,UNNAMED,SI,WA,south_indian_ocean,,2011-02-10T21:00:00Z,-19.4,107.4,TS,30.0,DD,,,-1,30.0,True
CLS_00641,0,D-DD,Depression / Deep Depression,2011045S17119,DIANNE,SI,WA,south_indian_ocean,,2011-02-15T18:00:00Z,-19.2,111.9,TS,30.0,DD,30.0,bom,-1,30.0,True
CLS_00642,0,D-DD,Depression / Deep Depression,2011073S11089,CHERONO,SI,MM,south_indian_ocean,,2011-03-16T09:00:00Z,-13.5,81.1,TS,30.0,DD,,,-1,30.0,True
CLS_00643,0,D-DD,Depression / Deep Depression,2011082S17184,BUNE,SP,MM,pacific_ocean,southern_pacific,2011-03-23T00:00:00Z,-18.6,182.9,TS,25.0,D,25.0,nadi,-1,25.0,True
CLS_00644,0,D-DD,Depression / Deep Depression,2011082S17184,BUNE,SP,MM,pacific_ocean,southern_pacific,2011-03-23T12:00:00Z,-20.0,181.3,TS,30.0,DD,30.0,nadi,-1,30.0,True
CLS_00645,0,D-DD,Depression / Deep Depression,2011091N09112,UNNAMED,WP,MM,pacific_ocean,western_pacific,2011-04-02T03:00:00Z,9.0,111.3,TS,25.0,D,,,-1,25.0,True
CLS_00646,0,D-DD,Depression / Deep Depression,2011093N10131,UNNAMED,WP,MM,pacific_ocean,western_pacific,2011-04-05T00:00:00Z,15.3,139.2,TS,30.0,DD,,,-1,30.0,True
CLS_00647,0,D-DD,Depression / Deep Depression,2011103S12126,ERROL,SI,WA,south_indian_ocean,,2011-04-14T15:00:00Z,-12.8,126.3,TS,33.0,DD,,,-1,33.0,True
CLS_00648,0,D-DD,Depression / Deep Depression,2011126N11129,AERE,WP,MM,pacific_ocean,western_pacific,2011-05-06T18:00:00Z,12.1,127.4,TS,30.0,DD,,tokyo,-1,30.0,True
CLS_00649,0,D-DD,Depression / Deep Depression,2011140N08142,SONGDA,WP,MM,pacific_ocean,western_pacific,2011-05-20T15:00:00Z,8.5,139.6,TS,30.0,DD,,,-1,30.0,True
CLS_00650,0,D-DD,Depression / Deep Depression,2011158N11260,ADRIAN,EP,MM,pacific_ocean,eastern_pacific,2011-06-07T15:00:00Z,11.6,-99.6,TS,28.0,DD,,,-1,28.0,True
CLS_00651,0,D-DD,Depression / Deep Depression,2011160N18070,UNNAMED,NI,AS,north_indian_ocean,arabian_sea,2011-06-09T12:00:00Z,18.3,70.3,TS,25.0,D,,,-1,25.0,True
CLS_00652,0,D-DD,Depression / Deep Depression,2011160N18070,UNNAMED,NI,AS,north_indian_ocean,arabian_sea,2011-06-10T00:00:00Z,19.0,70.7,TS,25.0,D,,,-1,25.0,True
CLS_00653,0,D-DD,Depression / Deep Depression,2011160N18070,UNNAMED,NI,AS,north_indian_ocean,arabian_sea,2011-06-10T12:00:00Z,19.0,71.7,TS,30.0,DD,,,-1,30.0,True
CLS_00654,0,D-DD,Depression / Deep Depression,2011160N18070,UNNAMED,NI,AS,north_indian_ocean,arabian_sea,2011-06-11T03:00:00Z,19.3,72.1,TS,33.0,DD,,,-1,33.0,True
CLS_00655,0,D-DD,Depression / Deep Depression,2011160N18070,UNNAMED,NI,AS,north_indian_ocean,arabian_sea,2011-06-12T00:00:00Z,20.7,70.7,TS,30.0,DD,25.0,newdelhi,-1,25.0,True
CLS_00656,0,D-DD,Depression / Deep Depression,2011160N18070,UNNAMED,NI,AS,north_indian_ocean,arabian_sea,2011-06-12T12:00:00Z,20.9,70.1,TS,25.0,D,,,-1,25.0,True
CLS_00657,0,D-DD,Depression / Deep Depression,2011167N08129,HAIMA,WP,MM,pacific_ocean,western_pacific,2011-06-17T09:00:00Z,11.3,128.1,TS,25.0,D,,,-1,25.0,True
CLS_00658,0,D-DD,Depression / Deep Depression,2011170N12263,BEATRIZ,EP,MM,pacific_ocean,eastern_pacific,2011-06-19T15:00:00Z,13.8,-100.3,TS,33.0,DD,,,-1,33.0,True
CLS_00659,0,D-DD,Depression / Deep Depression,2011199N10271,DORA,EP,MM,pacific_ocean,eastern_pacific,2011-07-18T06:00:00Z,10.3,-90.0,TS,30.0,DD,30.0,hurdat_epa,-1,30.0,True
CLS_00660,0,D-DD,Depression / Deep Depression,2011205N12130,NOCK-TEN,WP,MM,pacific_ocean,western_pacific,2011-07-25T21:00:00Z,14.1,124.3,TS,33.0,DD,,,-1,33.0,True
CLS_00661,0,D-DD,Depression / Deep Depression,2011212N10264,EUGENE,EP,MM,pacific_ocean,eastern_pacific,2011-07-31T06:00:00Z,10.5,-99.4,TS,30.0,DD,30.0,hurdat_epa,-1,30.0,True
CLS_00662,0,D-DD,Depression / Deep Depression,2011221N17139,UNNAMED,WP,MM,pacific_ocean,western_pacific,2011-08-11T09:00:00Z,27.7,137.5,TS,30.0,DD,,,-1,30.0,True
CLS_00663,0,D-DD,Depression / Deep Depression,2011227N12234,FERNANDA,EP,CP,pacific_ocean,eastern_pacific,2011-08-19T15:00:00Z,15.3,-144.7,TS,33.0,DD,,,-1,33.0,True
CLS_00664,0,D-DD,Depression / Deep Depression,2011229N14261,GREG,EP,MM,pacific_ocean,eastern_pacific,2011-08-20T18:00:00Z,19.9,-120.1,TS,30.0,DD,30.0,hurdat_epa,-1,30.0,True
CLS_00665,0,D-DD,Depression / Deep Depression,2011236N15143,TALAS,WP,MM,pacific_ocean,western_pacific,2011-08-25T06:00:00Z,19.1,140.6,TS,30.0,DD,35.0,tokyo,-1,35.0,True
CLS_00666,0,D-DD,Depression / Deep Depression,2011243N17259,UNNAMED,EP,MM,pacific_ocean,eastern_pacific,2011-08-31T09:00:00Z,17.4,-102.2,TS,30.0,DD,,,-1,30.0,True
CLS_00667,0,D-DD,Depression / Deep Depression,2011257N19154,SONCA,WP,MM,pacific_ocean,western_pacific,2011-09-15T18:00:00Z,22.9,154.1,TS,30.0,DD,35.0,tokyo,-1,35.0,True
CLS_00668,0,D-DD,Depression / Deep Depression,2011279N10257,JOVA,EP,MM,pacific_ocean,eastern_pacific,2011-10-06T03:00:00Z,10.8,-105.1,TS,28.0,DD,,,-1,28.0,True
CLS_00669,0,D-DD,Depression / Deep Depression,2011280N10268,UNNAMED,EP,MM,pacific_ocean,eastern_pacific,2011-10-12T12:00:00Z,15.7,-94.1,TS,30.0,DD,30.0,hurdat_epa,-1,30.0,True
CLS_00670,0,D-DD,Depression / Deep Depression,2011278N12248,IRWIN,EP,MM,pacific_ocean,eastern_pacific,2011-10-16T03:00:00Z,14.8,-107.1,TS,30.0,DD,,,-1,30.0,True
CLS_00671,0,D-DD,Depression / Deep Depression,2011290N15090,UNNAMED,NI,BB,north_indian_ocean,bay_of_bengal,2011-10-18T15:00:00Z,19.5,89.7,TS,28.0,DD,,,-1,28.0,True
CLS_00672,0,D-DD,Depression / Deep Depression,2011290N15090,UNNAMED,NI,BB,north_indian_ocean,bay_of_bengal,2011-10-19T12:00:00Z,21.2,92.0,TS,30.0,DD,5.0,newdelhi,-1,5.0,True
CLS_00673,0,D-DD,Depression / Deep Depression,2011302N13062,KEILA,NI,AS,north_indian_ocean,arabian_sea,2011-11-01T18:00:00Z,16.0,55.5,TS,30.0,DD,30.0,newdelhi,-1,30.0,True
CLS_00674,0,D-DD,Depression / Deep Depression,2011302N13062,KEILA,NI,AS,north_indian_ocean,arabian_sea,2011-11-04T06:00:00Z,16.3,54.3,TS,30.0,DD,,,-1,30.0,True
CLS_00675,0,D-DD,Depression / Deep Depression,2011302N13062,KEILA,NI,AS,north_indian_ocean,arabian_sea,2011-11-04T18:00:00Z,15.9,53.5,TS,30.0,DD,,,-1,30.0,True
CLS_00676,0,D-DD,Depression / Deep Depression,2011302N13062,KEILA,NI,AS,north_indian_ocean,arabian_sea,2011-11-05T06:00:00Z,16.6,52.6,TS,25.0,D,,,-1,25.0,True
CLS_00677,0,D-DD,Depression / Deep Depression,2011310N11066,UNNAMED,NI,AS,north_indian_ocean,arabian_sea,2011-11-08T00:00:00Z,13.6,59.8,TS,30.0,DD,25.0,newdelhi,-1,25.0,True
CLS_00678,0,D-DD,Depression / Deep Depression,2011310N11066,UNNAMED,NI,AS,north_indian_ocean,arabian_sea,2011-11-09T06:00:00Z,15.3,58.5,TS,30.0,DD,30.0,newdelhi,-1,30.0,True
CLS_00679,0,D-DD,Depression / Deep Depression,2011310N11066,UNNAMED,NI,AS,north_indian_ocean,arabian_sea,2011-11-10T03:00:00Z,16.2,58.4,TS,25.0,D,25.0,newdelhi,-1,25.0,True
CLS_00680,0,D-DD,Depression / Deep Depression,2011310N11066,UNNAMED,NI,AS,north_indian_ocean,arabian_sea,2011-11-10T18:00:00Z,14.5,58.6,TS,25.0,D,,,-1,25.0,True
CLS_00681,0,D-DD,Depression / Deep Depression,2011323N09264,KENNETH,EP,MM,pacific_ocean,eastern_pacific,2011-11-20T06:00:00Z,10.4,-103.1,TS,30.0,DD,30.0,hurdat_epa,-1,30.0,True
CLS_00682,0,D-DD,Depression / Deep Depression,2011330N06078,UNNAMED,NI,BB,north_indian_ocean,bay_of_bengal,2011-11-25T12:00:00Z,6.0,78.1,TS,25.0,D,,,-1,25.0,True
CLS_00683,0,D-DD,Depression / Deep Depression,2011330N06078,UNNAMED,NI,AS,north_indian_ocean,arabian_sea,2011-11-29T00:00:00Z,15.6,67.1,TS,30.0,DD,30.0,newdelhi,-1,30.0,True
CLS_00684,0,D-DD,Depression / Deep Depression,2011330N06078,UNNAMED,NI,AS,north_indian_ocean,arabian_sea,2011-11-29T12:00:00Z,16.3,66.3,TS,30.0,DD,25.0,newdelhi,-1,25.0,True
CLS_00685,0,D-DD,Depression / Deep Depression,2011330N06078,UNNAMED,NI,AS,north_indian_ocean,arabian_sea,2011-11-30T00:00:00Z,17.1,64.5,TS,25.0,D,25.0,newdelhi,-1,25.0,True
CLS_00686,0,D-DD,Depression / Deep Depression,2011330N06078,UNNAMED,NI,AS,north_indian_ocean,arabian_sea,2011-11-30T12:00:00Z,18.4,63.4,TS,25.0,D,25.0,newdelhi,-1,25.0,True
CLS_00687,0,D-DD,Depression / Deep Depression,2011330N06078,UNNAMED,NI,AS,north_indian_ocean,arabian_sea,2011-12-01T03:00:00Z,19.4,62.5,TS,23.0,D,25.0,newdelhi,-1,25.0,True
CLS_00688,0,D-DD,Depression / Deep Depression,2011336S06098,ALENGA,SI,WA,south_indian_ocean,,2011-12-04T00:00:00Z,-11.4,92.5,TS,30.0,DD,25.0,bom,-1,25.0,True
CLS_00689,0,D-DD,Depression / Deep Depression,2011358S11132,GRANT,SI,WA,south_indian_ocean,,2011-12-24T15:00:00Z,-10.3,132.5,TS,33.0,DD,,,-1,33.0,True
CLS_00690,0,D-DD,Depression / Deep Depression,2011360N09088,THANE,NI,BB,north_indian_ocean,bay_of_bengal,2011-12-25T21:00:00Z,9.6,88.1,TS,30.0,DD,,,-1,30.0,True
CLS_00691,0,D-DD,Depression / Deep Depression,2011361S09095,BENILDE,SI,WA,south_indian_ocean,,2011-12-27T21:00:00Z,-11.9,91.8,TS,30.0,DD,,,-1,30.0,True
CLS_00692,0,D-DD,Depression / Deep Depression,2012006S15043,CHANDA,SI,MM,south_indian_ocean,,2012-01-09T00:00:00Z,-21.0,43.9,TS,30.0,DD,30.0,reunion,-1,30.0,True
CLS_00693,0,D-DD,Depression / Deep Depression,2012009S12118,HEIDI,SI,WA,south_indian_ocean,,2012-01-13T03:00:00Z,-24.6,117.8,TS,30.0,DD,,,-1,30.0,True
CLS_00694,0,D-DD,Depression / Deep Depression,2012017S10074,ETHEL,SI,MM,south_indian_ocean,,2012-01-18T12:00:00Z,-13.2,69.7,TS,25.0,D,25.0,reunion,-1,25.0,True
CLS_00695,0,D-DD,Depression / Deep Depression,2012037S17176,CYRIL,SP,MM,pacific_ocean,southern_pacific,2012-02-06T06:00:00Z,-17.4,182.1,TS,30.0,DD,25.0,nadi,-1,25.0,True
CLS_00696,0,D-DD,Depression / Deep Depression,2012042S12110,HILWA,SI,MM,south_indian_ocean,,2012-02-18T21:00:00Z,-18.1,73.8,TS,33.0,DD,,,-1,33.0,True
CLS_00697,0,D-DD,Depression / Deep Depression,2012046N08130,UNNAMED,WP,MM,pacific_ocean,western_pacific,2012-02-20T09:00:00Z,9.0,111.6,TS,20.0,D,,,-1,20.0,True
CLS_00698,0,D-DD,Depression / Deep Depression,2012056S13057,IRINA,SI,MM,south_indian_ocean,,2012-02-28T18:00:00Z,-16.2,43.8,TS,25.0,D,30.0,reunion,-1,30.0,True
CLS_00699,0,D-DD,Depression / Deep Depression,2012060S12069,UNNAMED,SI,MM,south_indian_ocean,,2012-02-29T06:00:00Z,-12.9,68.4,TS,30.0,DD,,,-1,30.0,True
CLS_00700,0,D-DD,Depression / Deep Depression,2012066S10101,JONI:KOJI,SI,WA,south_indian_ocean,,2012-03-06T18:00:00Z,-13.4,98.4,TS,25.0,D,30.0,bom,-1,30.0,True
CLS_00701,0,D-DD,Depression / Deep Depression,2012086N10116,PAKHAR,WP,MM,pacific_ocean,western_pacific,2012-03-29T00:00:00Z,9.6,112.4,TS,30.0,DD,,tokyo,-1,30.0,True
CLS_00702,0,D-DD,Depression / Deep Depression,2012092S16166,DAPHNE,SP,MM,pacific_ocean,southern_pacific,2012-04-01T06:00:00Z,-15.8,166.7,TS,25.0,D,25.0,nadi,-1,25.0,True
CLS_00703,0,D-DD,Depression / Deep Depression,2012135N10255,ALETTA,EP,MM,pacific_ocean,eastern_pacific,2012-05-18T18:00:00Z,14.3,-113.6,TS,30.0,DD,30.0,hurdat_epa,-1,30.0,True
CLS_00704,0,D-DD,Depression / Deep Depression,2012142N09262,BUD,EP,MM,pacific_ocean,eastern_pacific,2012-05-21T21:00:00Z,9.5,-101.2,TS,33.0,DD,,,-1,33.0,True
CLS_00705,0,D-DD,Depression / Deep Depression,2012179S09153,UNNAMED,SP,EA,pacific_ocean,southern_pacific,2012-06-28T18:00:00Z,-11.1,153.7,TS,25.0,D,35.0,bom,-1,35.0,True
CLS_00706,0,D-DD,Depression / Deep Depression,2012186N12255,DANIEL,EP,MM,pacific_ocean,eastern_pacific,2012-07-04T18:00:00Z,13.2,-107.3,TS,30.0,DD,30.0,hurdat_epa,-1,30.0,True
CLS_00707,0,D-DD,Depression / Deep Depression,2012193N12259,FABIO,EP,MM,pacific_ocean,eastern_pacific,2012-07-18T06:00:00Z,24.4,-120.8,TS,30.0,DD,30.0,hurdat_epa,-1,30.0,True
CLS_00708,0,D-DD,Depression / Deep Depression,2012219N12254,GILMA,EP,MM,pacific_ocean,eastern_pacific,2012-08-07T12:00:00Z,14.6,-112.4,TS,30.0,DD,30.0,hurdat_epa,-1,30.0,True
CLS_00709,0,D-DD,Depression / Deep Depression,2012225N16133,KAI-TAK,WP,MM,pacific_ocean,western_pacific,2012-08-12T21:00:00Z,16.7,128.8,TS,25.0,D,,,-1,25.0,True
CLS_00710,0,D-DD,Depression / Deep Depression,2012225N18255,HECTOR,EP,MM,pacific_ocean,eastern_pacific,2012-08-15T18:00:00Z,18.1,-115.1,TS,25.0,D,25.0,hurdat_epa,-1,25.0,True
CLS_00711,0,D-DD,Depression / Deep Depression,2012230N21126,TEMBIN,WP,MM,pacific_ocean,western_pacific,2012-08-18T21:00:00Z,17.9,124.9,TS,33.0,DD,,,-1,33.0,True
CLS_00712,0,D-DD,Depression / Deep Depression,2012239N11261,ILEANA,EP,MM,pacific_ocean,eastern_pacific,2012-08-27T12:00:00Z,14.6,-105.2,TS,30.0,DD,30.0,hurdat_epa,-1,30.0,True
CLS_00713,0,D-DD,Depression / Deep Depression,2012254N09135,SANBA,WP,MM,pacific_ocean,western_pacific,2012-09-10T18:00:00Z,9.4,134.6,TS,25.0,D,,tokyo,-1,25.0,True
CLS_00714,0,D-DD,Depression / Deep Depression,2012260N13237,LANE,EP,MM,pacific_ocean,eastern_pacific,2012-09-15T15:00:00Z,13.1,-123.0,TS,33.0,DD,,,-1,33.0,True
CLS_00715,0,D-DD,Depression / Deep Depression,2012256N15257,KRISTY,EP,MM,pacific_ocean,eastern_pacific,2012-09-16T15:00:00Z,24.5,-117.9,TS,33.0,DD,,,-1,33.0,True
CLS_00716,0,D-DD,Depression / Deep Depression,2012267N16141,EWINIAR,WP,MM,pacific_ocean,western_pacific,2012-09-24T09:00:00Z,19.9,138.8,TS,28.0,DD,,,-1,28.0,True
CLS_00717,0,D-DD,Depression / Deep Depression,2012266N14254,MIRIAM,EP,MM,pacific_ocean,eastern_pacific,2012-09-27T15:00:00Z,22.1,-116.4,TS,33.0,DD,,,-1,33.0,True
CLS_00718,0,D-DD,Depression / Deep Depression,2012273N13112,GAEMI,WP,MM,pacific_ocean,western_pacific,2012-10-01T06:00:00Z,16.9,114.9,TS,25.0,D,,tokyo,-1,25.0,True
CLS_00719,0,D-DD,Depression / Deep Depression,2012279N15145,PRAPIROON,WP,MM,pacific_ocean,western_pacific,2012-10-07T15:00:00Z,17.8,136.3,TS,30.0,DD,,,-1,30.0,True
CLS_00720,0,D-DD,Depression / Deep Depression,2012285S04077,ANAIS,SI,MM,south_indian_ocean,,2012-10-11T18:00:00Z,-6.4,72.8,TS,25.0,D,25.0,reunion,-1,25.0,True
CLS_00721,0,D-DD,Depression / Deep Depression,2012288N14248,PAUL,EP,MM,pacific_ocean,eastern_pacific,2012-10-13T12:00:00Z,13.8,-112.0,TS,30.0,DD,30.0,hurdat_epa,-1,30.0,True
CLS_00722,0,D-DD,Depression / Deep Depression,2012296N06135,SON-TINH,WP,MM,pacific_ocean,western_pacific,2012-10-23T15:00:00Z,8.7,127.7,TS,30.0,DD,,,-1,30.0,True
CLS_00723,0,D-DD,Depression / Deep Depression,2012297N11067,MURJAN,NI,AS,north_indian_ocean,arabian_sea,2012-10-25T18:00:00Z,9.5,49.9,TS,30.0,DD,25.0,newdelhi,-1,25.0,True
CLS_00724,0,D-DD,Depression / Deep Depression,2012301N11087,NILAM,NI,BB,north_indian_ocean,bay_of_bengal,2012-10-28T03:00:00Z,9.9,85.7,TS,25.0,D,,,-1,25.0,True
CLS_00725,0,D-DD,Depression / Deep Depression,2012301N11087,NILAM,NI,BB,north_indian_ocean,bay_of_bengal,2012-10-29T00:00:00Z,9.6,83.7,TS,30.0,DD,30.0,newdelhi,-1,30.0,True
CLS_00726,0,D-DD,Depression / Deep Depression,2012321N14090,UNNAMED,NI,BB,north_indian_ocean,bay_of_bengal,2012-11-16T18:00:00Z,15.1,89.3,TS,20.0,D,,,-1,20.0,True
CLS_00727,0,D-DD,Depression / Deep Depression,2012321N14090,UNNAMED,NI,BB,north_indian_ocean,bay_of_bengal,2012-11-19T00:00:00Z,15.4,86.9,TS,30.0,DD,25.0,newdelhi,-1,25.0,True
CLS_00728,0,D-DD,Depression / Deep Depression,2012321N14090,UNNAMED,NI,BB,north_indian_ocean,bay_of_bengal,2012-11-20T09:00:00Z,15.0,84.2,TS,25.0,D,,,-1,25.0,True
CLS_00729,0,D-DD,Depression / Deep Depression,2012321N14090,UNNAMED,NI,BB,north_indian_ocean,bay_of_bengal,2012-11-22T03:00:00Z,12.9,81.4,TS,25.0,D,,,-1,25.0,True
CLS_00730,0,D-DD,Depression / Deep Depression,2012321N14090,UNNAMED,NI,BB,north_indian_ocean,bay_of_bengal,2012-11-23T00:00:00Z,12.7,79.5,TS,25.0,D,,,-1,25.0,True
CLS_00731,0,D-DD,Depression / Deep Depression,2012325S09084,BOLDWIN,SI,MM,south_indian_ocean,,2012-11-25T12:00:00Z,-14.9,73.4,TS,30.0,DD,30.0,reunion,-1,30.0,True
CLS_00732,0,D-DD,Depression / Deep Depression,2012357N09064,UNNAMED,NI,AS,north_indian_ocean,arabian_sea,2012-12-22T21:00:00Z,8.7,60.8,TS,33.0,DD,,,-1,33.0,True
CLS_00733,0,D-DD,Depression / Deep Depression,2012357N09064,UNNAMED,NI,AS,north_indian_ocean,arabian_sea,2012-12-24T12:00:00Z,7.2,51.9,TS,30.0,DD,25.0,newdelhi,-1,25.0,True
CLS_00734,0,D-DD,Depression / Deep Depression,2012357N09064,UNNAMED,NI,AS,north_indian_ocean,arabian_sea,2012-12-25T00:00:00Z,6.2,49.6,TS,20.0,D,,,-1,20.0,True
CLS_00735,0,D-DD,Depression / Deep Depression,2012359N08134,WUKONG,WP,MM,pacific_ocean,western_pacific,2012-12-26T18:00:00Z,10.7,119.3,TS,25.0,D,35.0,tokyo,-1,35.0,True
CLS_00736,0,D-DD,Depression / Deep Depression,2012362S08071,DUMILE,SI,MM,south_indian_ocean,,2012-12-31T12:00:00Z,-11.6,57.6,TS,30.0,DD,28.0,reunion,-1,28.0,True
CLS_00737,0,D-DD,Depression / Deep Depression,2013019S12174,GARRY,SP,MM,pacific_ocean,southern_pacific,2013-01-19T18:00:00Z,-13.2,180.0,TS,30.0,DD,,,-1,30.0,True
CLS_00738,0,D-DD,Depression / Deep Depression,2013020S16137,OSWALD,SP,EA,pacific_ocean,southern_pacific,2013-01-23T03:00:00Z,-16.1,144.7,TS,25.0,D,,,-1,25.0,True
CLS_00739,0,D-DD,Depression / Deep Depression,2013020S17124,PETA,SI,WA,south_indian_ocean,,2013-01-23T15:00:00Z,-21.9,117.4,TS,28.0,DD,,,-1,28.0,True
CLS_00740,0,D-DD,Depression / Deep Depression,2013026S13067,FELLENG,SI,MM,south_indian_ocean,,2013-01-25T21:00:00Z,-12.5,66.6,TS,28.0,DD,,,-1,28.0,True
CLS_00741,0,D-DD,Depression / Deep Depression,2013041S10087,GINO,SI,MM,south_indian_ocean,,2013-02-09T21:00:00Z,-10.4,86.8,TS,25.0,D,,,-1,25.0,True
CLS_00742,0,D-DD,Depression / Deep Depression,2013040S16199,HALEY,SP,MM,pacific_ocean,southern_pacific,2013-02-11T12:00:00Z,-25.7,-148.0,TS,30.0,DD,25.0,wellington,-1,25.0,True
CLS_00743,0,D-DD,Depression / Deep Depression,2013046S20042,HARUNA,SI,MM,south_indian_ocean,,2013-02-15T09:00:00Z,-20.9,40.2,TS,25.0,D,,,-1,25.0,True
CLS_00744,0,D-DD,Depression / Deep Depression,2013049N05131,SHANSHAN,WP,MM,pacific_ocean,western_pacific,2013-02-22T00:00:00Z,5.6,109.7,TS,25.0,D,35.0,tokyo,-1,35.0,True
CLS_00745,0,D-DD,Depression / Deep Depression,2013052S13126,RUSTY,SI,WA,south_indian_ocean,,2013-02-23T09:00:00Z,-15.9,118.2,TS,25.0,D,,,-1,25.0,True
CLS_00746,0,D-DD,Depression / Deep Depression,2013051S12102,UNNAMED,SI,WA,south_indian_ocean,,2013-02-26T21:00:00Z,-15.4,98.2,TS,30.0,DD,,,-1,30.0,True
CLS_00747,0,D-DD,Depression / Deep Depression,2013072S12140,TIM,SP,EA,pacific_ocean,southern_pacific,2013-03-13T12:00:00Z,-12.1,146.2,TS,25.0,D,35.0,bom,-1,35.0,True
CLS_00748,0,D-DD,Depression / Deep Depression,2013097S06099,VICTORIA,SI,WA,south_indian_ocean,,2013-04-08T15:00:00Z,-10.2,102.1,TS,28.0,DD,,,-1,28.0,True
CLS_00749,0,D-DD,Depression / Deep Depression,2013117S10155,ZANE,SP,EA,pacific_ocean,southern_pacific,2013-04-27T09:00:00Z,-11.2,155.4,TS,25.0,D,,,-1,25.0,True
CLS_00750,0,D-DD,Depression / Deep Depression,2013117S10155,ZANE,SP,EA,pacific_ocean,southern_pacific,2013-04-28T18:00:00Z,-12.4,153.6,TS,30.0,DD,20.0,bom,-1,20.0,True
CLS_00751,0,D-DD,Depression / Deep Depression,2013130N04093,MAHASEN:VIYARU,NI,BB,north_indian_ocean,bay_of_bengal,2013-05-10T00:00:00Z,4.5,93.5,TS,25.0,D,,,-1,25.0,True
CLS_00752,0,D-DD,Depression / Deep Depression,2013134N07265,ALVIN,EP,MM,pacific_ocean,eastern_pacific,2013-05-15T06:00:00Z,7.8,-102.3,TS,30.0,DD,30.0,hurdat_epa,-1,30.0,True
CLS_00753,0,D-DD,Depression / Deep Depression,2013158N13129,YAGI,WP,MM,pacific_ocean,western_pacific,2013-06-12T03:00:00Z,31.0,137.6,TS,33.0,DD,,,-1,33.0,True
CLS_00754,0,D-DD,Depression / Deep Depression,2013175N12256,COSME,EP,MM,pacific_ocean,eastern_pacific,2013-06-23T18:00:00Z,12.0,-103.7,TS,30.0,DD,30.0,hurdat_epa,-1,30.0,True
CLS_00755,0,D-DD,Depression / Deep Depression,2013186N13262,ERICK,EP,MM,pacific_ocean,eastern_pacific,2013-07-04T12:00:00Z,13.2,-98.2,TS,30.0,DD,30.0,hurdat_epa,-1,30.0,True
CLS_00756,0,D-DD,Depression / Deep Depression,2013180N11256,DALILA,EP,MM,pacific_ocean,eastern_pacific,2013-07-05T21:00:00Z,17.0,-112.4,TS,28.0,DD,,,-1,28.0,True
CLS_00757,0,D-DD,Depression / Deep Depression,2013196N14128,CIMARON,WP,MM,pacific_ocean,western_pacific,2013-07-15T18:00:00Z,14.7,125.1,TS,25.0,D,,tokyo,-1,25.0,True
CLS_00758,0,D-DD,Depression / Deep Depression,2013214N13243,HENRIETTE,EP,MM,pacific_ocean,eastern_pacific,2013-08-03T21:00:00Z,12.8,-124.0,TS,33.0,DD,,,-1,33.0,True
CLS_00759,0,D-DD,Depression / Deep Depression,2013227N08193,PEWA,EP,CP,pacific_ocean,eastern_pacific,2013-08-16T09:00:00Z,9.3,187.6,TS,33.0,DD,,,-1,33.0,True
CLS_00760,0,D-DD,Depression / Deep Depression,2013229N26132,UNNAMED,WP,MM,pacific_ocean,western_pacific,2013-08-17T21:00:00Z,28.4,125.6,TS,30.0,DD,,,-1,30.0,True
CLS_00761,0,D-DD,Depression / Deep Depression,2013224N12220,UNALA,EP,CP,pacific_ocean,eastern_pacific,2013-08-19T03:00:00Z,17.2,181.1,TS,33.0,DD,,,-1,33.0,True
CLS_00762,0,D-DD,Depression / Deep Depression,2013232N14252,IVO,EP,MM,pacific_ocean,eastern_pacific,2013-08-22T21:00:00Z,17.6,-112.3,TS,33.0,DD,,,-1,33.0,True
CLS_00763,0,D-DD,Depression / Deep Depression,2013237N11129,KONG-REY,WP,MM,pacific_ocean,western_pacific,2013-08-30T15:00:00Z,31.5,126.5,TS,30.0,DD,,,-1,30.0,True
CLS_00764,0,D-DD,Depression / Deep Depression,2013243N26122,TORAJI,WP,MM,pacific_ocean,western_pacific,2013-09-01T21:00:00Z,26.4,125.1,TS,33.0,DD,,,-1,33.0,True
CLS_00765,0,D-DD,Depression / Deep Depression,2013257N15259,MANUEL,EP,MM,pacific_ocean,eastern_pacific,2013-09-13T12:00:00Z,15.3,-101.4,TS,30.0,DD,30.0,hurdat_epa,-1,30.0,True
CLS_00766,0,D-DD,Depression / Deep Depression,2013262N14149,PABUK,WP,MM,pacific_ocean,western_pacific,2013-09-21T03:00:00Z,19.7,145.4,TS,33.0,DD,,,-1,33.0,True
CLS_00767,0,D-DD,Depression / Deep Depression,2013272N10135,FITOW,WP,MM,pacific_ocean,western_pacific,2013-09-30T12:00:00Z,13.5,132.6,TS,25.0,D,,tokyo,-1,25.0,True
CLS_00768,0,D-DD,Depression / Deep Depression,2013274N18152,DANAS,WP,MM,pacific_ocean,western_pacific,2013-10-03T03:00:00Z,16.3,149.6,TS,25.0,D,,,-1,25.0,True
CLS_00769,0,D-DD,Depression / Deep Depression,2013281N12098,PHAILIN,NI,BB,north_indian_ocean,bay_of_bengal,2013-10-07T18:00:00Z,12.1,96.4,TS,25.0,D,,,-1,25.0,True
CLS_00770,0,D-DD,Depression / Deep Depression,2013280N13242,NARDA,EP,MM,pacific_ocean,eastern_pacific,2013-10-09T15:00:00Z,16.9,-128.4,TS,30.0,DD,,,-1,30.0,True
CLS_00771,0,D-DD,Depression / Deep Depression,2013286N15251,OCTAVE,EP,MM,pacific_ocean,eastern_pacific,2013-10-15T15:00:00Z,26.2,-110.3,TS,25.0,D,,,-1,25.0,True
CLS_00772,0,D-DD,Depression / Deep Depression,2013292N09162,LEKIMA,WP,MM,pacific_ocean,western_pacific,2013-10-20T15:00:00Z,10.6,160.8,TS,30.0,DD,,,-1,30.0,True
CLS_00773,0,D-DD,Depression / Deep Depression,2013290N14153,UNNAMED,WP,MM,pacific_ocean,western_pacific,2013-10-21T00:00:00Z,28.1,142.4,TS,25.0,D,,,-1,25.0,True
CLS_00774,0,D-DD,Depression / Deep Depression,2013310N06066,UNNAMED,NI,AS,north_indian_ocean,arabian_sea,2013-11-06T15:00:00Z,7.1,64.3,TS,23.0,D,,,-1,23.0,True
CLS_00775,0,D-DD,Depression / Deep Depression,2013310N06066,UNNAMED,NI,AS,north_indian_ocean,arabian_sea,2013-11-07T21:00:00Z,8.2,57.4,TS,23.0,D,,,-1,23.0,True
CLS_00776,0,D-DD,Depression / Deep Depression,2013310N06066,UNNAMED,NI,AS,north_indian_ocean,arabian_sea,2013-11-08T09:00:00Z,8.0,55.6,TS,30.0,DD,,,-1,30.0,True
CLS_00777,0,D-DD,Depression / Deep Depression,2013305N07141,UNNAMED,NI,BB,north_indian_ocean,bay_of_bengal,2013-11-10T21:00:00Z,11.9,89.6,TS,25.0,D,,,-1,25.0,True
CLS_00778,0,D-DD,Depression / Deep Depression,2013310N06066,UNNAMED,NI,AS,north_indian_ocean,arabian_sea,2013-11-11T12:00:00Z,9.4,48.0,TS,30.0,DD,,,-1,30.0,True
CLS_00779,0,D-DD,Depression / Deep Depression,2013310N06066,UNNAMED,NI,AS,north_indian_ocean,arabian_sea,2013-11-12T00:00:00Z,9.8,46.0,TS,25.0,D,,,-1,25.0,True
CLS_00780,0,D-DD,Depression / Deep Depression,2013305N07141,UNNAMED,NI,BB,north_indian_ocean,bay_of_bengal,2013-11-12T18:00:00Z,10.7,86.7,TS,25.0,D,,,-1,25.0,True
CLS_00781,0,D-DD,Depression / Deep Depression,2013305N07141,UNNAMED,NI,BB,north_indian_ocean,bay_of_bengal,2013-11-13T09:00:00Z,11.2,86.0,TS,28.0,DD,,,-1,28.0,True
CLS_00782,0,D-DD,Depression / Deep Depression,2013316N06130,PODUL,WP,MM,pacific_ocean,western_pacific,2013-11-14T00:00:00Z,11.9,114.8,TS,25.0,D,,tokyo,-1,25.0,True
CLS_00783,0,D-DD,Depression / Deep Depression,2013305N07141,UNNAMED,NI,BB,north_indian_ocean,bay_of_bengal,2013-11-14T09:00:00Z,10.7,85.0,TS,30.0,DD,,,-1,30.0,True
CLS_00784,0,D-DD,Depression / Deep Depression,2013305N07141,UNNAMED,NI,BB,north_indian_ocean,bay_of_bengal,2013-11-15T09:00:00Z,9.5,83.2,TS,30.0,DD,,,-1,30.0,True
CLS_00785,0,D-DD,Depression / Deep Depression,2013322N13090,HELEN,NI,BB,north_indian_ocean,bay_of_bengal,2013-11-18T12:00:00Z,14.7,87.8,TS,25.0,D,,,-1,25.0,True
CLS_00786,0,D-DD,Depression / Deep Depression,2013305N07141,UNNAMED,NI,AS,north_indian_ocean,arabian_sea,2013-11-19T15:00:00Z,12.5,62.1,TS,20.0,D,,,-1,20.0,True
CLS_00787,0,D-DD,Depression / Deep Depression,2013322N13090,HELEN,NI,BB,north_indian_ocean,bay_of_bengal,2013-11-22T15:00:00Z,15.9,80.5,TS,28.0,DD,,,-1,28.0,True
CLS_00788,0,D-DD,Depression / Deep Depression,2013324N07103,LEHAR,NI,BB,north_indian_ocean,bay_of_bengal,2013-11-23T00:00:00Z,7.3,97.8,TS,25.0,D,,,-1,25.0,True
CLS_00789,0,D-DD,Depression / Deep Depression,2013324S11113,ALESSIA,SP,EA,pacific_ocean,southern_pacific,2013-11-26T03:00:00Z,-14.3,136.7,TS,23.0,D,,,-1,23.0,True
CLS_00790,0,D-DD,Depression / Deep Depression,2013324N07103,LEHAR,NI,BB,north_indian_ocean,bay_of_bengal,2013-11-28T18:00:00Z,15.4,80.0,TS,25.0,D,,,-1,25.0,True
CLS_00791,0,D-DD,Depression / Deep Depression,2013339N09084,MADI,NI,BB,north_indian_ocean,bay_of_bengal,2013-12-11T18:00:00Z,12.9,82.7,TS,30.0,DD,25.0,newdelhi,-1,25.0,True
CLS_00792,0,D-DD,Depression / Deep Depression,2013360S12124,CHRISTINE,SI,WA,south_indian_ocean,,2013-12-28T00:00:00Z,-14.9,121.6,TS,25.0,D,35.0,bom,-1,35.0,True
CLS_00793,0,D-DD,Depression / Deep Depression,2014003N08086,UNNAMED,NI,BB,north_indian_ocean,bay_of_bengal,2014-01-03T12:00:00Z,8.2,84.6,TS,25.0,D,,,-1,25.0,True
CLS_00794,0,D-DD,Depression / Deep Depression,2014003N08086,UNNAMED,NI,BB,north_indian_ocean,bay_of_bengal,2014-01-04T03:00:00Z,8.8,83.5,TS,33.0,DD,25.0,newdelhi,-1,25.0,True
CLS_00795,0,D-DD,Depression / Deep Depression,2014003N08086,UNNAMED,NI,BB,north_indian_ocean,bay_of_bengal,2014-01-06T12:00:00Z,8.8,80.6,TS,25.0,D,25.0,newdelhi,-1,25.0,True
CLS_00796,0,D-DD,Depression / Deep Depression,2014003N08086,UNNAMED,NI,BB,north_indian_ocean,bay_of_bengal,2014-01-07T00:00:00Z,7.9,79.9,TS,25.0,D,25.0,newdelhi,-1,25.0,True
CLS_00797,0,D-DD,Depression / Deep Depression,2014003N08086,UNNAMED,NI,BB,north_indian_ocean,bay_of_bengal,2014-01-07T15:00:00Z,7.4,79.1,TS,25.0,D,,,-1,25.0,True
CLS_00798,0,D-DD,Depression / Deep Depression,2014003N08086,UNNAMED,NI,AS,north_indian_ocean,arabian_sea,2014-01-08T09:00:00Z,7.9,77.6,TS,23.0,D,,,-1,23.0,True
CLS_00799,0,D-DD,Depression / Deep Depression,2014007S11104,COLIN,SI,MM,south_indian_ocean,,2014-01-09T09:00:00Z,-11.4,88.9,TS,30.0,DD,,,-1,30.0,True
CLS_00800,0,D-DD,Depression / Deep Depression,2014015S16043,DELIWE,SI,MM,south_indian_ocean,,2014-01-15T12:00:00Z,-17.2,44.8,TS,30.0,DD,,reunion,-1,30.0,True
CLS_00801,0,D-DD,Depression / Deep Depression,2014015N10129,LINGLING,WP,MM,pacific_ocean,western_pacific,2014-01-18T00:00:00Z,9.5,127.6,TS,25.0,D,35.0,tokyo,-1,35.0,True
CLS_00802,0,D-DD,Depression / Deep Depression,2014017S14160,JUNE,SP,MM,pacific_ocean,southern_pacific,2014-01-19T00:00:00Z,-26.2,165.3,TS,30.0,DD,40.0,wellington,-1,40.0,True
CLS_00803,0,D-DD,Depression / Deep Depression,2014027S14155,DYLAN,SP,EA,pacific_ocean,southern_pacific,2014-01-29T18:00:00Z,-17.3,149.0,TS,30.0,DD,30.0,bom,-1,30.0,True
CLS_00804,0,D-DD,Depression / Deep Depression,2014029N10143,KAJIKI,WP,MM,pacific_ocean,western_pacific,2014-01-31T00:00:00Z,9.6,130.4,TS,30.0,DD,35.0,tokyo,-1,35.0,True
CLS_00805,0,D-DD,Depression / Deep Depression,2014027S14155,DYLAN,SP,EA,pacific_ocean,southern_pacific,2014-01-31T12:00:00Z,-22.8,146.3,TS,20.0,D,20.0,bom,-1,20.0,True
CLS_00806,0,D-DD,Depression / Deep Depression,2014031S17149,EDNA,SP,EA,pacific_ocean,southern_pacific,2014-02-02T18:00:00Z,-15.8,151.4,TS,25.0,D,25.0,bom,-1,25.0,True
CLS_00807,0,D-DD,Depression / Deep Depression,2014034S14058,EDILSON,SI,MM,south_indian_ocean,,2014-02-05T03:00:00Z,-16.8,59.9,TS,33.0,DD,,,-1,33.0,True
CLS_00808,0,D-DD,Depression / Deep Depression,2014036S12073,FOBANE,SI,MM,south_indian_ocean,,2014-02-06T06:00:00Z,-12.8,71.3,TS,25.0,D,33.0,reunion,-1,33.0,True
CLS_00809,0,D-DD,Depression / Deep Depression,2014048S16039,GUITO,SI,MM,south_indian_ocean,,2014-02-18T15:00:00Z,-18.5,40.2,TS,33.0,DD,,,-1,33.0,True
CLS_00810,0,D-DD,Depression / Deep Depression,2014056S18175,KOFI,SP,MM,pacific_ocean,southern_pacific,2014-02-28T06:00:00Z,-16.0,180.5,TS,30.0,DD,30.0,nadi,-1,30.0,True
CLS_00811,0,D-DD,Depression / Deep Depression,2014068S16169,LUSI,SP,MM,pacific_ocean,southern_pacific,2014-03-09T12:00:00Z,-14.8,167.1,TS,25.0,D,25.0,nadi,-1,25.0,True
CLS_00812,0,D-DD,Depression / Deep Depression,2014066S15152,HADI,SP,EA,pacific_ocean,southern_pacific,2014-03-09T18:00:00Z,-18.6,150.5,TS,25.0,D,35.0,bom,-1,35.0,True
CLS_00813,0,D-DD,Depression / Deep Depression,2014066S09138,GILLIAN,SP,EA,pacific_ocean,southern_pacific,2014-03-10T15:00:00Z,-14.4,141.6,TS,28.0,DD,,,-1,28.0,True
CLS_00814,0,D-DD,Depression / Deep Depression,2014077S11196,MIKE,SP,MM,pacific_ocean,southern_pacific,2014-03-19T12:00:00Z,-22.7,-158.3,TS,30.0,DD,35.0,nadi,-1,35.0,True
CLS_00815,0,D-DD,Depression / Deep Depression,2014080N08128,UNNAMED,WP,MM,pacific_ocean,western_pacific,2014-03-22T00:00:00Z,9.3,126.9,TS,25.0,D,,,-1,25.0,True
CLS_00816,0,D-DD,Depression / Deep Depression,2014066S09138,GILLIAN,SI,WA,south_indian_ocean,,2014-03-26T06:00:00Z,-21.7,102.0,TS,30.0,DD,30.0,bom,-1,30.0,True
CLS_00817,0,D-DD,Depression / Deep Depression,2014086S10041,HELLEN,SI,MM,south_indian_ocean,,2014-03-27T21:00:00Z,-12.3,40.8,TS,28.0,DD,,,-1,28.0,True
CLS_00818,0,D-DD,Depression / Deep Depression,2014117N10145,TAPAH,WP,MM,pacific_ocean,western_pacific,2014-05-02T03:00:00Z,24.5,144.6,TS,30.0,DD,,,-1,30.0,True
CLS_00819,0,D-DD,Depression / Deep Depression,2014159N12068,NANAUK,NI,AS,north_indian_ocean,arabian_sea,2014-06-09T03:00:00Z,13.3,67.6,TS,28.0,DD,,,-1,28.0,True
CLS_00820,0,D-DD,Depression / Deep Depression,2014159N12068,NANAUK,NI,AS,north_indian_ocean,arabian_sea,2014-06-09T18:00:00Z,14.5,69.2,TS,30.0,DD,,,-1,30.0,True
CLS_00821,0,D-DD,Depression / Deep Depression,2014159N12068,NANAUK,NI,AS,north_indian_ocean,arabian_sea,2014-06-13T03:00:00Z,20.7,64.4,TS,25.0,D,45.0,newdelhi,-1,45.0,True
CLS_00822,0,D-DD,Depression / Deep Depression,2014180N14255,DOUGLAS,EP,MM,pacific_ocean,eastern_pacific,2014-06-29T09:00:00Z,15.6,-109.1,TS,30.0,DD,,,-1,30.0,True
CLS_00823,0,D-DD,Depression / Deep Depression,2014187N11247,FAUSTO,EP,MM,pacific_ocean,eastern_pacific,2014-07-07T12:00:00Z,9.5,-118.1,TS,30.0,DD,30.0,hurdat_epa,-1,30.0,True
CLS_00824,0,D-DD,Depression / Deep Depression,2014195N11232,WALI,EP,CP,pacific_ocean,eastern_pacific,2014-07-18T18:00:00Z,15.6,-143.6,TS,30.0,DD,30.0,hurdat_epa,-1,30.0,True
CLS_00825,0,D-DD,Depression / Deep Depression,2014207N12255,HERNAN,EP,MM,pacific_ocean,eastern_pacific,2014-07-26T12:00:00Z,14.3,-106.6,TS,30.0,DD,30.0,hurdat_epa,-1,30.0,True
CLS_00826,0,D-DD,Depression / Deep Depression,2014209N12152,HALONG,WP,MM,pacific_ocean,western_pacific,2014-07-28T15:00:00Z,11.9,149.2,TS,33.0,DD,,,-1,33.0,True
CLS_00827,0,D-DD,Depression / Deep Depression,2014204N10239,GENEVIEVE,EP,CP,pacific_ocean,eastern_pacific,2014-07-29T18:00:00Z,12.9,212.1,TS,30.0,DD,30.0,hurdat_epa,-1,30.0,True
CLS_00828,0,D-DD,Depression / Deep Depression,2014214N13249,JULIO,EP,CP,pacific_ocean,eastern_pacific,2014-08-15T15:00:00Z,32.4,-157.5,TS,30.0,DD,,,-1,30.0,True
CLS_00829,0,D-DD,Depression / Deep Depression,2014229N16246,LOWELL,EP,MM,pacific_ocean,eastern_pacific,2014-08-17T21:00:00Z,16.0,-115.8,TS,30.0,DD,,,-1,30.0,True
CLS_00830,0,D-DD,Depression / Deep Depression,2014253N13260,ODILE,EP,MM,pacific_ocean,eastern_pacific,2014-09-17T21:00:00Z,30.9,-112.5,TS,28.0,DD,,,-1,28.0,True
CLS_00831,0,D-DD,Depression / Deep Depression,2014259N11262,POLO,EP,MM,pacific_ocean,eastern_pacific,2014-09-22T03:00:00Z,22.6,-113.1,TS,33.0,DD,,,-1,33.0,True
CLS_00832,0,D-DD,Depression / Deep Depression,2014267N18150,KAMMURI,WP,MM,pacific_ocean,western_pacific,2014-09-24T21:00:00Z,19.9,148.6,TS,28.0,DD,,,-1,28.0,True
CLS_00833,0,D-DD,Depression / Deep Depression,2014271N10160,PHANFONE,WP,MM,pacific_ocean,western_pacific,2014-09-28T12:00:00Z,11.7,155.0,TS,25.0,D,,tokyo,-1,25.0,True
CLS_00834,0,D-DD,Depression / Deep Depression,2014267N15257,RACHEL,EP,MM,pacific_ocean,eastern_pacific,2014-09-30T09:00:00Z,23.3,-117.5,TS,33.0,DD,,,-1,33.0,True
CLS_00835,0,D-DD,Depression / Deep Depression,2014274N15260,SIMON,EP,MM,pacific_ocean,eastern_pacific,2014-10-01T18:00:00Z,17.1,-104.0,TS,25.0,D,25.0,hurdat_epa,-1,25.0,True
CLS_00836,0,D-DD,Depression / Deep Depression,2014279N11096,HUDHUD,NI,BB,north_indian_ocean,bay_of_bengal,2014-10-07T00:00:00Z,11.0,95.2,TS,25.0,D,,,-1,25.0,True
CLS_00837,0,D-DD,Depression / Deep Depression,2014284N10231,ANA,EP,CP,pacific_ocean,eastern_pacific,2014-10-13T21:00:00Z,12.5,-142.2,TS,33.0,DD,,,-1,33.0,True
CLS_00838,0,D-DD,Depression / Deep Depression,2014303N11261,VANCE,EP,MM,pacific_ocean,eastern_pacific,2014-10-30T12:00:00Z,11.2,-100.3,TS,30.0,DD,30.0,hurdat_epa,-1,30.0,True
CLS_00839,0,D-DD,Depression / Deep Depression,2014303N13141,NURI,WP,MM,pacific_ocean,western_pacific,2014-10-31T06:00:00Z,12.6,136.3,TS,30.0,DD,35.0,tokyo,-1,35.0,True
CLS_00840,0,D-DD,Depression / Deep Depression,2014309N13088,UNNAMED,NI,BB,north_indian_ocean,bay_of_bengal,2014-11-05T12:00:00Z,13.2,87.4,TS,25.0,D,25.0,newdelhi,-1,25.0,True
CLS_00841,0,D-DD,Depression / Deep Depression,2014309N13088,UNNAMED,NI,BB,north_indian_ocean,bay_of_bengal,2014-11-06T12:00:00Z,13.7,88.1,TS,25.0,D,30.0,newdelhi,-1,30.0,True
CLS_00842,0,D-DD,Depression / Deep Depression,2014309N13088,UNNAMED,NI,BB,north_indian_ocean,bay_of_bengal,2014-11-07T00:00:00Z,13.9,87.9,TS,25.0,D,30.0,newdelhi,-1,30.0,True
CLS_00843,0,D-DD,Depression / Deep Depression,2014309N13088,UNNAMED,NI,BB,north_indian_ocean,bay_of_bengal,2014-11-07T15:00:00Z,14.2,87.1,TS,25.0,D,,,-1,25.0,True
CLS_00844,0,D-DD,Depression / Deep Depression,2014327S08077,UNNAMED,SI,MM,south_indian_ocean,,2014-11-25T15:00:00Z,-10.5,69.8,TS,30.0,DD,,,-1,30.0,True
CLS_00845,0,D-DD,Depression / Deep Depression,2014329N08131,SINLAKU,WP,MM,pacific_ocean,western_pacific,2014-11-27T18:00:00Z,10.6,118.9,TS,30.0,DD,,tokyo,-1,30.0,True
CLS_00846,0,D-DD,Depression / Deep Depression,2014362N07130,JANGMI,WP,MM,pacific_ocean,western_pacific,2014-12-28T03:00:00Z,7.8,128.3,TS,28.0,DD,,,-1,28.0,True
CLS_00847,0,D-DD,Depression / Deep Depression,2015012N09146,MEKKHALA,WP,MM,pacific_ocean,western_pacific,2015-01-19T09:00:00Z,16.8,123.2,TS,23.0,D,,,-1,23.0,True
CLS_00848,0,D-DD,Depression / Deep Depression,2015020S12208,NIKO,SP,MM,pacific_ocean,southern_pacific,2015-01-20T00:00:00Z,-12.2,-151.6,TS,30.0,DD,,,-1,30.0,True
CLS_00849,0,D-DD,Depression / Deep Depression,2015020S12208,NIKO,SP,MM,pacific_ocean,southern_pacific,2015-01-24T06:00:00Z,-27.5,-147.1,TS,30.0,DD,,,-1,30.0,True
CLS_00850,0,D-DD,Depression / Deep Depression,2015024S11090,DIAMONDRA,SI,MM,south_indian_ocean,,2015-01-26T09:00:00Z,-16.6,78.9,TS,28.0,DD,,,-1,28.0,True
CLS_00851,0,D-DD,Depression / Deep Depression,2015030S16161,OLA,SP,MM,pacific_ocean,southern_pacific,2015-01-30T06:00:00Z,-16.7,161.4,TS,30.0,DD,,,-1,30.0,True
CLS_00852,0,D-DD,Depression / Deep Depression,2015036S20038,FUNDI,SI,MM,south_indian_ocean,,2015-02-06T12:00:00Z,-22.1,42.6,TS,30.0,DD,35.0,reunion,-1,35.0,True
CLS_00853,0,D-DD,Depression / Deep Depression,2015038N08158,HIGOS,WP,MM,pacific_ocean,western_pacific,2015-02-11T18:00:00Z,16.5,152.2,TS,25.0,D,,tokyo,-1,25.0,True
CLS_00854,0,D-DD,Depression / Deep Depression,2015047S12142,LAM,SP,EA,pacific_ocean,southern_pacific,2015-02-16T15:00:00Z,-11.6,139.6,TS,33.0,DD,,,-1,33.0,True
CLS_00855,0,D-DD,Depression / Deep Depression,2015047S15152,MARCIA,SP,EA,pacific_ocean,southern_pacific,2015-02-17T09:00:00Z,-15.0,155.9,TS,30.0,DD,,,-1,30.0,True
CLS_00856,0,D-DD,Depression / Deep Depression,2015050S11094,GLENDA,SI,MM,south_indian_ocean,,2015-02-23T06:00:00Z,-14.1,75.0,TS,30.0,DD,25.0,reunion,-1,25.0,True
CLS_00857,0,D-DD,Depression / Deep Depression,2015064S14052,HALIBA,SI,MM,south_indian_ocean,,2015-03-10T09:00:00Z,-24.1,55.1,TS,30.0,DD,,,-1,30.0,True
CLS_00858,0,D-DD,Depression / Deep Depression,2015079S15182,REUBEN,SP,MM,pacific_ocean,southern_pacific,2015-03-20T12:00:00Z,-18.2,-177.8,TS,25.0,D,20.0,nadi,-1,20.0,True
CLS_00859,0,D-DD,Depression / Deep Depression,2015092N06161,HAISHEN,WP,MM,pacific_ocean,western_pacific,2015-04-03T09:00:00Z,8.1,155.1,TS,25.0,D,,,-1,25.0,True
CLS_00860,0,D-DD,Depression / Deep Depression,2015094S10087,IKOLA,SI,MM,south_indian_ocean,,2015-04-04T18:00:00Z,-10.9,86.4,TS,25.0,D,30.0,reunion,-1,30.0,True
CLS_00861,0,D-DD,Depression / Deep Depression,2015092S18074,JOALANE,SI,MM,south_indian_ocean,,2015-04-05T06:00:00Z,-15.9,65.5,TS,25.0,D,25.0,reunion,-1,25.0,True
CLS_00862,0,D-DD,Depression / Deep Depression,2015099S13163,SOLO,SP,MM,pacific_ocean,southern_pacific,2015-04-09T15:00:00Z,-13.1,161.6,TS,33.0,DD,,,-1,33.0,True
CLS_00863,0,D-DD,Depression / Deep Depression,2015117S12115,QUANG,SI,WA,south_indian_ocean,,2015-04-28T12:00:00Z,-14.5,110.7,TS,30.0,DD,30.0,bom,-1,30.0,True
CLS_00864,0,D-DD,Depression / Deep Depression,2015122N07144,NOUL,WP,MM,pacific_ocean,western_pacific,2015-05-03T06:00:00Z,8.5,141.6,TS,30.0,DD,,tokyo,-1,30.0,True
CLS_00865,0,D-DD,Depression / Deep Depression,2015148N11250,ANDRES,EP,MM,pacific_ocean,eastern_pacific,2015-05-28T06:00:00Z,10.8,-109.9,TS,30.0,DD,30.0,hurdat_epa,-1,30.0,True
CLS_00866,0,D-DD,Depression / Deep Depression,2015157N13069,ASHOBAA,NI,AS,north_indian_ocean,arabian_sea,2015-06-06T09:00:00Z,13.5,68.6,TS,25.0,D,,,-1,25.0,True
CLS_00867,0,D-DD,Depression / Deep Depression,2015157N13069,ASHOBAA,NI,AS,north_indian_ocean,arabian_sea,2015-06-07T00:00:00Z,15.2,68.6,TS,30.0,DD,,,-1,30.0,True
CLS_00868,0,D-DD,Depression / Deep Depression,2015162N12262,CARLOS,EP,MM,pacific_ocean,eastern_pacific,2015-06-11T09:00:00Z,13.4,-100.0,TS,33.0,DD,,,-1,33.0,True
CLS_00869,0,D-DD,Depression / Deep Depression,2015157N13069,ASHOBAA,NI,AS,north_indian_ocean,arabian_sea,2015-06-12T06:00:00Z,20.8,59.7,TS,30.0,DD,25.0,newdelhi,-1,25.0,True
CLS_00870,0,D-DD,Depression / Deep Depression,2015180S04163,RAQUEL,SP,MM,pacific_ocean,southern_pacific,2015-06-29T21:00:00Z,-4.1,161.2,TS,28.0,DD,,,-1,28.0,True
CLS_00871,0,D-DD,Depression / Deep Depression,2015183N13130,LINFA,WP,MM,pacific_ocean,western_pacific,2015-07-02T09:00:00Z,14.6,128.8,TS,28.0,DD,,,-1,28.0,True
CLS_00872,0,D-DD,Depression / Deep Depression,2015180S04163,RAQUEL,SP,MM,pacific_ocean,southern_pacific,2015-07-03T15:00:00Z,-7.8,160.3,TS,30.0,DD,,,-1,30.0,True
CLS_00873,0,D-DD,Depression / Deep Depression,2015188N08194,HALOLA,EP,CP,pacific_ocean,eastern_pacific,2015-07-10T09:00:00Z,11.5,189.3,TS,30.0,DD,,,-1,30.0,True
CLS_00874,0,D-DD,Depression / Deep Depression,2015190N12210,IUNE,EP,CP,pacific_ocean,eastern_pacific,2015-07-11T03:00:00Z,12.8,-155.5,TS,30.0,DD,,,-1,30.0,True
CLS_00875,0,D-DD,Depression / Deep Depression,2015192N11263,DOLORES,EP,MM,pacific_ocean,eastern_pacific,2015-07-11T15:00:00Z,12.0,-98.9,TS,33.0,DD,,,-1,33.0,True
CLS_00876,0,D-DD,Depression / Deep Depression,2015184N08172,NANGKA,WP,MM,pacific_ocean,western_pacific,2015-07-17T15:00:00Z,37.2,134.7,TS,28.0,DD,,,-1,28.0,True
CLS_00877,0,D-DD,Depression / Deep Depression,2015194N13235,ENRIQUE,EP,MM,pacific_ocean,eastern_pacific,2015-07-18T03:00:00Z,20.3,-137.3,TS,30.0,DD,,,-1,30.0,True
CLS_00878,0,D-DD,Depression / Deep Depression,2015204N16247,FELICIA,EP,MM,pacific_ocean,eastern_pacific,2015-07-24T00:00:00Z,20.1,-116.1,TS,30.0,DD,30.0,hurdat_epa,-1,30.0,True
CLS_00879,0,D-DD,Depression / Deep Depression,2015188N08194,HALOLA,WP,MM,pacific_ocean,western_pacific,2015-07-26T09:00:00Z,32.8,129.6,TS,30.0,DD,40.0,tokyo,-1,40.0,True
CLS_00880,0,D-DD,Depression / Deep Depression,2015213S08169,UNNAMED,SP,MM,pacific_ocean,southern_pacific,2015-08-01T12:00:00Z,-9.7,171.0,TS,25.0,D,,,-1,25.0,True
CLS_00881,0,D-DD,Depression / Deep Depression,2015213S08169,UNNAMED,SP,MM,pacific_ocean,southern_pacific,2015-08-04T18:00:00Z,-11.5,170.1,TS,25.0,D,,,-1,25.0,True
CLS_00882,0,D-DD,Depression / Deep Depression,2015218N18149,MOLAVE,WP,MM,pacific_ocean,western_pacific,2015-08-07T06:00:00Z,22.6,147.3,TS,25.0,D,35.0,tokyo,-1,35.0,True
CLS_00883,0,D-DD,Depression / Deep Depression,2015226N12151,GONI,WP,MM,pacific_ocean,western_pacific,2015-08-14T00:00:00Z,12.2,150.4,TS,25.0,D,,tokyo,-1,25.0,True
CLS_00884,0,D-DD,Depression / Deep Depression,2015244N12248,KEVIN,EP,MM,pacific_ocean,eastern_pacific,2015-09-05T03:00:00Z,22.6,-114.7,TS,33.0,DD,,,-1,33.0,True
CLS_00885,0,D-DD,Depression / Deep Depression,2015256N16113,VAMCO,WP,MM,pacific_ocean,western_pacific,2015-09-13T18:00:00Z,15.1,111.1,TS,30.0,DD,35.0,tokyo,-1,35.0,True
CLS_00886,0,D-DD,Depression / Deep Depression,2015270N13257,MARTY,EP,MM,pacific_ocean,eastern_pacific,2015-09-26T18:00:00Z,13.1,-103.0,TS,30.0,DD,30.0,hurdat_epa,-1,30.0,True
CLS_00887,0,D-DD,Depression / Deep Depression,2015273N12130,MUJIGAE,WP,MM,pacific_ocean,western_pacific,2015-10-02T00:00:00Z,16.3,120.0,TS,30.0,DD,40.0,tokyo,-1,40.0,True
CLS_00888,0,D-DD,Depression / Deep Depression,2015280N13071,UNNAMED,NI,AS,north_indian_ocean,arabian_sea,2015-10-07T06:00:00Z,12.5,71.4,TS,30.0,DD,,,-1,30.0,True
CLS_00889,0,D-DD,Depression / Deep Depression,2015280N13071,UNNAMED,NI,AS,north_indian_ocean,arabian_sea,2015-10-07T18:00:00Z,12.8,71.7,TS,30.0,DD,,,-1,30.0,True
CLS_00890,0,D-DD,Depression / Deep Depression,2015280N13071,UNNAMED,NI,AS,north_indian_ocean,arabian_sea,2015-10-08T09:00:00Z,13.0,71.2,TS,30.0,DD,,,-1,30.0,True
CLS_00891,0,D-DD,Depression / Deep Depression,2015280N13071,UNNAMED,NI,AS,north_indian_ocean,arabian_sea,2015-10-08T21:00:00Z,13.5,70.8,TS,30.0,DD,,,-1,30.0,True
CLS_00892,0,D-DD,Depression / Deep Depression,2015280N13071,UNNAMED,NI,AS,north_indian_ocean,arabian_sea,2015-10-10T00:00:00Z,15.0,69.6,TS,30.0,DD,30.0,newdelhi,-1,30.0,True
CLS_00893,0,D-DD,Depression / Deep Depression,2015280N13071,UNNAMED,NI,AS,north_indian_ocean,arabian_sea,2015-10-10T18:00:00Z,15.4,69.4,TS,25.0,D,30.0,newdelhi,-1,30.0,True
CLS_00894,0,D-DD,Depression / Deep Depression,2015282N11230,NORA,EP,CP,pacific_ocean,eastern_pacific,2015-10-14T12:00:00Z,14.8,-150.8,TS,30.0,DD,30.0,hurdat_epa,-1,30.0,True
CLS_00895,0,D-DD,Depression / Deep Depression,2015286S10175,UNNAMED,SP,MM,pacific_ocean,southern_pacific,2015-10-14T21:00:00Z,-12.1,176.5,TS,30.0,DD,,,-1,30.0,True
CLS_00896,0,D-DD,Depression / Deep Depression,2015286S10175,UNNAMED,SP,MM,pacific_ocean,southern_pacific,2015-10-16T09:00:00Z,-13.2,176.6,TS,30.0,DD,,,-1,30.0,True
CLS_00897,0,D-DD,Depression / Deep Depression,2015309N14067,MEGH,NI,AS,north_indian_ocean,arabian_sea,2015-11-04T18:00:00Z,14.0,66.4,TS,25.0,D,,,-1,25.0,True
CLS_00898,0,D-DD,Depression / Deep Depression,2015309N14067,MEGH,NI,AS,north_indian_ocean,arabian_sea,2015-11-10T09:00:00Z,13.5,46.6,TS,23.0,D,,,-1,23.0,True
CLS_00899,0,D-DD,Depression / Deep Depression,2015322N13253,RICK,EP,MM,pacific_ocean,eastern_pacific,2015-11-19T03:00:00Z,13.4,-105.8,TS,30.0,DD,,,-1,30.0,True
CLS_00900,0,D-DD,Depression / Deep Depression,2015323S05080,ANNABELLE,SI,MM,south_indian_ocean,,2015-11-19T09:00:00Z,-7.4,77.7,TS,25.0,D,,,-1,25.0,True
CLS_00901,0,D-DD,Depression / Deep Depression,2015330S10178,TUNI,SP,MM,pacific_ocean,southern_pacific,2015-11-27T03:00:00Z,-11.4,182.0,TS,28.0,DD,,,-1,28.0,True
CLS_00902,0,D-DD,Depression / Deep Depression,2015330S10178,TUNI,SP,MM,pacific_ocean,southern_pacific,2015-11-29T21:00:00Z,-17.9,191.1,TS,33.0,DD,35.0,nadi,-1,35.0,True
CLS_00903,0,D-DD,Depression / Deep Depression,2015342S09079,BOHALE,SI,MM,south_indian_ocean,,2015-12-08T12:00:00Z,-10.7,73.9,TS,25.0,D,25.0,reunion,-1,25.0,True
CLS_00904,0,D-DD,Depression / Deep Depression,2016006N02188,PALI,EP,CP,pacific_ocean,eastern_pacific,2016-01-14T12:00:00Z,2.6,-172.3,TS,30.0,DD,30.0,hurdat_epa,-1,30.0,True
CLS_00905,0,D-DD,Depression / Deep Depression,2016020S14078,CORENTIN,SI,MM,south_indian_ocean,,2016-01-20T18:00:00Z,-14.8,76.4,TS,30.0,DD,30.0,reunion,-1,30.0,True
CLS_00906,0,D-DD,Depression / Deep Depression,2016027S13119,STAN,SI,WA,south_indian_ocean,,2016-01-28T12:00:00Z,-16.6,117.7,TS,30.0,DD,25.0,bom,-1,25.0,True
CLS_00907,0,D-DD,Depression / Deep Depression,2016039S14061,DAYA,SI,MM,south_indian_ocean,,2016-02-09T06:00:00Z,-20.0,50.9,TS,25.0,D,27.0,reunion,-1,27.0,True
CLS_00908,0,D-DD,Depression / Deep Depression,2016040S16155,TATIANA,SP,EA,pacific_ocean,southern_pacific,2016-02-10T06:00:00Z,-16.0,155.6,TS,30.0,DD,25.0,bom,-1,25.0,True
CLS_00909,0,D-DD,Depression / Deep Depression,2016055S15202,YALO,SP,MM,pacific_ocean,southern_pacific,2016-02-26T15:00:00Z,-24.2,-149.9,TS,33.0,DD,,,-1,33.0,True
CLS_00910,0,D-DD,Depression / Deep Depression,2016074S16137,UNNAMED,SP,EA,pacific_ocean,southern_pacific,2016-03-15T15:00:00Z,-15.9,139.0,TS,33.0,DD,,,-1,33.0,True
CLS_00911,0,D-DD,Depression / Deep Depression,2016074S16137,UNNAMED,SP,EA,pacific_ocean,southern_pacific,2016-03-16T21:00:00Z,-17.5,142.5,TS,28.0,DD,,,-1,28.0,True
CLS_00912,0,D-DD,Depression / Deep Depression,2016095S13162,ZENA,SP,MM,pacific_ocean,southern_pacific,2016-04-04T09:00:00Z,-13.4,162.3,TS,25.0,D,,,-1,25.0,True
CLS_00913,0,D-DD,Depression / Deep Depression,2016095S13162,ZENA,SP,MM,pacific_ocean,southern_pacific,2016-04-04T21:00:00Z,-13.9,163.8,TS,33.0,DD,,,-1,33.0,True
CLS_00914,0,D-DD,Depression / Deep Depression,2016108S17181,AMOS,SP,MM,pacific_ocean,southern_pacific,2016-04-18T03:00:00Z,-15.7,-176.5,TS,30.0,DD,,,-1,30.0,True
CLS_00915,0,D-DD,Depression / Deep Depression,2016158N13261,UNNAMED,EP,MM,pacific_ocean,eastern_pacific,2016-06-07T21:00:00Z,15.7,-94.7,TS,28.0,DD,,,-1,28.0,True
CLS_00916,0,D-DD,Depression / Deep Depression,2016178N22068,UNNAMED,NI,AS,north_indian_ocean,arabian_sea,2016-06-26T06:00:00Z,21.7,67.8,TS,25.0,D,,,-1,25.0,True
CLS_00917,0,D-DD,Depression / Deep Depression,2016178N22068,UNNAMED,NI,AS,north_indian_ocean,arabian_sea,2016-06-26T18:00:00Z,21.9,66.5,TS,30.0,DD,,,-1,30.0,True
CLS_00918,0,D-DD,Depression / Deep Depression,2016178N22068,UNNAMED,NI,AS,north_indian_ocean,arabian_sea,2016-06-27T18:00:00Z,21.5,64.0,TS,30.0,DD,25.0,newdelhi,-1,25.0,True
CLS_00919,0,D-DD,Depression / Deep Depression,2016188N12254,CELIA,EP,MM,pacific_ocean,eastern_pacific,2016-07-07T03:00:00Z,12.2,-109.5,TS,30.0,DD,,,-1,30.0,True
CLS_00920,0,D-DD,Depression / Deep Depression,2016197N14256,ESTELLE,EP,MM,pacific_ocean,eastern_pacific,2016-07-15T15:00:00Z,14.2,-106.4,TS,28.0,DD,,,-1,28.0,True
CLS_00921,0,D-DD,Depression / Deep Depression,2016195S06076,ABELA,SI,MM,south_indian_ocean,,2016-07-15T21:00:00Z,-8.9,69.8,TS,30.0,DD,,,-1,30.0,True
CLS_00922,0,D-DD,Depression / Deep Depression,2016203N13259,FRANK,EP,MM,pacific_ocean,eastern_pacific,2016-07-21T09:00:00Z,13.6,-102.0,TS,33.0,DD,,,-1,33.0,True
CLS_00923,0,D-DD,Depression / Deep Depression,2016203N10249,GEORGETTE,EP,MM,pacific_ocean,eastern_pacific,2016-07-21T21:00:00Z,10.8,-113.9,TS,30.0,DD,,,-1,30.0,True
CLS_00924,0,D-DD,Depression / Deep Depression,2016194N15255,DARBY,EP,CP,pacific_ocean,eastern_pacific,2016-07-25T06:00:00Z,22.1,-159.1,TS,30.0,DD,30.0,hurdat_epa,-1,30.0,True
CLS_00925,0,D-DD,Depression / Deep Depression,2016214N15240,HOWARD,EP,MM,pacific_ocean,eastern_pacific,2016-08-01T00:00:00Z,15.5,-121.5,TS,30.0,DD,30.0,hurdat_epa,-1,30.0,True
CLS_00926,0,D-DD,Depression / Deep Depression,2016216N14243,IVETTE,EP,CP,pacific_ocean,eastern_pacific,2016-08-08T12:00:00Z,17.1,-140.7,TS,30.0,DD,30.0,hurdat_epa,-1,30.0,True
CLS_00927,0,D-DD,Depression / Deep Depression,2016220N18258,JAVIER,EP,MM,pacific_ocean,eastern_pacific,2016-08-09T09:00:00Z,23.7,-110.6,TS,33.0,DD,,,-1,33.0,True
CLS_00928,0,D-DD,Depression / Deep Depression,2016225N16138,CHANTHU,WP,MM,pacific_ocean,western_pacific,2016-08-13T15:00:00Z,19.8,141.9,TS,30.0,DD,,,-1,30.0,True
CLS_00929,0,D-DD,Depression / Deep Depression,2016232N22153,KOMPASU,WP,MM,pacific_ocean,western_pacific,2016-08-21T06:00:00Z,40.7,142.9,TS,30.0,DD,35.0,tokyo,-1,35.0,True
CLS_00930,0,D-DD,Depression / Deep Depression,2016236N13146,UNNAMED,WP,MM,pacific_ocean,western_pacific,2016-08-24T00:00:00Z,19.4,146.1,TS,25.0,D,,,-1,25.0,True
CLS_00931,0,D-DD,Depression / Deep Depression,2016248N15255,NEWTON,EP,MM,pacific_ocean,eastern_pacific,2016-09-04T12:00:00Z,15.4,-105.1,TS,30.0,DD,30.0,hurdat_epa,-1,30.0,True
CLS_00932,0,D-DD,Depression / Deep Depression,2016253N13144,MERANTI,WP,MM,pacific_ocean,western_pacific,2016-09-09T12:00:00Z,14.1,141.8,TS,25.0,D,,tokyo,-1,25.0,True
CLS_00933,0,D-DD,Depression / Deep Depression,2016253N26152,UNNAMED,WP,MM,pacific_ocean,western_pacific,2016-09-11T09:00:00Z,36.7,155.9,TS,33.0,DD,,,-1,33.0,True
CLS_00934,0,D-DD,Depression / Deep Depression,2016262N16251,PAINE,EP,MM,pacific_ocean,eastern_pacific,2016-09-18T03:00:00Z,16.5,-109.6,TS,33.0,DD,,,-1,33.0,True
CLS_00935,0,D-DD,Depression / Deep Depression,2016265N10150,MEGI,WP,MM,pacific_ocean,western_pacific,2016-09-23T03:00:00Z,15.9,139.8,TS,30.0,DD,,,-1,30.0,True
CLS_00936,0,D-DD,Depression / Deep Depression,2016270N12223,ULIKA,EP,CP,pacific_ocean,eastern_pacific,2016-09-27T00:00:00Z,11.6,-140.4,TS,30.0,DD,30.0,hurdat_epa,-1,30.0,True
CLS_00937,0,D-DD,Depression / Deep Depression,2016270N15240,ROSLYN,EP,MM,pacific_ocean,eastern_pacific,2016-09-29T06:00:00Z,22.5,-115.2,TS,25.0,D,25.0,hurdat_epa,-1,25.0,True
CLS_00938,0,D-DD,Depression / Deep Depression,2016279N19130,AERE,WP,MM,pacific_ocean,western_pacific,2016-10-14T12:00:00Z,16.8,104.7,TS,25.0,D,,,-1,25.0,True
CLS_00939,0,D-DD,Depression / Deep Depression,2016288N06146,HAIMA,WP,MM,pacific_ocean,western_pacific,2016-10-21T21:00:00Z,26.6,115.9,TS,28.0,DD,,,-1,28.0,True
CLS_00940,0,D-DD,Depression / Deep Depression,2016295N13089,KYANT,NI,BB,north_indian_ocean,bay_of_bengal,2016-10-24T03:00:00Z,16.3,93.1,TS,30.0,DD,30.0,newdelhi,-1,30.0,True
CLS_00941,0,D-DD,Depression / Deep Depression,2016295N13089,KYANT,NI,BB,north_indian_ocean,bay_of_bengal,2016-10-26T15:00:00Z,16.1,86.6,TS,28.0,DD,40.0,newdelhi,-1,40.0,True
CLS_00942,0,D-DD,Depression / Deep Depression,2016295N13089,KYANT,NI,BB,north_indian_ocean,bay_of_bengal,2016-10-27T09:00:00Z,15.6,83.9,TS,25.0,D,,,-1,25.0,True
CLS_00943,0,D-DD,Depression / Deep Depression,2016295N13089,KYANT,NI,BB,north_indian_ocean,bay_of_bengal,2016-10-28T15:00:00Z,14.4,81.5,TS,23.0,D,,,-1,23.0,True
CLS_00944,0,D-DD,Depression / Deep Depression,2016313N11163,MA-ON,WP,MM,pacific_ocean,western_pacific,2016-11-10T15:00:00Z,17.7,153.8,TS,30.0,DD,,,-1,30.0,True
CLS_00945,0,D-DD,Depression / Deep Depression,2016315N11171,UNNAMED,WP,MM,pacific_ocean,western_pacific,2016-11-10T18:00:00Z,10.1,165.7,TS,25.0,D,,,-1,25.0,True
CLS_00946,0,D-DD,Depression / Deep Depression,2016318N18253,TINA,EP,MM,pacific_ocean,eastern_pacific,2016-11-14T03:00:00Z,18.5,-107.4,TS,33.0,DD,,,-1,33.0,True
CLS_00947,0,D-DD,Depression / Deep Depression,2016335N07088,NADA,NI,BB,north_indian_ocean,bay_of_bengal,2016-11-29T15:00:00Z,7.2,87.3,TS,33.0,DD,,,-1,33.0,True
CLS_00948,0,D-DD,Depression / Deep Depression,2016335N07088,NADA,NI,BB,north_indian_ocean,bay_of_bengal,2016-12-01T18:00:00Z,10.8,80.1,TS,25.0,D,25.0,newdelhi,-1,25.0,True
CLS_00949,0,D-DD,Depression / Deep Depression,2016341N08092,VARDAH,NI,AS,north_indian_ocean,arabian_sea,2016-12-13T15:00:00Z,13.2,75.6,TS,23.0,D,,,-1,23.0,True
CLS_00950,0,D-DD,Depression / Deep Depression,2016341N08092,VARDAH,NI,AS,north_indian_ocean,arabian_sea,2016-12-14T12:00:00Z,12.9,72.6,TS,25.0,D,,,-1,25.0,True
CLS_00951,0,D-DD,Depression / Deep Depression,2017025S16128,UNNAMED,SI,WA,south_indian_ocean,,2017-01-30T06:00:00Z,-20.0,106.3,TS,25.0,D,30.0,bom,-1,30.0,True
CLS_00952,0,D-DD,Depression / Deep Depression,2017033S14056,CARLOS,SI,MM,south_indian_ocean,,2017-02-03T12:00:00Z,-14.2,55.9,TS,30.0,DD,25.0,reunion,-1,25.0,True
CLS_00953,0,D-DD,Depression / Deep Depression,2017043S19040,DINEO,SI,MM,south_indian_ocean,,2017-02-12T15:00:00Z,-21.3,40.1,TS,30.0,DD,,,-1,30.0,True
CLS_00954,0,D-DD,Depression / Deep Depression,2017046S17137,ALFRED,SP,EA,pacific_ocean,southern_pacific,2017-02-16T06:00:00Z,-16.1,139.6,TS,30.0,DD,25.0,bom,-1,25.0,True
CLS_00955,0,D-DD,Depression / Deep Depression,2017046S17137,ALFRED,SP,EA,pacific_ocean,southern_pacific,2017-02-17T06:00:00Z,-16.9,138.2,TS,30.0,DD,25.0,bom,-1,25.0,True
CLS_00956,0,D-DD,Depression / Deep Depression,2017051S18189,BART,SP,MM,pacific_ocean,southern_pacific,2017-02-20T12:00:00Z,-18.0,-170.1,TS,30.0,DD,,,-1,30.0,True
CLS_00957,0,D-DD,Depression / Deep Depression,2017060S09139,BLANCHE,SI,WA,south_indian_ocean,,2017-03-04T18:00:00Z,-11.2,130.7,TS,25.0,D,30.0,bom,-1,30.0,True
CLS_00958,0,D-DD,Depression / Deep Depression,2017065S14079,FERNANDO,SI,MM,south_indian_ocean,,2017-03-07T06:00:00Z,-16.0,73.7,TS,30.0,DD,35.0,reunion,-1,35.0,True
CLS_00959,0,D-DD,Depression / Deep Depression,2017082S14152,DEBBIE,SP,EA,pacific_ocean,southern_pacific,2017-03-23T21:00:00Z,-15.6,151.5,TS,28.0,DD,,,-1,28.0,True
CLS_00960,0,D-DD,Depression / Deep Depression,2017081S10096,CALEB,SI,WA,south_indian_ocean,,2017-03-29T06:00:00Z,-16.0,93.3,TS,25.0,D,25.0,bom,-1,25.0,True
CLS_00961,0,D-DD,Depression / Deep Depression,2017094S10115,ERNIE,SI,WA,south_indian_ocean,,2017-04-05T18:00:00Z,-12.4,111.3,TS,25.0,D,30.0,bom,-1,30.0,True
CLS_00962,0,D-DD,Depression / Deep Depression,2017097S12171,COOK,SP,MM,pacific_ocean,southern_pacific,2017-04-07T00:00:00Z,-12.8,170.4,TS,25.0,D,,,-1,25.0,True
CLS_00963,0,D-DD,Depression / Deep Depression,2017097S12171,COOK,SP,MM,pacific_ocean,southern_pacific,2017-04-07T18:00:00Z,-14.8,168.4,TS,30.0,DD,,,-1,30.0,True
CLS_00964,0,D-DD,Depression / Deep Depression,2017094S17191,UNNAMED,SP,MM,pacific_ocean,southern_pacific,2017-04-08T12:00:00Z,-21.7,-171.5,TS,25.0,D,,,-1,25.0,True
CLS_00965,0,D-DD,Depression / Deep Depression,2017104N08085,MAARUTHA,NI,BB,north_indian_ocean,bay_of_bengal,2017-04-14T00:00:00Z,8.2,85.3,TS,25.0,D,,,-1,25.0,True
CLS_00966,0,D-DD,Depression / Deep Depression,2017104N08085,MAARUTHA,NI,BB,north_indian_ocean,bay_of_bengal,2017-04-14T21:00:00Z,11.8,88.0,TS,28.0,DD,,,-1,28.0,True
CLS_00967,0,D-DD,Depression / Deep Depression,2017104N08085,MAARUTHA,NI,BB,north_indian_ocean,bay_of_bengal,2017-04-16T21:00:00Z,19.3,94.8,TS,33.0,DD,30.0,newdelhi,-1,30.0,True
CLS_00968,0,D-DD,Depression / Deep Depression,2017104N11130,UNNAMED,WP,MM,pacific_ocean,western_pacific,2017-04-18T12:00:00Z,16.3,117.6,TS,25.0,D,,,-1,25.0,True
CLS_00969,0,D-DD,Depression / Deep Depression,2017111S09146,FRANCES,SI,WA,south_indian_ocean,,2017-04-26T15:00:00Z,-8.7,131.2,TS,28.0,DD,,,-1,28.0,True
CLS_00970,0,D-DD,Depression / Deep Depression,2017127S18184,ELLA,SP,MM,pacific_ocean,southern_pacific,2017-05-07T21:00:00Z,-16.6,185.9,TS,33.0,DD,,,-1,33.0,True
CLS_00971,0,D-DD,Depression / Deep Depression,2017130N09269,ADRIAN,EP,MM,pacific_ocean,eastern_pacific,2017-05-09T18:00:00Z,9.3,-91.2,TS,30.0,DD,30.0,hurdat_epa,-1,30.0,True
CLS_00972,0,D-DD,Depression / Deep Depression,2017147N14087,MORA,NI,BB,north_indian_ocean,bay_of_bengal,2017-05-27T06:00:00Z,13.9,87.4,TS,25.0,D,,,-1,25.0,True
CLS_00973,0,D-DD,Depression / Deep Depression,2017147N14087,MORA,NI,BB,north_indian_ocean,bay_of_bengal,2017-05-30T18:00:00Z,25.7,92.9,TS,30.0,DD,20.0,newdelhi,-1,20.0,True
CLS_00974,0,D-DD,Depression / Deep Depression,2017152N14262,BEATRIZ,EP,MM,pacific_ocean,eastern_pacific,2017-05-31T12:00:00Z,13.8,-97.9,TS,25.0,D,25.0,hurdat_epa,-1,25.0,True
CLS_00975,0,D-DD,Depression / Deep Depression,2017163N14265,CALVIN,EP,MM,pacific_ocean,eastern_pacific,2017-06-12T03:00:00Z,15.1,-94.9,TS,30.0,DD,,,-1,30.0,True
CLS_00976,0,D-DD,Depression / Deep Depression,2017182N15132,NANMADOL,WP,MM,pacific_ocean,western_pacific,2017-07-01T18:00:00Z,19.0,128.7,TS,25.0,D,,tokyo,-1,25.0,True
CLS_00977,0,D-DD,Depression / Deep Depression,2017195N16114,TALAS,WP,MM,pacific_ocean,western_pacific,2017-07-15T06:00:00Z,17.0,111.8,TS,25.0,D,35.0,tokyo,-1,35.0,True
CLS_00978,0,D-DD,Depression / Deep Depression,2017199N14255,GREG,EP,MM,pacific_ocean,eastern_pacific,2017-07-17T12:00:00Z,14.1,-105.0,TS,30.0,DD,30.0,hurdat_epa,-1,30.0,True
CLS_00979,0,D-DD,Depression / Deep Depression,2017198N13245,UNNAMED,EP,MM,pacific_ocean,eastern_pacific,2017-07-19T15:00:00Z,14.4,-121.2,TS,25.0,D,,,-1,25.0,True
CLS_00980,0,D-DD,Depression / Deep Depression,2017202N08274,HILARY,EP,MM,pacific_ocean,eastern_pacific,2017-07-21T21:00:00Z,9.1,-94.7,TS,30.0,DD,,,-1,30.0,True
CLS_00981,0,D-DD,Depression / Deep Depression,2017203N14248,IRWIN,EP,MM,pacific_ocean,eastern_pacific,2017-07-22T09:00:00Z,14.2,-112.0,TS,30.0,DD,,,-1,30.0,True
CLS_00982,0,D-DD,Depression / Deep Depression,2017202N16116,SONCA,WP,MM,pacific_ocean,western_pacific,2017-07-22T15:00:00Z,17.7,111.7,TS,30.0,DD,,,-1,30.0,True
CLS_00983,0,D-DD,Depression / Deep Depression,2017209N19118,HAITANG,WP,MM,pacific_ocean,western_pacific,2017-07-28T12:00:00Z,18.6,115.8,TS,30.0,DD,,tokyo,-1,30.0,True
CLS_00984,0,D-DD,Depression / Deep Depression,2017206N13129,NESAT,WP,MM,pacific_ocean,western_pacific,2017-07-30T12:00:00Z,25.8,117.2,TS,25.0,D,,tokyo,-1,25.0,True
CLS_00985,0,D-DD,Depression / Deep Depression,2017212N27158,NALGAE,WP,MM,pacific_ocean,western_pacific,2017-08-01T12:00:00Z,25.7,163.8,TS,30.0,DD,,tokyo,-1,30.0,True
CLS_00986,0,D-DD,Depression / Deep Depression,2017224N19253,JOVA,EP,MM,pacific_ocean,eastern_pacific,2017-08-13T15:00:00Z,20.4,-117.3,TS,25.0,D,,,-1,25.0,True
CLS_00987,0,D-DD,Depression / Deep Depression,2017232N19130,HATO,WP,MM,pacific_ocean,western_pacific,2017-08-21T00:00:00Z,20.1,125.1,TS,30.0,DD,35.0,tokyo,-1,35.0,True
CLS_00988,0,D-DD,Depression / Deep Depression,2017247N16132,GUCHOL,WP,MM,pacific_ocean,western_pacific,2017-09-04T21:00:00Z,17.0,124.9,TS,25.0,D,,,-1,25.0,True
CLS_00989,0,D-DD,Depression / Deep Depression,2017254N16251,OTIS,EP,MM,pacific_ocean,eastern_pacific,2017-09-15T09:00:00Z,16.0,-124.6,TS,30.0,DD,,,-1,30.0,True
CLS_00990,0,D-DD,Depression / Deep Depression,2017267N18116,UNNAMED,WP,MM,pacific_ocean,western_pacific,2017-09-24T12:00:00Z,18.9,110.7,TS,30.0,DD,,,-1,30.0,True
CLS_00991,0,D-DD,Depression / Deep Depression,2017282N17113,UNNAMED,WP,MM,pacific_ocean,western_pacific,2017-10-09T18:00:00Z,17.7,107.2,TS,30.0,DD,,,-1,30.0,True
CLS_00992,0,D-DD,Depression / Deep Depression,2017284N15134,KHANUN,WP,MM,pacific_ocean,western_pacific,2017-10-12T09:00:00Z,18.1,124.0,TS,28.0,DD,,,-1,28.0,True
CLS_00993,0,D-DD,Depression / Deep Depression,2017304N11127,DAMREY,WP,MM,pacific_ocean,western_pacific,2017-11-01T21:00:00Z,12.4,117.9,TS,33.0,DD,,,-1,33.0,True
CLS_00994,0,D-DD,Depression / Deep Depression,2017307N07102,UNNAMED,WP,MM,pacific_ocean,western_pacific,2017-11-04T21:00:00Z,5.1,100.6,TS,23.0,D,,,-1,23.0,True
CLS_00995,0,D-DD,Depression / Deep Depression,2017307N07102,UNNAMED,NI,BB,north_indian_ocean,bay_of_bengal,2017-11-07T21:00:00Z,11.2,99.8,TS,23.0,D,,,-1,23.0,True
CLS_00996,0,D-DD,Depression / Deep Depression,2017312N10134,HAIKUI,WP,MM,pacific_ocean,western_pacific,2017-11-09T06:00:00Z,13.3,122.8,TS,30.0,DD,,tokyo,-1,30.0,True
CLS_00997,0,D-DD,Depression / Deep Depression,2017332S08098,DAHLIA,SI,WA,south_indian_ocean,,2017-11-29T06:00:00Z,-8.3,101.8,TS,30.0,DD,30.0,bom,-1,30.0,True
CLS_00998,0,D-DD,Depression / Deep Depression,2017340N09089,UNNAMED,NI,BB,north_indian_ocean,bay_of_bengal,2017-12-09T09:00:00Z,19.1,87.1,TS,30.0,DD,,,-1,30.0,True
CLS_00999,0,D-DD,Depression / Deep Depression,2017340N09089,UNNAMED,NI,BB,north_indian_ocean,bay_of_bengal,2017-12-09T21:00:00Z,20.1,87.8,TS,25.0,D,,,-1,25.0,True
CLS_01000,0,D-DD,Depression / Deep Depression,2017360S15124,HILDA,SI,WA,south_indian_ocean,,2017-12-29T21:00:00Z,-22.6,123.5,TS,28.0,DD,,,-1,28.0,True
CLS_01001,0,D-DD,Depression / Deep Depression,2017364S12065,AVA,SI,MM,south_indian_ocean,,2017-12-31T06:00:00Z,-13.5,63.8,TS,30.0,DD,25.0,reunion,-1,25.0,True
CLS_01002,0,D-DD,Depression / Deep Depression,2018007S13130,JOYCE,SI,WA,south_indian_ocean,,2018-01-10T09:00:00Z,-16.1,122.6,TS,30.0,DD,,,-1,30.0,True
CLS_01003,0,D-DD,Depression / Deep Depression,2018010S10069,BERGUITTA,SI,MM,south_indian_ocean,,2018-01-11T12:00:00Z,-13.9,69.0,TS,25.0,D,25.0,reunion,-1,25.0,True
CLS_01004,0,D-DD,Depression / Deep Depression,2018027S11156,FEHI,SP,EA,pacific_ocean,southern_pacific,2018-01-27T00:00:00Z,-12.6,158.0,TS,30.0,DD,,,-1,30.0,True
CLS_01005,0,D-DD,Depression / Deep Depression,2018060S13057,DUMAZILE,SI,MM,south_indian_ocean,,2018-03-02T06:00:00Z,-12.6,53.9,TS,25.0,D,23.0,reunion,-1,23.0,True
CLS_01006,0,D-DD,Depression / Deep Depression,2018064S16172,HOLA,SP,MM,pacific_ocean,southern_pacific,2018-03-05T15:00:00Z,-15.7,171.4,TS,30.0,DD,,,-1,30.0,True
CLS_01007,0,D-DD,Depression / Deep Depression,2018070S10160,LINDA,SP,EA,pacific_ocean,southern_pacific,2018-03-12T03:00:00Z,-13.7,159.8,TS,28.0,DD,,,-1,28.0,True
CLS_01008,0,D-DD,Depression / Deep Depression,2018073S12057,ELIAKIM,SI,MM,south_indian_ocean,,2018-03-14T15:00:00Z,-13.9,55.6,TS,30.0,DD,,,-1,30.0,True
CLS_01009,0,D-DD,Depression / Deep Depression,2018070S10160,LINDA,SP,EA,pacific_ocean,southern_pacific,2018-03-15T09:00:00Z,-24.7,156.8,TS,25.0,D,,,-1,25.0,True
CLS_01010,0,D-DD,Depression / Deep Depression,2018079S08137,NORA,SP,EA,pacific_ocean,southern_pacific,2018-03-22T00:00:00Z,-9.9,136.1,TS,30.0,DD,35.0,bom,-1,35.0,True
CLS_01011,0,D-DD,Depression / Deep Depression,2018079S08137,NORA,SP,EA,pacific_ocean,southern_pacific,2018-03-25T06:00:00Z,-16.7,141.6,TS,30.0,DD,30.0,bom,-1,30.0,True
CLS_01012,0,D-DD,Depression / Deep Depression,2018082S12164,IRIS,SP,EA,pacific_ocean,southern_pacific,2018-03-26T15:00:00Z,-18.1,158.0,TS,28.0,DD,,,-1,28.0,True
CLS_01013,0,D-DD,Depression / Deep Depression,2018082N04147,JELAWAT,WP,MM,pacific_ocean,western_pacific,2018-03-26T21:00:00Z,9.6,135.1,TS,30.0,DD,,,-1,30.0,True
CLS_01014,0,D-DD,Depression / Deep Depression,2018082S12164,IRIS,SP,EA,pacific_ocean,southern_pacific,2018-03-27T18:00:00Z,-21.5,158.9,TS,25.0,D,25.0,bom,-1,25.0,True
CLS_01015,0,D-DD,Depression / Deep Depression,2018089S18172,JOSIE,SP,MM,pacific_ocean,southern_pacific,2018-03-30T21:00:00Z,-17.7,173.4,TS,33.0,DD,,,-1,33.0,True
CLS_01016,0,D-DD,Depression / Deep Depression,2018096S15172,KENI,SP,MM,pacific_ocean,southern_pacific,2018-04-08T12:00:00Z,-16.2,170.2,TS,30.0,DD,35.0,nadi,-1,35.0,True
CLS_01017,0,D-DD,Depression / Deep Depression,2018111S07055,FAKIR,SI,MM,south_indian_ocean,,2018-04-22T15:00:00Z,-11.4,50.8,TS,28.0,DD,,,-1,28.0,True
CLS_01018,0,D-DD,Depression / Deep Depression,2018131N12235,UNNAMED,EP,MM,pacific_ocean,eastern_pacific,2018-05-10T18:00:00Z,12.3,-126.2,TS,30.0,DD,30.0,hurdat_epa,-1,30.0,True
CLS_01019,0,D-DD,Depression / Deep Depression,2018129N15153,UNNAMED,WP,MM,pacific_ocean,western_pacific,2018-05-12T06:00:00Z,18.9,148.2,TS,30.0,DD,,,-1,30.0,True
CLS_01020,0,D-DD,Depression / Deep Depression,2018136N11054,SAGAR,NI,AS,north_indian_ocean,arabian_sea,2018-05-16T03:00:00Z,12.4,52.2,TS,25.0,D,,,-1,25.0,True
CLS_01021,0,D-DD,Depression / Deep Depression,2018136N11054,SAGAR,NI,AS,north_indian_ocean,arabian_sea,2018-05-16T15:00:00Z,13.2,50.0,TS,33.0,DD,,,-1,33.0,True
CLS_01022,0,D-DD,Depression / Deep Depression,2018136N11054,SAGAR,NI,AS,north_indian_ocean,arabian_sea,2018-05-20T06:00:00Z,9.8,41.8,TS,30.0,DD,,,-1,30.0,True
CLS_01023,0,D-DD,Depression / Deep Depression,2018141N08059,MEKUNU,NI,AS,north_indian_ocean,arabian_sea,2018-05-27T03:00:00Z,19.0,52.1,TS,33.0,DD,,,-1,33.0,True
CLS_01024,0,D-DD,Depression / Deep Depression,2018148N17090,UNNAMED,NI,BB,north_indian_ocean,bay_of_bengal,2018-05-28T06:00:00Z,16.9,90.6,TS,25.0,D,,,-1,25.0,True
CLS_01025,0,D-DD,Depression / Deep Depression,2018148N17090,UNNAMED,NI,BB,north_indian_ocean,bay_of_bengal,2018-05-29T21:00:00Z,20.6,94.7,TS,33.0,DD,,,-1,33.0,True
CLS_01026,0,D-DD,Depression / Deep Depression,2018153N12113,EWINIAR,WP,MM,pacific_ocean,western_pacific,2018-06-03T18:00:00Z,15.4,110.7,TS,25.0,D,,tokyo,-1,25.0,True
CLS_01027,0,D-DD,Depression / Deep Depression,2018161N12260,BUD,EP,MM,pacific_ocean,eastern_pacific,2018-06-09T21:00:00Z,12.4,-100.9,TS,33.0,DD,,,-1,33.0,True
CLS_01028,0,D-DD,Depression / Deep Depression,2018165N22117,GAEMI,WP,MM,pacific_ocean,western_pacific,2018-06-14T09:00:00Z,22.1,119.4,TS,30.0,DD,,,-1,30.0,True
CLS_01029,0,D-DD,Depression / Deep Depression,2018174N12244,DANIEL,EP,MM,pacific_ocean,eastern_pacific,2018-06-26T03:00:00Z,19.7,-118.7,TS,28.0,DD,,,-1,28.0,True
CLS_01030,0,D-DD,Depression / Deep Depression,2018182N11256,FABIO,EP,MM,pacific_ocean,eastern_pacific,2018-07-01T00:00:00Z,11.3,-104.8,TS,30.0,DD,30.0,hurdat_epa,-1,30.0,True
CLS_01031,0,D-DD,Depression / Deep Depression,2018202N21159,WUKONG,WP,MM,pacific_ocean,western_pacific,2018-07-22T15:00:00Z,24.1,159.3,TS,33.0,DD,,,-1,33.0,True
CLS_01032,0,D-DD,Depression / Deep Depression,2018199N18128,AMPIL,WP,MM,pacific_ocean,western_pacific,2018-07-23T03:00:00Z,34.7,118.8,TS,33.0,DD,,,-1,33.0,True
CLS_01033,0,D-DD,Depression / Deep Depression,2018217N12266,ILEANA,EP,MM,pacific_ocean,eastern_pacific,2018-08-04T18:00:00Z,12.3,-94.5,TS,25.0,D,25.0,hurdat_epa,-1,25.0,True
CLS_01034,0,D-DD,Depression / Deep Depression,2018218N14255,JOHN,EP,MM,pacific_ocean,eastern_pacific,2018-08-05T18:00:00Z,14.2,-105.5,TS,30.0,DD,30.0,hurdat_epa,-1,30.0,True
CLS_01035,0,D-DD,Depression / Deep Depression,2018222N16147,LEEPI,WP,MM,pacific_ocean,western_pacific,2018-08-10T15:00:00Z,17.6,144.8,TS,28.0,DD,,,-1,28.0,True
CLS_01036,0,D-DD,Depression / Deep Depression,2018221N17112,BEBINCA,WP,MM,pacific_ocean,western_pacific,2018-08-11T12:00:00Z,21.6,111.7,TS,25.0,D,,tokyo,-1,25.0,True
CLS_01037,0,D-DD,Depression / Deep Depression,2018219N15237,KRISTY,EP,MM,pacific_ocean,eastern_pacific,2018-08-12T06:00:00Z,22.3,-132.0,TS,25.0,D,25.0,hurdat_epa,-1,25.0,True
CLS_01038,0,D-DD,Depression / Deep Depression,2018227N11145,SOULIK,WP,MM,pacific_ocean,western_pacific,2018-08-15T15:00:00Z,13.3,144.0,TS,28.0,DD,,,-1,28.0,True
CLS_01039,0,D-DD,Depression / Deep Depression,2018229N11160,CIMARON,WP,MM,pacific_ocean,western_pacific,2018-08-17T12:00:00Z,12.7,156.8,TS,30.0,DD,,tokyo,-1,30.0,True
CLS_01040,0,D-DD,Depression / Deep Depression,2018234N22119,UNNAMED,WP,MM,pacific_ocean,western_pacific,2018-08-23T15:00:00Z,24.0,120.3,TS,25.0,D,,,-1,25.0,True
CLS_01041,0,D-DD,Depression / Deep Depression,2018251N15248,PAUL,EP,MM,pacific_ocean,eastern_pacific,2018-09-11T18:00:00Z,22.2,-124.7,TS,30.0,DD,30.0,hurdat_epa,-1,30.0,True
CLS_01042,0,D-DD,Depression / Deep Depression,2018263N26249,UNNAMED,EP,MM,pacific_ocean,eastern_pacific,2018-09-19T15:00:00Z,26.4,-111.3,TS,28.0,DD,,,-1,28.0,True
CLS_01043,0,D-DD,Depression / Deep Depression,2018263N17089,DAYE,NI,BB,north_indian_ocean,bay_of_bengal,2018-09-19T21:00:00Z,17.2,87.8,TS,30.0,DD,,,-1,30.0,True
CLS_01044,0,D-DD,Depression / Deep Depression,2018263N17089,DAYE,NI,BB,north_indian_ocean,bay_of_bengal,2018-09-20T09:00:00Z,17.9,86.6,TS,33.0,DD,,,-1,33.0,True
CLS_01045,0,D-DD,Depression / Deep Depression,2018263N17089,DAYE,NI,BB,north_indian_ocean,bay_of_bengal,2018-09-21T06:00:00Z,20.5,81.5,TS,30.0,DD,30.0,newdelhi,-1,30.0,True
CLS_01046,0,D-DD,Depression / Deep Depression,2018268N14253,ROSA,EP,MM,pacific_ocean,eastern_pacific,2018-09-25T06:00:00Z,14.4,-106.9,TS,30.0,DD,30.0,hurdat_epa,-1,30.0,True
CLS_01047,0,D-DD,Depression / Deep Depression,2018269S09157,LIUA,SP,EA,pacific_ocean,southern_pacific,2018-09-26T00:00:00Z,-9.2,158.4,TS,30.0,DD,,,-1,30.0,True
CLS_01048,0,D-DD,Depression / Deep Depression,2018279N11069,LUBAN,NI,AS,north_indian_ocean,arabian_sea,2018-10-06T12:00:00Z,11.1,66.8,TS,25.0,D,25.0,newdelhi,-1,25.0,True
CLS_01049,0,D-DD,Depression / Deep Depression,2018279N11069,LUBAN,NI,AS,north_indian_ocean,arabian_sea,2018-10-07T03:00:00Z,11.7,65.7,TS,25.0,D,25.0,newdelhi,-1,25.0,True
CLS_01050,0,D-DD,Depression / Deep Depression,2018281N14088,TITLI,NI,BB,north_indian_ocean,bay_of_bengal,2018-10-08T09:00:00Z,14.2,88.1,TS,28.0,DD,,,-1,28.0,True
CLS_01051,0,D-DD,Depression / Deep Depression,2018281N14088,TITLI,NI,BB,north_indian_ocean,bay_of_bengal,2018-10-08T21:00:00Z,14.6,87.3,TS,33.0,DD,,,-1,33.0,True
CLS_01052,0,D-DD,Depression / Deep Depression,2018281N14088,TITLI,NI,BB,north_indian_ocean,bay_of_bengal,2018-10-12T06:00:00Z,20.9,85.3,TS,30.0,DD,30.0,newdelhi,-1,30.0,True
CLS_01053,0,D-DD,Depression / Deep Depression,2018279N11069,LUBAN,NI,AS,north_indian_ocean,arabian_sea,2018-10-14T12:00:00Z,16.0,51.4,TS,30.0,DD,30.0,newdelhi,-1,30.0,True
CLS_01054,0,D-DD,Depression / Deep Depression,2018292N13269,VICENTE,EP,MM,pacific_ocean,eastern_pacific,2018-10-23T06:00:00Z,16.8,-101.7,TS,30.0,DD,30.0,hurdat_epa,-1,30.0,True
CLS_01055,0,D-DD,Depression / Deep Depression,2018306N14249,XAVIER,EP,MM,pacific_ocean,eastern_pacific,2018-11-02T15:00:00Z,14.3,-109.5,TS,30.0,DD,,,-1,30.0,True
CLS_01056,0,D-DD,Depression / Deep Depression,2018309S06068,ALCIDE,SI,MM,south_indian_ocean,,2018-11-12T12:00:00Z,-12.5,52.2,TS,30.0,DD,25.0,reunion,-1,25.0,True
CLS_01057,0,D-DD,Depression / Deep Depression,2018314N12093,GAJA,NI,BB,north_indian_ocean,bay_of_bengal,2018-11-12T15:00:00Z,13.0,87.6,TS,30.0,DD,40.0,newdelhi,-1,40.0,True
CLS_01058,0,D-DD,Depression / Deep Depression,2018314N12093,GAJA,NI,BB,north_indian_ocean,bay_of_bengal,2018-11-13T03:00:00Z,13.6,87.0,TS,30.0,DD,40.0,newdelhi,-1,40.0,True
CLS_01059,0,D-DD,Depression / Deep Depression,2018314N12093,GAJA,NI,BB,north_indian_ocean,bay_of_bengal,2018-11-13T15:00:00Z,13.4,85.9,TS,33.0,DD,40.0,newdelhi,-1,40.0,True
CLS_01060,0,D-DD,Depression / Deep Depression,2018313S05090,BOUCHRA,SI,MM,south_indian_ocean,,2018-11-17T06:00:00Z,-11.2,88.5,TS,30.0,DD,25.0,reunion,-1,25.0,True
CLS_01061,0,D-DD,Depression / Deep Depression,2018314N12093,GAJA,NI,AS,north_indian_ocean,arabian_sea,2018-11-18T06:00:00Z,10.5,69.1,TS,25.0,D,30.0,newdelhi,-1,30.0,True
CLS_01062,0,D-DD,Depression / Deep Depression,2018324N04156,MAN-YI,WP,MM,pacific_ocean,western_pacific,2018-11-20T15:00:00Z,5.3,153.1,TS,30.0,DD,,,-1,30.0,True
CLS_01063,0,D-DD,Depression / Deep Depression,2018347N07089,PHETHAI,NI,BB,north_indian_ocean,bay_of_bengal,2018-12-14T00:00:00Z,7.9,87.6,TS,30.0,DD,30.0,newdelhi,-1,30.0,True
CLS_01064,0,D-DD,Depression / Deep Depression,2018347N07089,PHETHAI,NI,BB,north_indian_ocean,bay_of_bengal,2018-12-15T00:00:00Z,9.0,85.7,TS,30.0,DD,30.0,newdelhi,-1,30.0,True
CLS_01065,0,D-DD,Depression / Deep Depression,2018334S09156,OWEN,SP,EA,pacific_ocean,southern_pacific,2018-12-15T12:00:00Z,-18.0,145.4,TS,30.0,DD,30.0,bom,-1,30.0,True
CLS_01066,0,D-DD,Depression / Deep Depression,2018347N07089,PHETHAI,NI,BB,north_indian_ocean,bay_of_bengal,2018-12-17T18:00:00Z,17.8,82.8,TS,25.0,D,25.0,newdelhi,-1,25.0,True
CLS_01067,0,D-DD,Depression / Deep Depression,2019001S10162,MONA,SP,MM,pacific_ocean,southern_pacific,2019-01-01T15:00:00Z,-7.6,169.7,TS,25.0,D,,,-1,25.0,True
CLS_01068,0,D-DD,Depression / Deep Depression,2018365N08115,PABUK,NI,BB,north_indian_ocean,bay_of_bengal,2019-01-04T21:00:00Z,8.7,98.7,TS,33.0,DD,45.0,newdelhi,-1,45.0,True
CLS_01069,0,D-DD,Depression / Deep Depression,2018365N08115,PABUK,NI,BB,north_indian_ocean,bay_of_bengal,2019-01-05T09:00:00Z,9.5,97.7,TS,28.0,DD,40.0,newdelhi,-1,40.0,True
CLS_01070,0,D-DD,Depression / Deep Depression,2018365N08115,PABUK,NI,BB,north_indian_ocean,bay_of_bengal,2019-01-05T21:00:00Z,10.5,95.9,TS,28.0,DD,35.0,newdelhi,-1,35.0,True
CLS_01071,0,D-DD,Depression / Deep Depression,2018365N08115,PABUK,NI,BB,north_indian_ocean,bay_of_bengal,2019-01-06T09:00:00Z,11.1,92.9,TS,23.0,D,,,-1,23.0,True
CLS_01072,0,D-DD,Depression / Deep Depression,2019001S10162,MONA,SP,MM,pacific_ocean,southern_pacific,2019-01-08T15:00:00Z,-21.5,180.6,TS,23.0,D,,,-1,23.0,True
CLS_01073,0,D-DD,Depression / Deep Depression,2018363S12145,PENNY,SP,EA,pacific_ocean,southern_pacific,2019-01-09T09:00:00Z,-20.3,147.9,TS,23.0,D,,,-1,23.0,True
CLS_01074,0,D-DD,Depression / Deep Depression,2019040S17183,NEIL,SP,MM,pacific_ocean,southern_pacific,2019-02-10T09:00:00Z,-25.0,-173.4,TS,30.0,DD,,,-1,30.0,True
CLS_01075,0,D-DD,Depression / Deep Depression,2019042S17162,OMA,SP,MM,pacific_ocean,southern_pacific,2019-02-11T15:00:00Z,-14.6,163.0,TS,28.0,DD,,,-1,28.0,True
CLS_01076,0,D-DD,Depression / Deep Depression,2019057S13184,POLA,SP,MM,pacific_ocean,southern_pacific,2019-02-25T12:00:00Z,-12.8,-176.1,TS,25.0,D,,,-1,25.0,True
CLS_01077,0,D-DD,Depression / Deep Depression,2019067S11115,SAVANNAH,SI,WA,south_indian_ocean,,2019-03-13T03:00:00Z,-9.2,97.8,TS,30.0,DD,,,-1,30.0,True
CLS_01078,0,D-DD,Depression / Deep Depression,2019112S10053,KENNETH,SI,MM,south_indian_ocean,,2019-04-22T15:00:00Z,-9.9,51.6,TS,33.0,DD,,,-1,33.0,True
CLS_01079,0,D-DD,Depression / Deep Depression,2019112S04079,LORNA,SI,MM,south_indian_ocean,,2019-04-22T18:00:00Z,-6.1,80.8,TS,30.0,DD,25.0,reunion,-1,25.0,True
CLS_01080,0,D-DD,Depression / Deep Depression,2019126S05129,LILI,SI,WA,south_indian_ocean,,2019-05-07T00:00:00Z,-5.9,129.5,TS,25.0,D,25.0,bom,-1,25.0,True
CLS_01081,0,D-DD,Depression / Deep Depression,2019129S10160,ANN,SP,EA,pacific_ocean,southern_pacific,2019-05-15T06:00:00Z,-12.6,142.4,TS,25.0,D,25.0,bom,-1,25.0,True
CLS_01082,0,D-DD,Depression / Deep Depression,2019177N15256,ALVIN,EP,MM,pacific_ocean,eastern_pacific,2019-06-26T00:00:00Z,15.3,-106.5,TS,30.0,DD,30.0,hurdat_epa,-1,30.0,True
CLS_01083,0,D-DD,Depression / Deep Depression,2019193N14255,UNNAMED,EP,MM,pacific_ocean,eastern_pacific,2019-07-12T21:00:00Z,15.2,-107.5,TS,30.0,DD,,,-1,30.0,True
CLS_01084,0,D-DD,Depression / Deep Depression,2019205N23137,NARI,WP,MM,pacific_ocean,western_pacific,2019-07-27T03:00:00Z,35.2,136.5,TS,28.0,DD,,,-1,28.0,True
CLS_01085,0,D-DD,Depression / Deep Depression,2019210N11253,FLOSSIE,EP,MM,pacific_ocean,eastern_pacific,2019-07-28T21:00:00Z,12.0,-109.5,TS,30.0,DD,,,-1,30.0,True
CLS_01086,0,D-DD,Depression / Deep Depression,2019215N13242,GIL,EP,MM,pacific_ocean,eastern_pacific,2019-08-04T21:00:00Z,15.1,-126.3,TS,25.0,D,,,-1,25.0,True
CLS_01087,0,D-DD,Depression / Deep Depression,2019224N18252,HENRIETTE,EP,MM,pacific_ocean,eastern_pacific,2019-08-13T06:00:00Z,20.9,-114.7,TS,30.0,DD,30.0,hurdat_epa,-1,30.0,True
CLS_01088,0,D-DD,Depression / Deep Depression,2019233N15255,IVO,EP,MM,pacific_ocean,eastern_pacific,2019-08-21T09:00:00Z,15.1,-106.0,TS,33.0,DD,,,-1,33.0,True
CLS_01089,0,D-DD,Depression / Deep Depression,2019231N13135,BAILU,WP,MM,pacific_ocean,western_pacific,2019-08-25T09:00:00Z,24.8,115.0,TS,30.0,DD,,,-1,30.0,True
CLS_01090,0,D-DD,Depression / Deep Depression,2019243N06136,LINGLING,WP,MM,pacific_ocean,western_pacific,2019-09-01T15:00:00Z,13.9,127.2,TS,25.0,D,,,-1,25.0,True
CLS_01091,0,D-DD,Depression / Deep Depression,2019242N18126,KAJIKI,WP,MM,pacific_ocean,western_pacific,2019-09-01T21:00:00Z,18.9,111.5,TS,30.0,DD,,,-1,30.0,True
CLS_01092,0,D-DD,Depression / Deep Depression,2019246N15225,AKONI,EP,CP,pacific_ocean,eastern_pacific,2019-09-06T09:00:00Z,11.4,-148.1,TS,33.0,DD,,,-1,33.0,True
CLS_01093,0,D-DD,Depression / Deep Depression,2019260N10253,MARIO,EP,MM,pacific_ocean,eastern_pacific,2019-09-22T03:00:00Z,20.3,-110.8,TS,33.0,DD,,,-1,33.0,True
CLS_01094,0,D-DD,Depression / Deep Depression,2019264N19071,HIKAA:HIKKA,NI,AS,north_indian_ocean,arabian_sea,2019-09-22T06:00:00Z,20.0,68.9,TS,30.0,DD,25.0,newdelhi,-1,25.0,True
CLS_01095,0,D-DD,Depression / Deep Depression,2019260N12262,LORENA,EP,MM,pacific_ocean,eastern_pacific,2019-09-22T06:00:00Z,27.9,-111.5,TS,30.0,DD,30.0,hurdat_epa,-1,30.0,True
CLS_01096,0,D-DD,Depression / Deep Depression,2019264N19071,HIKAA:HIKKA,NI,AS,north_indian_ocean,arabian_sea,2019-09-25T06:00:00Z,19.2,55.0,TS,30.0,DD,25.0,newdelhi,-1,25.0,True
CLS_01097,0,D-DD,Depression / Deep Depression,2019285N15198,EMA,EP,CP,pacific_ocean,eastern_pacific,2019-10-14T03:00:00Z,24.0,-167.8,TS,30.0,DD,,,-1,30.0,True
CLS_01098,0,D-DD,Depression / Deep Depression,2019290N11234,OCTAVE,EP,MM,pacific_ocean,eastern_pacific,2019-10-19T09:00:00Z,11.5,-126.2,TS,30.0,DD,,,-1,30.0,True
CLS_01099,0,D-DD,Depression / Deep Depression,2019302N11118,BULBUL:MATMO,NI,BB,north_indian_ocean,bay_of_bengal,2019-11-04T15:00:00Z,12.8,91.9,TS,25.0,D,,,-1,25.0,True
CLS_01100,0,D-DD,Depression / Deep Depression,2019302N11118,BULBUL:MATMO,NI,BB,north_indian_ocean,bay_of_bengal,2019-11-05T03:00:00Z,12.9,90.9,TS,25.0,D,25.0,newdelhi,-1,25.0,True
CLS_01101,0,D-DD,Depression / Deep Depression,2019301N05081,MAHA,NI,AS,north_indian_ocean,arabian_sea,2019-11-07T03:00:00Z,19.9,70.1,TS,25.0,D,30.0,newdelhi,-1,30.0,True
CLS_01102,0,D-DD,Depression / Deep Depression,2019317N11248,RAYMOND,EP,MM,pacific_ocean,eastern_pacific,2019-11-17T06:00:00Z,17.2,-111.8,TS,30.0,DD,30.0,hurdat_epa,-1,30.0,True
CLS_01103,0,D-DD,Depression / Deep Depression,2019320N09264,UNNAMED,EP,MM,pacific_ocean,eastern_pacific,2019-11-17T12:00:00Z,10.4,-102.9,TS,25.0,D,25.0,hurdat_epa,-1,25.0,True
CLS_01104,0,D-DD,Depression / Deep Depression,2019326S08163,RITA,SP,MM,pacific_ocean,southern_pacific,2019-11-26T18:00:00Z,-14.8,169.1,TS,25.0,D,,,-1,25.0,True
CLS_01105,0,D-DD,Depression / Deep Depression,2019335N05058,PAWAN,NI,AS,north_indian_ocean,arabian_sea,2019-12-02T00:00:00Z,5.5,56.9,TS,25.0,D,,,-1,25.0,True
CLS_01106,0,D-DD,Depression / Deep Depression,2019335N05058,PAWAN,NI,AS,north_indian_ocean,arabian_sea,2019-12-02T15:00:00Z,6.0,56.8,TS,30.0,DD,,,-1,30.0,True
CLS_01107,0,D-DD,Depression / Deep Depression,2019337N11072,UNNAMED,NI,AS,north_indian_ocean,arabian_sea,2019-12-03T00:00:00Z,12.4,71.0,TS,30.0,DD,,,-1,30.0,True
CLS_01108,0,D-DD,Depression / Deep Depression,2019335N05058,PAWAN,NI,AS,north_indian_ocean,arabian_sea,2019-12-03T12:00:00Z,7.0,57.0,TS,30.0,DD,30.0,newdelhi,-1,30.0,True
CLS_01109,0,D-DD,Depression / Deep Depression,2019335N05058,PAWAN,NI,AS,north_indian_ocean,arabian_sea,2019-12-04T00:00:00Z,7.3,57.1,TS,30.0,DD,30.0,newdelhi,-1,30.0,True
CLS_01110,0,D-DD,Depression / Deep Depression,2019337N11072,UNNAMED,NI,AS,north_indian_ocean,arabian_sea,2019-12-04T18:00:00Z,15.0,68.3,TS,30.0,DD,30.0,newdelhi,-1,30.0,True
CLS_01111,0,D-DD,Depression / Deep Depression,2019329N09160,KAMMURI,WP,MM,pacific_ocean,western_pacific,2019-12-04T21:00:00Z,14.5,114.8,TS,33.0,DD,,,-1,33.0,True
CLS_01112,0,D-DD,Depression / Deep Depression,2019337N11072,UNNAMED,NI,AS,north_indian_ocean,arabian_sea,2019-12-05T09:00:00Z,15.9,66.7,TS,23.0,D,,,-1,23.0,True
CLS_01113,0,D-DD,Depression / Deep Depression,2019335N05058,PAWAN,NI,AS,north_indian_ocean,arabian_sea,2019-12-07T12:00:00Z,7.2,48.2,TS,25.0,D,,,-1,25.0,True
CLS_01114,0,D-DD,Depression / Deep Depression,2019352S14070,CALVINIA,SI,MM,south_indian_ocean,,2019-12-19T15:00:00Z,-14.6,70.2,TS,30.0,DD,,,-1,30.0,True
CLS_01115,0,D-DD,Depression / Deep Depression,2019359S08175,SARAI,SP,MM,pacific_ocean,southern_pacific,2019-12-25T12:00:00Z,-9.6,175.6,TS,25.0,D,25.0,nadi,-1,25.0,True
CLS_01116,0,D-DD,Depression / Deep Depression,2019354N05151,PHANFONE,WP,MM,pacific_ocean,western_pacific,2019-12-28T03:00:00Z,14.4,114.6,TS,33.0,DD,,,-1,33.0,True
CLS_01117,0,D-DD,Depression / Deep Depression,2020005S08133,CLAUDIA,SP,EA,pacific_ocean,southern_pacific,2020-01-06T18:00:00Z,-10.4,136.9,TS,25.0,D,25.0,bom,-1,25.0,True
CLS_01118,0,D-DD,Depression / Deep Depression,2020005S08133,CLAUDIA,SP,EA,pacific_ocean,southern_pacific,2020-01-07T21:00:00Z,-11.2,136.1,TS,25.0,D,,,-1,25.0,True
CLS_01119,0,D-DD,Depression / Deep Depression,2020005S13121,BLAKE,SI,WA,south_indian_ocean,,2020-01-08T03:00:00Z,-20.5,119.6,TS,33.0,DD,,,-1,33.0,True
CLS_01120,0,D-DD,Depression / Deep Depression,2020005S08133,CLAUDIA,SI,WA,south_indian_ocean,,2020-01-09T00:00:00Z,-12.0,134.1,TS,25.0,D,30.0,bom,-1,30.0,True
CLS_01121,0,D-DD,Depression / Deep Depression,2020015S12170,TINO,SP,MM,pacific_ocean,southern_pacific,2020-01-15T18:00:00Z,-11.1,172.9,TS,25.0,D,,,-1,25.0,True
CLS_01122,0,D-DD,Depression / Deep Depression,2020015S12170,TINO,SP,MM,pacific_ocean,southern_pacific,2020-01-16T06:00:00Z,-11.5,175.5,TS,30.0,DD,,,-1,30.0,True
CLS_01123,0,D-DD,Depression / Deep Depression,2020019S11063,UNNAMED,SI,MM,south_indian_ocean,,2020-01-21T18:00:00Z,-18.1,67.8,TS,30.0,DD,,,-1,30.0,True
CLS_01124,0,D-DD,Depression / Deep Depression,2020023S19056,ESAMI,SI,MM,south_indian_ocean,,2020-01-23T15:00:00Z,-21.4,62.5,TS,28.0,DD,,,-1,28.0,True
CLS_01125,0,D-DD,Depression / Deep Depression,2020024S14190,UNNAMED,SP,MM,pacific_ocean,southern_pacific,2020-01-25T09:00:00Z,-20.0,-168.1,TS,33.0,DD,,,-1,33.0,True
CLS_01126,0,D-DD,Depression / Deep Depression,2020024S14190,UNNAMED,SP,MM,pacific_ocean,southern_pacific,2020-01-26T18:00:00Z,-22.4,-166.2,TS,25.0,D,,,-1,25.0,True
CLS_01127,0,D-DD,Depression / Deep Depression,2020034S13063,FRANCISCO,SI,MM,south_indian_ocean,,2020-02-04T03:00:00Z,-14.6,64.5,TS,25.0,D,,,-1,25.0,True
CLS_01128,0,D-DD,Depression / Deep Depression,2020037S13163,UESI,SP,MM,pacific_ocean,southern_pacific,2020-02-08T18:00:00Z,-14.7,163.6,TS,30.0,DD,,,-1,30.0,True
CLS_01129,0,D-DD,Depression / Deep Depression,2020052S11181,WASI,SP,MM,pacific_ocean,southern_pacific,2020-02-20T18:00:00Z,-11.4,-177.8,TS,25.0,D,25.0,nadi,-1,25.0,True
CLS_01130,0,D-DD,Depression / Deep Depression,2020051S13186,VICKY,SP,MM,pacific_ocean,southern_pacific,2020-02-22T00:00:00Z,-19.5,-168.7,TS,30.0,DD,30.0,nadi,-1,30.0,True
CLS_01131,0,D-DD,Depression / Deep Depression,2020051S13186,VICKY,SP,MM,pacific_ocean,southern_pacific,2020-02-22T12:00:00Z,-20.9,-168.7,TS,25.0,D,,,-1,25.0,True
CLS_01132,0,D-DD,Depression / Deep Depression,2020052S13140,ESTHER,SP,EA,pacific_ocean,southern_pacific,2020-02-22T15:00:00Z,-13.7,138.5,TS,25.0,D,,,-1,25.0,True
CLS_01133,0,D-DD,Depression / Deep Depression,2020052S13140,ESTHER,SP,EA,pacific_ocean,southern_pacific,2020-02-23T03:00:00Z,-14.4,139.0,TS,30.0,DD,,,-1,30.0,True
CLS_01134,0,D-DD,Depression / Deep Depression,2020052S11181,WASI,SP,MM,pacific_ocean,southern_pacific,2020-02-23T12:00:00Z,-18.5,-170.4,TS,25.0,D,,,-1,25.0,True
CLS_01135,0,D-DD,Depression / Deep Depression,2020053S12119,FERDINAND,SI,WA,south_indian_ocean,,2020-02-23T15:00:00Z,-13.1,118.7,TS,30.0,DD,,,-1,30.0,True
CLS_01136,0,D-DD,Depression / Deep Depression,2020052S13140,ESTHER,SI,WA,south_indian_ocean,,2020-02-25T09:00:00Z,-17.2,134.5,TS,30.0,DD,,,-1,30.0,True
CLS_01137,0,D-DD,Depression / Deep Depression,2020069S11113,UNNAMED,SI,WA,south_indian_ocean,,2020-03-09T15:00:00Z,-11.2,114.2,TS,25.0,D,,,-1,25.0,True
CLS_01138,0,D-DD,Depression / Deep Depression,2020072S14054,HEROLD,SI,MM,south_indian_ocean,,2020-03-12T21:00:00Z,-14.2,53.2,TS,28.0,DD,,,-1,28.0,True
CLS_01139,0,D-DD,Depression / Deep Depression,2020104S12091,JERUTO,SI,MM,south_indian_ocean,,2020-04-14T03:00:00Z,-13.4,88.1,TS,25.0,D,,,-1,25.0,True
CLS_01140,0,D-DD,Depression / Deep Depression,2020129N07134,VONGFONG,WP,MM,pacific_ocean,western_pacific,2020-05-16T06:00:00Z,18.5,119.9,TS,25.0,D,35.0,tokyo,-1,35.0,True
CLS_01141,0,D-DD,Depression / Deep Depression,2020139S04095,MANGGA,SI,WA,south_indian_ocean,,2020-05-22T06:00:00Z,-11.3,94.3,TS,30.0,DD,30.0,bom,-1,30.0,True
CLS_01142,0,D-DD,Depression / Deep Depression,2020153N13072,NISARGA,NI,AS,north_indian_ocean,arabian_sea,2020-06-01T09:00:00Z,13.7,71.1,TS,25.0,D,,,-1,25.0,True
CLS_01143,0,D-DD,Depression / Deep Depression,2020153N13072,NISARGA,NI,AS,north_indian_ocean,arabian_sea,2020-06-01T21:00:00Z,14.7,71.2,TS,33.0,DD,,,-1,33.0,True
CLS_01144,0,D-DD,Depression / Deep Depression,2020153N13072,NISARGA,NI,AS,north_indian_ocean,arabian_sea,2020-06-04T03:00:00Z,21.5,76.8,TS,28.0,DD,20.0,newdelhi,-1,20.0,True
CLS_01145,0,D-DD,Depression / Deep Depression,2020160N10133,NURI,WP,MM,pacific_ocean,western_pacific,2020-06-12T06:00:00Z,16.6,118.5,TS,30.0,DD,,tokyo,-1,30.0,True
CLS_01146,0,D-DD,Depression / Deep Depression,2020196N17250,UNNAMED,EP,MM,pacific_ocean,eastern_pacific,2020-07-13T21:00:00Z,16.7,-112.6,TS,30.0,DD,,,-1,30.0,True
CLS_01147,0,D-DD,Depression / Deep Depression,2020202N15234,UNNAMED,EP,MM,pacific_ocean,eastern_pacific,2020-07-20T03:00:00Z,17.4,-128.5,TS,30.0,DD,,,-1,30.0,True
CLS_01148,0,D-DD,Depression / Deep Depression,2020213N15131,HAGUPIT,WP,MM,pacific_ocean,western_pacific,2020-08-01T15:00:00Z,21.7,126.5,TS,33.0,DD,,,-1,33.0,True
CLS_01149,0,D-DD,Depression / Deep Depression,2020211N14124,SINLAKU,WP,MM,pacific_ocean,western_pacific,2020-08-02T12:00:00Z,19.5,104.8,TS,30.0,DD,35.0,tokyo,-1,35.0,True
CLS_01150,0,D-DD,Depression / Deep Depression,2020221N13262,ELIDA,EP,MM,pacific_ocean,eastern_pacific,2020-08-09T00:00:00Z,14.9,-102.1,TS,30.0,DD,30.0,hurdat_epa,-1,30.0,True
CLS_01151,0,D-DD,Depression / Deep Depression,2020220N14128,JANGMI,WP,MM,pacific_ocean,western_pacific,2020-08-09T03:00:00Z,24.1,126.1,TS,33.0,DD,,,-1,33.0,True
CLS_01152,0,D-DD,Depression / Deep Depression,2020249N14265,JULIO,EP,MM,pacific_ocean,eastern_pacific,2020-09-06T21:00:00Z,19.2,-110.0,TS,33.0,DD,,,-1,33.0,True
CLS_01153,0,D-DD,Depression / Deep Depression,2020254N26143,UNNAMED,WP,MM,pacific_ocean,western_pacific,2020-09-11T21:00:00Z,31.3,138.2,TS,23.0,D,,,-1,23.0,True
CLS_01154,0,D-DD,Depression / Deep Depression,2020263N21136,DOLPHIN,WP,MM,pacific_ocean,western_pacific,2020-09-20T15:00:00Z,24.2,134.4,TS,33.0,DD,,,-1,33.0,True
CLS_01155,0,D-DD,Depression / Deep Depression,2020279N11256,NORBERT,EP,MM,pacific_ocean,eastern_pacific,2020-10-09T06:00:00Z,13.1,-105.9,TS,25.0,D,25.0,hurdat_epa,-1,25.0,True
CLS_01156,0,D-DD,Depression / Deep Depression,2020303N05149,ATSANI,WP,MM,pacific_ocean,western_pacific,2020-10-31T18:00:00Z,15.0,136.0,TS,30.0,DD,,tokyo,-1,30.0,True
CLS_01157,0,D-DD,Depression / Deep Depression,2020299N11144,GONI,WP,MM,pacific_ocean,western_pacific,2020-11-02T09:00:00Z,15.2,117.3,TS,33.0,DD,,,-1,33.0,True
CLS_01158,0,D-DD,Depression / Deep Depression,2020312N10131,ETAU,WP,MM,pacific_ocean,western_pacific,2020-11-08T12:00:00Z,12.5,117.6,TS,25.0,D,,tokyo,-1,25.0,True
CLS_01159,0,D-DD,Depression / Deep Depression,2020317S04092,ALICIA,SI,MM,south_indian_ocean,,2020-11-12T09:00:00Z,-4.7,88.2,TS,25.0,D,,,-1,25.0,True
CLS_01160,0,D-DD,Depression / Deep Depression,2020326N11063,GATI,NI,AS,north_indian_ocean,arabian_sea,2020-11-20T18:00:00Z,10.9,61.7,TS,25.0,D,,,-1,25.0,True
CLS_01161,0,D-DD,Depression / Deep Depression,2020326N11063,GATI,NI,AS,north_indian_ocean,arabian_sea,2020-11-21T09:00:00Z,11.3,57.9,TS,33.0,DD,,,-1,33.0,True
CLS_01162,0,D-DD,Depression / Deep Depression,2020327N08086,NIVAR,NI,BB,north_indian_ocean,bay_of_bengal,2020-11-22T18:00:00Z,9.0,85.1,TS,25.0,D,,,-1,25.0,True
CLS_01163,0,D-DD,Depression / Deep Depression,2020327N08086,NIVAR,NI,BB,north_indian_ocean,bay_of_bengal,2020-11-23T12:00:00Z,9.9,83.6,TS,30.0,DD,30.0,newdelhi,-1,30.0,True
CLS_01164,0,D-DD,Depression / Deep Depression,2020326N11063,GATI,NI,AS,north_indian_ocean,arabian_sea,2020-11-24T00:00:00Z,11.5,46.8,TS,25.0,D,25.0,newdelhi,-1,25.0,True
CLS_01165,0,D-DD,Depression / Deep Depression,2020327N08086,NIVAR,NI,BB,north_indian_ocean,bay_of_bengal,2020-11-26T21:00:00Z,13.8,80.6,TS,33.0,DD,,,-1,33.0,True
CLS_01166,0,D-DD,Depression / Deep Depression,2020332S11091,BONGOYO,SI,WA,south_indian_ocean,,2020-11-29T18:00:00Z,-11.0,90.3,TS,25.0,D,,,-1,25.0,True
CLS_01167,0,D-DD,Depression / Deep Depression,2020335N06090,BUREVI,NI,BB,north_indian_ocean,bay_of_bengal,2020-11-30T21:00:00Z,7.4,86.4,TS,30.0,DD,,,-1,30.0,True
CLS_01168,0,D-DD,Depression / Deep Depression,2020335N06090,BUREVI,NI,BB,north_indian_ocean,bay_of_bengal,2020-12-01T09:00:00Z,7.6,85.1,TS,33.0,DD,,,-1,33.0,True
CLS_01169,0,D-DD,Depression / Deep Depression,2020335N06090,BUREVI,NI,BB,north_indian_ocean,bay_of_bengal,2020-12-03T09:00:00Z,9.4,79.8,TS,33.0,DD,35.0,newdelhi,-1,35.0,True
CLS_01170,0,D-DD,Depression / Deep Depression,2020335N06090,BUREVI,NI,BB,north_indian_ocean,bay_of_bengal,2020-12-04T15:00:00Z,9.3,79.3,TS,25.0,D,,,-1,25.0,True
CLS_01171,0,D-DD,Depression / Deep Depression,2020335N06090,BUREVI,NI,BB,north_indian_ocean,bay_of_bengal,2020-12-05T03:00:00Z,9.2,79.5,TS,23.0,D,20.0,newdelhi,-1,20.0,True
CLS_01172,0,D-DD,Depression / Deep Depression,2020345S13183,UNNAMED,SP,MM,pacific_ocean,southern_pacific,2020-12-10T06:00:00Z,-12.6,181.3,TS,30.0,DD,,,-1,30.0,True
CLS_01173,0,D-DD,Depression / Deep Depression,2020345S13183,UNNAMED,SP,MM,pacific_ocean,southern_pacific,2020-12-10T18:00:00Z,-12.5,180.2,TS,30.0,DD,,,-1,30.0,True
CLS_01174,0,D-DD,Depression / Deep Depression,2020339S09106,UNNAMED,SI,WA,south_indian_ocean,,2020-12-11T18:00:00Z,-24.3,123.0,TS,25.0,D,,,-1,25.0,True
CLS_01175,0,D-DD,Depression / Deep Depression,2020347S14190,ZAZU,SP,MM,pacific_ocean,southern_pacific,2020-12-12T12:00:00Z,-14.7,-170.4,TS,25.0,D,,,-1,25.0,True
CLS_01176,0,D-DD,Depression / Deep Depression,2020347S14190,ZAZU,SP,MM,pacific_ocean,southern_pacific,2020-12-13T03:00:00Z,-16.3,-172.1,TS,30.0,DD,,,-1,30.0,True
CLS_01177,0,D-DD,Depression / Deep Depression,2020355S11065,CHALANE,SI,MM,south_indian_ocean,,2020-12-23T03:00:00Z,-14.7,61.0,TS,30.0,DD,,,-1,30.0,True
CLS_01178,0,D-DD,Depression / Deep Depression,2020366S12073,DANILO,SI,MM,south_indian_ocean,,2020-12-30T21:00:00Z,-12.0,72.3,TS,25.0,D,,,-1,25.0,True
CLS_01179,0,D-DD,Depression / Deep Depression,2021001S14136,IMOGEN,SP,EA,pacific_ocean,southern_pacific,2021-01-02T18:00:00Z,-15.9,138.6,TS,30.0,DD,30.0,bom,-1,30.0,True
CLS_01180,0,D-DD,Depression / Deep Depression,2021013S12099,JOSHUA,SI,WA,south_indian_ocean,,2021-01-15T06:00:00Z,-15.2,95.3,TS,30.0,DD,30.0,bom,-1,30.0,True
CLS_01181,0,D-DD,Depression / Deep Depression,2021012S12086,ELOISE,SI,MM,south_indian_ocean,,2021-01-16T03:00:00Z,-12.3,66.3,TS,33.0,DD,,,-1,33.0,True
CLS_01182,0,D-DD,Depression / Deep Depression,2021015S14147,KIMI,SP,EA,pacific_ocean,southern_pacific,2021-01-16T09:00:00Z,-14.4,146.3,TS,28.0,DD,,,-1,28.0,True
CLS_01183,0,D-DD,Depression / Deep Depression,2021018S11133,UNNAMED,SI,WA,south_indian_ocean,,2021-01-23T00:00:00Z,-22.4,123.2,TS,30.0,DD,15.0,bom,-1,15.0,True
CLS_01184,0,D-DD,Depression / Deep Depression,2021020S13107,UNNAMED,SI,WA,south_indian_ocean,,2021-01-26T09:00:00Z,-19.1,94.3,TS,30.0,DD,,,-1,30.0,True
CLS_01185,0,D-DD,Depression / Deep Depression,2021029S16171,ANA,SP,MM,pacific_ocean,southern_pacific,2021-01-28T21:00:00Z,-15.7,172.2,TS,25.0,D,,,-1,25.0,True
CLS_01186,0,D-DD,Depression / Deep Depression,2021029S16171,ANA,SP,MM,pacific_ocean,southern_pacific,2021-01-29T09:00:00Z,-15.6,173.9,TS,33.0,DD,,,-1,33.0,True
CLS_01187,0,D-DD,Depression / Deep Depression,2021025S14138,LUCAS,SP,EA,pacific_ocean,southern_pacific,2021-01-29T15:00:00Z,-13.2,146.5,TS,25.0,D,,,-1,25.0,True
CLS_01188,0,D-DD,Depression / Deep Depression,2021028S15128,UNNAMED,SI,WA,south_indian_ocean,,2021-01-30T03:00:00Z,-17.6,125.0,TS,30.0,DD,,,-1,30.0,True
CLS_01189,0,D-DD,Depression / Deep Depression,2021025S14138,LUCAS,SP,EA,pacific_ocean,southern_pacific,2021-01-30T09:00:00Z,-13.3,149.5,TS,30.0,DD,,,-1,30.0,True
CLS_01190,0,D-DD,Depression / Deep Depression,2021029S14162,BINA,SP,MM,pacific_ocean,southern_pacific,2021-01-31T21:00:00Z,-15.1,177.0,TS,33.0,DD,,,-1,33.0,True
CLS_01191,0,D-DD,Depression / Deep Depression,2021038S14178,UNNAMED,SP,MM,pacific_ocean,southern_pacific,2021-02-09T00:00:00Z,-19.4,180.3,TS,30.0,DD,,,-1,30.0,True
CLS_01192,0,D-DD,Depression / Deep Depression,2021042S23040,GUAMBE,SI,MM,south_indian_ocean,,2021-02-16T15:00:00Z,-21.1,36.4,TS,28.0,DD,,,-1,28.0,True
CLS_01193,0,D-DD,Depression / Deep Depression,2021062S18040,IMAN,SI,MM,south_indian_ocean,,2021-03-04T21:00:00Z,-17.1,41.7,TS,30.0,DD,,,-1,30.0,True
CLS_01194,0,D-DD,Depression / Deep Depression,2021053S13128,MARIAN,SI,WA,south_indian_ocean,,2021-03-06T06:00:00Z,-26.4,96.6,TS,25.0,D,40.0,bom,-1,40.0,True
CLS_01195,0,D-DD,Depression / Deep Depression,2021093S11122,SEROJA,SI,WA,south_indian_ocean,,2021-04-04T00:00:00Z,-10.6,123.8,TS,30.0,DD,35.0,bom,-1,35.0,True
CLS_01196,0,D-DD,Depression / Deep Depression,2021099S15159,UNNAMED,SP,MM,pacific_ocean,southern_pacific,2021-04-09T15:00:00Z,-17.4,161.6,TS,25.0,D,,,-1,25.0,True
CLS_01197,0,D-DD,Depression / Deep Depression,2021108S11067,JOBO,SI,MM,south_indian_ocean,,2021-04-20T03:00:00Z,-10.9,53.0,TS,33.0,DD,,,-1,33.0,True
CLS_01198,0,D-DD,Depression / Deep Depression,2021129N13254,ANDRES,EP,MM,pacific_ocean,eastern_pacific,2021-05-11T00:00:00Z,15.8,-110.1,TS,25.0,D,25.0,hurdat_epa,-1,25.0,True
CLS_01199,0,D-DD,Depression / Deep Depression,2021133N10071,TAUKTAE,NI,AS,north_indian_ocean,arabian_sea,2021-05-13T15:00:00Z,10.3,71.4,TS,25.0,D,,,-1,25.0,True
CLS_01200,0,D-DD,Depression / Deep Depression,2021132N06132,UNNAMED,WP,MM,pacific_ocean,western_pacific,2021-05-13T15:00:00Z,7.5,126.8,TS,28.0,DD,,,-1,28.0,True
CLS_01201,0,D-DD,Depression / Deep Depression,2021143N15090,YAAS,NI,BB,north_indian_ocean,bay_of_bengal,2021-05-23T06:00:00Z,15.6,89.8,TS,25.0,D,25.0,newdelhi,-1,25.0,True
CLS_01202,0,D-DD,Depression / Deep Depression,2021143N15090,YAAS,NI,BB,north_indian_ocean,bay_of_bengal,2021-05-27T00:00:00Z,23.1,85.7,TS,25.0,D,30.0,newdelhi,-1,30.0,True
CLS_01203,0,D-DD,Depression / Deep Depression,2021163N11240,CARLOS,EP,MM,pacific_ocean,eastern_pacific,2021-06-15T18:00:00Z,9.9,-133.1,TS,30.0,DD,30.0,hurdat_epa,-1,30.0,True
CLS_01204,0,D-DD,Depression / Deep Depression,2021171N09152,CHAMPI,WP,MM,pacific_ocean,western_pacific,2021-06-22T09:00:00Z,14.3,142.2,TS,33.0,DD,,,-1,33.0,True
CLS_01205,0,D-DD,Depression / Deep Depression,2021176N15259,ENRIQUE,EP,MM,pacific_ocean,eastern_pacific,2021-06-30T09:00:00Z,24.2,-109.6,TS,33.0,DD,,,-1,33.0,True
CLS_01206,0,D-DD,Depression / Deep Depression,2021198N15254,GUILLERMO,EP,MM,pacific_ocean,eastern_pacific,2021-07-17T06:00:00Z,15.7,-107.0,TS,30.0,DD,30.0,hurdat_epa,-1,30.0,True
CLS_01207,0,D-DD,Depression / Deep Depression,2021198N19117,CEMPAKA,WP,MM,pacific_ocean,western_pacific,2021-07-18T09:00:00Z,20.6,114.3,TS,28.0,DD,,,-1,28.0,True
CLS_01208,0,D-DD,Depression / Deep Depression,2021215N24124,MIRINAE,WP,MM,pacific_ocean,western_pacific,2021-08-04T06:00:00Z,25.2,125.7,TS,25.0,D,,tokyo,-1,25.0,True
CLS_01209,0,D-DD,Depression / Deep Depression,2021214N20155,UNNAMED,WP,MM,pacific_ocean,western_pacific,2021-08-06T00:00:00Z,31.2,135.0,TS,25.0,D,,,-1,25.0,True
CLS_01210,0,D-DD,Depression / Deep Depression,2021214N21110,LUPIT,WP,MM,pacific_ocean,western_pacific,2021-08-06T09:00:00Z,24.9,119.2,TS,33.0,DD,,,-1,33.0,True
CLS_01211,0,D-DD,Depression / Deep Depression,2021216N22144,NIDA,WP,MM,pacific_ocean,western_pacific,2021-08-07T21:00:00Z,39.8,167.5,TS,33.0,DD,,,-1,33.0,True
CLS_01212,0,D-DD,Depression / Deep Depression,2021236N12265,NORA,EP,MM,pacific_ocean,eastern_pacific,2021-08-25T12:00:00Z,12.2,-98.4,TS,30.0,DD,30.0,hurdat_epa,-1,30.0,True
CLS_01213,0,D-DD,Depression / Deep Depression,2021248N12141,CHANTHU,WP,MM,pacific_ocean,western_pacific,2021-09-06T09:00:00Z,14.3,138.3,TS,33.0,DD,,,-1,33.0,True
CLS_01214,0,D-DD,Depression / Deep Depression,2021250N17254,OLAF,EP,MM,pacific_ocean,eastern_pacific,2021-09-08T00:00:00Z,18.3,-107.2,TS,30.0,DD,30.0,hurdat_epa,-1,30.0,True
CLS_01215,0,D-DD,Depression / Deep Depression,2021265N11150,MINDULLE,WP,MM,pacific_ocean,western_pacific,2021-09-23T09:00:00Z,13.5,143.8,TS,33.0,DD,,,-1,33.0,True
CLS_01216,0,D-DD,Depression / Deep Depression,2021267N18094,GULAB:SHAHEEN-GU,NI,BB,north_indian_ocean,bay_of_bengal,2021-09-24T09:00:00Z,18.3,91.9,TS,30.0,DD,,,-1,30.0,True
CLS_01217,0,D-DD,Depression / Deep Depression,2021267N18094,GULAB:SHAHEEN-GU,NI,AS,north_indian_ocean,arabian_sea,2021-09-29T06:00:00Z,22.2,72.6,TS,25.0,D,,,-1,25.0,True
CLS_01218,0,D-DD,Depression / Deep Depression,2021267N18094,GULAB:SHAHEEN-GU,NI,AS,north_indian_ocean,arabian_sea,2021-09-29T21:00:00Z,22.7,69.6,TS,28.0,DD,,,-1,28.0,True
CLS_01219,0,D-DD,Depression / Deep Depression,2021267N18094,GULAB:SHAHEEN-GU,NI,AS,north_indian_ocean,arabian_sea,2021-10-04T06:00:00Z,23.4,56.1,TS,25.0,D,20.0,newdelhi,-1,20.0,True
CLS_01220,0,D-DD,Depression / Deep Depression,2021280N14137,KOMPASU,WP,MM,pacific_ocean,western_pacific,2021-10-09T15:00:00Z,16.0,129.8,TS,30.0,DD,,,-1,30.0,True
CLS_01221,0,D-DD,Depression / Deep Depression,2021283N14258,PAMELA,EP,MM,pacific_ocean,eastern_pacific,2021-10-10T06:00:00Z,14.1,-102.4,TS,30.0,DD,30.0,hurdat_epa,-1,30.0,True
CLS_01222,0,D-DD,Depression / Deep Depression,2021296N13260,RICK,EP,MM,pacific_ocean,eastern_pacific,2021-10-22T12:00:00Z,12.7,-100.3,TS,30.0,DD,30.0,hurdat_epa,-1,30.0,True
CLS_01223,0,D-DD,Depression / Deep Depression,2021311N13248,SANDRA,EP,MM,pacific_ocean,eastern_pacific,2021-11-09T03:00:00Z,15.1,-118.6,TS,28.0,DD,,,-1,28.0,True
CLS_01224,0,D-DD,Depression / Deep Depression,2021307N09275,TERRY,EP,MM,pacific_ocean,eastern_pacific,2021-11-09T06:00:00Z,11.1,-109.9,TS,30.0,DD,30.0,hurdat_epa,-1,30.0,True
CLS_01225,0,D-DD,Depression / Deep Depression,2021312N07090,UNNAMED,NI,BB,north_indian_ocean,bay_of_bengal,2021-11-10T12:00:00Z,10.8,83.1,TS,25.0,D,25.0,newdelhi,-1,25.0,True
CLS_01226,0,D-DD,Depression / Deep Depression,2021312N07090,UNNAMED,NI,BB,north_indian_ocean,bay_of_bengal,2021-11-11T00:00:00Z,12.3,81.6,TS,30.0,DD,25.0,newdelhi,-1,25.0,True
CLS_01227,0,D-DD,Depression / Deep Depression,2021312N07090,UNNAMED,NI,BB,north_indian_ocean,bay_of_bengal,2021-11-11T15:00:00Z,12.9,79.4,TS,28.0,DD,,,-1,28.0,True
CLS_01228,0,D-DD,Depression / Deep Depression,2021323S10103,PADDY,SI,WA,south_indian_ocean,,2021-11-21T00:00:00Z,-11.4,106.1,TS,25.0,D,25.0,bom,-1,25.0,True
CLS_01229,0,D-DD,Depression / Deep Depression,2021333N11146,NYATOH,WP,MM,pacific_ocean,western_pacific,2021-11-29T15:00:00Z,12.3,140.7,TS,33.0,DD,,,-1,33.0,True
CLS_01230,0,D-DD,Depression / Deep Depression,2021335N08096,JAWAD,NI,BB,north_indian_ocean,bay_of_bengal,2021-12-02T03:00:00Z,10.0,90.1,TS,25.0,D,,,-1,25.0,True
CLS_01231,0,D-DD,Depression / Deep Depression,2021335N08096,JAWAD,NI,BB,north_indian_ocean,bay_of_bengal,2021-12-02T15:00:00Z,11.8,87.9,TS,28.0,DD,,,-1,28.0,True
CLS_01232,0,D-DD,Depression / Deep Depression,2021334S07101,TERATAI,SI,WA,south_indian_ocean,,2021-12-04T09:00:00Z,-8.2,96.6,TS,28.0,DD,,,-1,28.0,True
CLS_01233,0,D-DD,Depression / Deep Depression,2021335N08096,JAWAD,NI,BB,north_indian_ocean,bay_of_bengal,2021-12-05T00:00:00Z,17.7,85.7,TS,30.0,DD,30.0,newdelhi,-1,30.0,True
CLS_01234,0,D-DD,Depression / Deep Depression,2021343S09155,RUBY,SP,EA,pacific_ocean,southern_pacific,2021-12-10T12:00:00Z,-10.4,155.5,TS,25.0,D,25.0,bom,-1,25.0,True
CLS_01235,0,D-DD,Depression / Deep Depression,2021349N05108,UNNAMED,WP,MM,pacific_ocean,western_pacific,2021-12-16T06:00:00Z,4.4,105.1,TS,25.0,D,,,-1,25.0,True
CLS_01236,0,D-DD,Depression / Deep Depression,2021358S09130,SETH,SI,WA,south_indian_ocean,,2021-12-24T12:00:00Z,-10.6,130.0,TS,25.0,D,15.0,bom,-1,15.0,True
CLS_01237,0,D-DD,Depression / Deep Depression,2021358S09130,SETH,SP,EA,pacific_ocean,southern_pacific,2021-12-29T12:00:00Z,-15.9,143.4,TS,25.0,D,15.0,bom,-1,15.0,True
CLS_01238,0,D-DD,Depression / Deep Depression,2021358S09130,SETH,SP,EA,pacific_ocean,southern_pacific,2021-12-30T15:00:00Z,-17.9,150.9,TS,33.0,DD,,,-1,33.0,True
CLS_01239,0,D-DD,Depression / Deep Depression,2022008S17173,CODY,SP,MM,pacific_ocean,southern_pacific,2022-01-07T12:00:00Z,-17.4,172.8,TS,25.0,D,,,-1,25.0,True
CLS_01240,0,D-DD,Depression / Deep Depression,2022008S13148,TIFFANY,SP,EA,pacific_ocean,southern_pacific,2022-01-08T18:00:00Z,-13.7,147.9,TS,30.0,DD,30.0,bom,-1,30.0,True
CLS_01241,0,D-DD,Depression / Deep Depression,2022008S17173,CODY,SP,MM,pacific_ocean,southern_pacific,2022-01-09T00:00:00Z,-18.3,175.3,TS,30.0,DD,,,-1,30.0,True
CLS_01242,0,D-DD,Depression / Deep Depression,2022020S13060,ANA,SI,MM,south_indian_ocean,,2022-01-23T06:00:00Z,-15.8,45.3,TS,30.0,DD,25.0,reunion,-1,25.0,True
CLS_01243,0,D-DD,Depression / Deep Depression,2022030S14147,UNNAMED,SP,EA,pacific_ocean,southern_pacific,2022-01-30T09:00:00Z,-13.7,149.0,TS,28.0,DD,,,-1,28.0,True
CLS_01244,0,D-DD,Depression / Deep Depression,2022030S14147,UNNAMED,SP,EA,pacific_ocean,southern_pacific,2022-02-02T15:00:00Z,-16.0,156.9,TS,23.0,D,,,-1,23.0,True
CLS_01245,0,D-DD,Depression / Deep Depression,2022038S19164,DOVI,SP,MM,pacific_ocean,southern_pacific,2022-02-07T15:00:00Z,-19.0,165.5,TS,25.0,D,,,-1,25.0,True
CLS_01246,0,D-DD,Depression / Deep Depression,2022042S12063,DUMAKO,SI,MM,south_indian_ocean,,2022-02-12T12:00:00Z,-13.9,62.8,TS,30.0,DD,30.0,reunion,-1,30.0,True
CLS_01247,0,D-DD,Depression / Deep Depression,2022054S14085,UNNAMED,SI,WA,south_indian_ocean,,2022-02-26T21:00:00Z,-14.0,91.3,TS,30.0,DD,,,-1,30.0,True
CLS_01248,0,D-DD,Depression / Deep Depression,2022058S17163,EVA,SP,MM,pacific_ocean,southern_pacific,2022-02-28T15:00:00Z,-21.6,166.7,TS,25.0,D,,,-1,25.0,True
CLS_01249,0,D-DD,Depression / Deep Depression,2022059S10106,UNNAMED,SI,WA,south_indian_ocean,,2022-03-01T00:00:00Z,-10.7,110.5,TS,25.0,D,,,-1,25.0,True
CLS_01250,0,D-DD,Depression / Deep Depression,2022062N06085,UNNAMED,NI,BB,north_indian_ocean,bay_of_bengal,2022-03-03T00:00:00Z,6.5,84.9,TS,25.0,D,25.0,newdelhi,-1,25.0,True
CLS_01251,0,D-DD,Depression / Deep Depression,2022062N06085,UNNAMED,NI,BB,north_indian_ocean,bay_of_bengal,2022-03-03T18:00:00Z,8.2,83.4,TS,25.0,D,25.0,newdelhi,-1,25.0,True
CLS_01252,0,D-DD,Depression / Deep Depression,2022062N06085,UNNAMED,NI,BB,north_indian_ocean,bay_of_bengal,2022-03-04T12:00:00Z,10.3,83.2,TS,30.0,DD,30.0,newdelhi,-1,30.0,True
CLS_01253,0,D-DD,Depression / Deep Depression,2022062N06085,UNNAMED,NI,BB,north_indian_ocean,bay_of_bengal,2022-03-05T21:00:00Z,11.1,82.6,TS,28.0,DD,,,-1,28.0,True
CLS_01254,0,D-DD,Depression / Deep Depression,2022062N06085,UNNAMED,NI,BB,north_indian_ocean,bay_of_bengal,2022-03-06T09:00:00Z,10.9,81.4,TS,23.0,D,,,-1,23.0,True
CLS_01255,0,D-DD,Depression / Deep Depression,2022080S09087,HALIMA,SI,MM,south_indian_ocean,,2022-03-23T00:00:00Z,-12.5,77.4,TS,30.0,DD,30.0,reunion,-1,30.0,True
CLS_01256,0,D-DD,Depression / Deep Depression,2022076S10126,CHARLOTTE,SI,WA,south_indian_ocean,,2022-03-24T09:00:00Z,-21.6,107.2,TS,30.0,DD,,,-1,30.0,True
CLS_01257,0,D-DD,Depression / Deep Depression,2022094S15163,FILI,SP,MM,pacific_ocean,southern_pacific,2022-04-03T21:00:00Z,-15.8,163.7,TS,28.0,DD,,,-1,28.0,True
CLS_01258,0,D-DD,Depression / Deep Depression,2022126N07095,ASANI,NI,BB,north_indian_ocean,bay_of_bengal,2022-05-06T21:00:00Z,8.9,91.9,TS,33.0,DD,,,-1,33.0,True
CLS_01259,0,D-DD,Depression / Deep Depression,2022126N07095,ASANI,NI,BB,north_indian_ocean,bay_of_bengal,2022-05-12T00:00:00Z,15.6,80.4,TS,25.0,D,25.0,newdelhi,-1,25.0,True
CLS_01260,0,D-DD,Depression / Deep Depression,2022137S13171,GINA,SP,MM,pacific_ocean,southern_pacific,2022-05-16T18:00:00Z,-13.3,171.5,TS,25.0,D,,,-1,25.0,True
CLS_01261,0,D-DD,Depression / Deep Depression,2022148N13263,AGATHA,EP,MM,pacific_ocean,eastern_pacific,2022-05-28T00:00:00Z,12.8,-97.7,TS,30.0,DD,30.0,hurdat_epa,-1,30.0,True
CLS_01262,0,D-DD,Depression / Deep Depression,2022180N15117,CHABA,WP,MM,pacific_ocean,western_pacific,2022-06-29T15:00:00Z,15.6,115.6,TS,28.0,DD,,,-1,28.0,True
CLS_01263,0,D-DD,Depression / Deep Depression,2022197N12260,ESTELLE,EP,MM,pacific_ocean,eastern_pacific,2022-07-15T21:00:00Z,12.8,-101.1,TS,33.0,DD,,,-1,33.0,True
CLS_01264,0,D-DD,Depression / Deep Depression,2022209N16246,GEORGETTE,EP,MM,pacific_ocean,eastern_pacific,2022-07-31T18:00:00Z,12.8,-129.7,TS,30.0,DD,30.0,hurdat_epa,-1,30.0,True
CLS_01265,0,D-DD,Depression / Deep Depression,2022208S08092,UNNAMED,SI,WA,south_indian_ocean,,2022-07-31T18:00:00Z,-13.5,91.2,TS,25.0,D,35.0,bom,-1,35.0,True
CLS_01266,0,D-DD,Depression / Deep Depression,2022224N22067,UNNAMED,NI,AS,north_indian_ocean,arabian_sea,2022-08-12T03:00:00Z,21.8,66.4,TS,33.0,DD,25.0,newdelhi,-1,25.0,True
CLS_01267,0,D-DD,Depression / Deep Depression,2022224N22067,UNNAMED,NI,AS,north_indian_ocean,arabian_sea,2022-08-13T03:00:00Z,21.8,63.6,TS,33.0,DD,25.0,newdelhi,-1,25.0,True
CLS_01268,0,D-DD,Depression / Deep Depression,2022224N22067,UNNAMED,NI,AS,north_indian_ocean,arabian_sea,2022-08-13T21:00:00Z,22.6,66.4,TS,23.0,D,,,-1,23.0,True
CLS_01269,0,D-DD,Depression / Deep Depression,2022230N18095,UNNAMED,NI,BB,north_indian_ocean,bay_of_bengal,2022-08-17T15:00:00Z,18.3,94.5,TS,30.0,DD,,,-1,30.0,True
CLS_01270,0,D-DD,Depression / Deep Depression,2022230N18095,UNNAMED,NI,BB,north_indian_ocean,bay_of_bengal,2022-08-18T03:00:00Z,19.2,92.7,TS,33.0,DD,,,-1,33.0,True
CLS_01271,0,D-DD,Depression / Deep Depression,2022230N18095,UNNAMED,NI,BB,north_indian_ocean,bay_of_bengal,2022-08-20T06:00:00Z,22.9,84.7,TS,25.0,D,30.0,newdelhi,-1,30.0,True
CLS_01272,0,D-DD,Depression / Deep Depression,2022239N22150,HINNAMNOR,WP,MM,pacific_ocean,western_pacific,2022-08-27T15:00:00Z,23.4,151.0,TS,30.0,DD,,,-1,30.0,True
CLS_01273,0,D-DD,Depression / Deep Depression,2022242N20133,UNNAMED,WP,MM,pacific_ocean,western_pacific,2022-08-31T00:00:00Z,20.3,132.4,TS,25.0,D,,,-1,25.0,True
CLS_01274,0,D-DD,Depression / Deep Depression,2022254N21158,MERBOK,WP,MM,pacific_ocean,western_pacific,2022-09-11T12:00:00Z,20.9,160.4,TS,30.0,DD,35.0,tokyo,-1,35.0,True
CLS_01275,0,D-DD,Depression / Deep Depression,2022268S09088,ASHLEY,SI,MM,south_indian_ocean,,2022-09-25T21:00:00Z,-11.2,85.0,TS,28.0,DD,,,-1,28.0,True
CLS_01276,0,D-DD,Depression / Deep Depression,2022272N14258,ORLENE,EP,MM,pacific_ocean,eastern_pacific,2022-09-28T18:00:00Z,13.8,-102.3,TS,30.0,DD,30.0,hurdat_epa,-1,30.0,True
CLS_01277,0,D-DD,Depression / Deep Depression,2022276S05090,BALITA,SI,MM,south_indian_ocean,,2022-10-04T12:00:00Z,-8.3,89.1,TS,25.0,D,25.0,reunion,-1,25.0,True
CLS_01278,0,D-DD,Depression / Deep Depression,2022280N11294,JULIA,EP,MM,pacific_ocean,eastern_pacific,2022-10-10T12:00:00Z,13.7,-89.9,TS,30.0,DD,30.0,hurdat_atl,-1,30.0,True
CLS_01279,0,D-DD,Depression / Deep Depression,2022293N15259,ROSLYN,EP,MM,pacific_ocean,eastern_pacific,2022-10-20T00:00:00Z,15.1,-100.9,TS,30.0,DD,30.0,hurdat_epa,-1,30.0,True
CLS_01280,0,D-DD,Depression / Deep Depression,2022295N13093,SITRANG,NI,BB,north_indian_ocean,bay_of_bengal,2022-10-22T03:00:00Z,13.4,92.1,TS,25.0,D,25.0,newdelhi,-1,25.0,True
CLS_01281,0,D-DD,Depression / Deep Depression,2022295N13093,SITRANG,NI,BB,north_indian_ocean,bay_of_bengal,2022-10-22T18:00:00Z,15.0,89.5,TS,30.0,DD,25.0,newdelhi,-1,25.0,True
CLS_01282,0,D-DD,Depression / Deep Depression,2022295N13093,SITRANG,NI,BB,north_indian_ocean,bay_of_bengal,2022-10-23T06:00:00Z,15.6,88.1,TS,30.0,DD,30.0,newdelhi,-1,30.0,True
CLS_01283,0,D-DD,Depression / Deep Depression,2022338N05100,MANDOUS,NI,BB,north_indian_ocean,bay_of_bengal,2022-12-06T09:00:00Z,8.3,87.8,TS,33.0,DD,,,-1,33.0,True
CLS_01284,0,D-DD,Depression / Deep Depression,2022338N05100,MANDOUS,NI,BB,north_indian_ocean,bay_of_bengal,2022-12-09T21:00:00Z,12.8,80.1,TS,33.0,DD,35.0,newdelhi,-1,35.0,True
CLS_01285,0,D-DD,Depression / Deep Depression,2022338N05100,MANDOUS,NI,BB,north_indian_ocean,bay_of_bengal,2022-12-10T09:00:00Z,12.9,79.1,TS,20.0,D,,,-1,20.0,True
CLS_01286,0,D-DD,Depression / Deep Depression,2022342N06133,PAKHAR,WP,MM,pacific_ocean,western_pacific,2022-12-11T00:00:00Z,16.9,125.5,TS,30.0,DD,,tokyo,-1,30.0,True
CLS_01287,0,D-DD,Depression / Deep Depression,2022347N12074,UNNAMED,NI,AS,north_indian_ocean,arabian_sea,2022-12-13T06:00:00Z,12.8,72.6,TS,30.0,DD,,,-1,30.0,True
CLS_01288,0,D-DD,Depression / Deep Depression,2022347N12074,UNNAMED,NI,AS,north_indian_ocean,arabian_sea,2022-12-16T03:00:00Z,13.9,64.7,TS,33.0,DD,30.0,newdelhi,-1,30.0,True
CLS_01289,0,D-DD,Depression / Deep Depression,2022347N12074,UNNAMED,NI,AS,north_indian_ocean,arabian_sea,2022-12-16T18:00:00Z,14.1,62.9,TS,25.0,D,25.0,newdelhi,-1,25.0,True
CLS_01290,0,D-DD,Depression / Deep Depression,2022347N12074,UNNAMED,NI,AS,north_indian_ocean,arabian_sea,2022-12-17T06:00:00Z,13.9,61.6,TS,25.0,D,25.0,newdelhi,-1,25.0,True
CLS_01291,0,D-DD,Depression / Deep Depression,2022347N12074,UNNAMED,NI,AS,north_indian_ocean,arabian_sea,2022-12-17T18:00:00Z,13.6,59.7,TS,25.0,D,,,-1,25.0,True
CLS_01292,0,D-DD,Depression / Deep Depression,2022347N12074,UNNAMED,NI,AS,north_indian_ocean,arabian_sea,2022-12-18T15:00:00Z,12.6,56.0,TS,25.0,D,,,-1,25.0,True
CLS_01293,0,D-DD,Depression / Deep Depression,2022355S10128,ELLIE,SI,WA,south_indian_ocean,,2022-12-30T18:00:00Z,-16.8,127.9,TS,25.0,D,20.0,bom,-1,20.0,True
CLS_01294,0,D-DD,Depression / Deep Depression,2023005S18142,HALE,SP,EA,pacific_ocean,southern_pacific,2023-01-05T21:00:00Z,-18.5,149.1,TS,25.0,D,,,-1,25.0,True
CLS_01295,0,D-DD,Depression / Deep Depression,2023013S08081,CHENESO,SI,MM,south_indian_ocean,,2023-01-13T21:00:00Z,-7.4,80.6,TS,25.0,D,,,-1,25.0,True
CLS_01296,0,D-DD,Depression / Deep Depression,2023016S15160,IRENE,SP,EA,pacific_ocean,southern_pacific,2023-01-17T06:00:00Z,-17.0,158.2,TS,30.0,DD,25.0,bom,-1,25.0,True
CLS_01297,0,D-DD,Depression / Deep Depression,2023016S15160,IRENE,SP,MM,pacific_ocean,southern_pacific,2023-01-17T21:00:00Z,-17.6,161.2,TS,33.0,DD,,,-1,33.0,True
CLS_01298,0,D-DD,Depression / Deep Depression,2023020S18156,UNNAMED,SP,EA,pacific_ocean,southern_pacific,2023-01-20T03:00:00Z,-18.6,158.0,TS,30.0,DD,,,-1,30.0,True
CLS_01299,0,D-DD,Depression / Deep Depression,2023020S18156,UNNAMED,SP,MM,pacific_ocean,southern_pacific,2023-01-21T21:00:00Z,-23.3,164.5,TS,25.0,D,,,-1,25.0,True
CLS_01300,0,D-DD,Depression / Deep Depression,2023032S12091,DINGANI,SI,WA,south_indian_ocean,,2023-02-05T00:00:00Z,-12.4,93.7,TS,25.0,D,30.0,bom,-1,30.0,True
CLS_01301,0,D-DD,Depression / Deep Depression,2023036S12163,GABRIELLE,SP,EA,pacific_ocean,southern_pacific,2023-02-07T03:00:00Z,-13.0,154.9,TS,30.0,DD,,,-1,30.0,True
CLS_01302,0,D-DD,Depression / Deep Depression,2023050S09094,ENALA,SI,MM,south_indian_ocean,,2023-02-20T21:00:00Z,-10.8,82.1,TS,28.0,DD,,,-1,28.0,True
CLS_01303,0,D-DD,Depression / Deep Depression,2023055S14184,JUDY,SP,MM,pacific_ocean,southern_pacific,2023-02-25T21:00:00Z,-13.0,177.0,TS,25.0,D,,,-1,25.0,True
CLS_01304,0,D-DD,Depression / Deep Depression,2023129N08091,MOCHA,NI,BB,north_indian_ocean,bay_of_bengal,2023-05-10T18:00:00Z,10.8,88.3,TS,30.0,DD,30.0,newdelhi,-1,30.0,True
CLS_01305,0,D-DD,Depression / Deep Depression,2023138N05151,MAWAR,WP,MM,pacific_ocean,western_pacific,2023-05-19T21:00:00Z,5.5,149.4,TS,28.0,DD,,,-1,28.0,True
CLS_01306,0,D-DD,Depression / Deep Depression,2023132S03090,FABIEN,SI,MM,south_indian_ocean,,2023-05-23T00:00:00Z,-13.8,70.1,TS,30.0,DD,30.0,reunion,-1,30.0,True
CLS_01307,0,D-DD,Depression / Deep Depression,2023156N12135,GUCHOL,WP,MM,pacific_ocean,western_pacific,2023-06-06T12:00:00Z,13.9,135.0,TS,30.0,DD,35.0,tokyo,-1,35.0,True
CLS_01308,0,D-DD,Depression / Deep Depression,2023160N20092,UNNAMED,NI,BB,north_indian_ocean,bay_of_bengal,2023-06-08T15:00:00Z,19.5,91.9,TS,33.0,DD,,,-1,33.0,True
CLS_01309,0,D-DD,Depression / Deep Depression,2023160N20092,UNNAMED,NI,BB,north_indian_ocean,bay_of_bengal,2023-06-10T00:00:00Z,21.0,91.8,TS,30.0,DD,,,-1,30.0,True
CLS_01310,0,D-DD,Depression / Deep Depression,2023201N13134,DOKSURI,WP,MM,pacific_ocean,western_pacific,2023-07-22T03:00:00Z,14.4,131.1,TS,33.0,DD,,,-1,33.0,True
CLS_01311,0,D-DD,Depression / Deep Depression,2023207N09141,KHANUN,WP,MM,pacific_ocean,western_pacific,2023-07-27T21:00:00Z,12.7,136.8,TS,28.0,DD,,,-1,28.0,True
CLS_01312,0,D-DD,Depression / Deep Depression,2023212N19090,UNNAMED,NI,BB,north_indian_ocean,bay_of_bengal,2023-07-30T12:00:00Z,19.0,90.0,TS,25.0,D,,,-1,25.0,True
CLS_01313,0,D-DD,Depression / Deep Depression,2023212N19090,UNNAMED,NI,BB,north_indian_ocean,bay_of_bengal,2023-07-31T03:00:00Z,18.6,91.2,TS,30.0,DD,,,-1,30.0,True
CLS_01314,0,D-DD,Depression / Deep Depression,2023212N19090,UNNAMED,NI,BB,north_indian_ocean,bay_of_bengal,2023-08-01T09:00:00Z,22.0,90.2,TS,33.0,DD,,,-1,33.0,True
CLS_01315,0,D-DD,Depression / Deep Depression,2023212N19090,UNNAMED,NI,BB,north_indian_ocean,bay_of_bengal,2023-08-01T21:00:00Z,22.9,88.1,TS,25.0,D,,,-1,25.0,True
CLS_01316,0,D-DD,Depression / Deep Depression,2023217N15256,EUGENE,EP,MM,pacific_ocean,eastern_pacific,2023-08-05T12:00:00Z,17.9,-106.3,TS,30.0,DD,30.0,hurdat_epa,-1,30.0,True
CLS_01317,0,D-DD,Depression / Deep Depression,2023218N25145,LAN,WP,MM,pacific_ocean,western_pacific,2023-08-07T09:00:00Z,23.3,149.4,TS,25.0,D,,,-1,25.0,True
CLS_01318,0,D-DD,Depression / Deep Depression,2023225N14248,FERNANDA,EP,MM,pacific_ocean,eastern_pacific,2023-08-12T15:00:00Z,14.5,-112.2,TS,28.0,DD,,,-1,28.0,True
CLS_01319,0,D-DD,Depression / Deep Depression,2023228N12259,HILARY,EP,MM,pacific_ocean,eastern_pacific,2023-08-16T06:00:00Z,11.9,-100.8,TS,30.0,DD,30.0,hurdat_epa,-1,30.0,True
CLS_01320,0,D-DD,Depression / Deep Depression,2023239N16242,IRWIN,EP,MM,pacific_ocean,eastern_pacific,2023-08-27T09:00:00Z,16.4,-119.6,TS,33.0,DD,,,-1,33.0,True
CLS_01321,0,D-DD,Depression / Deep Depression,2023239N18144,HAIKUI,WP,MM,pacific_ocean,western_pacific,2023-09-05T00:00:00Z,23.5,116.9,TS,30.0,DD,,tokyo,-1,30.0,True
CLS_01322,0,D-DD,Depression / Deep Depression,2023267N14242,UNNAMED,EP,MM,pacific_ocean,eastern_pacific,2023-09-24T15:00:00Z,15.1,-124.2,TS,30.0,DD,,,-1,30.0,True
CLS_01323,0,D-DD,Depression / Deep Depression,2023266N16116,UNNAMED,WP,MM,pacific_ocean,western_pacific,2023-09-25T18:00:00Z,16.3,107.5,TS,30.0,DD,,,-1,30.0,True
CLS_01324,0,D-DD,Depression / Deep Depression,2023276N11254,LIDIA,EP,MM,pacific_ocean,eastern_pacific,2023-10-03T00:00:00Z,11.2,-105.8,TS,30.0,DD,30.0,hurdat_epa,-1,30.0,True
CLS_01325,0,D-DD,Depression / Deep Depression,2023279N08157,BOLAVEN,WP,MM,pacific_ocean,western_pacific,2023-10-07T09:00:00Z,9.7,154.0,TS,30.0,DD,,,-1,30.0,True
CLS_01326,0,D-DD,Depression / Deep Depression,2023290N12256,NORMA,EP,MM,pacific_ocean,eastern_pacific,2023-10-17T15:00:00Z,12.8,-106.4,TS,33.0,DD,,,-1,33.0,True
CLS_01327,0,D-DD,Depression / Deep Depression,2023292N11063,TEJ,NI,AS,north_indian_ocean,arabian_sea,2023-10-20T03:00:00Z,9.3,61.8,TS,30.0,DD,25.0,newdelhi,-1,25.0,True
CLS_01328,0,D-DD,Depression / Deep Depression,2023292S03172,LOLA,SP,MM,pacific_ocean,southern_pacific,2023-10-21T12:00:00Z,-9.0,167.9,TS,30.0,DD,25.0,nadi,-1,25.0,True
CLS_01329,0,D-DD,Depression / Deep Depression,2023293N12089,HAMOON,NI,BB,north_indian_ocean,bay_of_bengal,2023-10-22T00:00:00Z,15.2,86.2,TS,30.0,DD,25.0,newdelhi,-1,25.0,True
CLS_01330,0,D-DD,Depression / Deep Depression,2023293N12089,HAMOON,NI,BB,north_indian_ocean,bay_of_bengal,2023-10-22T12:00:00Z,15.9,86.6,TS,30.0,DD,30.0,newdelhi,-1,30.0,True
CLS_01331,0,D-DD,Depression / Deep Depression,2023294N09264,OTIS,EP,MM,pacific_ocean,eastern_pacific,2023-10-22T15:00:00Z,10.0,-96.8,TS,33.0,DD,,,-1,33.0,True
CLS_01332,0,D-DD,Depression / Deep Depression,2023293N12089,HAMOON,NI,BB,north_indian_ocean,bay_of_bengal,2023-10-23T00:00:00Z,16.8,86.9,TS,30.0,DD,30.0,newdelhi,-1,30.0,True
CLS_01333,0,D-DD,Depression / Deep Depression,2023292N11063,TEJ,NI,AS,north_indian_ocean,arabian_sea,2023-10-24T09:00:00Z,16.1,51.4,TS,25.0,D,30.0,newdelhi,-1,30.0,True
CLS_01334,0,D-DD,Depression / Deep Depression,2023293N12089,HAMOON,NI,BB,north_indian_ocean,bay_of_bengal,2023-10-25T06:00:00Z,22.7,92.5,TS,25.0,D,25.0,newdelhi,-1,25.0,True
CLS_01335,0,D-DD,Depression / Deep Depression,2023316S08168,MAL,SP,MM,pacific_ocean,southern_pacific,2023-11-12T21:00:00Z,-8.9,170.3,TS,33.0,DD,,,-1,33.0,True
CLS_01336,0,D-DD,Depression / Deep Depression,2023317N10094,MIDHILI,NI,BB,north_indian_ocean,bay_of_bengal,2023-11-15T18:00:00Z,16.1,86.7,TS,25.0,D,25.0,newdelhi,-1,25.0,True
CLS_01337,0,D-DD,Depression / Deep Depression,2023317N10094,MIDHILI,NI,BB,north_indian_ocean,bay_of_bengal,2023-11-16T06:00:00Z,17.9,87.3,TS,25.0,D,30.0,newdelhi,-1,30.0,True
CLS_01338,0,D-DD,Depression / Deep Depression,2023317N10094,MIDHILI,NI,BB,north_indian_ocean,bay_of_bengal,2023-11-16T21:00:00Z,19.6,88.3,TS,33.0,DD,,,-1,33.0,True
CLS_01339,0,D-DD,Depression / Deep Depression,2023317N10094,MIDHILI,NI,BB,north_indian_ocean,bay_of_bengal,2023-11-17T15:00:00Z,23.3,91.2,TS,30.0,DD,35.0,newdelhi,-1,35.0,True
CLS_01340,0,D-DD,Depression / Deep Depression,2023334N08088,MICHAUNG,NI,BB,north_indian_ocean,bay_of_bengal,2023-12-02T09:00:00Z,10.4,83.5,TS,28.0,DD,,,-1,28.0,True
CLS_01341,0,D-DD,Depression / Deep Depression,2023334N08088,MICHAUNG,NI,BB,north_indian_ocean,bay_of_bengal,2023-12-02T21:00:00Z,11.0,83.0,TS,33.0,DD,,,-1,33.0,True
CLS_01342,0,D-DD,Depression / Deep Depression,2023334N08088,MICHAUNG,NI,BB,north_indian_ocean,bay_of_bengal,2023-12-05T21:00:00Z,17.1,80.5,TS,33.0,DD,,,-1,33.0,True
CLS_01343,0,D-DD,Depression / Deep Depression,2023364S19035,ALVARO,SI,MM,south_indian_ocean,,2024-01-02T15:00:00Z,-21.9,47.9,TS,30.0,DD,,,-1,30.0,True
CLS_01344,0,D-DD,Depression / Deep Depression,2024012S12059,BELAL,SI,MM,south_indian_ocean,,2024-01-12T06:00:00Z,-13.0,57.1,TS,25.0,D,25.0,reunion,-1,25.0,True
CLS_01345,0,D-DD,Depression / Deep Depression,2024017S15151,KIRRILY,SP,EA,pacific_ocean,southern_pacific,2024-01-19T18:00:00Z,-14.0,156.0,TS,25.0,D,25.0,bom,-1,25.0,True
CLS_01346,0,D-DD,Depression / Deep Depression,2024022S16058,CANDICE,SI,MM,south_indian_ocean,,2024-01-22T21:00:00Z,-16.8,60.6,TS,25.0,D,,,-1,25.0,True
CLS_01347,0,D-DD,Depression / Deep Depression,2024017S15151,KIRRILY,SP,EA,pacific_ocean,southern_pacific,2024-01-26T09:00:00Z,-21.7,143.8,TS,25.0,D,,,-1,25.0,True
CLS_01348,0,D-DD,Depression / Deep Depression,2024029S15063,UNNAMED,SI,MM,south_indian_ocean,,2024-01-30T06:00:00Z,-18.3,64.4,TS,25.0,D,,,-1,25.0,True
CLS_01349,0,D-DD,Depression / Deep Depression,2024035S16188,NAT,SP,MM,pacific_ocean,southern_pacific,2024-02-04T12:00:00Z,-14.7,-170.0,TS,30.0,DD,,,-1,30.0,True
CLS_01350,0,D-DD,Depression / Deep Depression,2024037S09184,OSAI,SP,MM,pacific_ocean,southern_pacific,2024-02-06T15:00:00Z,-12.5,-171.0,TS,33.0,DD,,,-1,33.0,True
CLS_01351,0,D-DD,Depression / Deep Depression,2024031S24154,UNNAMED,SP,MM,pacific_ocean,southern_pacific,2024-02-10T09:00:00Z,-18.1,171.4,TS,33.0,DD,,,-1,33.0,True
CLS_01352,0,D-DD,Depression / Deep Depression,2024031S24154,UNNAMED,SP,MM,pacific_ocean,southern_pacific,2024-02-12T12:00:00Z,-19.2,176.4,TS,25.0,D,25.0,bom,-1,25.0,True
CLS_01353,0,D-DD,Depression / Deep Depression,2024045S15192,UNNAMED,SP,MM,pacific_ocean,southern_pacific,2024-02-14T06:00:00Z,-15.3,-167.6,TS,25.0,D,,,-1,25.0,True
CLS_01354,0,D-DD,Depression / Deep Depression,2024044S14066,DJOUNGOU,SI,MM,south_indian_ocean,,2024-02-15T00:00:00Z,-15.0,63.9,TS,30.0,DD,25.0,reunion,-1,25.0,True
CLS_01355,0,D-DD,Depression / Deep Depression,2024044S15134,LINCOLN,SP,EA,pacific_ocean,southern_pacific,2024-02-17T00:00:00Z,-17.6,135.6,TS,25.0,D,20.0,bom,-1,20.0,True
CLS_01356,0,D-DD,Depression / Deep Depression,2024049S17052,ELEANOR,SI,MM,south_indian_ocean,,2024-02-18T15:00:00Z,-15.7,53.1,TS,25.0,D,,,-1,25.0,True
CLS_01357,0,D-DD,Depression / Deep Depression,2024073S14128,MEGAN,SI,WA,south_indian_ocean,,2024-03-13T09:00:00Z,-11.7,130.1,TS,25.0,D,,,-1,25.0,True
CLS_01358,0,D-DD,Depression / Deep Depression,2024073S14128,MEGAN,SP,EA,pacific_ocean,southern_pacific,2024-03-15T00:00:00Z,-12.4,136.5,TS,30.0,DD,40.0,bom,-1,40.0,True
CLS_01359,0,D-DD,Depression / Deep Depression,2024082S08054,GAMANE,SI,MM,south_indian_ocean,,2024-03-24T15:00:00Z,-12.5,53.0,TS,25.0,D,,,-1,25.0,True
CLS_01360,0,D-DD,Depression / Deep Depression,2024100S11152,PAUL,SP,EA,pacific_ocean,southern_pacific,2024-04-10T03:00:00Z,-12.6,152.9,TS,30.0,DD,,,-1,30.0,True
CLS_01361,0,D-DD,Depression / Deep Depression,2024096S11120,OLGA,SI,WA,south_indian_ocean,,2024-04-11T00:00:00Z,-21.7,114.0,TS,30.0,DD,25.0,bom,-1,25.0,True
CLS_01362,0,D-DD,Depression / Deep Depression,2024141N03142,EWINIAR,WP,MM,pacific_ocean,western_pacific,2024-05-24T18:00:00Z,11.2,125.3,TS,25.0,D,,tokyo,-1,25.0,True
CLS_01363,0,D-DD,Depression / Deep Depression,2024145N14087,REMAL,NI,BB,north_indian_ocean,bay_of_bengal,2024-05-25T09:00:00Z,18.4,89.5,TS,28.0,DD,,,-1,28.0,True
CLS_01364,0,D-DD,Depression / Deep Depression,2024145N14087,REMAL,NI,BB,north_indian_ocean,bay_of_bengal,2024-05-27T21:00:00Z,24.3,90.8,TS,25.0,D,,,-1,25.0,True
CLS_01365,0,D-DD,Depression / Deep Depression,2024213N14254,CARLOTTA,EP,MM,pacific_ocean,eastern_pacific,2024-07-31T06:00:00Z,14.3,-105.8,TS,30.0,DD,30.0,hurdat_epa,-1,30.0,True
CLS_01366,0,D-DD,Depression / Deep Depression,2024216N12231,DANIEL,EP,MM,pacific_ocean,eastern_pacific,2024-08-05T18:00:00Z,15.8,-127.2,TS,30.0,DD,30.0,hurdat_epa,-1,30.0,True
CLS_01367,0,D-DD,Depression / Deep Depression,2024225N24147,WUKONG,WP,MM,pacific_ocean,western_pacific,2024-08-14T03:00:00Z,29.8,148.6,TS,30.0,DD,,,-1,30.0,True
CLS_01368,0,D-DD,Depression / Deep Depression,2024236N14248,HECTOR,EP,MM,pacific_ocean,eastern_pacific,2024-08-25T06:00:00Z,16.1,-119.9,TS,30.0,DD,30.0,hurdat_epa,-1,30.0,True
CLS_01369,0,D-DD,Depression / Deep Depression,2024238N25077,ASNA,NI,AS,north_indian_ocean,arabian_sea,2024-08-27T12:00:00Z,23.8,70.9,TS,30.0,DD,30.0,newdelhi,-1,30.0,True
CLS_01370,0,D-DD,Depression / Deep Depression,2024238N25077,ASNA,NI,AS,north_indian_ocean,arabian_sea,2024-08-28T00:00:00Z,24.0,70.0,TS,30.0,DD,30.0,newdelhi,-1,30.0,True
CLS_01371,0,D-DD,Depression / Deep Depression,2024238N25077,ASNA,NI,AS,north_indian_ocean,arabian_sea,2024-08-28T21:00:00Z,23.8,69.6,TS,30.0,DD,,,-1,30.0,True
CLS_01372,0,D-DD,Depression / Deep Depression,2024238N25077,ASNA,NI,AS,north_indian_ocean,arabian_sea,2024-08-29T09:00:00Z,23.6,69.4,TS,33.0,DD,,,-1,33.0,True
CLS_01373,0,D-DD,Depression / Deep Depression,2024238N25077,ASNA,NI,AS,north_indian_ocean,arabian_sea,2024-09-01T15:00:00Z,21.9,61.7,TS,28.0,DD,,,-1,28.0,True
CLS_01374,0,D-DD,Depression / Deep Depression,2024238N25077,ASNA,NI,AS,north_indian_ocean,arabian_sea,2024-09-02T09:00:00Z,20.4,61.0,TS,25.0,D,,,-1,25.0,True
CLS_01375,0,D-DD,Depression / Deep Depression,2024244N09137,YAGI,WP,MM,pacific_ocean,western_pacific,2024-09-02T21:00:00Z,18.2,120.2,TS,30.0,DD,,,-1,30.0,True
CLS_01376,0,D-DD,Depression / Deep Depression,2024253N11148,BEBINCA,WP,MM,pacific_ocean,western_pacific,2024-09-10T09:00:00Z,12.2,145.8,TS,33.0,DD,,,-1,33.0,True
CLS_01377,0,D-DD,Depression / Deep Depression,2024256N18254,ILEANA,EP,MM,pacific_ocean,eastern_pacific,2024-09-12T12:00:00Z,18.5,-107.1,TS,30.0,DD,30.0,hurdat_epa,-1,30.0,True
CLS_01378,0,D-DD,Depression / Deep Depression,2024259N12145,PULASAN,WP,MM,pacific_ocean,western_pacific,2024-09-20T18:00:00Z,33.2,122.1,TS,30.0,DD,40.0,tokyo,-1,40.0,True
CLS_01379,0,D-DD,Depression / Deep Depression,2024264N20128,UNNAMED,WP,MM,pacific_ocean,western_pacific,2024-09-20T21:00:00Z,25.2,123.4,TS,25.0,D,,,-1,25.0,True
CLS_01380,0,D-DD,Depression / Deep Depression,2024278N11150,BARIJAT,WP,MM,pacific_ocean,western_pacific,2024-10-09T09:00:00Z,28.7,149.3,TS,30.0,DD,,,-1,30.0,True
CLS_01381,0,D-DD,Depression / Deep Depression,2024295N15092,DANA,NI,BB,north_indian_ocean,bay_of_bengal,2024-10-22T06:00:00Z,15.3,91.6,TS,25.0,D,25.0,newdelhi,-1,25.0,True
CLS_01382,0,D-DD,Depression / Deep Depression,2024295N15092,DANA,NI,BB,north_indian_ocean,bay_of_bengal,2024-10-22T21:00:00Z,15.8,90.3,TS,33.0,DD,,,-1,33.0,True
CLS_01383,0,D-DD,Depression / Deep Depression,2024295N15092,DANA,NI,BB,north_indian_ocean,bay_of_bengal,2024-10-25T18:00:00Z,21.3,86.4,TS,30.0,DD,25.0,newdelhi,-1,25.0,True
CLS_01384,0,D-DD,Depression / Deep Depression,2024298N13150,KONG-REY,WP,MM,pacific_ocean,western_pacific,2024-10-26T09:00:00Z,16.5,135.6,TS,33.0,DD,,,-1,33.0,True
CLS_01385,0,D-DD,Depression / Deep Depression,2024293N13141,TRAMI,WP,MM,pacific_ocean,western_pacific,2024-10-27T15:00:00Z,15.4,107.5,TS,33.0,DD,,,-1,33.0,True
CLS_01386,0,D-DD,Depression / Deep Depression,2024307N11232,LANE,EP,MM,pacific_ocean,eastern_pacific,2024-11-02T03:00:00Z,11.1,-129.0,TS,33.0,DD,,,-1,33.0,True
CLS_01387,0,D-DD,Depression / Deep Depression,2024307N11250,UNNAMED,EP,MM,pacific_ocean,eastern_pacific,2024-11-06T21:00:00Z,13.7,-105.2,TS,25.0,D,,,-1,25.0,True
CLS_01388,0,D-DD,Depression / Deep Depression,2024313N10169,MAN-YI,WP,MM,pacific_ocean,western_pacific,2024-11-08T12:00:00Z,12.1,163.5,TS,25.0,D,,tokyo,-1,25.0,True
CLS_01389,0,D-DD,Depression / Deep Depression,2024312N14145,TORAJI,WP,MM,pacific_ocean,western_pacific,2024-11-09T03:00:00Z,14.4,132.3,TS,33.0,DD,,,-1,33.0,True
CLS_01390,0,D-DD,Depression / Deep Depression,2024329N04089,FENGAL,NI,BB,north_indian_ocean,bay_of_bengal,2024-11-24T21:00:00Z,4.3,84.3,TS,28.0,DD,,,-1,28.0,True
CLS_01391,0,D-DD,Depression / Deep Depression,2024329N04089,FENGAL,NI,BB,north_indian_ocean,bay_of_bengal,2024-11-25T21:00:00Z,5.8,83.1,TS,30.0,DD,,,-1,30.0,True
CLS_01392,0,D-DD,Depression / Deep Depression,2024329N04089,FENGAL,NI,BB,north_indian_ocean,bay_of_bengal,2024-11-27T00:00:00Z,8.3,82.4,TS,30.0,DD,30.0,newdelhi,-1,30.0,True
CLS_01393,0,D-DD,Depression / Deep Depression,2024329N04089,FENGAL,NI,BB,north_indian_ocean,bay_of_bengal,2024-11-28T06:00:00Z,9.3,83.2,TS,30.0,DD,30.0,newdelhi,-1,30.0,True
CLS_01394,0,D-DD,Depression / Deep Depression,2024357N10115,PABUK,WP,MM,pacific_ocean,western_pacific,2024-12-22T21:00:00Z,11.0,113.2,TS,28.0,DD,,,-1,28.0,True
CLS_01395,0,D-DD,Depression / Deep Depression,2025149N12256,ALVIN,EP,MM,pacific_ocean,eastern_pacific,2025-05-29T00:00:00Z,12.4,-104.9,TS,30.0,DD,30.0,hurdat_epa,-1,30.0,True
CLS_01396,0,D-DD,Depression / Deep Depression,2025159N12250,COSME,EP,MM,pacific_ocean,eastern_pacific,2025-06-08T06:00:00Z,11.7,-110.0,TS,30.0,DD,30.0,hurdat_epa,-1,30.0,True
CLS_01397,0,D-DD,Depression / Deep Depression,2025164N11260,DALILA,EP,MM,pacific_ocean,eastern_pacific,2025-06-13T12:00:00Z,13.4,-101.3,TS,30.0,DD,30.0,hurdat_epa,-1,30.0,True
CLS_01398,0,D-DD,Depression / Deep Depression,2025180N13261,FLOSSIE,EP,MM,pacific_ocean,eastern_pacific,2025-06-29T06:00:00Z,13.0,-99.1,TS,25.0,D,25.0,hurdat_epa,-1,25.0,True
CLS_01399,0,D-DD,Depression / Deep Depression,2025219N13264,IVO,EP,MM,pacific_ocean,eastern_pacific,2025-08-06T15:00:00Z,13.4,-97.3,TS,33.0,DD,,,-1,33.0,True
CLS_01400,0,D-DD,Depression / Deep Depression,2025273N09248,OCTAVE,EP,MM,pacific_ocean,eastern_pacific,2025-09-30T03:00:00Z,9.3,-112.6,TS,30.0,DD,,,-1,30.0,True
CLS_01401,1,CS-SCS,Cyclonic Storm / Severe Cyclonic Storm,1999343S09095,ILSA,SI,WA,south_indian_ocean,,1999-12-12T09:00:00Z,-12.2,102.8,TS,45.0,CS,,,0,45.0,True
CLS_01402,1,CS-SCS,Cyclonic Storm / Severe Cyclonic Storm,1999357S08076,ASTRIDE,SI,MM,south_indian_ocean,,1999-12-25T12:00:00Z,-12.4,68.9,TS,45.0,CS,30.0,reunion,0,30.0,True
CLS_01403,1,CS-SCS,Cyclonic Storm / Severe Cyclonic Storm,2000003S13082,BABIOLA,SI,MM,south_indian_ocean,,2000-01-07T12:00:00Z,-15.3,77.0,TS,55.0,SCS,50.0,reunion,0,50.0,True
CLS_01404,1,CS-SCS,Cyclonic Storm / Severe Cyclonic Storm,2000006S15164,IRIS,SP,MM,pacific_ocean,southern_pacific,2000-01-09T12:00:00Z,-17.9,172.2,TS,55.0,SCS,50.0,nadi,0,50.0,True
CLS_01405,1,CS-SCS,Cyclonic Storm / Severe Cyclonic Storm,2000006S15164,IRIS,SP,MM,pacific_ocean,southern_pacific,2000-01-10T06:00:00Z,-19.4,177.6,TS,35.0,CS,30.0,nadi,0,30.0,True
CLS_01406,1,CS-SCS,Cyclonic Storm / Severe Cyclonic Storm,2000023S15172,JO,SP,MM,pacific_ocean,southern_pacific,2000-01-24T09:00:00Z,-18.8,173.5,TS,43.0,CS,,,0,43.0,True
CLS_01407,1,CS-SCS,Cyclonic Storm / Severe Cyclonic Storm,2000023S15172,JO,SP,MM,pacific_ocean,southern_pacific,2000-01-24T21:00:00Z,-20.0,174.3,TS,50.0,SCS,,,0,50.0,True
CLS_01408,1,CS-SCS,Cyclonic Storm / Severe Cyclonic Storm,2000024S12100,KIRRILY,SI,WA,south_indian_ocean,,2000-01-30T21:00:00Z,-23.4,105.5,TS,50.0,SCS,,,0,50.0,True
CLS_01409,1,CS-SCS,Cyclonic Storm / Severe Cyclonic Storm,2000031S11074,DAMIENNE,SI,MM,south_indian_ocean,,2000-02-02T00:00:00Z,-15.8,77.4,TS,50.0,SCS,33.0,reunion,0,33.0,True
CLS_01410,1,CS-SCS,Cyclonic Storm / Severe Cyclonic Storm,2000032S11116,ELINE:LEONE,SI,WA,south_indian_ocean,,2000-02-04T21:00:00Z,-13.8,104.5,TS,45.0,CS,,,0,45.0,True
CLS_01411,1,CS-SCS,Cyclonic Storm / Severe Cyclonic Storm,2000050S13078,FELICIA,SI,MM,south_indian_ocean,,2000-02-21T12:00:00Z,-17.8,72.1,TS,35.0,CS,35.0,reunion,0,35.0,True
CLS_01412,1,CS-SCS,Cyclonic Storm / Severe Cyclonic Storm,2000055S23227,KIM,SP,MM,pacific_ocean,southern_pacific,2000-02-25T00:00:00Z,-23.2,-136.0,TS,45.0,CS,50.0,nadi,0,50.0,True
CLS_01413,1,CS-SCS,Cyclonic Storm / Severe Cyclonic Storm,2000056S17152,STEVE,SP,EA,pacific_ocean,southern_pacific,2000-02-26T21:00:00Z,-16.5,147.4,TS,38.0,CS,35.0,bom,0,35.0,True
CLS_01414,1,CS-SCS,Cyclonic Storm / Severe Cyclonic Storm,2000056S17152,STEVE,SP,EA,pacific_ocean,southern_pacific,2000-02-29T12:00:00Z,-15.9,137.9,TS,40.0,CS,,,0,40.0,True
CLS_01415,1,CS-SCS,Cyclonic Storm / Severe Cyclonic Storm,2000058S14063,GLORIA,SI,MM,south_indian_ocean,,2000-02-29T21:00:00Z,-12.4,52.2,TS,45.0,CS,,,0,45.0,True
CLS_01416,1,CS-SCS,Cyclonic Storm / Severe Cyclonic Storm,2000060S17123,NORMAN,SI,WA,south_indian_ocean,,2000-03-01T09:00:00Z,-18.5,115.9,TS,40.0,CS,,,0,40.0,True
CLS_01417,1,CS-SCS,Cyclonic Storm / Severe Cyclonic Storm,2000060S12086,UNNAMED,SI,MM,south_indian_ocean,,2000-03-02T18:00:00Z,-14.3,85.8,TS,35.0,CS,30.0,reunion,0,30.0,True
CLS_01418,1,CS-SCS,Cyclonic Storm / Severe Cyclonic Storm,2000056S17152,STEVE,SI,WA,south_indian_ocean,,2000-03-05T15:00:00Z,-19.5,119.0,TS,50.0,SCS,,,0,50.0,True
CLS_01419,1,CS-SCS,Cyclonic Storm / Severe Cyclonic Storm,2000064S19209,LEO,SP,MM,pacific_ocean,southern_pacific,2000-03-06T21:00:00Z,-26.3,-165.4,TS,55.0,SCS,,,0,55.0,True
CLS_01420,1,CS-SCS,Cyclonic Storm / Severe Cyclonic Storm,2000064S19209,LEO,SP,MM,pacific_ocean,southern_pacific,2000-03-07T18:00:00Z,-33.5,-166.6,TS,35.0,CS,50.0,wellington,0,50.0,True
CLS_01421,1,CS-SCS,Cyclonic Storm / Severe Cyclonic Storm,2000067S15189,MONA,SP,MM,pacific_ocean,southern_pacific,2000-03-10T18:00:00Z,-26.5,-172.0,TS,45.0,CS,70.0,wellington,0,70.0,True
CLS_01422,1,CS-SCS,Cyclonic Storm / Severe Cyclonic Storm,2000075S17119,OLGA,SI,WA,south_indian_ocean,,2000-03-19T00:00:00Z,-21.1,105.8,TS,35.0,CS,35.0,bom,0,35.0,True
CLS_01423,1,CS-SCS,Cyclonic Storm / Severe Cyclonic Storm,2000091S14156,TESSI,SP,EA,pacific_ocean,southern_pacific,2000-04-01T06:00:00Z,-16.0,152.5,TS,35.0,CS,40.0,bom,0,40.0,True
CLS_01424,1,CS-SCS,Cyclonic Storm / Severe Cyclonic Storm,2000091S14156,TESSI,SP,EA,pacific_ocean,southern_pacific,2000-04-02T03:00:00Z,-18.1,149.3,TS,45.0,CS,,,0,45.0,True
CLS_01425,1,CS-SCS,Cyclonic Storm / Severe Cyclonic Storm,2000091S14156,TESSI,SP,EA,pacific_ocean,southern_pacific,2000-04-02T15:00:00Z,-18.9,147.0,TS,50.0,SCS,60.0,bom,0,60.0,True
CLS_01426,1,CS-SCS,Cyclonic Storm / Severe Cyclonic Storm,2000089S20168,VAUGHAN,SP,EA,pacific_ocean,southern_pacific,2000-04-03T00:00:00Z,-14.8,159.5,TS,35.0,CS,30.0,bom,0,30.0,True
CLS_01427,1,CS-SCS,Cyclonic Storm / Severe Cyclonic Storm,2000089S20168,VAUGHAN,SP,EA,pacific_ocean,southern_pacific,2000-04-03T12:00:00Z,-14.2,157.3,TS,35.0,CS,40.0,bom,0,40.0,True
CLS_01428,1,CS-SCS,Cyclonic Storm / Severe Cyclonic Storm,2000089S20168,VAUGHAN,SP,EA,pacific_ocean,southern_pacific,2000-04-04T00:00:00Z,-13.7,155.1,TS,50.0,SCS,60.0,bom,0,60.0,True
CLS_01429,1,CS-SCS,Cyclonic Storm / Severe Cyclonic Storm,2000089S20168,VAUGHAN,SP,EA,pacific_ocean,southern_pacific,2000-04-05T18:00:00Z,-15.1,148.7,TS,35.0,CS,50.0,bom,0,50.0,True
CLS_01430,1,CS-SCS,Cyclonic Storm / Severe Cyclonic Storm,2000104S17182,NEIL,SP,MM,pacific_ocean,southern_pacific,2000-04-16T06:00:00Z,-22.0,179.1,TS,40.0,CS,35.0,nadi,0,35.0,True
CLS_01431,1,CS-SCS,Cyclonic Storm / Severe Cyclonic Storm,2000103S10095,INNOCENTE,SI,MM,south_indian_ocean,,2000-04-17T00:00:00Z,-16.0,77.0,TS,35.0,CS,30.0,reunion,0,30.0,True
CLS_01432,1,CS-SCS,Cyclonic Storm / Severe Cyclonic Storm,2000105S09127,ROSITA,SI,WA,south_indian_ocean,,2000-04-18T15:00:00Z,-17.2,119.2,TS,60.0,SCS,,,0,60.0,True
CLS_01433,1,CS-SCS,Cyclonic Storm / Severe Cyclonic Storm,2000125N06136,DAMREY,WP,MM,pacific_ocean,western_pacific,2000-05-07T03:00:00Z,13.2,131.5,TS,63.0,SCS,,,0,63.0,True
CLS_01434,1,CS-SCS,Cyclonic Storm / Severe Cyclonic Storm,2000138N16119,LONGWANG,WP,MM,pacific_ocean,western_pacific,2000-05-19T03:00:00Z,21.6,126.0,TS,35.0,CS,,,0,35.0,True
CLS_01435,1,CS-SCS,Cyclonic Storm / Severe Cyclonic Storm,2000142N12262,ALETTA,EP,MM,pacific_ocean,eastern_pacific,2000-05-26T21:00:00Z,14.9,-107.8,TS,63.0,SCS,,,0,63.0,True
CLS_01436,1,CS-SCS,Cyclonic Storm / Severe Cyclonic Storm,2000164N12256,BUD,EP,MM,pacific_ocean,eastern_pacific,2000-06-14T09:00:00Z,15.8,-109.3,TS,45.0,CS,,,0,45.0,True
CLS_01437,1,CS-SCS,Cyclonic Storm / Severe Cyclonic Storm,2000201N11224,UPANA,EP,CP,pacific_ocean,eastern_pacific,2000-07-20T18:00:00Z,10.3,-149.1,TS,35.0,CS,35.0,hurdat_epa,0,35.0,True
CLS_01438,1,CS-SCS,Cyclonic Storm / Severe Cyclonic Storm,2000202N12131,BOLAVEN,WP,MM,pacific_ocean,western_pacific,2000-07-27T12:00:00Z,27.3,129.5,TS,50.0,SCS,45.0,tokyo,0,45.0,True
CLS_01439,1,CS-SCS,Cyclonic Storm / Severe Cyclonic Storm,2000206N11266,EMILIA,EP,MM,pacific_ocean,eastern_pacific,2000-07-28T12:00:00Z,19.8,-114.7,TS,50.0,SCS,50.0,hurdat_epa,0,50.0,True
CLS_01440,1,CS-SCS,Cyclonic Storm / Severe Cyclonic Storm,2000214S06080,UNNAMED,SI,MM,south_indian_ocean,,2000-08-02T15:00:00Z,-6.3,76.4,TS,35.0,CS,,,0,35.0,True
CLS_01441,1,CS-SCS,Cyclonic Storm / Severe Cyclonic Storm,2000215N15254,FABIO,EP,MM,pacific_ocean,eastern_pacific,2000-08-05T18:00:00Z,16.2,-122.4,TS,35.0,CS,35.0,hurdat_epa,0,35.0,True
CLS_01442,1,CS-SCS,Cyclonic Storm / Severe Cyclonic Storm,2000214N22155,JELAWAT,WP,MM,pacific_ocean,western_pacific,2000-08-11T00:00:00Z,30.7,120.3,TS,35.0,CS,,tokyo,0,35.0,True
CLS_01443,1,CS-SCS,Cyclonic Storm / Severe Cyclonic Storm,2000223N18257,HECTOR,EP,MM,pacific_ocean,eastern_pacific,2000-08-12T03:00:00Z,18.5,-113.5,TS,38.0,CS,,,0,38.0,True
CLS_01444,1,CS-SCS,Cyclonic Storm / Severe Cyclonic Storm,2000226N16258,ILEANA,EP,MM,pacific_ocean,eastern_pacific,2000-08-15T06:00:00Z,21.5,-108.5,TS,60.0,SCS,60.0,hurdat_epa,0,60.0,True
CLS_01445,1,CS-SCS,Cyclonic Storm / Severe Cyclonic Storm,2000222N14143,EWINIAR,WP,MM,pacific_ocean,western_pacific,2000-08-16T09:00:00Z,37.7,150.9,TS,60.0,SCS,,,0,60.0,True
CLS_01446,1,CS-SCS,Cyclonic Storm / Severe Cyclonic Storm,2000228N31180,WENE,EP,CP,pacific_ocean,eastern_pacific,2000-08-17T00:00:00Z,39.0,183.6,TS,40.0,CS,40.0,hurdat_epa,0,40.0,True
CLS_01447,1,CS-SCS,Cyclonic Storm / Severe Cyclonic Storm,2000241N15223,JOHN,EP,MM,pacific_ocean,eastern_pacific,2000-08-28T18:00:00Z,15.4,-138.2,TS,45.0,CS,45.0,hurdat_epa,0,45.0,True
CLS_01448,1,CS-SCS,Cyclonic Storm / Severe Cyclonic Storm,2000240N22115,MARIA,WP,MM,pacific_ocean,western_pacific,2000-08-30T15:00:00Z,19.3,116.2,TS,38.0,CS,,,0,38.0,True
CLS_01449,1,CS-SCS,Cyclonic Storm / Severe Cyclonic Storm,2000245N14157,SAOMAI,WP,MM,pacific_ocean,western_pacific,2000-09-03T06:00:00Z,15.9,154.2,TS,45.0,CS,45.0,tokyo,0,45.0,True
CLS_01450,1,CS-SCS,Cyclonic Storm / Severe Cyclonic Storm,2000248N17117,WUKONG,WP,MM,pacific_ocean,western_pacific,2000-09-09T21:00:00Z,18.4,107.6,TS,63.0,SCS,,,0,63.0,True
CLS_01451,1,CS-SCS,Cyclonic Storm / Severe Cyclonic Storm,2000258N22138,SONAMU,WP,MM,pacific_ocean,western_pacific,2000-09-15T15:00:00Z,24.0,141.3,TS,53.0,SCS,45.0,tokyo,0,45.0,True
CLS_01452,1,CS-SCS,Cyclonic Storm / Severe Cyclonic Storm,2000260N19253,MIRIAM,EP,MM,pacific_ocean,eastern_pacific,2000-09-16T12:00:00Z,20.6,-107.8,TS,35.0,CS,35.0,hurdat_epa,0,35.0,True
CLS_01453,1,CS-SCS,Cyclonic Storm / Severe Cyclonic Storm,2000260N15178,SHANSHAN,WP,MM,pacific_ocean,western_pacific,2000-09-18T06:00:00Z,15.6,171.7,TS,50.0,SCS,,tokyo,0,50.0,True
CLS_01454,1,CS-SCS,Cyclonic Storm / Severe Cyclonic Storm,2000264N17257,NORMAN,EP,MM,pacific_ocean,eastern_pacific,2000-09-20T21:00:00Z,18.4,-103.3,TS,43.0,CS,,,0,43.0,True
CLS_01455,1,CS-SCS,Cyclonic Storm / Severe Cyclonic Storm,2000272N24165,UNNAMED,WP,MM,pacific_ocean,western_pacific,2000-09-29T03:00:00Z,27.7,165.8,TS,35.0,CS,,,0,35.0,True
CLS_01456,1,CS-SCS,Cyclonic Storm / Severe Cyclonic Storm,2000277N15257,OLIVIA,EP,MM,pacific_ocean,eastern_pacific,2000-10-06T12:00:00Z,15.5,-109.1,TS,45.0,CS,45.0,hurdat_epa,0,45.0,True
CLS_01457,1,CS-SCS,Cyclonic Storm / Severe Cyclonic Storm,2000281N11111,UNNAMED,WP,MM,pacific_ocean,western_pacific,2000-10-08T09:00:00Z,11.1,112.2,TS,35.0,CS,,,0,35.0,True
CLS_01458,1,CS-SCS,Cyclonic Storm / Severe Cyclonic Storm,2000299N08139,XANGSANE,WP,MM,pacific_ocean,western_pacific,2000-10-26T12:00:00Z,10.7,130.1,TS,45.0,CS,40.0,tokyo,0,40.0,True
CLS_01459,1,CS-SCS,Cyclonic Storm / Severe Cyclonic Storm,2000295N20146,YAGI,WP,MM,pacific_ocean,western_pacific,2000-10-27T06:00:00Z,25.3,126.2,TS,35.0,CS,,tokyo,0,35.0,True
CLS_01460,1,CS-SCS,Cyclonic Storm / Severe Cyclonic Storm,2000299N10252,PAUL,EP,MM,pacific_ocean,eastern_pacific,2000-10-27T15:00:00Z,11.6,-120.1,TS,35.0,CS,,,0,35.0,True
CLS_01461,1,CS-SCS,Cyclonic Storm / Severe Cyclonic Storm,2000305N06136,BEBINCA,WP,MM,pacific_ocean,western_pacific,2000-11-01T00:00:00Z,10.6,129.1,TS,35.0,CS,35.0,tokyo,0,35.0,True
CLS_01462,1,CS-SCS,Cyclonic Storm / Severe Cyclonic Storm,2000309N10270,ROSA,EP,MM,pacific_ocean,eastern_pacific,2000-11-05T18:00:00Z,11.0,-97.9,TS,40.0,CS,40.0,hurdat_epa,0,40.0,True
CLS_01463,1,CS-SCS,Cyclonic Storm / Severe Cyclonic Storm,2000315S08083,UNNAMED,SI,MM,south_indian_ocean,,2000-11-12T12:00:00Z,-10.5,79.4,TS,35.0,CS,,,0,35.0,True
CLS_01464,1,CS-SCS,Cyclonic Storm / Severe Cyclonic Storm,2000333S11140,SAM,SI,WA,south_indian_ocean,,2000-12-06T00:00:00Z,-14.7,122.3,TS,45.0,CS,55.0,bom,0,55.0,True
CLS_01465,1,CS-SCS,Cyclonic Storm / Severe Cyclonic Storm,2000358N08086,UNNAMED,NI,BB,north_indian_ocean,bay_of_bengal,2000-12-27T21:00:00Z,8.4,78.1,TS,43.0,CS,55.0,newdelhi,0,55.0,True
CLS_01466,1,CS-SCS,Cyclonic Storm / Severe Cyclonic Storm,2001018S12086,CHARLY,SI,MM,south_indian_ocean,,2001-01-24T21:00:00Z,-23.6,60.8,TS,40.0,CS,,,0,40.0,True
CLS_01467,1,CS-SCS,Cyclonic Storm / Severe Cyclonic Storm,2001028S15128,TERRI,SI,WA,south_indian_ocean,,2001-01-30T03:00:00Z,-17.2,120.0,TS,35.0,CS,,,0,35.0,True
CLS_01468,1,CS-SCS,Cyclonic Storm / Severe Cyclonic Storm,2001039S11139,WINSOME,SP,EA,pacific_ocean,southern_pacific,2001-02-11T00:00:00Z,-14.5,135.6,TS,40.0,CS,40.0,bom,0,40.0,True
CLS_01469,1,CS-SCS,Cyclonic Storm / Severe Cyclonic Storm,2001039S11139,WINSOME,SI,WA,south_indian_ocean,,2001-02-11T12:00:00Z,-15.4,134.2,TS,35.0,CS,25.0,bom,0,25.0,True
CLS_01470,1,CS-SCS,Cyclonic Storm / Severe Cyclonic Storm,2001039S13117,VINCENT,SI,WA,south_indian_ocean,,2001-02-14T00:00:00Z,-15.9,118.0,TS,35.0,CS,30.0,bom,0,30.0,True
CLS_01471,1,CS-SCS,Cyclonic Storm / Severe Cyclonic Storm,2001047S17157,UNNAMED,SP,MM,pacific_ocean,southern_pacific,2001-02-17T15:00:00Z,-19.9,166.0,TS,35.0,CS,,,0,35.0,True
CLS_01472,1,CS-SCS,Cyclonic Storm / Severe Cyclonic Storm,2001049S17198,OMA,SP,MM,pacific_ocean,southern_pacific,2001-02-21T00:00:00Z,-23.7,-160.9,TS,40.0,CS,50.0,nadi,0,50.0,True
CLS_01473,1,CS-SCS,Cyclonic Storm / Severe Cyclonic Storm,2001049S17198,OMA,SP,MM,pacific_ocean,southern_pacific,2001-02-21T18:00:00Z,-27.6,-155.4,TS,45.0,CS,40.0,wellington,0,40.0,True
CLS_01474,1,CS-SCS,Cyclonic Storm / Severe Cyclonic Storm,2001054S15155,ABIGAIL,SP,EA,pacific_ocean,southern_pacific,2001-02-25T21:00:00Z,-16.1,139.8,TS,45.0,CS,,,0,45.0,True
CLS_01475,1,CS-SCS,Cyclonic Storm / Severe Cyclonic Storm,2001054S15155,ABIGAIL,SP,EA,pacific_ocean,southern_pacific,2001-02-26T18:00:00Z,-16.8,137.8,TS,60.0,SCS,60.0,bom,0,60.0,True
CLS_01476,1,CS-SCS,Cyclonic Storm / Severe Cyclonic Storm,2001054S15155,ABIGAIL,SI,WA,south_indian_ocean,,2001-02-27T18:00:00Z,-17.6,134.6,TS,35.0,CS,30.0,bom,0,30.0,True
CLS_01477,1,CS-SCS,Cyclonic Storm / Severe Cyclonic Storm,2001060S19223,RITA,SP,MM,pacific_ocean,southern_pacific,2001-03-02T06:00:00Z,-20.7,-134.7,TS,35.0,CS,45.0,nadi,0,45.0,True
CLS_01478,1,CS-SCS,Cyclonic Storm / Severe Cyclonic Storm,2001060S19223,RITA,SP,MM,pacific_ocean,southern_pacific,2001-03-03T15:00:00Z,-24.2,-136.0,TS,40.0,CS,,,0,40.0,True
CLS_01479,1,CS-SCS,Cyclonic Storm / Severe Cyclonic Storm,2001064S10052,DERA,SI,MM,south_indian_ocean,,2001-03-10T00:00:00Z,-22.8,40.6,TS,60.0,SCS,65.0,reunion,0,65.0,True
CLS_01480,1,CS-SCS,Cyclonic Storm / Severe Cyclonic Storm,2001091S13094,UNNAMED,SI,MM,south_indian_ocean,,2001-04-03T21:00:00Z,-15.4,81.4,TS,35.0,CS,,,0,35.0,True
CLS_01481,1,CS-SCS,Cyclonic Storm / Severe Cyclonic Storm,2001093S10062,EVARISTE,SI,MM,south_indian_ocean,,2001-04-04T21:00:00Z,-13.1,62.1,TS,50.0,SCS,,,0,50.0,True
CLS_01482,1,CS-SCS,Cyclonic Storm / Severe Cyclonic Storm,2001091S11111,WALTER,SI,WA,south_indian_ocean,,2001-04-07T12:00:00Z,-18.1,95.4,TS,60.0,SCS,50.0,bom,0,50.0,True
CLS_01483,1,CS-SCS,Cyclonic Storm / Severe Cyclonic Storm,2001094S12172,SOSE,SP,MM,pacific_ocean,southern_pacific,2001-04-10T15:00:00Z,-25.3,170.0,TS,35.0,CS,,,0,35.0,True
CLS_01484,1,CS-SCS,Cyclonic Storm / Severe Cyclonic Storm,2001106S08137,ALISTAIR,SI,WA,south_indian_ocean,,2001-04-18T12:00:00Z,-14.3,124.3,TS,55.0,SCS,55.0,bom,0,55.0,True
CLS_01485,1,CS-SCS,Cyclonic Storm / Severe Cyclonic Storm,2001171N12234,BARBARA,EP,MM,pacific_ocean,eastern_pacific,2001-06-22T12:00:00Z,16.5,-139.0,TS,35.0,CS,35.0,hurdat_epa,0,35.0,True
CLS_01486,1,CS-SCS,Cyclonic Storm / Severe Cyclonic Storm,2001194N15252,COSME,EP,MM,pacific_ocean,eastern_pacific,2001-07-13T21:00:00Z,16.6,-111.9,TS,40.0,CS,,,0,40.0,True
CLS_01487,1,CS-SCS,Cyclonic Storm / Severe Cyclonic Storm,2001202N14243,ERICK,EP,MM,pacific_ocean,eastern_pacific,2001-07-22T15:00:00Z,18.9,-123.9,TS,35.0,CS,,,0,35.0,True
CLS_01488,1,CS-SCS,Cyclonic Storm / Severe Cyclonic Storm,2001202N11266,DALILA,EP,MM,pacific_ocean,eastern_pacific,2001-07-26T06:00:00Z,19.5,-113.4,TS,55.0,SCS,55.0,hurdat_epa,0,55.0,True
CLS_01489,1,CS-SCS,Cyclonic Storm / Severe Cyclonic Storm,2001206N14134,TORAJI,WP,MM,pacific_ocean,western_pacific,2001-07-26T18:00:00Z,16.9,128.4,TS,35.0,CS,,tokyo,0,35.0,True
CLS_01490,1,CS-SCS,Cyclonic Storm / Severe Cyclonic Storm,2001202N23152,KONG-REY,WP,MM,pacific_ocean,western_pacific,2001-07-28T03:00:00Z,33.4,149.0,TS,63.0,SCS,,,0,63.0,True
CLS_01491,1,CS-SCS,Cyclonic Storm / Severe Cyclonic Storm,2001225N18146,PABUK,WP,MM,pacific_ocean,western_pacific,2001-08-15T15:00:00Z,20.3,141.0,TS,60.0,SCS,,,0,60.0,True
CLS_01492,1,CS-SCS,Cyclonic Storm / Severe Cyclonic Storm,2001238N16139,WUTIP,WP,MM,pacific_ocean,western_pacific,2001-09-01T21:00:00Z,33.6,153.8,TS,58.0,SCS,,,0,58.0,True
CLS_01493,1,CS-SCS,Cyclonic Storm / Severe Cyclonic Storm,2001246N19156,DANAS,WP,MM,pacific_ocean,western_pacific,2001-09-04T09:00:00Z,18.7,151.9,TS,55.0,SCS,,,0,55.0,True
CLS_01494,1,CS-SCS,Cyclonic Storm / Severe Cyclonic Storm,2001248N17251,HENRIETTE,EP,MM,pacific_ocean,eastern_pacific,2001-09-05T21:00:00Z,17.7,-116.4,TS,43.0,CS,,,0,43.0,True
CLS_01495,1,CS-SCS,Cyclonic Storm / Severe Cyclonic Storm,2001254N15261,IVO,EP,MM,pacific_ocean,eastern_pacific,2001-09-12T09:00:00Z,18.9,-108.4,TS,38.0,CS,,,0,38.0,True
CLS_01496,1,CS-SCS,Cyclonic Storm / Severe Cyclonic Storm,2001248N23125,NARI,WP,MM,pacific_ocean,western_pacific,2001-09-17T12:00:00Z,23.7,121.4,TS,35.0,CS,,tokyo,0,35.0,True
CLS_01497,1,CS-SCS,Cyclonic Storm / Severe Cyclonic Storm,2001259N20138,VIPA,WP,MM,pacific_ocean,western_pacific,2001-09-18T15:00:00Z,28.3,138.4,TS,53.0,SCS,,,0,53.0,True
CLS_01498,1,CS-SCS,Cyclonic Storm / Severe Cyclonic Storm,2001266N10217,UNNAMED,EP,CP,pacific_ocean,eastern_pacific,2001-09-23T06:00:00Z,9.9,-147.2,TS,35.0,CS,35.0,hurdat_epa,0,35.0,True
CLS_01499,1,CS-SCS,Cyclonic Storm / Severe Cyclonic Storm,2001264N21126,LEKIMA,WP,MM,pacific_ocean,western_pacific,2001-09-28T09:00:00Z,24.3,120.5,TS,35.0,CS,,,0,35.0,True
CLS_01500,1,CS-SCS,Cyclonic Storm / Severe Cyclonic Storm,2001275N12258,LORENA,EP,MM,pacific_ocean,eastern_pacific,2001-10-03T15:00:00Z,16.0,-106.6,TS,48.0,SCS,,,0,48.0,True
CLS_01501,1,CS-SCS,Cyclonic Storm / Severe Cyclonic Storm,2001277S10082,UNNAMED,SI,MM,south_indian_ocean,,2001-10-06T06:00:00Z,-11.0,83.0,TS,35.0,CS,,,0,35.0,True
CLS_01502,1,CS-SCS,Cyclonic Storm / Severe Cyclonic Storm,2001284N16132,HAIYAN,WP,MM,pacific_ocean,western_pacific,2001-10-12T21:00:00Z,17.9,129.9,TS,40.0,CS,,,0,40.0,True
CLS_01503,1,CS-SCS,Cyclonic Storm / Severe Cyclonic Storm,2001284N14261,MANUEL,EP,MM,pacific_ocean,eastern_pacific,2001-10-16T09:00:00Z,17.7,-117.5,TS,48.0,SCS,,,0,48.0,True
CLS_01504,1,CS-SCS,Cyclonic Storm / Severe Cyclonic Storm,2001298S07098,ALEX:ANDRE,SI,WA,south_indian_ocean,,2001-10-26T06:00:00Z,-8.0,94.4,TS,35.0,CS,35.0,bom,0,35.0,True
CLS_01505,1,CS-SCS,Cyclonic Storm / Severe Cyclonic Storm,2001304N12237,OCTAVE,EP,MM,pacific_ocean,eastern_pacific,2001-10-31T15:00:00Z,13.2,-125.3,TS,38.0,CS,,,0,38.0,True
CLS_01506,1,CS-SCS,Cyclonic Storm / Severe Cyclonic Storm,2001323N05107,UNNAMED,WP,MM,pacific_ocean,western_pacific,2001-11-20T21:00:00Z,6.4,112.5,TS,35.0,CS,,,0,35.0,True
CLS_01507,1,CS-SCS,Cyclonic Storm / Severe Cyclonic Storm,2001321N07148,UNNAMED,WP,MM,pacific_ocean,western_pacific,2001-11-21T00:00:00Z,13.2,132.4,TS,35.0,CS,,,0,35.0,True
CLS_01508,1,CS-SCS,Cyclonic Storm / Severe Cyclonic Storm,2001324S12081,UNNAMED,SI,MM,south_indian_ocean,,2001-11-22T12:00:00Z,-12.3,82.4,TS,35.0,CS,,,0,35.0,True
CLS_01509,1,CS-SCS,Cyclonic Storm / Severe Cyclonic Storm,2001320S11146,UNNAMED,SI,WA,south_indian_ocean,,2001-11-22T21:00:00Z,-5.7,126.0,TS,35.0,CS,,,0,35.0,True
CLS_01510,1,CS-SCS,Cyclonic Storm / Severe Cyclonic Storm,2001334S21200,TRINA,SP,MM,pacific_ocean,southern_pacific,2001-11-30T15:00:00Z,-21.4,-159.4,TS,35.0,CS,,,0,35.0,True
CLS_01511,1,CS-SCS,Cyclonic Storm / Severe Cyclonic Storm,2001329S06095,BAKO:BESSI,SI,MM,south_indian_ocean,,2001-11-30T21:00:00Z,-14.8,86.5,TS,55.0,SCS,,,0,55.0,True
CLS_01512,1,CS-SCS,Cyclonic Storm / Severe Cyclonic Storm,2001338N10130,KAJIKI,WP,MM,pacific_ocean,western_pacific,2001-12-07T12:00:00Z,12.8,115.6,TS,35.0,CS,35.0,tokyo,0,35.0,True
CLS_01513,1,CS-SCS,Cyclonic Storm / Severe Cyclonic Storm,2001347N04162,FAXAI,WP,MM,pacific_ocean,western_pacific,2001-12-17T03:00:00Z,5.7,161.4,TS,38.0,CS,,,0,38.0,True
CLS_01514,1,CS-SCS,Cyclonic Storm / Severe Cyclonic Storm,2001363S10185,WAKA,SP,MM,pacific_ocean,southern_pacific,2001-12-29T09:00:00Z,-11.7,-174.7,TS,35.0,CS,,,0,35.0,True
CLS_01515,1,CS-SCS,Cyclonic Storm / Severe Cyclonic Storm,2001364S19036,CYPRIEN,SI,MM,south_indian_ocean,,2002-01-01T18:00:00Z,-21.1,42.4,TS,50.0,SCS,55.0,reunion,0,55.0,True
CLS_01516,1,CS-SCS,Cyclonic Storm / Severe Cyclonic Storm,2001365S12138,BERNIE,SP,EA,pacific_ocean,southern_pacific,2002-01-03T18:00:00Z,-15.1,139.1,TS,45.0,CS,50.0,bom,0,50.0,True
CLS_01517,1,CS-SCS,Cyclonic Storm / Severe Cyclonic Storm,2002008N07141,TAPAH,WP,MM,pacific_ocean,western_pacific,2002-01-13T03:00:00Z,15.2,123.4,TS,43.0,CS,,,0,43.0,True
CLS_01518,1,CS-SCS,Cyclonic Storm / Severe Cyclonic Storm,2002023S10089,EDDY,SI,MM,south_indian_ocean,,2002-01-27T15:00:00Z,-22.0,87.1,TS,50.0,SCS,,,0,50.0,True
CLS_01519,1,CS-SCS,Cyclonic Storm / Severe Cyclonic Storm,2002042S20156,CLAUDIA,SP,MM,pacific_ocean,southern_pacific,2002-02-13T03:00:00Z,-26.9,166.6,TS,55.0,SCS,,,0,55.0,True
CLS_01520,1,CS-SCS,Cyclonic Storm / Severe Cyclonic Storm,2002042S20156,CLAUDIA,SP,MM,pacific_ocean,southern_pacific,2002-02-13T15:00:00Z,-27.3,170.7,TS,38.0,CS,,,0,38.0,True
CLS_01521,1,CS-SCS,Cyclonic Storm / Severe Cyclonic Storm,2002054S17176,UNNAMED,SP,MM,pacific_ocean,southern_pacific,2002-02-24T12:00:00Z,-20.4,175.6,TS,35.0,CS,,,0,35.0,True
CLS_01522,1,CS-SCS,Cyclonic Storm / Severe Cyclonic Storm,2002054S17176,UNNAMED,SP,MM,pacific_ocean,southern_pacific,2002-02-25T03:00:00Z,-22.2,176.1,TS,35.0,CS,,,0,35.0,True
CLS_01523,1,CS-SCS,Cyclonic Storm / Severe Cyclonic Storm,2002062S15154,DES,SP,MM,pacific_ocean,southern_pacific,2002-03-06T03:00:00Z,-20.6,162.7,TS,48.0,SCS,,,0,48.0,True
CLS_01524,1,CS-SCS,Cyclonic Storm / Severe Cyclonic Storm,2002073S16161,UNNAMED,SP,MM,pacific_ocean,southern_pacific,2002-03-15T03:00:00Z,-21.2,168.2,TS,35.0,CS,,,0,35.0,True
CLS_01525,1,CS-SCS,Cyclonic Storm / Severe Cyclonic Storm,2002081S08084,IKALA,SI,MM,south_indian_ocean,,2002-03-25T15:00:00Z,-11.9,72.9,TS,50.0,SCS,,,0,50.0,True
CLS_01526,1,CS-SCS,Cyclonic Storm / Severe Cyclonic Storm,2002096S10103,DIANNE:JERY,SI,WA,south_indian_ocean,,2002-04-07T12:00:00Z,-13.3,95.9,TS,55.0,SCS,55.0,bom,0,55.0,True
CLS_01527,1,CS-SCS,Cyclonic Storm / Severe Cyclonic Storm,2002098S07133,BONNIE,SI,WA,south_indian_ocean,,2002-04-13T18:00:00Z,-12.1,108.2,TS,40.0,CS,35.0,bom,0,35.0,True
CLS_01528,1,CS-SCS,Cyclonic Storm / Severe Cyclonic Storm,2002126N09068,UNNAMED,NI,AS,north_indian_ocean,arabian_sea,2002-05-07T12:00:00Z,13.1,63.2,TS,40.0,CS,30.0,newdelhi,0,30.0,True
CLS_01529,1,CS-SCS,Cyclonic Storm / Severe Cyclonic Storm,2002126N09068,UNNAMED,NI,AS,north_indian_ocean,arabian_sea,2002-05-08T00:00:00Z,13.2,62.3,TS,35.0,CS,30.0,newdelhi,0,30.0,True
CLS_01530,1,CS-SCS,Cyclonic Storm / Severe Cyclonic Storm,2002122S07063,KESINY,SI,MM,south_indian_ocean,,2002-05-08T21:00:00Z,-12.0,52.7,TS,50.0,SCS,,,0,50.0,True
CLS_01531,1,CS-SCS,Cyclonic Storm / Severe Cyclonic Storm,2002126N09068,UNNAMED,NI,AS,north_indian_ocean,arabian_sea,2002-05-10T06:00:00Z,16.1,53.8,TS,40.0,CS,35.0,newdelhi,0,35.0,True
CLS_01532,1,CS-SCS,Cyclonic Storm / Severe Cyclonic Storm,2002129N08096,UNNAMED,NI,BB,north_indian_ocean,bay_of_bengal,2002-05-10T18:00:00Z,11.5,95.5,TS,35.0,CS,,,0,35.0,True
CLS_01533,1,CS-SCS,Cyclonic Storm / Severe Cyclonic Storm,2002129N08096,UNNAMED,NI,BB,north_indian_ocean,bay_of_bengal,2002-05-11T12:00:00Z,14.3,96.0,TS,45.0,CS,30.0,newdelhi,0,30.0,True
CLS_01534,1,CS-SCS,Cyclonic Storm / Severe Cyclonic Storm,2002128S05097,ERROL,SI,WA,south_indian_ocean,,2002-05-12T15:00:00Z,-7.2,94.9,TS,40.0,CS,,,0,40.0,True
CLS_01535,1,CS-SCS,Cyclonic Storm / Severe Cyclonic Storm,2002133N03150,HAGIBIS,WP,MM,pacific_ocean,western_pacific,2002-05-21T06:00:00Z,35.4,160.9,TS,60.0,SCS,60.0,tokyo,0,60.0,True
CLS_01536,1,CS-SCS,Cyclonic Storm / Severe Cyclonic Storm,2002143S07157,UPIA,SP,EA,pacific_ocean,southern_pacific,2002-05-25T06:00:00Z,-7.9,153.7,TS,35.0,CS,,,0,35.0,True
CLS_01537,1,CS-SCS,Cyclonic Storm / Severe Cyclonic Storm,2002143S07157,UPIA,SP,EA,pacific_ocean,southern_pacific,2002-05-25T18:00:00Z,-8.5,153.5,TS,35.0,CS,30.0,bom,0,30.0,True
CLS_01538,1,CS-SCS,Cyclonic Storm / Severe Cyclonic Storm,2002145N11259,ALMA,EP,MM,pacific_ocean,eastern_pacific,2002-05-26T21:00:00Z,10.7,-106.1,TS,35.0,CS,,,0,35.0,True
CLS_01539,1,CS-SCS,Cyclonic Storm / Severe Cyclonic Storm,2002143S07157,UPIA,SP,EA,pacific_ocean,southern_pacific,2002-05-27T12:00:00Z,-9.3,154.0,TS,35.0,CS,40.0,bom,0,40.0,True
CLS_01540,1,CS-SCS,Cyclonic Storm / Severe Cyclonic Storm,2002155N20112,NOGURI,WP,MM,pacific_ocean,western_pacific,2002-06-08T00:00:00Z,20.8,122.1,TS,45.0,CS,,tokyo,0,45.0,True
CLS_01541,1,CS-SCS,Cyclonic Storm / Severe Cyclonic Storm,2002160N16258,BORIS,EP,MM,pacific_ocean,eastern_pacific,2002-06-09T00:00:00Z,16.6,-103.8,TS,40.0,CS,40.0,hurdat_epa,0,40.0,True
CLS_01542,1,CS-SCS,Cyclonic Storm / Severe Cyclonic Storm,2002178N04155,CHATAAN,WP,MM,pacific_ocean,western_pacific,2002-07-03T00:00:00Z,7.9,150.7,TS,50.0,SCS,40.0,tokyo,0,40.0,True
CLS_01543,1,CS-SCS,Cyclonic Storm / Severe Cyclonic Storm,2002187N11160,HALONG,WP,MM,pacific_ocean,western_pacific,2002-07-08T12:00:00Z,10.2,151.7,TS,40.0,CS,45.0,tokyo,0,45.0,True
CLS_01544,1,CS-SCS,Cyclonic Storm / Severe Cyclonic Storm,2002189N21116,NAKRI,WP,MM,pacific_ocean,western_pacific,2002-07-11T00:00:00Z,25.1,125.0,TS,40.0,CS,40.0,tokyo,0,40.0,True
CLS_01545,1,CS-SCS,Cyclonic Storm / Severe Cyclonic Storm,2002191N12260,CRISTINA,EP,MM,pacific_ocean,eastern_pacific,2002-07-13T12:00:00Z,14.6,-116.6,TS,45.0,CS,45.0,hurdat_epa,0,45.0,True
CLS_01546,1,CS-SCS,Cyclonic Storm / Severe Cyclonic Storm,2002199N08130,UNNAMED,WP,MM,pacific_ocean,western_pacific,2002-07-20T12:00:00Z,13.7,122.0,TS,35.0,CS,,,0,35.0,True
CLS_01547,1,CS-SCS,Cyclonic Storm / Severe Cyclonic Storm,2002195N11172,FENGSHEN,WP,MM,pacific_ocean,western_pacific,2002-07-25T03:00:00Z,29.8,133.2,TS,63.0,SCS,60.0,tokyo,0,60.0,True
CLS_01548,1,CS-SCS,Cyclonic Storm / Severe Cyclonic Storm,2002202N13254,DOUGLAS,EP,MM,pacific_ocean,eastern_pacific,2002-07-25T18:00:00Z,20.8,-129.4,TS,35.0,CS,35.0,hurdat_epa,0,35.0,True
CLS_01549,1,CS-SCS,Cyclonic Storm / Severe Cyclonic Storm,2002222N09163,PHANFONE,WP,MM,pacific_ocean,western_pacific,2002-08-12T18:00:00Z,12.6,157.3,TS,55.0,SCS,50.0,tokyo,0,50.0,True
CLS_01550,1,CS-SCS,Cyclonic Storm / Severe Cyclonic Storm,2002222N11131,UNNAMED,WP,MM,pacific_ocean,western_pacific,2002-08-12T18:00:00Z,13.6,125.8,TS,35.0,CS,,,0,35.0,True
CLS_01551,1,CS-SCS,Cyclonic Storm / Severe Cyclonic Storm,2002234N11221,ALIKA,EP,CP,pacific_ocean,eastern_pacific,2002-08-25T00:00:00Z,12.4,-151.5,TS,40.0,CS,40.0,hurdat_epa,0,40.0,True
CLS_01552,1,CS-SCS,Cyclonic Storm / Severe Cyclonic Storm,2002238N15250,GENEVIEVE,EP,MM,pacific_ocean,eastern_pacific,2002-08-28T03:00:00Z,14.9,-115.8,TS,60.0,SCS,,,0,60.0,True
CLS_01553,1,CS-SCS,Cyclonic Storm / Severe Cyclonic Storm,2002247S03067,ABAIMBA,SI,MM,south_indian_ocean,,2002-09-07T09:00:00Z,-4.2,55.8,TS,35.0,CS,,,0,35.0,True
CLS_01554,1,CS-SCS,Cyclonic Storm / Severe Cyclonic Storm,2002252N20121,HAGUPIT,WP,MM,pacific_ocean,western_pacific,2002-09-11T00:00:00Z,20.7,114.5,TS,40.0,CS,35.0,tokyo,0,35.0,True
CLS_01555,1,CS-SCS,Cyclonic Storm / Severe Cyclonic Storm,2002258N15256,ISELLE,EP,MM,pacific_ocean,eastern_pacific,2002-09-18T06:00:00Z,22.1,-114.3,TS,45.0,CS,45.0,hurdat_epa,0,45.0,True
CLS_01556,1,CS-SCS,Cyclonic Storm / Severe Cyclonic Storm,2002268N15258,JULIO,EP,MM,pacific_ocean,eastern_pacific,2002-09-25T21:00:00Z,17.5,-102.1,TS,40.0,CS,,,0,40.0,True
CLS_01557,1,CS-SCS,Cyclonic Storm / Severe Cyclonic Storm,2002264N13114,MEKKHALA,WP,MM,pacific_ocean,western_pacific,2002-09-26T06:00:00Z,19.6,108.6,TS,45.0,CS,40.0,tokyo,0,40.0,True
CLS_01558,1,CS-SCS,Cyclonic Storm / Severe Cyclonic Storm,2002268N15163,HIGOS,WP,MM,pacific_ocean,western_pacific,2002-10-01T21:00:00Z,42.5,141.5,TS,60.0,SCS,55.0,tokyo,0,55.0,True
CLS_01559,1,CS-SCS,Cyclonic Storm / Severe Cyclonic Storm,2002297N09206,HUKO,EP,CP,pacific_ocean,eastern_pacific,2002-10-26T21:00:00Z,11.5,203.4,TS,45.0,CS,,,0,45.0,True
CLS_01560,1,CS-SCS,Cyclonic Storm / Severe Cyclonic Storm,2002296N11230,LOWELL,EP,CP,pacific_ocean,eastern_pacific,2002-10-28T09:00:00Z,13.3,-144.8,TS,43.0,CS,,,0,43.0,True
CLS_01561,1,CS-SCS,Cyclonic Storm / Severe Cyclonic Storm,2002297N09206,HUKO,WP,MM,pacific_ocean,western_pacific,2002-11-06T18:00:00Z,27.2,168.9,TS,55.0,SCS,40.0,tokyo,0,40.0,True
CLS_01562,1,CS-SCS,Cyclonic Storm / Severe Cyclonic Storm,2002307S07070,ATANG,SI,MM,south_indian_ocean,,2002-11-10T00:00:00Z,-11.7,50.1,TS,35.0,CS,,,0,35.0,True
CLS_01563,1,CS-SCS,Cyclonic Storm / Severe Cyclonic Storm,2002314N12083,UNNAMED,NI,BB,north_indian_ocean,bay_of_bengal,2002-11-11T15:00:00Z,15.9,84.7,TS,35.0,CS,45.0,newdelhi,0,45.0,True
CLS_01564,1,CS-SCS,Cyclonic Storm / Severe Cyclonic Storm,2002319S06078,BOURA,SI,MM,south_indian_ocean,,2002-11-21T18:00:00Z,-14.2,54.9,TS,40.0,CS,38.0,reunion,0,38.0,True
CLS_01565,1,CS-SCS,Cyclonic Storm / Severe Cyclonic Storm,2002327N10089,UNNAMED,NI,BB,north_indian_ocean,bay_of_bengal,2002-11-24T00:00:00Z,13.2,88.1,TS,45.0,CS,30.0,newdelhi,0,30.0,True
CLS_01566,1,CS-SCS,Cyclonic Storm / Severe Cyclonic Storm,2002327N10089,UNNAMED,NI,BB,north_indian_ocean,bay_of_bengal,2002-11-24T12:00:00Z,14.7,88.2,TS,35.0,CS,35.0,newdelhi,0,35.0,True
CLS_01567,1,CS-SCS,Cyclonic Storm / Severe Cyclonic Storm,2002327N10089,UNNAMED,NI,BB,north_indian_ocean,bay_of_bengal,2002-11-25T00:00:00Z,15.2,88.1,TS,35.0,CS,35.0,newdelhi,0,35.0,True
CLS_01568,1,CS-SCS,Cyclonic Storm / Severe Cyclonic Storm,2002327N10089,UNNAMED,NI,BB,north_indian_ocean,bay_of_bengal,2002-11-25T12:00:00Z,15.4,87.9,TS,35.0,CS,35.0,newdelhi,0,35.0,True
CLS_01569,1,CS-SCS,Cyclonic Storm / Severe Cyclonic Storm,2002335S13182,YOLANDE,SP,MM,pacific_ocean,southern_pacific,2002-12-04T15:00:00Z,-19.6,-175.9,TS,35.0,CS,,,0,35.0,True
CLS_01570,1,CS-SCS,Cyclonic Storm / Severe Cyclonic Storm,2002335S13182,YOLANDE,SP,MM,pacific_ocean,southern_pacific,2002-12-05T06:00:00Z,-21.0,-173.0,TS,35.0,CS,35.0,nadi,0,35.0,True
CLS_01571,1,CS-SCS,Cyclonic Storm / Severe Cyclonic Storm,2002356S07070,CRYSTAL,SI,MM,south_indian_ocean,,2002-12-24T09:00:00Z,-13.2,63.7,TS,53.0,SCS,,,0,53.0,True
CLS_01572,1,CS-SCS,Cyclonic Storm / Severe Cyclonic Storm,2002364S16045,DELFINA,SI,MM,south_indian_ocean,,2002-12-31T21:00:00Z,-16.0,40.1,TS,53.0,SCS,,,0,53.0,True
CLS_01573,1,CS-SCS,Cyclonic Storm / Severe Cyclonic Storm,2003007S10072,EBULA,SI,MM,south_indian_ocean,,2003-01-12T06:00:00Z,-28.1,72.0,TS,35.0,CS,40.0,reunion,0,40.0,True
CLS_01574,1,CS-SCS,Cyclonic Storm / Severe Cyclonic Storm,2003011N02180,YANYAN,WP,MM,pacific_ocean,western_pacific,2003-01-19T06:00:00Z,14.9,148.4,TS,45.0,CS,35.0,tokyo,0,35.0,True
CLS_01575,1,CS-SCS,Cyclonic Storm / Severe Cyclonic Storm,2003025S16173,CILLA,SP,MM,pacific_ocean,southern_pacific,2003-01-27T09:00:00Z,-19.4,184.2,TS,35.0,CS,,,0,35.0,True
CLS_01576,1,CS-SCS,Cyclonic Storm / Severe Cyclonic Storm,2003025S16173,CILLA,SP,MM,pacific_ocean,southern_pacific,2003-01-28T09:00:00Z,-21.1,190.4,TS,35.0,CS,,,0,35.0,True
CLS_01577,1,CS-SCS,Cyclonic Storm / Severe Cyclonic Storm,2003021S11081,FARI,SI,MM,south_indian_ocean,,2003-01-28T15:00:00Z,-19.9,49.7,TS,50.0,SCS,,,0,50.0,True
CLS_01578,1,CS-SCS,Cyclonic Storm / Severe Cyclonic Storm,2003025S16173,CILLA,SP,MM,pacific_ocean,southern_pacific,2003-01-28T21:00:00Z,-22.0,192.2,TS,35.0,CS,,,0,35.0,True
CLS_01579,1,CS-SCS,Cyclonic Storm / Severe Cyclonic Storm,2003037S12061,GERRY,SI,MM,south_indian_ocean,,2003-02-10T12:00:00Z,-11.7,54.2,TS,50.0,SCS,40.0,reunion,0,40.0,True
CLS_01580,1,CS-SCS,Cyclonic Storm / Severe Cyclonic Storm,2003035S10099,ISHA,SI,MM,south_indian_ocean,,2003-02-11T18:00:00Z,-16.0,82.2,TS,35.0,CS,30.0,reunion,0,30.0,True
CLS_01581,1,CS-SCS,Cyclonic Storm / Severe Cyclonic Storm,2003056S17119,GRAHAM,SI,WA,south_indian_ocean,,2003-02-28T09:00:00Z,-18.8,120.9,TS,35.0,CS,,,0,35.0,True
CLS_01582,1,CS-SCS,Cyclonic Storm / Severe Cyclonic Storm,2003060S13103,HARRIET,SI,WA,south_indian_ocean,,2003-03-06T09:00:00Z,-18.8,115.3,TS,35.0,CS,,,0,35.0,True
CLS_01583,1,CS-SCS,Cyclonic Storm / Severe Cyclonic Storm,2003067S13130,CRAIG,SI,WA,south_indian_ocean,,2003-03-10T12:00:00Z,-11.4,131.2,TS,35.0,CS,50.0,bom,0,50.0,True
CLS_01584,1,CS-SCS,Cyclonic Storm / Severe Cyclonic Storm,2003067S13130,CRAIG,SP,EA,pacific_ocean,southern_pacific,2003-03-11T15:00:00Z,-12.3,135.1,TS,35.0,CS,35.0,bom,0,35.0,True
CLS_01585,1,CS-SCS,Cyclonic Storm / Severe Cyclonic Storm,2003067S13130,CRAIG,SP,EA,pacific_ocean,southern_pacific,2003-03-12T03:00:00Z,-13.6,139.0,TS,35.0,CS,45.0,bom,0,45.0,True
CLS_01586,1,CS-SCS,Cyclonic Storm / Severe Cyclonic Storm,2003103S14180,FILI,SP,MM,pacific_ocean,southern_pacific,2003-04-14T06:00:00Z,-16.1,-175.4,TS,35.0,CS,30.0,nadi,0,30.0,True
CLS_01587,1,CS-SCS,Cyclonic Storm / Severe Cyclonic Storm,2003103S14180,FILI,SP,MM,pacific_ocean,southern_pacific,2003-04-15T03:00:00Z,-26.9,-170.1,TS,40.0,CS,50.0,wellington,0,50.0,True
CLS_01588,1,CS-SCS,Cyclonic Storm / Severe Cyclonic Storm,2003122S11065,MANOU,SI,MM,south_indian_ocean,,2003-05-09T15:00:00Z,-19.9,48.9,TS,63.0,SCS,,,0,63.0,True
CLS_01589,1,CS-SCS,Cyclonic Storm / Severe Cyclonic Storm,2003129N05091,UNNAMED,NI,BB,north_indian_ocean,bay_of_bengal,2003-05-13T18:00:00Z,13.1,85.5,TS,55.0,SCS,65.0,newdelhi,0,65.0,True
CLS_01590,1,CS-SCS,Cyclonic Storm / Severe Cyclonic Storm,2003129N05091,UNNAMED,NI,BB,north_indian_ocean,bay_of_bengal,2003-05-14T12:00:00Z,14.5,86.0,TS,40.0,CS,45.0,newdelhi,0,45.0,True
CLS_01591,1,CS-SCS,Cyclonic Storm / Severe Cyclonic Storm,2003140N10258,ANDRES,EP,MM,pacific_ocean,eastern_pacific,2003-05-24T00:00:00Z,13.4,-127.6,TS,45.0,CS,45.0,hurdat_epa,0,45.0,True
CLS_01592,1,CS-SCS,Cyclonic Storm / Severe Cyclonic Storm,2003138N04148,CHAN-HOM,WP,MM,pacific_ocean,western_pacific,2003-05-26T03:00:00Z,29.1,159.6,TS,60.0,SCS,,,0,60.0,True
CLS_01593,1,CS-SCS,Cyclonic Storm / Severe Cyclonic Storm,2003155S10172,GINA,SP,MM,pacific_ocean,southern_pacific,2003-06-05T21:00:00Z,-13.0,167.5,TS,55.0,SCS,,,0,55.0,True
CLS_01594,1,CS-SCS,Cyclonic Storm / Severe Cyclonic Storm,2003155S10172,GINA,SP,MM,pacific_ocean,southern_pacific,2003-06-08T21:00:00Z,-17.1,162.6,TS,50.0,SCS,,,0,50.0,True
CLS_01595,1,CS-SCS,Cyclonic Storm / Severe Cyclonic Storm,2003187N14244,DOLORES,EP,MM,pacific_ocean,eastern_pacific,2003-07-06T12:00:00Z,14.6,-117.0,TS,35.0,CS,35.0,hurdat_epa,0,35.0,True
CLS_01596,1,CS-SCS,Cyclonic Storm / Severe Cyclonic Storm,2003192N14254,ENRIQUE,EP,MM,pacific_ocean,eastern_pacific,2003-07-12T09:00:00Z,16.7,-113.8,TS,55.0,SCS,,,0,55.0,True
CLS_01597,1,CS-SCS,Cyclonic Storm / Severe Cyclonic Storm,2003199N14255,FELICIA,EP,MM,pacific_ocean,eastern_pacific,2003-07-19T03:00:00Z,15.3,-114.0,TS,40.0,CS,,,0,40.0,True
CLS_01598,1,CS-SCS,Cyclonic Storm / Severe Cyclonic Storm,2003196N11137,KONI,WP,MM,pacific_ocean,western_pacific,2003-07-22T18:00:00Z,20.1,103.4,TS,35.0,CS,,tokyo,0,35.0,True
CLS_01599,1,CS-SCS,Cyclonic Storm / Severe Cyclonic Storm,2003212N12130,MORAKOT,WP,MM,pacific_ocean,western_pacific,2003-08-02T00:00:00Z,18.3,126.0,TS,35.0,CS,,tokyo,0,35.0,True
CLS_01600,1,CS-SCS,Cyclonic Storm / Severe Cyclonic Storm,2003221N14249,HILDA,EP,MM,pacific_ocean,eastern_pacific,2003-08-10T15:00:00Z,15.8,-117.3,TS,35.0,CS,,,0,35.0,True
CLS_01601,1,CS-SCS,Cyclonic Storm / Severe Cyclonic Storm,2003226N07156,KROVANH,WP,MM,pacific_ocean,western_pacific,2003-08-20T12:00:00Z,19.0,131.3,TS,45.0,CS,35.0,tokyo,0,35.0,True
CLS_01602,1,CS-SCS,Cyclonic Storm / Severe Cyclonic Storm,2003235N20253,IGNACIO,EP,MM,pacific_ocean,eastern_pacific,2003-08-26T03:00:00Z,24.5,-110.6,TS,63.0,SCS,,,0,63.0,True
CLS_01603,1,CS-SCS,Cyclonic Storm / Severe Cyclonic Storm,2003240N20139,DUJUAN,WP,MM,pacific_ocean,western_pacific,2003-08-28T21:00:00Z,16.1,136.0,TS,35.0,CS,,,0,35.0,True
CLS_01604,1,CS-SCS,Cyclonic Storm / Severe Cyclonic Storm,2003247N10153,MAEMI,WP,MM,pacific_ocean,western_pacific,2003-09-06T15:00:00Z,16.4,139.3,TS,48.0,SCS,,,0,48.0,True
CLS_01605,1,CS-SCS,Cyclonic Storm / Severe Cyclonic Storm,2003262N17254,MARTY,EP,MM,pacific_ocean,eastern_pacific,2003-09-23T03:00:00Z,27.7,-112.2,TS,55.0,SCS,,,0,55.0,True
CLS_01606,1,CS-SCS,Cyclonic Storm / Severe Cyclonic Storm,2003272S05066,ABAIMBA,SI,MM,south_indian_ocean,,2003-09-30T09:00:00Z,-4.5,65.3,TS,35.0,CS,,,0,35.0,True
CLS_01607,1,CS-SCS,Cyclonic Storm / Severe Cyclonic Storm,2003276N12262,OLAF,EP,MM,pacific_ocean,eastern_pacific,2003-10-06T03:00:00Z,17.5,-105.0,TS,48.0,SCS,,,0,48.0,True
CLS_01608,1,CS-SCS,Cyclonic Storm / Severe Cyclonic Storm,2003275N16252,NORA,EP,MM,pacific_ocean,eastern_pacific,2003-10-06T18:00:00Z,20.1,-113.9,TS,40.0,CS,40.0,hurdat_epa,0,40.0,True
CLS_01609,1,CS-SCS,Cyclonic Storm / Severe Cyclonic Storm,2003290N15132,KETSANA,WP,MM,pacific_ocean,western_pacific,2003-10-19T06:00:00Z,15.4,130.1,TS,40.0,CS,35.0,tokyo,0,35.0,True
CLS_01610,1,CS-SCS,Cyclonic Storm / Severe Cyclonic Storm,2003294N10260,PATRICIA,EP,MM,pacific_ocean,eastern_pacific,2003-10-21T03:00:00Z,10.7,-102.2,TS,50.0,SCS,,,0,50.0,True
CLS_01611,1,CS-SCS,Cyclonic Storm / Severe Cyclonic Storm,2003295N09101,UNNAMED,NI,BB,north_indian_ocean,bay_of_bengal,2003-10-27T06:00:00Z,14.6,89.0,TS,35.0,CS,30.0,newdelhi,0,30.0,True
CLS_01612,1,CS-SCS,Cyclonic Storm / Severe Cyclonic Storm,2003295N09101,UNNAMED,NI,BB,north_indian_ocean,bay_of_bengal,2003-10-27T21:00:00Z,16.7,85.0,TS,35.0,CS,30.0,newdelhi,0,30.0,True
CLS_01613,1,CS-SCS,Cyclonic Storm / Severe Cyclonic Storm,2003302N11133,MELOR,WP,MM,pacific_ocean,western_pacific,2003-11-03T18:00:00Z,23.8,123.7,TS,45.0,CS,,tokyo,0,45.0,True
CLS_01614,1,CS-SCS,Cyclonic Storm / Severe Cyclonic Storm,2003313S05079,BENI,SI,MM,south_indian_ocean,,2003-11-18T06:00:00Z,-11.4,75.0,TS,55.0,SCS,50.0,reunion,0,50.0,True
CLS_01615,1,CS-SCS,Cyclonic Storm / Severe Cyclonic Storm,2003340S07093,JANA,SI,WA,south_indian_ocean,,2003-12-07T06:00:00Z,-7.8,96.1,TS,40.0,CS,40.0,bom,0,40.0,True
CLS_01616,1,CS-SCS,Cyclonic Storm / Severe Cyclonic Storm,2003338S09065,CELA,SI,MM,south_indian_ocean,,2003-12-09T03:00:00Z,-13.1,51.7,TS,45.0,CS,,,0,45.0,True
CLS_01617,1,CS-SCS,Cyclonic Storm / Severe Cyclonic Storm,2003345N05092,UNNAMED,NI,BB,north_indian_ocean,bay_of_bengal,2003-12-15T03:00:00Z,14.1,81.7,TS,53.0,SCS,55.0,newdelhi,0,55.0,True
CLS_01618,1,CS-SCS,Cyclonic Storm / Severe Cyclonic Storm,2003350S10140,DEBBIE,SP,EA,pacific_ocean,southern_pacific,2003-12-19T00:00:00Z,-9.9,135.0,TS,40.0,CS,50.0,bom,0,50.0,True
CLS_01619,1,CS-SCS,Cyclonic Storm / Severe Cyclonic Storm,2003350S10140,DEBBIE,SI,WA,south_indian_ocean,,2003-12-19T21:00:00Z,-10.7,134.0,TS,55.0,SCS,65.0,bom,0,65.0,True
CLS_01620,1,CS-SCS,Cyclonic Storm / Severe Cyclonic Storm,2003358S06067,DARIUS,SI,MM,south_indian_ocean,,2004-01-02T09:00:00Z,-19.3,58.2,TS,55.0,SCS,,,0,55.0,True
CLS_01621,1,CS-SCS,Cyclonic Storm / Severe Cyclonic Storm,2004025S16044,ELITA,SI,MM,south_indian_ocean,,2004-01-27T09:00:00Z,-17.3,43.5,TS,35.0,CS,,,0,35.0,True
CLS_01622,1,CS-SCS,Cyclonic Storm / Severe Cyclonic Storm,2004028S06090,LINDA,SI,WA,south_indian_ocean,,2004-01-30T06:00:00Z,-11.8,95.3,TS,35.0,CS,35.0,bom,0,35.0,True
CLS_01623,1,CS-SCS,Cyclonic Storm / Severe Cyclonic Storm,2004042N08148,UNNAMED,WP,MM,pacific_ocean,western_pacific,2004-02-14T03:00:00Z,14.8,135.3,TS,35.0,CS,,,0,35.0,True
CLS_01624,1,CS-SCS,Cyclonic Storm / Severe Cyclonic Storm,2004056S18125,MONTY,SI,WA,south_indian_ocean,,2004-02-27T15:00:00Z,-19.3,119.3,TS,43.0,CS,40.0,bom,0,40.0,True
CLS_01625,1,CS-SCS,Cyclonic Storm / Severe Cyclonic Storm,2004068S13089,HELMA:NICKY,SI,WA,south_indian_ocean,,2004-03-09T18:00:00Z,-14.0,90.7,TS,45.0,CS,35.0,bom,0,35.0,True
CLS_01626,1,CS-SCS,Cyclonic Storm / Severe Cyclonic Storm,2004074N03143,UNNAMED,WP,MM,pacific_ocean,western_pacific,2004-03-19T12:00:00Z,11.9,127.1,TS,35.0,CS,,,0,35.0,True
CLS_01627,1,CS-SCS,Cyclonic Storm / Severe Cyclonic Storm,2004081S15148,GRACE,SP,EA,pacific_ocean,southern_pacific,2004-03-21T18:00:00Z,-19.9,154.5,TS,35.0,CS,45.0,bom,0,45.0,True
CLS_01628,1,CS-SCS,Cyclonic Storm / Severe Cyclonic Storm,2004081S12103,ITSANG:ITSENG:OSCAR,SI,WA,south_indian_ocean,,2004-03-27T15:00:00Z,-19.2,90.0,TS,48.0,SCS,,,0,48.0,True
CLS_01629,1,CS-SCS,Cyclonic Storm / Severe Cyclonic Storm,2004098S15173,UNNAMED,SP,MM,pacific_ocean,southern_pacific,2004-04-08T18:00:00Z,-19.6,180.7,TS,35.0,CS,,,0,35.0,True
CLS_01630,1,CS-SCS,Cyclonic Storm / Severe Cyclonic Storm,2004125N11074,UNNAMED,NI,AS,north_indian_ocean,arabian_sea,2004-05-05T18:00:00Z,11.2,73.1,TS,35.0,CS,35.0,newdelhi,0,35.0,True
CLS_01631,1,CS-SCS,Cyclonic Storm / Severe Cyclonic Storm,2004125N11074,UNNAMED,NI,AS,north_indian_ocean,arabian_sea,2004-05-07T12:00:00Z,12.8,72.6,TS,35.0,CS,55.0,newdelhi,0,55.0,True
CLS_01632,1,CS-SCS,Cyclonic Storm / Severe Cyclonic Storm,2004125N11074,UNNAMED,NI,AS,north_indian_ocean,arabian_sea,2004-05-08T21:00:00Z,14.3,72.7,TS,43.0,CS,45.0,newdelhi,0,45.0,True
CLS_01633,1,CS-SCS,Cyclonic Storm / Severe Cyclonic Storm,2004125S08084,JUBA,SI,MM,south_indian_ocean,,2004-05-12T21:00:00Z,-11.9,68.0,TS,48.0,SCS,,,0,48.0,True
CLS_01634,1,CS-SCS,Cyclonic Storm / Severe Cyclonic Storm,2004134N07132,NIDA,WP,MM,pacific_ocean,western_pacific,2004-05-14T09:00:00Z,8.7,131.2,TS,60.0,SCS,,,0,60.0,True
CLS_01635,1,CS-SCS,Cyclonic Storm / Severe Cyclonic Storm,2004135N09114,UNNAMED,WP,MM,pacific_ocean,western_pacific,2004-05-16T06:00:00Z,9.7,108.8,TS,35.0,CS,,,0,35.0,True
CLS_01636,1,CS-SCS,Cyclonic Storm / Severe Cyclonic Storm,2004136N15090,UNNAMED,NI,BB,north_indian_ocean,bay_of_bengal,2004-05-18T18:00:00Z,19.5,90.8,TS,55.0,SCS,65.0,newdelhi,0,65.0,True
CLS_01637,1,CS-SCS,Cyclonic Storm / Severe Cyclonic Storm,2004136N05148,OMAIS,WP,MM,pacific_ocean,western_pacific,2004-05-19T15:00:00Z,11.6,133.0,TS,60.0,SCS,,,0,60.0,True
CLS_01638,1,CS-SCS,Cyclonic Storm / Severe Cyclonic Storm,2004143N15252,AGATHA,EP,MM,pacific_ocean,eastern_pacific,2004-05-22T18:00:00Z,16.6,-109.6,TS,45.0,CS,45.0,hurdat_epa,0,45.0,True
CLS_01639,1,CS-SCS,Cyclonic Storm / Severe Cyclonic Storm,2004156N16117,CONSON,WP,MM,pacific_ocean,western_pacific,2004-06-06T18:00:00Z,16.3,118.6,TS,45.0,CS,35.0,tokyo,0,35.0,True
CLS_01640,1,CS-SCS,Cyclonic Storm / Severe Cyclonic Storm,2004158N07142,CHANTHU,WP,MM,pacific_ocean,western_pacific,2004-06-11T18:00:00Z,13.6,112.8,TS,60.0,SCS,45.0,tokyo,0,45.0,True
CLS_01641,1,CS-SCS,Cyclonic Storm / Severe Cyclonic Storm,2004174N14146,MINDULLE,WP,MM,pacific_ocean,western_pacific,2004-06-24T00:00:00Z,16.7,140.0,TS,45.0,CS,50.0,tokyo,0,50.0,True
CLS_01642,1,CS-SCS,Cyclonic Storm / Severe Cyclonic Storm,2004177N12154,TINGTING,WP,MM,pacific_ocean,western_pacific,2004-06-27T21:00:00Z,15.9,146.7,TS,63.0,SCS,,,0,63.0,True
CLS_01643,1,CS-SCS,Cyclonic Storm / Severe Cyclonic Storm,2004195N15255,BLAS,EP,MM,pacific_ocean,eastern_pacific,2004-07-12T21:00:00Z,15.9,-107.4,TS,40.0,CS,,,0,40.0,True
CLS_01644,1,CS-SCS,Cyclonic Storm / Severe Cyclonic Storm,2004201N14247,CELIA,EP,MM,pacific_ocean,eastern_pacific,2004-07-19T15:00:00Z,14.8,-115.3,TS,40.0,CS,,,0,40.0,True
CLS_01645,1,CS-SCS,Cyclonic Storm / Severe Cyclonic Storm,2004209N12247,DARBY,EP,MM,pacific_ocean,eastern_pacific,2004-07-27T09:00:00Z,13.0,-117.4,TS,50.0,SCS,,,0,50.0,True
CLS_01646,1,CS-SCS,Cyclonic Storm / Severe Cyclonic Storm,2004215N22148,MALOU,WP,MM,pacific_ocean,western_pacific,2004-08-04T03:00:00Z,31.0,136.9,TS,35.0,CS,40.0,tokyo,0,40.0,True
CLS_01647,1,CS-SCS,Cyclonic Storm / Severe Cyclonic Storm,2004219N15137,RANANIM,WP,MM,pacific_ocean,western_pacific,2004-08-08T06:00:00Z,17.8,130.2,TS,35.0,CS,,tokyo,0,35.0,True
CLS_01648,1,CS-SCS,Cyclonic Storm / Severe Cyclonic Storm,2004230N09172,CHABA,WP,MM,pacific_ocean,western_pacific,2004-08-20T00:00:00Z,13.9,157.9,TS,60.0,SCS,50.0,tokyo,0,50.0,True
CLS_01649,1,CS-SCS,Cyclonic Storm / Severe Cyclonic Storm,2004232N12228,ESTELLE,EP,CP,pacific_ocean,eastern_pacific,2004-08-21T06:00:00Z,14.6,-140.1,TS,55.0,SCS,55.0,hurdat_epa,0,55.0,True
CLS_01650,1,CS-SCS,Cyclonic Storm / Severe Cyclonic Storm,2004231N09147,AERE,WP,MM,pacific_ocean,western_pacific,2004-08-21T09:00:00Z,18.6,132.4,TS,60.0,SCS,,,0,60.0,True
CLS_01651,1,CS-SCS,Cyclonic Storm / Severe Cyclonic Storm,2004244N12257,HOWARD,EP,MM,pacific_ocean,eastern_pacific,2004-08-31T03:00:00Z,13.5,-105.1,TS,38.0,CS,,,0,38.0,True
CLS_01652,1,CS-SCS,Cyclonic Storm / Severe Cyclonic Storm,2004243S03088,PHOEBE,SI,WA,south_indian_ocean,,2004-09-02T18:00:00Z,-9.1,92.3,TS,55.0,SCS,45.0,bom,0,45.0,True
CLS_01653,1,CS-SCS,Cyclonic Storm / Severe Cyclonic Storm,2004248N14156,SARIKA,WP,MM,pacific_ocean,western_pacific,2004-09-07T03:00:00Z,22.4,138.4,TS,48.0,SCS,,,0,48.0,True
CLS_01654,1,CS-SCS,Cyclonic Storm / Severe Cyclonic Storm,2004279N14249,KAY,EP,MM,pacific_ocean,eastern_pacific,2004-10-05T09:00:00Z,14.2,-114.6,TS,38.0,CS,,,0,38.0,True
CLS_01655,1,CS-SCS,Cyclonic Storm / Severe Cyclonic Storm,2004275N14139,MA-ON,WP,MM,pacific_ocean,western_pacific,2004-10-05T21:00:00Z,20.4,133.8,TS,53.0,SCS,,,0,53.0,True
CLS_01656,1,CS-SCS,Cyclonic Storm / Severe Cyclonic Storm,2004286N14263,LESTER,EP,MM,pacific_ocean,eastern_pacific,2004-10-12T18:00:00Z,16.2,-99.2,TS,35.0,CS,35.0,hurdat_epa,0,35.0,True
CLS_01657,1,CS-SCS,Cyclonic Storm / Severe Cyclonic Storm,2004288N09164,NOCK-TEN,WP,MM,pacific_ocean,western_pacific,2004-10-25T21:00:00Z,27.9,124.5,TS,63.0,SCS,50.0,tokyo,0,50.0,True
CLS_01658,1,CS-SCS,Cyclonic Storm / Severe Cyclonic Storm,2004299S09063,UNNAMED,SI,MM,south_indian_ocean,,2004-10-28T06:00:00Z,-9.3,45.4,TS,35.0,CS,,,0,35.0,True
CLS_01659,1,CS-SCS,Cyclonic Storm / Severe Cyclonic Storm,2004312S05085,AROLA,SI,MM,south_indian_ocean,,2004-11-09T12:00:00Z,-10.7,76.0,TS,60.0,SCS,55.0,reunion,0,55.0,True
CLS_01660,1,CS-SCS,Cyclonic Storm / Severe Cyclonic Storm,2004333N06154,NANMADOL,WP,MM,pacific_ocean,western_pacific,2004-11-29T06:00:00Z,6.8,146.0,TS,55.0,SCS,35.0,tokyo,0,35.0,True
CLS_01661,1,CS-SCS,Cyclonic Storm / Severe Cyclonic Storm,2004338S09113,UNNAMED,SI,WA,south_indian_ocean,,2004-12-04T18:00:00Z,-12.3,108.4,TS,35.0,CS,,,0,35.0,True
CLS_01662,1,CS-SCS,Cyclonic Storm / Severe Cyclonic Storm,2004344N06178,TALAS,WP,MM,pacific_ocean,western_pacific,2004-12-13T03:00:00Z,10.1,146.2,TS,45.0,CS,,,0,45.0,True
CLS_01663,1,CS-SCS,Cyclonic Storm / Severe Cyclonic Storm,2004352N10154,NORU,WP,MM,pacific_ocean,western_pacific,2004-12-18T18:00:00Z,13.4,148.4,TS,35.0,CS,35.0,tokyo,0,35.0,True
CLS_01664,1,CS-SCS,Cyclonic Storm / Severe Cyclonic Storm,2004365S13120,RAYMOND,SI,WA,south_indian_ocean,,2005-01-01T15:00:00Z,-14.3,122.4,TS,35.0,CS,,,0,35.0,True
CLS_01665,1,CS-SCS,Cyclonic Storm / Severe Cyclonic Storm,2005006S09099,SALLY,SI,WA,south_indian_ocean,,2005-01-09T15:00:00Z,-15.5,98.6,TS,38.0,CS,,,0,38.0,True
CLS_01666,1,CS-SCS,Cyclonic Storm / Severe Cyclonic Storm,2005012N04090,UNNAMED,NI,BB,north_indian_ocean,bay_of_bengal,2005-01-14T15:00:00Z,5.3,87.1,TS,35.0,CS,,,0,35.0,True
CLS_01667,1,CS-SCS,Cyclonic Storm / Severe Cyclonic Storm,2005012N04090,UNNAMED,NI,BB,north_indian_ocean,bay_of_bengal,2005-01-15T06:00:00Z,5.3,86.8,TS,35.0,CS,35.0,newdelhi,0,35.0,True
CLS_01668,1,CS-SCS,Cyclonic Storm / Severe Cyclonic Storm,2005013S14124,UNNAMED,SI,WA,south_indian_ocean,,2005-01-15T12:00:00Z,-14.6,117.2,TS,35.0,CS,,,0,35.0,True
CLS_01669,1,CS-SCS,Cyclonic Storm / Severe Cyclonic Storm,2005013N05153,KULAP,WP,MM,pacific_ocean,western_pacific,2005-01-15T15:00:00Z,10.0,147.0,TS,43.0,CS,,,0,43.0,True
CLS_01670,1,CS-SCS,Cyclonic Storm / Severe Cyclonic Storm,2005015S06089,DAREN,SI,MM,south_indian_ocean,,2005-01-18T09:00:00Z,-11.4,82.3,TS,35.0,CS,,,0,35.0,True
CLS_01671,1,CS-SCS,Cyclonic Storm / Severe Cyclonic Storm,2005017S09061,ERNEST,SI,MM,south_indian_ocean,,2005-01-20T06:00:00Z,-12.8,45.3,TS,50.0,SCS,40.0,reunion,0,40.0,True
CLS_01672,1,CS-SCS,Cyclonic Storm / Severe Cyclonic Storm,2005022S14112,TIM,SI,WA,south_indian_ocean,,2005-01-23T18:00:00Z,-15.6,109.5,TS,35.0,CS,45.0,bom,0,45.0,True
CLS_01673,1,CS-SCS,Cyclonic Storm / Severe Cyclonic Storm,2005029S11072,GERARD,SI,MM,south_indian_ocean,,2005-02-04T06:00:00Z,-24.8,57.5,TS,60.0,SCS,60.0,reunion,0,60.0,True
CLS_01674,1,CS-SCS,Cyclonic Storm / Severe Cyclonic Storm,2005035S14136,HARVEY,SP,EA,pacific_ocean,southern_pacific,2005-02-06T21:00:00Z,-15.4,139.0,TS,43.0,CS,,,0,43.0,True
CLS_01675,1,CS-SCS,Cyclonic Storm / Severe Cyclonic Storm,2005035S15118,VIVIENNE,SI,WA,south_indian_ocean,,2005-02-07T15:00:00Z,-16.3,116.1,TS,35.0,CS,,,0,35.0,True
CLS_01676,1,CS-SCS,Cyclonic Storm / Severe Cyclonic Storm,2005035S14136,HARVEY,SP,EA,pacific_ocean,southern_pacific,2005-02-07T15:00:00Z,-17.0,136.8,TS,45.0,CS,40.0,bom,0,40.0,True
CLS_01677,1,CS-SCS,Cyclonic Storm / Severe Cyclonic Storm,2005042S12190,NANCY,SP,MM,pacific_ocean,southern_pacific,2005-02-12T21:00:00Z,-12.8,-165.6,TS,38.0,CS,,,0,38.0,True
CLS_01678,1,CS-SCS,Cyclonic Storm / Severe Cyclonic Storm,2005060S12179,RAE,SP,MM,pacific_ocean,southern_pacific,2005-03-06T03:00:00Z,-22.4,196.7,TS,35.0,CS,,,0,35.0,True
CLS_01679,1,CS-SCS,Cyclonic Storm / Severe Cyclonic Storm,2005067S12120,WILLY,SI,WA,south_indian_ocean,,2005-03-14T00:00:00Z,-21.2,107.3,TS,35.0,CS,35.0,bom,0,35.0,True
CLS_01680,1,CS-SCS,Cyclonic Storm / Severe Cyclonic Storm,2005071N06152,ROKE,WP,MM,pacific_ocean,western_pacific,2005-03-15T06:00:00Z,12.0,136.0,TS,55.0,SCS,40.0,tokyo,0,40.0,True
CLS_01681,1,CS-SCS,Cyclonic Storm / Severe Cyclonic Storm,2005079S10067,HENNIE,SI,MM,south_indian_ocean,,2005-03-23T18:00:00Z,-18.6,58.7,TS,55.0,SCS,50.0,reunion,0,50.0,True
CLS_01682,1,CS-SCS,Cyclonic Storm / Severe Cyclonic Storm,2005079S10067,HENNIE,SI,MM,south_indian_ocean,,2005-03-26T03:00:00Z,-23.7,61.2,TS,45.0,CS,,,0,45.0,True
CLS_01683,1,CS-SCS,Cyclonic Storm / Severe Cyclonic Storm,2005089S10085,ISANG,SI,MM,south_indian_ocean,,2005-04-06T00:00:00Z,-22.9,66.0,TS,50.0,SCS,55.0,reunion,0,55.0,True
CLS_01684,1,CS-SCS,Cyclonic Storm / Severe Cyclonic Storm,2005148N06156,NESAT,WP,MM,pacific_ocean,western_pacific,2005-05-30T21:00:00Z,9.7,146.0,TS,35.0,CS,,,0,35.0,True
CLS_01685,1,CS-SCS,Cyclonic Storm / Severe Cyclonic Storm,2005173N14258,BEATRIZ,EP,MM,pacific_ocean,eastern_pacific,2005-06-22T21:00:00Z,15.4,-106.5,TS,43.0,CS,,,0,43.0,True
CLS_01686,1,CS-SCS,Cyclonic Storm / Severe Cyclonic Storm,2005185N15261,DORA,EP,MM,pacific_ocean,eastern_pacific,2005-07-05T12:00:00Z,18.1,-103.8,TS,35.0,CS,35.0,hurdat_epa,0,35.0,True
CLS_01687,1,CS-SCS,Cyclonic Storm / Severe Cyclonic Storm,2005199N15256,EUGENE,EP,MM,pacific_ocean,eastern_pacific,2005-07-18T12:00:00Z,15.2,-104.3,TS,35.0,CS,35.0,hurdat_epa,0,35.0,True
CLS_01688,1,CS-SCS,Cyclonic Storm / Severe Cyclonic Storm,2005199N21168,NALGAE,WP,MM,pacific_ocean,western_pacific,2005-07-22T00:00:00Z,29.9,158.6,TS,35.0,CS,45.0,tokyo,0,45.0,True
CLS_01689,1,CS-SCS,Cyclonic Storm / Severe Cyclonic Storm,2005211N09141,MATSA,WP,MM,pacific_ocean,western_pacific,2005-08-01T18:00:00Z,16.2,129.9,TS,55.0,SCS,50.0,tokyo,0,50.0,True
CLS_01690,1,CS-SCS,Cyclonic Storm / Severe Cyclonic Storm,2005222N14246,FERNANDA,EP,MM,pacific_ocean,eastern_pacific,2005-08-10T00:00:00Z,14.8,-115.8,TS,35.0,CS,35.0,hurdat_epa,0,35.0,True
CLS_01691,1,CS-SCS,Cyclonic Storm / Severe Cyclonic Storm,2005222N14131,SANVU,WP,MM,pacific_ocean,western_pacific,2005-08-11T21:00:00Z,18.7,121.5,TS,48.0,SCS,,,0,48.0,True
CLS_01692,1,CS-SCS,Cyclonic Storm / Severe Cyclonic Storm,2005223N13251,GREG,EP,MM,pacific_ocean,eastern_pacific,2005-08-13T00:00:00Z,14.7,-113.5,TS,35.0,CS,35.0,hurdat_epa,0,35.0,True
CLS_01693,1,CS-SCS,Cyclonic Storm / Severe Cyclonic Storm,2005230N20144,MAWAR,WP,MM,pacific_ocean,western_pacific,2005-08-20T00:00:00Z,20.8,142.1,TS,45.0,CS,40.0,tokyo,0,40.0,True
CLS_01694,1,CS-SCS,Cyclonic Storm / Severe Cyclonic Storm,2005229N21156,GUCHOL,WP,MM,pacific_ocean,western_pacific,2005-08-24T15:00:00Z,38.6,156.4,TS,55.0,SCS,,,0,55.0,True
CLS_01695,1,CS-SCS,Cyclonic Storm / Severe Cyclonic Storm,2005232N13263,HILARY,EP,MM,pacific_ocean,eastern_pacific,2005-08-25T00:00:00Z,22.7,-118.4,TS,45.0,CS,45.0,hurdat_epa,0,45.0,True
CLS_01696,1,CS-SCS,Cyclonic Storm / Severe Cyclonic Storm,2005238N17255,IRWIN,EP,MM,pacific_ocean,eastern_pacific,2005-08-27T00:00:00Z,17.4,-110.5,TS,40.0,CS,40.0,hurdat_epa,0,40.0,True
CLS_01697,1,CS-SCS,Cyclonic Storm / Severe Cyclonic Storm,2005237N14148,TALIM,WP,MM,pacific_ocean,western_pacific,2005-08-28T03:00:00Z,18.8,138.3,TS,63.0,SCS,,,0,63.0,True
CLS_01698,1,CS-SCS,Cyclonic Storm / Severe Cyclonic Storm,2005248N08142,KHANUN,WP,MM,pacific_ocean,western_pacific,2005-09-05T21:00:00Z,10.3,138.3,TS,35.0,CS,,,0,35.0,True
CLS_01699,1,CS-SCS,Cyclonic Storm / Severe Cyclonic Storm,2005257N15120,VICENTE,WP,MM,pacific_ocean,western_pacific,2005-09-17T03:00:00Z,14.5,114.2,TS,35.0,CS,,,0,35.0,True
CLS_01700,1,CS-SCS,Cyclonic Storm / Severe Cyclonic Storm,2005261N13245,LIDIA,EP,MM,pacific_ocean,eastern_pacific,2005-09-18T09:00:00Z,12.4,-115.4,TS,35.0,CS,,,0,35.0,True
CLS_01701,1,CS-SCS,Cyclonic Storm / Severe Cyclonic Storm,2005261N14252,MAX,EP,MM,pacific_ocean,eastern_pacific,2005-09-21T15:00:00Z,21.6,-120.7,TS,50.0,SCS,,,0,50.0,True
CLS_01702,1,CS-SCS,Cyclonic Storm / Severe Cyclonic Storm,2005266N15252,NORMA,EP,MM,pacific_ocean,eastern_pacific,2005-09-24T09:00:00Z,15.8,-110.5,TS,45.0,CS,,,0,45.0,True
CLS_01703,1,CS-SCS,Cyclonic Storm / Severe Cyclonic Storm,2005274N17086,UNNAMED,NI,BB,north_indian_ocean,bay_of_bengal,2005-10-02T18:00:00Z,20.7,87.6,TS,40.0,CS,,,0,40.0,True
CLS_01704,1,CS-SCS,Cyclonic Storm / Severe Cyclonic Storm,2005268N19146,LONGWANG,WP,MM,pacific_ocean,western_pacific,2005-10-02T18:00:00Z,24.8,117.7,TS,55.0,SCS,35.0,tokyo,0,35.0,True
CLS_01705,1,CS-SCS,Cyclonic Storm / Severe Cyclonic Storm,2005274N17086,UNNAMED,NI,BB,north_indian_ocean,bay_of_bengal,2005-10-03T06:00:00Z,22.2,88.1,TS,35.0,CS,,,0,35.0,True
CLS_01706,1,CS-SCS,Cyclonic Storm / Severe Cyclonic Storm,2005271N17255,OTIS,EP,MM,pacific_ocean,eastern_pacific,2005-10-03T06:00:00Z,23.9,-112.7,TS,40.0,CS,40.0,hurdat_epa,0,40.0,True
CLS_01707,1,CS-SCS,Cyclonic Storm / Severe Cyclonic Storm,2005287S09084,UNNAMED,SI,MM,south_indian_ocean,,2005-10-15T12:00:00Z,-13.9,80.6,TS,35.0,CS,,,0,35.0,True
CLS_01708,1,CS-SCS,Cyclonic Storm / Severe Cyclonic Storm,2005298N12088,UNNAMED,NI,BB,north_indian_ocean,bay_of_bengal,2005-10-27T03:00:00Z,13.0,82.2,TS,35.0,CS,30.0,newdelhi,0,30.0,True
CLS_01709,1,CS-SCS,Cyclonic Storm / Severe Cyclonic Storm,2005308S07098,UNNAMED,SI,WA,south_indian_ocean,,2005-11-06T18:00:00Z,-12.0,91.3,TS,35.0,CS,,,0,35.0,True
CLS_01710,1,CS-SCS,Cyclonic Storm / Severe Cyclonic Storm,2005330N09096,BAAZ,NI,BB,north_indian_ocean,bay_of_bengal,2005-11-28T12:00:00Z,10.6,88.3,TS,35.0,CS,30.0,newdelhi,0,30.0,True
CLS_01711,1,CS-SCS,Cyclonic Storm / Severe Cyclonic Storm,2005330N09096,BAAZ,NI,BB,north_indian_ocean,bay_of_bengal,2005-11-30T12:00:00Z,12.6,84.2,TS,40.0,CS,35.0,newdelhi,0,35.0,True
CLS_01712,1,CS-SCS,Cyclonic Storm / Severe Cyclonic Storm,2005330N09096,BAAZ,NI,BB,north_indian_ocean,bay_of_bengal,2005-12-01T09:00:00Z,12.7,83.5,TS,40.0,CS,35.0,newdelhi,0,35.0,True
CLS_01713,1,CS-SCS,Cyclonic Storm / Severe Cyclonic Storm,2005338N09093,FANOOS,NI,BB,north_indian_ocean,bay_of_bengal,2005-12-06T06:00:00Z,11.3,89.1,TS,35.0,CS,25.0,newdelhi,0,25.0,True
CLS_01714,1,CS-SCS,Cyclonic Storm / Severe Cyclonic Storm,2005338N09093,FANOOS,NI,BB,north_indian_ocean,bay_of_bengal,2005-12-06T18:00:00Z,11.2,88.1,TS,50.0,SCS,30.0,newdelhi,0,30.0,True
CLS_01715,1,CS-SCS,Cyclonic Storm / Severe Cyclonic Storm,2005350N08127,UNNAMED,WP,MM,pacific_ocean,western_pacific,2005-12-18T21:00:00Z,8.5,112.0,TS,38.0,CS,,,0,38.0,True
CLS_01716,1,CS-SCS,Cyclonic Storm / Severe Cyclonic Storm,2005351S09084,UNNAMED,SI,MM,south_indian_ocean,,2005-12-24T12:00:00Z,-13.0,83.8,TS,35.0,CS,,,0,35.0,True
CLS_01717,1,CS-SCS,Cyclonic Storm / Severe Cyclonic Storm,2006006S11129,CLARE,SI,WA,south_indian_ocean,,2006-01-09T00:00:00Z,-18.8,117.6,TS,60.0,SCS,70.0,bom,0,70.0,True
CLS_01718,1,CS-SCS,Cyclonic Storm / Severe Cyclonic Storm,2006007S15182,TAM,SP,MM,pacific_ocean,southern_pacific,2006-01-13T06:00:00Z,-18.5,188.8,TS,40.0,CS,45.0,nadi,0,45.0,True
CLS_01719,1,CS-SCS,Cyclonic Storm / Severe Cyclonic Storm,2006012N03081,UNNAMED,NI,AS,north_indian_ocean,arabian_sea,2006-01-13T12:00:00Z,4.9,77.1,TS,35.0,CS,25.0,newdelhi,0,25.0,True
CLS_01720,1,CS-SCS,Cyclonic Storm / Severe Cyclonic Storm,2006007S15182,TAM,SP,MM,pacific_ocean,southern_pacific,2006-01-13T21:00:00Z,-25.4,191.5,TS,35.0,CS,,,0,35.0,True
CLS_01721,1,CS-SCS,Cyclonic Storm / Severe Cyclonic Storm,2006012N03081,UNNAMED,NI,AS,north_indian_ocean,arabian_sea,2006-01-14T00:00:00Z,5.7,75.6,TS,45.0,CS,25.0,newdelhi,0,25.0,True
CLS_01722,1,CS-SCS,Cyclonic Storm / Severe Cyclonic Storm,2006013S13184,URMIL,SP,MM,pacific_ocean,southern_pacific,2006-01-14T03:00:00Z,-17.0,-173.6,TS,53.0,SCS,,,0,53.0,True
CLS_01723,1,CS-SCS,Cyclonic Storm / Severe Cyclonic Storm,2006012N03081,UNNAMED,NI,AS,north_indian_ocean,arabian_sea,2006-01-14T15:00:00Z,6.9,72.9,TS,43.0,CS,25.0,newdelhi,0,25.0,True
CLS_01724,1,CS-SCS,Cyclonic Storm / Severe Cyclonic Storm,2006013S13184,URMIL,SP,MM,pacific_ocean,southern_pacific,2006-01-14T21:00:00Z,-23.2,-171.6,TS,58.0,SCS,,,0,58.0,True
CLS_01725,1,CS-SCS,Cyclonic Storm / Severe Cyclonic Storm,2006017S15126,DARYL,SI,WA,south_indian_ocean,,2006-01-21T03:00:00Z,-19.5,116.6,TS,48.0,SCS,,,0,48.0,True
CLS_01726,1,CS-SCS,Cyclonic Storm / Severe Cyclonic Storm,2006025S18147,JIM,SP,EA,pacific_ocean,southern_pacific,2006-01-28T18:00:00Z,-16.8,153.5,TS,45.0,CS,50.0,bom,0,50.0,True
CLS_01727,1,CS-SCS,Cyclonic Storm / Severe Cyclonic Storm,2006021S11053,BOLOETSE,SI,MM,south_indian_ocean,,2006-01-31T18:00:00Z,-19.5,39.0,TS,35.0,CS,35.0,reunion,0,35.0,True
CLS_01728,1,CS-SCS,Cyclonic Storm / Severe Cyclonic Storm,2006025S18147,JIM,SP,MM,pacific_ocean,southern_pacific,2006-02-01T12:00:00Z,-30.5,174.9,TS,35.0,CS,,,0,35.0,True
CLS_01729,1,CS-SCS,Cyclonic Storm / Severe Cyclonic Storm,2006040S15181,VAIANU,SP,MM,pacific_ocean,southern_pacific,2006-02-11T21:00:00Z,-17.9,-175.7,TS,43.0,CS,,,0,43.0,True
CLS_01730,1,CS-SCS,Cyclonic Storm / Severe Cyclonic Storm,2006040S15181,VAIANU,SP,MM,pacific_ocean,southern_pacific,2006-02-15T15:00:00Z,-26.4,-170.3,TS,45.0,CS,,,0,45.0,True
CLS_01731,1,CS-SCS,Cyclonic Storm / Severe Cyclonic Storm,2006049S16051,UNNAMED,SI,MM,south_indian_ocean,,2006-02-19T12:00:00Z,-18.4,56.1,TS,35.0,CS,45.0,reunion,0,45.0,True
CLS_01732,1,CS-SCS,Cyclonic Storm / Severe Cyclonic Storm,2006054S09082,CARINA,SI,MM,south_indian_ocean,,2006-02-23T06:00:00Z,-10.3,81.7,TS,35.0,CS,25.0,reunion,0,25.0,True
CLS_01733,1,CS-SCS,Cyclonic Storm / Severe Cyclonic Storm,2006053S11144,KATE,SP,EA,pacific_ocean,southern_pacific,2006-02-23T18:00:00Z,-11.4,146.8,TS,40.0,CS,30.0,bom,0,30.0,True
CLS_01734,1,CS-SCS,Cyclonic Storm / Severe Cyclonic Storm,2006057S12114,EMMA,SI,WA,south_indian_ocean,,2006-02-27T21:00:00Z,-19.9,115.5,TS,35.0,CS,40.0,bom,0,40.0,True
CLS_01735,1,CS-SCS,Cyclonic Storm / Severe Cyclonic Storm,2006060N04141,UNNAMED,WP,MM,pacific_ocean,western_pacific,2006-03-05T06:00:00Z,7.1,137.7,TS,35.0,CS,,,0,35.0,True
CLS_01736,1,CS-SCS,Cyclonic Storm / Severe Cyclonic Storm,2006060S13058,DIWA,SI,MM,south_indian_ocean,,2006-03-06T15:00:00Z,-23.3,52.7,TS,45.0,CS,,,0,45.0,True
CLS_01737,1,CS-SCS,Cyclonic Storm / Severe Cyclonic Storm,2006074S13158,LARRY,SP,EA,pacific_ocean,southern_pacific,2006-03-18T03:00:00Z,-17.2,156.1,TS,40.0,CS,,,0,40.0,True
CLS_01738,1,CS-SCS,Cyclonic Storm / Severe Cyclonic Storm,2006093S15115,HUBERT,SI,WA,south_indian_ocean,,2006-04-05T18:00:00Z,-17.3,116.2,TS,45.0,CS,40.0,bom,0,40.0,True
CLS_01739,1,CS-SCS,Cyclonic Storm / Severe Cyclonic Storm,2006094S08087,ELIA,SI,MM,south_indian_ocean,,2006-04-13T15:00:00Z,-13.4,89.4,TS,45.0,CS,,,0,45.0,True
CLS_01740,1,CS-SCS,Cyclonic Storm / Severe Cyclonic Storm,2006147N15259,ALETTA,EP,MM,pacific_ocean,eastern_pacific,2006-05-29T03:00:00Z,16.0,-101.2,TS,38.0,CS,,,0,38.0,True
CLS_01741,1,CS-SCS,Cyclonic Storm / Severe Cyclonic Storm,2006174N08135,JELAWAT,WP,MM,pacific_ocean,western_pacific,2006-06-27T18:00:00Z,18.5,112.8,TS,45.0,CS,35.0,tokyo,0,35.0,True
CLS_01742,1,CS-SCS,Cyclonic Storm / Severe Cyclonic Storm,2006188N10143,BILIS,WP,MM,pacific_ocean,western_pacific,2006-07-12T00:00:00Z,20.9,126.1,TS,45.0,CS,55.0,tokyo,0,55.0,True
CLS_01743,1,CS-SCS,Cyclonic Storm / Severe Cyclonic Storm,2006193N13258,CARLOTTA,EP,MM,pacific_ocean,eastern_pacific,2006-07-12T21:00:00Z,15.7,-106.7,TS,55.0,SCS,,,0,55.0,True
CLS_01744,1,CS-SCS,Cyclonic Storm / Severe Cyclonic Storm,2006192N13250,BUD,EP,MM,pacific_ocean,eastern_pacific,2006-07-15T00:00:00Z,19.9,-129.2,TS,35.0,CS,35.0,hurdat_epa,0,35.0,True
CLS_01745,1,CS-SCS,Cyclonic Storm / Severe Cyclonic Storm,2006203N12257,EMILIA,EP,MM,pacific_ocean,eastern_pacific,2006-07-22T09:00:00Z,14.3,-104.0,TS,35.0,CS,,,0,35.0,True
CLS_01746,1,CS-SCS,Cyclonic Storm / Severe Cyclonic Storm,2006213N13256,GILMA,EP,MM,pacific_ocean,eastern_pacific,2006-08-01T15:00:00Z,14.0,-105.3,TS,35.0,CS,,,0,35.0,True
CLS_01747,1,CS-SCS,Cyclonic Storm / Severe Cyclonic Storm,2006213N14239,FABIO,EP,MM,pacific_ocean,eastern_pacific,2006-08-02T15:00:00Z,14.9,-131.2,TS,38.0,CS,,,0,38.0,True
CLS_01748,1,CS-SCS,Cyclonic Storm / Severe Cyclonic Storm,2006209N13130,PRAPIROON,WP,MM,pacific_ocean,western_pacific,2006-08-04T00:00:00Z,22.3,109.5,TS,45.0,CS,50.0,tokyo,0,50.0,True
CLS_01749,1,CS-SCS,Cyclonic Storm / Severe Cyclonic Storm,2006217N20134,BOPHA,WP,MM,pacific_ocean,western_pacific,2006-08-07T15:00:00Z,23.1,126.7,TS,45.0,CS,50.0,tokyo,0,50.0,True
CLS_01750,1,CS-SCS,Cyclonic Storm / Severe Cyclonic Storm,2006225N17126,SONAMU,WP,MM,pacific_ocean,western_pacific,2006-08-14T12:00:00Z,19.6,132.4,TS,40.0,CS,35.0,tokyo,0,35.0,True
CLS_01751,1,CS-SCS,Cyclonic Storm / Severe Cyclonic Storm,2006228N13247,HECTOR,EP,MM,pacific_ocean,eastern_pacific,2006-08-21T09:00:00Z,21.3,-134.9,TS,45.0,CS,,,0,45.0,True
CLS_01752,1,CS-SCS,Cyclonic Storm / Severe Cyclonic Storm,2006242N16246,KRISTY,EP,MM,pacific_ocean,eastern_pacific,2006-09-03T18:00:00Z,17.8,-118.1,TS,35.0,CS,35.0,hurdat_epa,0,35.0,True
CLS_01753,1,CS-SCS,Cyclonic Storm / Severe Cyclonic Storm,2006259N19155,YAGI,WP,MM,pacific_ocean,western_pacific,2006-09-18T09:00:00Z,20.4,159.2,TS,58.0,SCS,,,0,58.0,True
CLS_01754,1,CS-SCS,Cyclonic Storm / Severe Cyclonic Storm,2006262N19069,MUKDA,NI,AS,north_indian_ocean,arabian_sea,2006-09-23T09:00:00Z,20.7,67.1,TS,50.0,SCS,45.0,newdelhi,0,45.0,True
CLS_01755,1,CS-SCS,Cyclonic Storm / Severe Cyclonic Storm,2006268N12129,XANGSANE,WP,MM,pacific_ocean,western_pacific,2006-09-26T09:00:00Z,12.0,127.0,TS,50.0,SCS,,,0,50.0,True
CLS_01756,1,CS-SCS,Cyclonic Storm / Severe Cyclonic Storm,2006272N13144,BEBINCA,WP,MM,pacific_ocean,western_pacific,2006-10-05T03:00:00Z,25.2,134.6,TS,35.0,CS,,,0,35.0,True
CLS_01757,1,CS-SCS,Cyclonic Storm / Severe Cyclonic Storm,2006282N14243,NORMAN,EP,MM,pacific_ocean,eastern_pacific,2006-10-09T21:00:00Z,16.1,-117.9,TS,43.0,CS,,,0,43.0,True
CLS_01758,1,CS-SCS,Cyclonic Storm / Severe Cyclonic Storm,2006283N13232,OLIVIA,EP,MM,pacific_ocean,eastern_pacific,2006-10-11T00:00:00Z,16.2,-125.7,TS,40.0,CS,40.0,hurdat_epa,0,40.0,True
CLS_01759,1,CS-SCS,Cyclonic Storm / Severe Cyclonic Storm,2006294S10168,XAVIER,SP,MM,pacific_ocean,southern_pacific,2006-10-22T09:00:00Z,-11.0,167.4,TS,50.0,SCS,,,0,50.0,True
CLS_01760,1,CS-SCS,Cyclonic Storm / Severe Cyclonic Storm,2006298N12143,CIMARON,WP,MM,pacific_ocean,western_pacific,2006-10-27T06:00:00Z,13.0,131.0,TS,40.0,CS,35.0,tokyo,0,35.0,True
CLS_01761,1,CS-SCS,Cyclonic Storm / Severe Cyclonic Storm,2006300N07078,UNNAMED,NI,BB,north_indian_ocean,bay_of_bengal,2006-10-29T06:00:00Z,14.7,80.5,TS,40.0,CS,25.0,newdelhi,0,25.0,True
CLS_01762,1,CS-SCS,Cyclonic Storm / Severe Cyclonic Storm,2006300N07078,UNNAMED,NI,BB,north_indian_ocean,bay_of_bengal,2006-10-29T18:00:00Z,15.5,80.5,TS,55.0,SCS,35.0,newdelhi,0,35.0,True
CLS_01763,1,CS-SCS,Cyclonic Storm / Severe Cyclonic Storm,2006300N07078,UNNAMED,NI,BB,north_indian_ocean,bay_of_bengal,2006-10-30T06:00:00Z,15.8,80.2,TS,40.0,CS,30.0,newdelhi,0,30.0,True
CLS_01764,1,CS-SCS,Cyclonic Storm / Severe Cyclonic Storm,2006312N13256,ROSA,EP,MM,pacific_ocean,eastern_pacific,2006-11-09T09:00:00Z,15.0,-105.3,TS,35.0,CS,,,0,35.0,True
CLS_01765,1,CS-SCS,Cyclonic Storm / Severe Cyclonic Storm,2006311N16143,CHEBI,WP,MM,pacific_ocean,western_pacific,2006-11-09T12:00:00Z,15.9,130.1,TS,45.0,CS,35.0,tokyo,0,35.0,True
CLS_01766,1,CS-SCS,Cyclonic Storm / Severe Cyclonic Storm,2006318N12256,SERGIO,EP,MM,pacific_ocean,eastern_pacific,2006-11-17T21:00:00Z,14.1,-102.7,TS,40.0,CS,,,0,40.0,True
CLS_01767,1,CS-SCS,Cyclonic Storm / Severe Cyclonic Storm,2006322S09172,YANI,SP,MM,pacific_ocean,southern_pacific,2006-11-22T03:00:00Z,-12.3,162.5,TS,45.0,CS,,,0,45.0,True
CLS_01768,1,CS-SCS,Cyclonic Storm / Severe Cyclonic Storm,2006322S09172,YANI,SP,MM,pacific_ocean,southern_pacific,2006-11-23T00:00:00Z,-12.9,162.9,TS,55.0,SCS,60.0,nadi,0,60.0,True
CLS_01769,1,CS-SCS,Cyclonic Storm / Severe Cyclonic Storm,2006322S09172,YANI,SP,MM,pacific_ocean,southern_pacific,2006-11-24T09:00:00Z,-13.8,162.1,TS,40.0,CS,,,0,40.0,True
CLS_01770,1,CS-SCS,Cyclonic Storm / Severe Cyclonic Storm,2006329N06150,DURIAN,WP,MM,pacific_ocean,western_pacific,2006-11-27T00:00:00Z,10.3,139.7,TS,35.0,CS,40.0,tokyo,0,40.0,True
CLS_01771,1,CS-SCS,Cyclonic Storm / Severe Cyclonic Storm,2006330S06049,ANITA,SI,MM,south_indian_ocean,,2006-11-30T03:00:00Z,-11.8,41.9,TS,43.0,CS,,,0,43.0,True
CLS_01772,1,CS-SCS,Cyclonic Storm / Severe Cyclonic Storm,2006335S10164,UNNAMED,SP,MM,pacific_ocean,southern_pacific,2006-12-01T12:00:00Z,-11.7,164.9,TS,35.0,CS,,,0,35.0,True
CLS_01773,1,CS-SCS,Cyclonic Storm / Severe Cyclonic Storm,2006340N08142,UTOR,WP,MM,pacific_ocean,western_pacific,2006-12-08T15:00:00Z,10.8,128.4,TS,55.0,SCS,,,0,55.0,True
CLS_01774,1,CS-SCS,Cyclonic Storm / Severe Cyclonic Storm,2006364S12058,CLOVIS,SI,MM,south_indian_ocean,,2007-01-02T00:00:00Z,-19.3,51.5,TS,60.0,SCS,52.0,reunion,0,52.0,True
CLS_01775,1,CS-SCS,Cyclonic Storm / Severe Cyclonic Storm,2006365S12114,ISOBEL,SI,WA,south_indian_ocean,,2007-01-02T18:00:00Z,-17.6,119.6,TS,40.0,CS,30.0,bom,0,30.0,True
CLS_01776,1,CS-SCS,Cyclonic Storm / Severe Cyclonic Storm,2007021S12195,ZITA,SP,MM,pacific_ocean,southern_pacific,2007-01-23T00:00:00Z,-15.0,-155.8,TS,50.0,SCS,45.0,nadi,0,45.0,True
CLS_01777,1,CS-SCS,Cyclonic Storm / Severe Cyclonic Storm,2007021S12195,ZITA,SP,MM,pacific_ocean,southern_pacific,2007-01-24T00:00:00Z,-21.8,-151.6,TS,45.0,CS,50.0,nadi,0,50.0,True
CLS_01778,1,CS-SCS,Cyclonic Storm / Severe Cyclonic Storm,2007021S12183,ARTHUR,SP,MM,pacific_ocean,southern_pacific,2007-01-25T09:00:00Z,-16.7,-158.0,TS,58.0,SCS,,,0,58.0,True
CLS_01779,1,CS-SCS,Cyclonic Storm / Severe Cyclonic Storm,2007021S12183,ARTHUR,SP,MM,pacific_ocean,southern_pacific,2007-01-26T03:00:00Z,-20.2,-153.1,TS,50.0,SCS,,,0,50.0,True
CLS_01780,1,CS-SCS,Cyclonic Storm / Severe Cyclonic Storm,2007021S12183,ARTHUR,SP,MM,pacific_ocean,southern_pacific,2007-01-27T03:00:00Z,-27.5,-147.7,TS,43.0,CS,,,0,43.0,True
CLS_01781,1,CS-SCS,Cyclonic Storm / Severe Cyclonic Storm,2007033S12177,UNNAMED,SP,MM,pacific_ocean,southern_pacific,2007-02-04T06:00:00Z,-17.2,179.9,TS,35.0,CS,,,0,35.0,True
CLS_01782,1,CS-SCS,Cyclonic Storm / Severe Cyclonic Storm,2007032S11137,NELSON,SP,EA,pacific_ocean,southern_pacific,2007-02-06T06:00:00Z,-16.0,140.3,TS,35.0,CS,45.0,bom,0,45.0,True
CLS_01783,1,CS-SCS,Cyclonic Storm / Severe Cyclonic Storm,2007032S11137,NELSON,SP,EA,pacific_ocean,southern_pacific,2007-02-07T00:00:00Z,-16.4,141.7,TS,35.0,CS,35.0,bom,0,35.0,True
CLS_01784,1,CS-SCS,Cyclonic Storm / Severe Cyclonic Storm,2007037S19050,ENOK,SI,MM,south_indian_ocean,,2007-02-10T21:00:00Z,-20.1,63.7,TS,38.0,CS,,,0,38.0,True
CLS_01785,1,CS-SCS,Cyclonic Storm / Severe Cyclonic Storm,2007058S12135,GEORGE,SI,WA,south_indian_ocean,,2007-03-06T12:00:00Z,-14.9,120.8,TS,45.0,CS,45.0,bom,0,45.0,True
CLS_01786,1,CS-SCS,Cyclonic Storm / Severe Cyclonic Storm,2007062S14119,JACOB,SI,WA,south_indian_ocean,,2007-03-07T00:00:00Z,-12.7,108.3,TS,35.0,CS,40.0,bom,0,40.0,True
CLS_01787,1,CS-SCS,Cyclonic Storm / Severe Cyclonic Storm,2007066S12066,INDLALA,SI,MM,south_indian_ocean,,2007-03-11T18:00:00Z,-13.3,58.5,TS,35.0,CS,30.0,reunion,0,30.0,True
CLS_01788,1,CS-SCS,Cyclonic Storm / Severe Cyclonic Storm,2007082S16125,KARA,SI,WA,south_indian_ocean,,2007-03-28T00:00:00Z,-19.2,121.0,TS,35.0,CS,35.0,bom,0,35.0,True
CLS_01789,1,CS-SCS,Cyclonic Storm / Severe Cyclonic Storm,2007084S12157,BECKY,SP,MM,pacific_ocean,southern_pacific,2007-03-29T03:00:00Z,-20.8,167.5,TS,38.0,CS,,,0,38.0,True
CLS_01790,1,CS-SCS,Cyclonic Storm / Severe Cyclonic Storm,2007091S14175,CLIFF,SP,MM,pacific_ocean,southern_pacific,2007-04-04T12:00:00Z,-17.9,181.3,TS,45.0,CS,40.0,nadi,0,40.0,True
CLS_01791,1,CS-SCS,Cyclonic Storm / Severe Cyclonic Storm,2007091S14175,CLIFF,SP,MM,pacific_ocean,southern_pacific,2007-04-05T00:00:00Z,-20.0,182.4,TS,45.0,CS,45.0,nadi,0,45.0,True
CLS_01792,1,CS-SCS,Cyclonic Storm / Severe Cyclonic Storm,2007091S14175,CLIFF,SP,MM,pacific_ocean,southern_pacific,2007-04-06T09:00:00Z,-26.9,189.7,TS,38.0,CS,,,0,38.0,True
CLS_01793,1,CS-SCS,Cyclonic Storm / Severe Cyclonic Storm,2007133N15091,AKASH,NI,BB,north_indian_ocean,bay_of_bengal,2007-05-14T00:00:00Z,17.2,91.4,TS,50.0,SCS,45.0,newdelhi,0,45.0,True
CLS_01794,1,CS-SCS,Cyclonic Storm / Severe Cyclonic Storm,2007147N13249,ALVIN,EP,MM,pacific_ocean,eastern_pacific,2007-05-29T15:00:00Z,12.7,-113.6,TS,35.0,CS,,,0,35.0,True
CLS_01795,1,CS-SCS,Cyclonic Storm / Severe Cyclonic Storm,2007150N14263,BARBARA,EP,MM,pacific_ocean,eastern_pacific,2007-06-01T21:00:00Z,13.5,-93.5,TS,45.0,CS,,,0,45.0,True
CLS_01796,1,CS-SCS,Cyclonic Storm / Severe Cyclonic Storm,2007178N18089,UNNAMED,NI,BB,north_indian_ocean,bay_of_bengal,2007-06-28T21:00:00Z,19.3,86.0,TS,45.0,CS,,,0,45.0,True
CLS_01797,1,CS-SCS,Cyclonic Storm / Severe Cyclonic Storm,2007184N16112,TORAJI,WP,MM,pacific_ocean,western_pacific,2007-07-05T00:00:00Z,20.2,108.7,TS,35.0,CS,35.0,tokyo,0,35.0,True
CLS_01798,1,CS-SCS,Cyclonic Storm / Severe Cyclonic Storm,2007188N04148,MAN-YI,WP,MM,pacific_ocean,western_pacific,2007-07-09T03:00:00Z,10.5,142.1,TS,45.0,CS,,,0,45.0,True
CLS_01799,1,CS-SCS,Cyclonic Storm / Severe Cyclonic Storm,2007196N11234,COSME,EP,MM,pacific_ocean,eastern_pacific,2007-07-16T00:00:00Z,13.0,-128.4,TS,45.0,CS,45.0,hurdat_epa,0,45.0,True
CLS_01800,1,CS-SCS,Cyclonic Storm / Severe Cyclonic Storm,2007203N13255,DALILA,EP,MM,pacific_ocean,eastern_pacific,2007-07-25T00:00:00Z,18.1,-110.6,TS,50.0,SCS,50.0,hurdat_epa,0,50.0,True
CLS_01801,1,CS-SCS,Cyclonic Storm / Severe Cyclonic Storm,2007208S03086,UNNAMED,SI,WA,south_indian_ocean,,2007-07-30T06:00:00Z,-11.7,91.6,TS,35.0,CS,35.0,bom,0,35.0,True
CLS_01802,1,CS-SCS,Cyclonic Storm / Severe Cyclonic Storm,2007213N13238,ERICK,EP,MM,pacific_ocean,eastern_pacific,2007-08-01T00:00:00Z,13.0,-124.2,TS,35.0,CS,35.0,hurdat_epa,0,35.0,True
CLS_01803,1,CS-SCS,Cyclonic Storm / Severe Cyclonic Storm,2007216N18138,PABUK,WP,MM,pacific_ocean,western_pacific,2007-08-08T21:00:00Z,22.1,114.3,TS,35.0,CS,,,0,35.0,True
CLS_01804,1,CS-SCS,Cyclonic Storm / Severe Cyclonic Storm,2007242N19251,GIL,EP,MM,pacific_ocean,eastern_pacific,2007-08-29T21:00:00Z,19.5,-110.6,TS,35.0,CS,,,0,35.0,True
CLS_01805,1,CS-SCS,Cyclonic Storm / Severe Cyclonic Storm,2007242N13264,HENRIETTE,EP,MM,pacific_ocean,eastern_pacific,2007-09-06T03:00:00Z,28.7,-110.8,TS,45.0,CS,,,0,45.0,True
CLS_01806,1,CS-SCS,Cyclonic Storm / Severe Cyclonic Storm,2007249N24161,DANAS,WP,MM,pacific_ocean,western_pacific,2007-09-08T18:00:00Z,31.2,150.5,TS,50.0,SCS,45.0,tokyo,0,45.0,True
CLS_01807,1,CS-SCS,Cyclonic Storm / Severe Cyclonic Storm,2007254N18140,NARI,WP,MM,pacific_ocean,western_pacific,2007-09-13T09:00:00Z,23.0,132.5,TS,50.0,SCS,,,0,50.0,True
CLS_01808,1,CS-SCS,Cyclonic Storm / Severe Cyclonic Storm,2007261N13254,IVO,EP,MM,pacific_ocean,eastern_pacific,2007-09-19T09:00:00Z,14.8,-110.2,TS,53.0,SCS,,,0,53.0,True
CLS_01809,1,CS-SCS,Cyclonic Storm / Severe Cyclonic Storm,2007272N15251,JULIETTE,EP,MM,pacific_ocean,eastern_pacific,2007-10-01T03:00:00Z,20.1,-114.3,TS,45.0,CS,,,0,45.0,True
CLS_01810,1,CS-SCS,Cyclonic Storm / Severe Cyclonic Storm,2007274N28173,HAIYAN,WP,MM,pacific_ocean,western_pacific,2007-10-05T00:00:00Z,27.7,172.0,TS,45.0,CS,35.0,tokyo,0,35.0,True
CLS_01811,1,CS-SCS,Cyclonic Storm / Severe Cyclonic Storm,2007282N19181,LINGLING,WP,MM,pacific_ocean,western_pacific,2007-10-13T21:00:00Z,30.8,169.8,TS,38.0,CS,,,0,38.0,True
CLS_01812,1,CS-SCS,Cyclonic Storm / Severe Cyclonic Storm,2007288N15251,KIKO,EP,MM,pacific_ocean,eastern_pacific,2007-10-19T18:00:00Z,17.2,-105.3,TS,45.0,CS,45.0,hurdat_epa,0,45.0,True
CLS_01813,1,CS-SCS,Cyclonic Storm / Severe Cyclonic Storm,2007298N18136,FAXAI,WP,MM,pacific_ocean,western_pacific,2007-10-26T18:00:00Z,26.8,133.3,TS,35.0,CS,50.0,tokyo,0,50.0,True
CLS_01814,1,CS-SCS,Cyclonic Storm / Severe Cyclonic Storm,2007300N11068,UNNAMED,NI,AS,north_indian_ocean,arabian_sea,2007-10-28T00:00:00Z,11.3,66.8,TS,40.0,CS,,,0,40.0,True
CLS_01815,1,CS-SCS,Cyclonic Storm / Severe Cyclonic Storm,2007300N11068,UNNAMED,NI,AS,north_indian_ocean,arabian_sea,2007-10-28T21:00:00Z,11.2,66.4,TS,40.0,CS,,,0,40.0,True
CLS_01816,1,CS-SCS,Cyclonic Storm / Severe Cyclonic Storm,2007300N11068,UNNAMED,NI,AS,north_indian_ocean,arabian_sea,2007-10-29T09:00:00Z,11.1,66.8,TS,38.0,CS,,,0,38.0,True
CLS_01817,1,CS-SCS,Cyclonic Storm / Severe Cyclonic Storm,2007306N18133,PEIPAH,WP,MM,pacific_ocean,western_pacific,2007-11-03T15:00:00Z,17.7,126.6,TS,40.0,CS,,,0,40.0,True
CLS_01818,1,CS-SCS,Cyclonic Storm / Severe Cyclonic Storm,2007317S10150,GUBA,SP,EA,pacific_ocean,southern_pacific,2007-11-14T09:00:00Z,-10.5,146.6,TS,35.0,CS,,,0,35.0,True
CLS_01819,1,CS-SCS,Cyclonic Storm / Severe Cyclonic Storm,2007315S05095,ARIEL:LEE,SI,MM,south_indian_ocean,,2007-11-15T15:00:00Z,-11.4,89.5,TS,58.0,SCS,,,0,58.0,True
CLS_01820,1,CS-SCS,Cyclonic Storm / Severe Cyclonic Storm,2007317S10150,GUBA,SP,EA,pacific_ocean,southern_pacific,2007-11-17T00:00:00Z,-11.4,147.4,TS,55.0,SCS,65.0,bom,0,65.0,True
CLS_01821,1,CS-SCS,Cyclonic Storm / Severe Cyclonic Storm,2007322S06075,BONGWE,SI,MM,south_indian_ocean,,2007-11-21T00:00:00Z,-12.8,72.5,TS,50.0,SCS,37.0,reunion,0,37.0,True
CLS_01822,1,CS-SCS,Cyclonic Storm / Severe Cyclonic Storm,2007323N09128,HAGIBIS,WP,MM,pacific_ocean,western_pacific,2007-11-21T12:00:00Z,9.8,114.2,TS,55.0,SCS,50.0,tokyo,0,50.0,True
CLS_01823,1,CS-SCS,Cyclonic Storm / Severe Cyclonic Storm,2007324N10140,MITAG,WP,MM,pacific_ocean,western_pacific,2007-11-27T00:00:00Z,20.3,121.5,TS,45.0,CS,40.0,tokyo,0,40.0,True
CLS_01824,1,CS-SCS,Cyclonic Storm / Severe Cyclonic Storm,2007337S12186,DAMAN,SP,MM,pacific_ocean,southern_pacific,2007-12-05T12:00:00Z,-12.9,176.4,TS,55.0,SCS,45.0,nadi,0,45.0,True
CLS_01825,1,CS-SCS,Cyclonic Storm / Severe Cyclonic Storm,2007346S12073,CELINA,SI,MM,south_indian_ocean,,2007-12-18T09:00:00Z,-21.2,59.8,TS,38.0,CS,,,0,38.0,True
CLS_01826,1,CS-SCS,Cyclonic Storm / Severe Cyclonic Storm,2007352S12088,DAMA,SI,MM,south_indian_ocean,,2007-12-19T12:00:00Z,-14.3,82.2,TS,45.0,CS,33.0,reunion,0,33.0,True
CLS_01827,1,CS-SCS,Cyclonic Storm / Severe Cyclonic Storm,2007360S10116,MELANIE,SI,WA,south_indian_ocean,,2007-12-31T12:00:00Z,-19.0,111.3,TS,40.0,CS,45.0,bom,0,45.0,True
CLS_01828,1,CS-SCS,Cyclonic Storm / Severe Cyclonic Storm,2007363S20043,ELNUS,SI,MM,south_indian_ocean,,2007-12-31T21:00:00Z,-18.9,41.1,TS,38.0,CS,,,0,38.0,True
CLS_01829,1,CS-SCS,Cyclonic Storm / Severe Cyclonic Storm,2007365S15134,HELEN,SI,WA,south_indian_ocean,,2008-01-04T12:00:00Z,-13.2,129.9,TS,50.0,SCS,50.0,bom,0,50.0,True
CLS_01830,1,CS-SCS,Cyclonic Storm / Severe Cyclonic Storm,2008008S18184,ELISA,SP,MM,pacific_ocean,southern_pacific,2008-01-10T06:00:00Z,-22.0,-175.6,TS,45.0,CS,40.0,nadi,0,40.0,True
CLS_01831,1,CS-SCS,Cyclonic Storm / Severe Cyclonic Storm,2008008S18184,ELISA,SP,MM,pacific_ocean,southern_pacific,2008-01-10T18:00:00Z,-23.4,-174.3,TS,50.0,SCS,50.0,nadi,0,50.0,True
CLS_01832,1,CS-SCS,Cyclonic Storm / Severe Cyclonic Storm,2008012N12123,UNNAMED,WP,MM,pacific_ocean,western_pacific,2008-01-14T03:00:00Z,12.6,114.3,TS,38.0,CS,,,0,38.0,True
CLS_01833,1,CS-SCS,Cyclonic Storm / Severe Cyclonic Storm,2008026S11064,GULA,SI,MM,south_indian_ocean,,2008-01-27T06:00:00Z,-13.3,62.7,TS,35.0,CS,30.0,reunion,0,30.0,True
CLS_01834,1,CS-SCS,Cyclonic Storm / Severe Cyclonic Storm,2008023S10050,FAME,SI,MM,south_indian_ocean,,2008-01-29T12:00:00Z,-20.5,52.1,TS,35.0,CS,30.0,reunion,0,30.0,True
CLS_01835,1,CS-SCS,Cyclonic Storm / Severe Cyclonic Storm,2008034S12103,UNNAMED,SI,WA,south_indian_ocean,,2008-02-07T06:00:00Z,-16.2,105.5,TS,35.0,CS,40.0,bom,0,40.0,True
CLS_01836,1,CS-SCS,Cyclonic Storm / Severe Cyclonic Storm,2008037S10055,IVAN,SI,MM,south_indian_ocean,,2008-02-12T21:00:00Z,-14.2,63.3,TS,50.0,SCS,,,0,50.0,True
CLS_01837,1,CS-SCS,Cyclonic Storm / Severe Cyclonic Storm,2008042S16122,NICHOLAS,SI,WA,south_indian_ocean,,2008-02-13T12:00:00Z,-14.9,121.3,TS,45.0,CS,35.0,bom,0,35.0,True
CLS_01838,1,CS-SCS,Cyclonic Storm / Severe Cyclonic Storm,2008060S19151,UNNAMED,SP,EA,pacific_ocean,southern_pacific,2008-02-29T12:00:00Z,-22.7,156.4,TS,35.0,CS,,,0,35.0,True
CLS_01839,1,CS-SCS,Cyclonic Storm / Severe Cyclonic Storm,2008062S10064,JOKWE,SI,MM,south_indian_ocean,,2008-03-06T06:00:00Z,-13.4,48.0,TS,55.0,SCS,40.0,reunion,0,40.0,True
CLS_01840,1,CS-SCS,Cyclonic Storm / Severe Cyclonic Storm,2008058S15131,OPHELIA,SI,WA,south_indian_ocean,,2008-03-06T15:00:00Z,-24.5,109.6,TS,35.0,CS,,,0,35.0,True
CLS_01841,1,CS-SCS,Cyclonic Storm / Severe Cyclonic Storm,2008065S12096,KAMBA,SI,MM,south_indian_ocean,,2008-03-11T21:00:00Z,-24.4,78.8,TS,58.0,SCS,,,0,58.0,True
CLS_01842,1,CS-SCS,Cyclonic Storm / Severe Cyclonic Storm,2008080S17163,UNNAMED,SP,MM,pacific_ocean,southern_pacific,2008-03-21T03:00:00Z,-20.4,163.9,TS,35.0,CS,,,0,35.0,True
CLS_01843,1,CS-SCS,Cyclonic Storm / Severe Cyclonic Storm,2008079S12069,LOLA,SI,MM,south_indian_ocean,,2008-03-21T21:00:00Z,-15.6,59.6,TS,35.0,CS,,,0,35.0,True
CLS_01844,1,CS-SCS,Cyclonic Storm / Severe Cyclonic Storm,2008079S12069,LOLA,SI,MM,south_indian_ocean,,2008-03-22T09:00:00Z,-15.9,58.7,TS,35.0,CS,,,0,35.0,True
CLS_01845,1,CS-SCS,Cyclonic Storm / Severe Cyclonic Storm,2008083S12102,PANCHO,SI,WA,south_indian_ocean,,2008-03-25T06:00:00Z,-14.2,104.1,TS,45.0,CS,50.0,bom,0,50.0,True
CLS_01846,1,CS-SCS,Cyclonic Storm / Severe Cyclonic Storm,2008104N08128,NEOGURI,WP,MM,pacific_ocean,western_pacific,2008-04-19T12:00:00Z,22.8,113.0,TS,40.0,CS,35.0,tokyo,0,35.0,True
CLS_01847,1,CS-SCS,Cyclonic Storm / Severe Cyclonic Storm,2008111S08096,ROSIE,SI,WA,south_indian_ocean,,2008-04-22T00:00:00Z,-10.7,104.8,TS,50.0,SCS,50.0,bom,0,50.0,True
CLS_01848,1,CS-SCS,Cyclonic Storm / Severe Cyclonic Storm,2008111S06082,DURGA,SI,WA,south_indian_ocean,,2008-04-24T06:00:00Z,-10.8,99.1,TS,35.0,CS,50.0,bom,0,50.0,True
CLS_01849,1,CS-SCS,Cyclonic Storm / Severe Cyclonic Storm,2008135N16125,MATMO,WP,MM,pacific_ocean,western_pacific,2008-05-15T18:00:00Z,22.3,128.2,TS,35.0,CS,40.0,tokyo,0,40.0,True
CLS_01850,1,CS-SCS,Cyclonic Storm / Severe Cyclonic Storm,2008135N12116,HALONG,WP,MM,pacific_ocean,western_pacific,2008-05-19T15:00:00Z,24.0,131.6,TS,55.0,SCS,50.0,tokyo,0,50.0,True
CLS_01851,1,CS-SCS,Cyclonic Storm / Severe Cyclonic Storm,2008147N10141,NAKRI,WP,MM,pacific_ocean,western_pacific,2008-05-28T00:00:00Z,15.1,137.1,TS,55.0,SCS,55.0,tokyo,0,55.0,True
CLS_01852,1,CS-SCS,Cyclonic Storm / Severe Cyclonic Storm,2008150N10274,ALMA,EP,MM,pacific_ocean,eastern_pacific,2008-05-29T18:00:00Z,12.0,-86.9,TS,55.0,SCS,55.0,hurdat_epa,0,55.0,True
CLS_01853,1,CS-SCS,Cyclonic Storm / Severe Cyclonic Storm,2008180N14238,CRISTINA,EP,MM,pacific_ocean,eastern_pacific,2008-06-30T06:00:00Z,14.3,-129.7,TS,40.0,CS,40.0,hurdat_epa,0,40.0,True
CLS_01854,1,CS-SCS,Cyclonic Storm / Severe Cyclonic Storm,2008184N15254,DOUGLAS,EP,MM,pacific_ocean,eastern_pacific,2008-07-03T09:00:00Z,19.7,-109.1,TS,35.0,CS,,,0,35.0,True
CLS_01855,1,CS-SCS,Cyclonic Storm / Severe Cyclonic Storm,2008194N11266,ELIDA,EP,MM,pacific_ocean,eastern_pacific,2008-07-18T18:00:00Z,18.0,-128.1,TS,40.0,CS,40.0,hurdat_epa,0,40.0,True
CLS_01856,1,CS-SCS,Cyclonic Storm / Severe Cyclonic Storm,2008204N13260,GENEVIEVE,EP,MM,pacific_ocean,eastern_pacific,2008-07-22T09:00:00Z,14.3,-105.2,TS,45.0,CS,,,0,45.0,True
CLS_01857,1,CS-SCS,Cyclonic Storm / Severe Cyclonic Storm,2008217N19120,KAMMURI,WP,MM,pacific_ocean,western_pacific,2008-08-06T00:00:00Z,21.1,113.9,TS,45.0,CS,50.0,tokyo,0,50.0,True
CLS_01858,1,CS-SCS,Cyclonic Storm / Severe Cyclonic Storm,2008218N10224,KIKA,EP,CP,pacific_ocean,eastern_pacific,2008-08-08T12:00:00Z,9.9,207.6,TS,35.0,CS,35.0,hurdat_epa,0,35.0,True
CLS_01859,1,CS-SCS,Cyclonic Storm / Severe Cyclonic Storm,2008220N12250,HERNAN,EP,MM,pacific_ocean,eastern_pacific,2008-08-12T15:00:00Z,18.6,-133.3,TS,43.0,CS,,,0,43.0,True
CLS_01860,1,CS-SCS,Cyclonic Storm / Severe Cyclonic Storm,2008224N24122,UNNAMED,WP,MM,pacific_ocean,western_pacific,2008-08-14T00:00:00Z,31.9,126.3,TS,35.0,CS,,,0,35.0,True
CLS_01861,1,CS-SCS,Cyclonic Storm / Severe Cyclonic Storm,2008227N16255,ISELLE,EP,MM,pacific_ocean,eastern_pacific,2008-08-15T12:00:00Z,17.8,-111.1,TS,40.0,CS,40.0,hurdat_epa,0,40.0,True
CLS_01862,1,CS-SCS,Cyclonic Storm / Severe Cyclonic Storm,2008237N18253,JULIO,EP,MM,pacific_ocean,eastern_pacific,2008-08-24T09:00:00Z,21.4,-109.5,TS,43.0,CS,,,0,43.0,True
CLS_01863,1,CS-SCS,Cyclonic Storm / Severe Cyclonic Storm,2008246N19250,KARINA,EP,MM,pacific_ocean,eastern_pacific,2008-09-02T15:00:00Z,19.4,-111.4,TS,35.0,CS,,,0,35.0,True
CLS_01864,1,CS-SCS,Cyclonic Storm / Severe Cyclonic Storm,2008251N15256,LOWELL,EP,MM,pacific_ocean,eastern_pacific,2008-09-08T21:00:00Z,19.5,-111.7,TS,40.0,CS,,,0,40.0,True
CLS_01865,1,CS-SCS,Cyclonic Storm / Severe Cyclonic Storm,2008253N29150,UNNAMED,WP,MM,pacific_ocean,western_pacific,2008-09-10T18:00:00Z,31.5,143.3,TS,35.0,CS,,,0,35.0,True
CLS_01866,1,CS-SCS,Cyclonic Storm / Severe Cyclonic Storm,2008259N20089,UNNAMED,NI,BB,north_indian_ocean,bay_of_bengal,2008-09-16T09:00:00Z,20.6,87.2,TS,38.0,CS,30.0,newdelhi,0,30.0,True
CLS_01867,1,CS-SCS,Cyclonic Storm / Severe Cyclonic Storm,2008259N20089,UNNAMED,NI,BB,north_indian_ocean,bay_of_bengal,2008-09-17T00:00:00Z,21.1,86.1,TS,45.0,CS,30.0,newdelhi,0,30.0,True
CLS_01868,1,CS-SCS,Cyclonic Storm / Severe Cyclonic Storm,2008268N12140,JANGMI,WP,MM,pacific_ocean,western_pacific,2008-09-24T00:00:00Z,11.8,137.9,TS,40.0,CS,,tokyo,0,40.0,True
CLS_01869,1,CS-SCS,Cyclonic Storm / Severe Cyclonic Storm,2008283N12271,ODILE,EP,MM,pacific_ocean,eastern_pacific,2008-10-10T09:00:00Z,14.0,-96.5,TS,50.0,SCS,,,0,50.0,True
CLS_01870,1,CS-SCS,Cyclonic Storm / Severe Cyclonic Storm,2008292N20152,BAVI,WP,MM,pacific_ocean,western_pacific,2008-10-19T12:00:00Z,28.6,149.2,TS,45.0,CS,40.0,tokyo,0,40.0,True
CLS_01871,1,CS-SCS,Cyclonic Storm / Severe Cyclonic Storm,2008290S05071,ASMA,SI,MM,south_indian_ocean,,2008-10-20T18:00:00Z,-12.1,61.1,TS,45.0,CS,35.0,reunion,0,35.0,True
CLS_01872,1,CS-SCS,Cyclonic Storm / Severe Cyclonic Storm,2008298N16085,RASHMI,NI,BB,north_indian_ocean,bay_of_bengal,2008-10-26T09:00:00Z,18.8,88.0,TS,35.0,CS,30.0,newdelhi,0,30.0,True
CLS_01873,1,CS-SCS,Cyclonic Storm / Severe Cyclonic Storm,2008308N08252,POLO,EP,MM,pacific_ocean,eastern_pacific,2008-11-04T09:00:00Z,9.7,-116.6,TS,40.0,CS,,,0,40.0,True
CLS_01874,1,CS-SCS,Cyclonic Storm / Severe Cyclonic Storm,2008311N08128,MAYSAK,WP,MM,pacific_ocean,western_pacific,2008-11-08T18:00:00Z,17.5,115.3,TS,55.0,SCS,50.0,tokyo,0,50.0,True
CLS_01875,1,CS-SCS,Cyclonic Storm / Severe Cyclonic Storm,2008317N11089,KHAI-MUK,NI,BB,north_indian_ocean,bay_of_bengal,2008-11-14T09:00:00Z,13.7,84.5,TS,43.0,CS,30.0,newdelhi,0,30.0,True
CLS_01876,1,CS-SCS,Cyclonic Storm / Severe Cyclonic Storm,2008317N11089,KHAI-MUK,NI,BB,north_indian_ocean,bay_of_bengal,2008-11-14T21:00:00Z,14.4,83.1,TS,45.0,CS,40.0,newdelhi,0,40.0,True
CLS_01877,1,CS-SCS,Cyclonic Storm / Severe Cyclonic Storm,2008317N11089,KHAI-MUK,NI,BB,north_indian_ocean,bay_of_bengal,2008-11-15T12:00:00Z,14.5,81.6,TS,40.0,CS,30.0,newdelhi,0,30.0,True
CLS_01878,1,CS-SCS,Cyclonic Storm / Severe Cyclonic Storm,2008320N08122,NOUL,WP,MM,pacific_ocean,western_pacific,2008-11-16T15:00:00Z,10.9,113.0,TS,35.0,CS,,,0,35.0,True
CLS_01879,1,CS-SCS,Cyclonic Storm / Severe Cyclonic Storm,2008319S07086,BERNARD,SI,MM,south_indian_ocean,,2008-11-20T12:00:00Z,-10.0,87.4,TS,35.0,CS,30.0,reunion,0,30.0,True
CLS_01880,1,CS-SCS,Cyclonic Storm / Severe Cyclonic Storm,2008329N09082,NISHA,NI,BB,north_indian_ocean,bay_of_bengal,2008-11-25T18:00:00Z,9.7,80.5,TS,35.0,CS,30.0,newdelhi,0,30.0,True
CLS_01881,1,CS-SCS,Cyclonic Storm / Severe Cyclonic Storm,2008329N09082,NISHA,NI,BB,north_indian_ocean,bay_of_bengal,2008-11-26T06:00:00Z,10.6,80.4,TS,50.0,SCS,40.0,newdelhi,0,40.0,True
CLS_01882,1,CS-SCS,Cyclonic Storm / Severe Cyclonic Storm,2008329N09082,NISHA,NI,BB,north_indian_ocean,bay_of_bengal,2008-11-26T18:00:00Z,11.1,80.2,TS,50.0,SCS,45.0,newdelhi,0,45.0,True
CLS_01883,1,CS-SCS,Cyclonic Storm / Severe Cyclonic Storm,2008329N09082,NISHA,NI,BB,north_indian_ocean,bay_of_bengal,2008-11-27T06:00:00Z,11.7,79.4,TS,50.0,SCS,,,0,50.0,True
CLS_01884,1,CS-SCS,Cyclonic Storm / Severe Cyclonic Storm,2008338N06092,UNNAMED,NI,BB,north_indian_ocean,bay_of_bengal,2008-12-06T03:00:00Z,8.3,85.1,TS,35.0,CS,30.0,newdelhi,0,30.0,True
CLS_01885,1,CS-SCS,Cyclonic Storm / Severe Cyclonic Storm,2008348S10077,CINDA,SI,MM,south_indian_ocean,,2008-12-18T03:00:00Z,-12.0,66.9,TS,50.0,SCS,,,0,50.0,True
CLS_01886,1,CS-SCS,Cyclonic Storm / Severe Cyclonic Storm,2008351S11128,BILLY,SI,WA,south_indian_ocean,,2008-12-21T21:00:00Z,-15.4,124.8,TS,35.0,CS,,,0,35.0,True
CLS_01887,1,CS-SCS,Cyclonic Storm / Severe Cyclonic Storm,2009011S16139,CHARLOTTE,SP,EA,pacific_ocean,southern_pacific,2009-01-11T06:00:00Z,-16.2,140.0,TS,35.0,CS,40.0,bom,0,40.0,True
CLS_01888,1,CS-SCS,Cyclonic Storm / Severe Cyclonic Storm,2009011S16139,CHARLOTTE,SP,EA,pacific_ocean,southern_pacific,2009-01-11T18:00:00Z,-16.5,141.2,TS,35.0,CS,45.0,bom,0,45.0,True
CLS_01889,1,CS-SCS,Cyclonic Storm / Severe Cyclonic Storm,2009008S13069,DONGO,SI,MM,south_indian_ocean,,2009-01-11T18:00:00Z,-24.8,70.0,TS,55.0,SCS,50.0,reunion,0,50.0,True
CLS_01890,1,CS-SCS,Cyclonic Storm / Severe Cyclonic Storm,2009017S15059,ERIC,SI,MM,south_indian_ocean,,2009-01-20T18:00:00Z,-24.8,49.3,TS,40.0,CS,40.0,reunion,0,40.0,True
CLS_01891,1,CS-SCS,Cyclonic Storm / Severe Cyclonic Storm,2009024S17123,DOMINIC,SI,WA,south_indian_ocean,,2009-01-27T00:00:00Z,-22.1,115.4,TS,40.0,CS,50.0,bom,0,50.0,True
CLS_01892,1,CS-SCS,Cyclonic Storm / Severe Cyclonic Storm,2009025S12177,HETTIE,SP,MM,pacific_ocean,southern_pacific,2009-01-28T15:00:00Z,-21.8,182.4,TS,35.0,CS,,,0,35.0,True
CLS_01893,1,CS-SCS,Cyclonic Storm / Severe Cyclonic Storm,2009031S16147,ELLIE,SP,EA,pacific_ocean,southern_pacific,2009-01-31T21:00:00Z,-16.8,147.3,TS,35.0,CS,,,0,35.0,True
CLS_01894,1,CS-SCS,Cyclonic Storm / Severe Cyclonic Storm,2009031S16147,ELLIE,SP,EA,pacific_ocean,southern_pacific,2009-02-01T12:00:00Z,-17.9,146.2,TS,35.0,CS,35.0,bom,0,35.0,True
CLS_01895,1,CS-SCS,Cyclonic Storm / Severe Cyclonic Storm,2009034S16126,FREDDY,SI,WA,south_indian_ocean,,2009-02-08T12:00:00Z,-16.6,108.6,TS,50.0,SCS,45.0,bom,0,45.0,True
CLS_01896,1,CS-SCS,Cyclonic Storm / Severe Cyclonic Storm,2009045S18174,INNIS,SP,MM,pacific_ocean,southern_pacific,2009-02-17T09:00:00Z,-22.5,163.4,TS,35.0,CS,,,0,35.0,True
CLS_01897,1,CS-SCS,Cyclonic Storm / Severe Cyclonic Storm,2009045S18174,INNIS,SP,MM,pacific_ocean,southern_pacific,2009-02-18T00:00:00Z,-27.2,160.6,TS,35.0,CS,35.0,wellington,0,35.0,True
CLS_01898,1,CS-SCS,Cyclonic Storm / Severe Cyclonic Storm,2009059S10101,GABRIELLE,SI,WA,south_indian_ocean,,2009-03-02T09:00:00Z,-14.0,106.4,TS,35.0,CS,,,0,35.0,True
CLS_01899,1,CS-SCS,Cyclonic Storm / Severe Cyclonic Storm,2009066S12081,UNNAMED,SI,MM,south_indian_ocean,,2009-03-09T15:00:00Z,-18.5,86.9,TS,35.0,CS,,,0,35.0,True
CLS_01900,1,CS-SCS,Cyclonic Storm / Severe Cyclonic Storm,2009069S19204,JONI,SP,MM,pacific_ocean,southern_pacific,2009-03-12T18:00:00Z,-24.9,-159.3,TS,55.0,SCS,55.0,nadi,0,55.0,True
CLS_01901,1,CS-SCS,Cyclonic Storm / Severe Cyclonic Storm,2009069S19204,JONI,SP,MM,pacific_ocean,southern_pacific,2009-03-13T12:00:00Z,-29.5,-159.2,TS,45.0,CS,55.0,wellington,0,55.0,True
CLS_01902,1,CS-SCS,Cyclonic Storm / Severe Cyclonic Storm,2009075S18197,KEN,SP,MM,pacific_ocean,southern_pacific,2009-03-17T00:00:00Z,-21.0,-162.9,TS,35.0,CS,30.0,nadi,0,30.0,True
CLS_01903,1,CS-SCS,Cyclonic Storm / Severe Cyclonic Storm,2009075S18197,KEN,SP,MM,pacific_ocean,southern_pacific,2009-03-17T18:00:00Z,-22.5,-163.1,TS,35.0,CS,40.0,nadi,0,40.0,True
CLS_01904,1,CS-SCS,Cyclonic Storm / Severe Cyclonic Storm,2009075S18197,KEN,SP,MM,pacific_ocean,southern_pacific,2009-03-19T03:00:00Z,-26.6,-159.1,TS,50.0,SCS,,,0,50.0,True
CLS_01905,1,CS-SCS,Cyclonic Storm / Severe Cyclonic Storm,2009075S18197,KEN,SP,MM,pacific_ocean,southern_pacific,2009-03-19T21:00:00Z,-33.4,-154.2,TS,55.0,SCS,,,0,55.0,True
CLS_01906,1,CS-SCS,Cyclonic Storm / Severe Cyclonic Storm,2009082S15154,JASPER,SP,MM,pacific_ocean,southern_pacific,2009-03-24T09:00:00Z,-19.6,161.3,TS,43.0,CS,,,0,43.0,True
CLS_01907,1,CS-SCS,Cyclonic Storm / Severe Cyclonic Storm,2009082S16039,IZILDA,SI,MM,south_indian_ocean,,2009-03-24T15:00:00Z,-22.0,41.9,TS,38.0,CS,,,0,38.0,True
CLS_01908,1,CS-SCS,Cyclonic Storm / Severe Cyclonic Storm,2009082S15154,JASPER,SP,MM,pacific_ocean,southern_pacific,2009-03-24T21:00:00Z,-21.3,163.2,TS,43.0,CS,,,0,43.0,True
CLS_01909,1,CS-SCS,Cyclonic Storm / Severe Cyclonic Storm,2009092S15178,LIN,SP,MM,pacific_ocean,southern_pacific,2009-04-04T12:00:00Z,-19.4,184.3,TS,45.0,CS,50.0,nadi,0,50.0,True
CLS_01910,1,CS-SCS,Cyclonic Storm / Severe Cyclonic Storm,2009093S12062,JADE,SI,MM,south_indian_ocean,,2009-04-05T00:00:00Z,-13.3,53.8,TS,45.0,CS,28.0,reunion,0,28.0,True
CLS_01911,1,CS-SCS,Cyclonic Storm / Severe Cyclonic Storm,2009092S15178,LIN,SP,MM,pacific_ocean,southern_pacific,2009-04-05T06:00:00Z,-23.0,185.1,TS,50.0,SCS,60.0,nadi,0,60.0,True
CLS_01912,1,CS-SCS,Cyclonic Storm / Severe Cyclonic Storm,2009104N13088,BIJLI,NI,BB,north_indian_ocean,bay_of_bengal,2009-04-16T00:00:00Z,16.7,86.0,TS,45.0,CS,40.0,newdelhi,0,40.0,True
CLS_01913,1,CS-SCS,Cyclonic Storm / Severe Cyclonic Storm,2009104N13088,BIJLI,NI,BB,north_indian_ocean,bay_of_bengal,2009-04-16T15:00:00Z,18.6,86.7,TS,50.0,SCS,40.0,newdelhi,0,40.0,True
CLS_01914,1,CS-SCS,Cyclonic Storm / Severe Cyclonic Storm,2009104N13088,BIJLI,NI,BB,north_indian_ocean,bay_of_bengal,2009-04-17T09:00:00Z,21.3,89.8,TS,48.0,SCS,30.0,newdelhi,0,30.0,True
CLS_01915,1,CS-SCS,Cyclonic Storm / Severe Cyclonic Storm,2009104N13088,BIJLI,NI,BB,north_indian_ocean,bay_of_bengal,2009-04-18T00:00:00Z,22.4,93.1,TS,40.0,CS,,,0,40.0,True
CLS_01916,1,CS-SCS,Cyclonic Storm / Severe Cyclonic Storm,2009107S07133,KIRRILY,SI,WA,south_indian_ocean,,2009-04-27T12:00:00Z,-6.1,134.0,TS,45.0,CS,35.0,bom,0,35.0,True
CLS_01917,1,CS-SCS,Cyclonic Storm / Severe Cyclonic Storm,2009121N13124,KUJIRA,WP,MM,pacific_ocean,western_pacific,2009-05-03T18:00:00Z,15.1,126.5,TS,55.0,SCS,60.0,tokyo,0,60.0,True
CLS_01918,1,CS-SCS,Cyclonic Storm / Severe Cyclonic Storm,2009123N10111,CHAN-HOM,WP,MM,pacific_ocean,western_pacific,2009-05-05T06:00:00Z,12.3,111.9,TS,55.0,SCS,55.0,tokyo,0,55.0,True
CLS_01919,1,CS-SCS,Cyclonic Storm / Severe Cyclonic Storm,2009143N17089,AILA,NI,BB,north_indian_ocean,bay_of_bengal,2009-05-24T03:00:00Z,17.9,88.4,TS,35.0,CS,30.0,newdelhi,0,30.0,True
CLS_01920,1,CS-SCS,Cyclonic Storm / Severe Cyclonic Storm,2009143N17089,AILA,NI,BB,north_indian_ocean,bay_of_bengal,2009-05-24T15:00:00Z,18.9,88.3,TS,48.0,SCS,35.0,newdelhi,0,35.0,True
CLS_01921,1,CS-SCS,Cyclonic Storm / Severe Cyclonic Storm,2009164N10131,LINFA,WP,MM,pacific_ocean,western_pacific,2009-06-19T09:00:00Z,18.8,117.3,TS,53.0,SCS,,,0,53.0,True
CLS_01922,1,CS-SCS,Cyclonic Storm / Severe Cyclonic Storm,2009171N15264,ANDRES,EP,MM,pacific_ocean,eastern_pacific,2009-06-22T03:00:00Z,15.1,-101.6,TS,43.0,CS,,,0,43.0,True
CLS_01923,1,CS-SCS,Cyclonic Storm / Severe Cyclonic Storm,2009173N10132,NANGKA,WP,MM,pacific_ocean,western_pacific,2009-06-23T03:00:00Z,11.6,126.0,TS,35.0,CS,,,0,35.0,True
CLS_01924,1,CS-SCS,Cyclonic Storm / Severe Cyclonic Storm,2009185N13260,BLANCA,EP,MM,pacific_ocean,eastern_pacific,2009-07-06T15:00:00Z,17.3,-112.1,TS,38.0,CS,,,0,38.0,True
CLS_01925,1,CS-SCS,Cyclonic Storm / Severe Cyclonic Storm,2009189N17129,SOUDELOR,WP,MM,pacific_ocean,western_pacific,2009-07-11T00:00:00Z,19.8,115.5,TS,35.0,CS,35.0,tokyo,0,35.0,True
CLS_01926,1,CS-SCS,Cyclonic Storm / Severe Cyclonic Storm,2009194N11257,DOLORES,EP,MM,pacific_ocean,eastern_pacific,2009-07-16T00:00:00Z,16.9,-117.1,TS,50.0,SCS,50.0,hurdat_epa,0,50.0,True
CLS_01927,1,CS-SCS,Cyclonic Storm / Severe Cyclonic Storm,2009210N11231,LANA,EP,CP,pacific_ocean,eastern_pacific,2009-07-30T21:00:00Z,12.3,-141.4,TS,40.0,CS,,,0,40.0,True
CLS_01928,1,CS-SCS,Cyclonic Storm / Severe Cyclonic Storm,2009213N16130,GONI,WP,MM,pacific_ocean,western_pacific,2009-08-03T18:00:00Z,20.2,114.6,TS,35.0,CS,35.0,tokyo,0,35.0,True
CLS_01929,1,CS-SCS,Cyclonic Storm / Severe Cyclonic Storm,2009215N13252,ENRIQUE,EP,MM,pacific_ocean,eastern_pacific,2009-08-05T18:00:00Z,18.1,-122.7,TS,45.0,CS,45.0,hurdat_epa,0,45.0,True
CLS_01930,1,CS-SCS,Cyclonic Storm / Severe Cyclonic Storm,2009219N19140,ETAU,WP,MM,pacific_ocean,western_pacific,2009-08-12T03:00:00Z,32.3,149.5,TS,35.0,CS,,,0,35.0,True
CLS_01931,1,CS-SCS,Cyclonic Storm / Severe Cyclonic Storm,2009222N09262,GUILLERMO,EP,MM,pacific_ocean,eastern_pacific,2009-08-13T09:00:00Z,16.7,-120.6,TS,50.0,SCS,,,0,50.0,True
CLS_01932,1,CS-SCS,Cyclonic Storm / Severe Cyclonic Storm,2009221N10201,MAKA,WP,MM,pacific_ocean,western_pacific,2009-08-16T21:00:00Z,16.3,173.0,TS,35.0,CS,,,0,35.0,True
CLS_01933,1,CS-SCS,Cyclonic Storm / Severe Cyclonic Storm,2009228N11163,VAMCO,WP,MM,pacific_ocean,western_pacific,2009-08-18T09:00:00Z,16.4,157.4,TS,48.0,SCS,,,0,48.0,True
CLS_01934,1,CS-SCS,Cyclonic Storm / Severe Cyclonic Storm,2009233N13230,HILDA,EP,CP,pacific_ocean,eastern_pacific,2009-08-23T15:00:00Z,13.9,-140.7,TS,43.0,CS,,,0,43.0,True
CLS_01935,1,CS-SCS,Cyclonic Storm / Severe Cyclonic Storm,2009235N14252,IGNACIO,EP,MM,pacific_ocean,eastern_pacific,2009-08-26T12:00:00Z,21.1,-123.5,TS,45.0,CS,45.0,hurdat_epa,0,45.0,True
CLS_01936,1,CS-SCS,Cyclonic Storm / Severe Cyclonic Storm,2009238N20151,KROVANH,WP,MM,pacific_ocean,western_pacific,2009-08-29T18:00:00Z,29.9,144.4,TS,60.0,SCS,50.0,tokyo,0,50.0,True
CLS_01937,1,CS-SCS,Cyclonic Storm / Severe Cyclonic Storm,2009247N19089,UNNAMED,NI,BB,north_indian_ocean,bay_of_bengal,2009-09-05T09:00:00Z,22.0,87.7,TS,38.0,CS,30.0,newdelhi,0,30.0,True
CLS_01938,1,CS-SCS,Cyclonic Storm / Severe Cyclonic Storm,2009246N18130,DUJUAN,WP,MM,pacific_ocean,western_pacific,2009-09-08T18:00:00Z,32.4,145.3,TS,50.0,SCS,50.0,tokyo,0,50.0,True
CLS_01939,1,CS-SCS,Cyclonic Storm / Severe Cyclonic Storm,2009246N12250,LINDA,EP,MM,pacific_ocean,eastern_pacific,2009-09-09T15:00:00Z,16.1,-128.8,TS,63.0,SCS,,,0,63.0,True
CLS_01940,1,CS-SCS,Cyclonic Storm / Severe Cyclonic Storm,2009255N13155,CHOI-WAN,WP,MM,pacific_ocean,western_pacific,2009-09-12T21:00:00Z,15.7,150.4,TS,43.0,CS,,,0,43.0,True
CLS_01941,1,CS-SCS,Cyclonic Storm / Severe Cyclonic Storm,2009257N14256,MARTY,EP,MM,pacific_ocean,eastern_pacific,2009-09-16T15:00:00Z,18.7,-112.5,TS,38.0,CS,,,0,38.0,True
CLS_01942,1,CS-SCS,Cyclonic Storm / Severe Cyclonic Storm,2009264N13252,NORA,EP,MM,pacific_ocean,eastern_pacific,2009-09-23T15:00:00Z,16.5,-117.8,TS,43.0,CS,,,0,43.0,True
CLS_01943,1,CS-SCS,Cyclonic Storm / Severe Cyclonic Storm,2009268N14128,KETSANA,WP,MM,pacific_ocean,western_pacific,2009-09-27T06:00:00Z,15.4,115.5,TS,55.0,SCS,50.0,tokyo,0,50.0,True
CLS_01944,1,CS-SCS,Cyclonic Storm / Severe Cyclonic Storm,2009272N07164,MELOR,WP,MM,pacific_ocean,western_pacific,2009-10-08T00:00:00Z,36.1,138.6,TS,55.0,SCS,60.0,tokyo,0,60.0,True
CLS_01945,1,CS-SCS,Cyclonic Storm / Severe Cyclonic Storm,2009281N15144,NEPARTAK,WP,MM,pacific_ocean,western_pacific,2009-10-12T03:00:00Z,23.9,144.8,TS,53.0,SCS,,,0,53.0,True
CLS_01946,1,CS-SCS,Cyclonic Storm / Severe Cyclonic Storm,2009282N16252,PATRICIA,EP,MM,pacific_ocean,eastern_pacific,2009-10-13T00:00:00Z,19.8,-109.4,TS,50.0,SCS,50.0,hurdat_epa,0,50.0,True
CLS_01947,1,CS-SCS,Cyclonic Storm / Severe Cyclonic Storm,2009270N10148,PARMA,WP,MM,pacific_ocean,western_pacific,2009-10-14T09:00:00Z,20.3,106.7,TS,40.0,CS,,,0,40.0,True
CLS_01948,1,CS-SCS,Cyclonic Storm / Severe Cyclonic Storm,2009289N12230,NEKI,EP,CP,pacific_ocean,eastern_pacific,2009-10-24T00:00:00Z,23.3,-165.2,TS,55.0,SCS,55.0,hurdat_epa,0,55.0,True
CLS_01949,1,CS-SCS,Cyclonic Storm / Severe Cyclonic Storm,2009287N10154,LUPIT,WP,MM,pacific_ocean,western_pacific,2009-10-25T00:00:00Z,24.3,127.4,TS,55.0,SCS,55.0,tokyo,0,55.0,True
CLS_01950,1,CS-SCS,Cyclonic Storm / Severe Cyclonic Storm,2009311N20157,UNNAMED,WP,MM,pacific_ocean,western_pacific,2009-11-07T12:00:00Z,20.7,156.0,TS,35.0,CS,,,0,35.0,True
CLS_01951,1,CS-SCS,Cyclonic Storm / Severe Cyclonic Storm,2009313N11072,PHYAN,NI,AS,north_indian_ocean,arabian_sea,2009-11-10T03:00:00Z,13.9,71.0,TS,35.0,CS,,,0,35.0,True
CLS_01952,1,CS-SCS,Cyclonic Storm / Severe Cyclonic Storm,2009313N11072,PHYAN,NI,AS,north_indian_ocean,arabian_sea,2009-11-10T15:00:00Z,15.4,71.6,TS,48.0,SCS,35.0,newdelhi,0,35.0,True
CLS_01953,1,CS-SCS,Cyclonic Storm / Severe Cyclonic Storm,2009313N11072,PHYAN,NI,AS,north_indian_ocean,arabian_sea,2009-11-11T03:00:00Z,17.9,72.7,TS,48.0,SCS,40.0,newdelhi,0,40.0,True
CLS_01954,1,CS-SCS,Cyclonic Storm / Severe Cyclonic Storm,2009325N06148,NIDA,WP,MM,pacific_ocean,western_pacific,2009-11-23T09:00:00Z,8.5,147.4,TS,40.0,CS,,,0,40.0,True
CLS_01955,1,CS-SCS,Cyclonic Storm / Severe Cyclonic Storm,2009325S12066,BONGANI,SI,MM,south_indian_ocean,,2009-11-24T09:00:00Z,-10.7,52.1,TS,38.0,CS,,,0,38.0,True
CLS_01956,1,CS-SCS,Cyclonic Storm / Severe Cyclonic Storm,2009337S07096,CLEO,SI,MM,south_indian_ocean,,2009-12-10T12:00:00Z,-13.9,69.9,TS,50.0,SCS,43.0,reunion,0,43.0,True
CLS_01957,1,CS-SCS,Cyclonic Storm / Severe Cyclonic Storm,2009344N06085,WARD,NI,BB,north_indian_ocean,bay_of_bengal,2009-12-11T18:00:00Z,9.3,84.8,TS,45.0,CS,40.0,newdelhi,0,40.0,True
CLS_01958,1,CS-SCS,Cyclonic Storm / Severe Cyclonic Storm,2009344N06085,WARD,NI,BB,north_indian_ocean,bay_of_bengal,2009-12-12T06:00:00Z,10.0,84.4,TS,45.0,CS,45.0,newdelhi,0,45.0,True
CLS_01959,1,CS-SCS,Cyclonic Storm / Severe Cyclonic Storm,2009344N06085,WARD,NI,BB,north_indian_ocean,bay_of_bengal,2009-12-12T21:00:00Z,9.3,83.3,TS,43.0,CS,,,0,43.0,True
CLS_01960,1,CS-SCS,Cyclonic Storm / Severe Cyclonic Storm,2009344N06085,WARD,NI,BB,north_indian_ocean,bay_of_bengal,2009-12-13T12:00:00Z,9.0,82.8,TS,35.0,CS,30.0,newdelhi,0,30.0,True
CLS_01961,1,CS-SCS,Cyclonic Storm / Severe Cyclonic Storm,2009342S09140,LAURENCE,SI,WA,south_indian_ocean,,2009-12-14T18:00:00Z,-13.4,126.7,TS,60.0,SCS,55.0,bom,0,55.0,True
CLS_01962,1,CS-SCS,Cyclonic Storm / Severe Cyclonic Storm,2009346S10172,MICK,SP,MM,pacific_ocean,southern_pacific,2009-12-14T21:00:00Z,-19.3,179.4,TS,43.0,CS,,,0,43.0,True
CLS_01963,1,CS-SCS,Cyclonic Storm / Severe Cyclonic Storm,2009346S07086,DAVID,SI,MM,south_indian_ocean,,2009-12-22T03:00:00Z,-11.8,64.8,TS,45.0,CS,,,0,45.0,True
CLS_01964,1,CS-SCS,Cyclonic Storm / Severe Cyclonic Storm,2010019S11123,MAGDA,SI,WA,south_indian_ocean,,2010-01-22T00:00:00Z,-16.0,124.6,TS,60.0,SCS,65.0,bom,0,65.0,True
CLS_01965,1,CS-SCS,Cyclonic Storm / Severe Cyclonic Storm,2010020S08163,OLGA,SP,EA,pacific_ocean,southern_pacific,2010-01-23T12:00:00Z,-16.0,148.1,TS,45.0,CS,50.0,bom,0,50.0,True
CLS_01966,1,CS-SCS,Cyclonic Storm / Severe Cyclonic Storm,2010020S08163,OLGA,SP,EA,pacific_ocean,southern_pacific,2010-01-24T00:00:00Z,-15.9,146.7,TS,45.0,CS,50.0,bom,0,50.0,True
CLS_01967,1,CS-SCS,Cyclonic Storm / Severe Cyclonic Storm,2010027S17058,UNNAMED,SI,MM,south_indian_ocean,,2010-01-28T06:00:00Z,-21.3,59.0,TS,35.0,CS,,,0,35.0,True
CLS_01968,1,CS-SCS,Cyclonic Storm / Severe Cyclonic Storm,2010027S14184,NISHA,SP,MM,pacific_ocean,southern_pacific,2010-01-28T12:00:00Z,-19.3,-165.2,TS,55.0,SCS,35.0,nadi,0,35.0,True
CLS_01969,1,CS-SCS,Cyclonic Storm / Severe Cyclonic Storm,2010027S14184,NISHA,SP,MM,pacific_ocean,southern_pacific,2010-01-29T18:00:00Z,-19.0,-162.5,TS,35.0,CS,,,0,35.0,True
CLS_01970,1,CS-SCS,Cyclonic Storm / Severe Cyclonic Storm,2010032S20042,FAMI,SI,MM,south_indian_ocean,,2010-02-02T03:00:00Z,-20.7,43.2,TS,45.0,CS,,,0,45.0,True
CLS_01971,1,CS-SCS,Cyclonic Storm / Severe Cyclonic Storm,2010038S08194,PAT,SP,MM,pacific_ocean,southern_pacific,2010-02-08T03:00:00Z,-11.9,-161.1,TS,48.0,SCS,,,0,48.0,True
CLS_01972,1,CS-SCS,Cyclonic Storm / Severe Cyclonic Storm,2010046S10058,GELANE,SI,MM,south_indian_ocean,,2010-02-16T03:00:00Z,-11.6,60.0,TS,38.0,CS,,,0,38.0,True
CLS_01973,1,CS-SCS,Cyclonic Storm / Severe Cyclonic Storm,2010051S06195,SARAH,SP,MM,pacific_ocean,southern_pacific,2010-02-27T18:00:00Z,-17.6,-162.2,TS,35.0,CS,35.0,nadi,0,35.0,True
CLS_01974,1,CS-SCS,Cyclonic Storm / Severe Cyclonic Storm,2010066S19050,HUBERT,SI,MM,south_indian_ocean,,2010-03-11T06:00:00Z,-20.6,48.0,TS,35.0,CS,30.0,reunion,0,30.0,True
CLS_01975,1,CS-SCS,Cyclonic Storm / Severe Cyclonic Storm,2010084S09138,PAUL,SP,EA,pacific_ocean,southern_pacific,2010-03-27T21:00:00Z,-12.9,136.6,TS,35.0,CS,40.0,bom,0,40.0,True
CLS_01976,1,CS-SCS,Cyclonic Storm / Severe Cyclonic Storm,2010084S09138,PAUL,SI,WA,south_indian_ocean,,2010-03-30T06:00:00Z,-13.3,135.0,TS,40.0,CS,30.0,bom,0,30.0,True
CLS_01977,1,CS-SCS,Cyclonic Storm / Severe Cyclonic Storm,2010110S10118,SEAN,SI,WA,south_indian_ocean,,2010-04-24T03:00:00Z,-16.3,112.9,TS,55.0,SCS,,,0,55.0,True
CLS_01978,1,CS-SCS,Cyclonic Storm / Severe Cyclonic Storm,2010137N10090,LAILA,NI,BB,north_indian_ocean,bay_of_bengal,2010-05-18T09:00:00Z,12.9,84.0,TS,50.0,SCS,45.0,newdelhi,0,45.0,True
CLS_01979,1,CS-SCS,Cyclonic Storm / Severe Cyclonic Storm,2010136N09057,BANDU,NI,AS,north_indian_ocean,arabian_sea,2010-05-19T18:00:00Z,11.5,53.3,TS,35.0,CS,30.0,newdelhi,0,30.0,True
CLS_01980,1,CS-SCS,Cyclonic Storm / Severe Cyclonic Storm,2010137N10090,LAILA,NI,BB,north_indian_ocean,bay_of_bengal,2010-05-19T18:00:00Z,14.6,81.1,TS,55.0,SCS,55.0,newdelhi,0,55.0,True
CLS_01981,1,CS-SCS,Cyclonic Storm / Severe Cyclonic Storm,2010136N09057,BANDU,NI,AS,north_indian_ocean,arabian_sea,2010-05-20T15:00:00Z,12.5,52.2,TS,45.0,CS,,,0,45.0,True
CLS_01982,1,CS-SCS,Cyclonic Storm / Severe Cyclonic Storm,2010137N10090,LAILA,NI,BB,north_indian_ocean,bay_of_bengal,2010-05-20T21:00:00Z,16.1,80.7,TS,53.0,SCS,40.0,newdelhi,0,40.0,True
CLS_01983,1,CS-SCS,Cyclonic Storm / Severe Cyclonic Storm,2010136N09057,BANDU,NI,AS,north_indian_ocean,arabian_sea,2010-05-21T03:00:00Z,12.6,51.7,TS,50.0,SCS,30.0,newdelhi,0,30.0,True
CLS_01984,1,CS-SCS,Cyclonic Storm / Severe Cyclonic Storm,2010136N09057,BANDU,NI,AS,north_indian_ocean,arabian_sea,2010-05-21T21:00:00Z,12.5,51.3,TS,48.0,SCS,40.0,newdelhi,0,40.0,True
CLS_01985,1,CS-SCS,Cyclonic Storm / Severe Cyclonic Storm,2010149N13266,AGATHA,EP,MM,pacific_ocean,eastern_pacific,2010-05-29T12:00:00Z,13.3,-93.1,TS,35.0,CS,35.0,hurdat_epa,0,35.0,True
CLS_01986,1,CS-SCS,Cyclonic Storm / Severe Cyclonic Storm,2010166N15255,BLAS,EP,MM,pacific_ocean,eastern_pacific,2010-06-18T21:00:00Z,16.2,-108.1,TS,43.0,CS,,,0,43.0,True
CLS_01987,1,CS-SCS,Cyclonic Storm / Severe Cyclonic Storm,2010217N15265,ESTELLE,EP,MM,pacific_ocean,eastern_pacific,2010-08-06T18:00:00Z,16.9,-104.6,TS,40.0,CS,40.0,hurdat_epa,0,40.0,True
CLS_01988,1,CS-SCS,Cyclonic Storm / Severe Cyclonic Storm,2010234N14267,FRANK,EP,MM,pacific_ocean,eastern_pacific,2010-08-24T18:00:00Z,15.6,-101.8,TS,55.0,SCS,55.0,hurdat_epa,0,55.0,True
CLS_01989,1,CS-SCS,Cyclonic Storm / Severe Cyclonic Storm,2010241N25125,NAMTHEUN,WP,MM,pacific_ocean,western_pacific,2010-08-31T12:00:00Z,25.1,119.7,TS,35.0,CS,,tokyo,0,35.0,True
CLS_01990,1,CS-SCS,Cyclonic Storm / Severe Cyclonic Storm,2010239N15118,LIONROCK,WP,MM,pacific_ocean,western_pacific,2010-09-02T09:00:00Z,24.2,115.6,TS,38.0,CS,,,0,38.0,True
CLS_01991,1,CS-SCS,Cyclonic Storm / Severe Cyclonic Storm,2010256N17137,FANAPI,WP,MM,pacific_ocean,western_pacific,2010-09-20T03:00:00Z,23.5,116.7,TS,58.0,SCS,,,0,58.0,True
CLS_01992,1,CS-SCS,Cyclonic Storm / Severe Cyclonic Storm,2010264N20252,GEORGETTE,EP,MM,pacific_ocean,eastern_pacific,2010-09-21T03:00:00Z,21.1,-109.2,TS,35.0,CS,,,0,35.0,True
CLS_01993,1,CS-SCS,Cyclonic Storm / Severe Cyclonic Storm,2010263N15149,MALAKAS,WP,MM,pacific_ocean,western_pacific,2010-09-21T03:00:00Z,18.9,145.0,TS,35.0,CS,,,0,35.0,True
CLS_01994,1,CS-SCS,Cyclonic Storm / Severe Cyclonic Storm,2010293N17093,GIRI,NI,BB,north_indian_ocean,bay_of_bengal,2010-10-21T03:00:00Z,17.4,91.6,TS,53.0,SCS,30.0,newdelhi,0,30.0,True
CLS_01995,1,CS-SCS,Cyclonic Storm / Severe Cyclonic Storm,2010285N13145,MEGI,WP,MM,pacific_ocean,western_pacific,2010-10-23T15:00:00Z,24.7,117.9,TS,40.0,CS,,,0,40.0,True
CLS_01996,1,CS-SCS,Cyclonic Storm / Severe Cyclonic Storm,2010298S09087,UNNAMED,SI,MM,south_indian_ocean,,2010-10-27T12:00:00Z,-12.7,84.6,TS,35.0,CS,,,0,35.0,True
CLS_01997,1,CS-SCS,Cyclonic Storm / Severe Cyclonic Storm,2010302S08098,ANGGREK,SI,WA,south_indian_ocean,,2010-11-03T09:00:00Z,-14.5,97.0,TS,48.0,SCS,,,0,48.0,True
CLS_01998,1,CS-SCS,Cyclonic Storm / Severe Cyclonic Storm,2010305N06105,JAL,NI,BB,north_indian_ocean,bay_of_bengal,2010-11-04T15:00:00Z,8.7,89.7,TS,35.0,CS,,,0,35.0,True
CLS_01999,1,CS-SCS,Cyclonic Storm / Severe Cyclonic Storm,2010305N06105,JAL,NI,BB,north_indian_ocean,bay_of_bengal,2010-11-05T06:00:00Z,9.2,87.7,TS,45.0,CS,35.0,newdelhi,0,35.0,True
CLS_02000,1,CS-SCS,Cyclonic Storm / Severe Cyclonic Storm,2010331S07089,ABELE,SI,MM,south_indian_ocean,,2010-12-01T21:00:00Z,-15.9,86.5,TS,53.0,SCS,,,0,53.0,True
CLS_02001,1,CS-SCS,Cyclonic Storm / Severe Cyclonic Storm,2010350N30175,OMEKA,EP,CP,pacific_ocean,eastern_pacific,2010-12-20T06:00:00Z,20.4,181.1,TS,45.0,CS,45.0,hurdat_epa,0,45.0,True
CLS_02002,1,CS-SCS,Cyclonic Storm / Severe Cyclonic Storm,2010358S13152,TASHA,SP,EA,pacific_ocean,southern_pacific,2010-12-24T18:00:00Z,-17.0,146.3,TS,40.0,CS,40.0,bom,0,40.0,True
CLS_02003,1,CS-SCS,Cyclonic Storm / Severe Cyclonic Storm,2011010S17169,VANIA,SP,MM,pacific_ocean,southern_pacific,2011-01-13T03:00:00Z,-19.7,168.0,TS,55.0,SCS,,,0,55.0,True
CLS_02004,1,CS-SCS,Cyclonic Storm / Severe Cyclonic Storm,2011009S15113,VINCE,SI,WA,south_indian_ocean,,2011-01-13T06:00:00Z,-16.0,109.2,TS,45.0,CS,35.0,bom,0,35.0,True
CLS_02005,1,CS-SCS,Cyclonic Storm / Severe Cyclonic Storm,2011010S17169,VANIA,SP,MM,pacific_ocean,southern_pacific,2011-01-14T03:00:00Z,-21.6,167.0,TS,48.0,SCS,,,0,48.0,True
CLS_02006,1,CS-SCS,Cyclonic Storm / Severe Cyclonic Storm,2011010S17169,VANIA,SP,MM,pacific_ocean,southern_pacific,2011-01-14T18:00:00Z,-22.5,167.2,TS,40.0,CS,45.0,nadi,0,45.0,True
CLS_02007,1,CS-SCS,Cyclonic Storm / Severe Cyclonic Storm,2011013S15151,ZELIA,SP,EA,pacific_ocean,southern_pacific,2011-01-15T06:00:00Z,-15.1,152.5,TS,60.0,SCS,50.0,bom,0,50.0,True
CLS_02008,1,CS-SCS,Cyclonic Storm / Severe Cyclonic Storm,2011022S16146,ANTHONY,SP,EA,pacific_ocean,southern_pacific,2011-01-23T15:00:00Z,-16.7,154.2,TS,40.0,CS,,,0,40.0,True
CLS_02009,1,CS-SCS,Cyclonic Storm / Severe Cyclonic Storm,2011022S16146,ANTHONY,SP,MM,pacific_ocean,southern_pacific,2011-01-24T18:00:00Z,-19.1,160.6,TS,40.0,CS,35.0,nadi,0,35.0,True
CLS_02010,1,CS-SCS,Cyclonic Storm / Severe Cyclonic Storm,2011021S16129,BIANCA,SI,WA,south_indian_ocean,,2011-01-25T12:00:00Z,-17.2,121.8,TS,35.0,CS,30.0,bom,0,30.0,True
CLS_02011,1,CS-SCS,Cyclonic Storm / Severe Cyclonic Storm,2011022S16146,ANTHONY,SP,EA,pacific_ocean,southern_pacific,2011-01-29T18:00:00Z,-17.2,152.5,TS,35.0,CS,35.0,bom,0,35.0,True
CLS_02012,1,CS-SCS,Cyclonic Storm / Severe Cyclonic Storm,2011034S19199,ZAKA,SP,MM,pacific_ocean,southern_pacific,2011-02-06T09:00:00Z,-23.7,184.2,TS,40.0,CS,,,0,40.0,True
CLS_02013,1,CS-SCS,Cyclonic Storm / Severe Cyclonic Storm,2011034S19199,ZAKA,SP,MM,pacific_ocean,southern_pacific,2011-02-07T09:00:00Z,-29.9,180.1,TS,38.0,CS,,,0,38.0,True
CLS_02014,1,CS-SCS,Cyclonic Storm / Severe Cyclonic Storm,2011041S17113,UNNAMED,SI,WA,south_indian_ocean,,2011-02-12T00:00:00Z,-20.9,100.3,TS,35.0,CS,,,0,35.0,True
CLS_02015,1,CS-SCS,Cyclonic Storm / Severe Cyclonic Storm,2011045S17119,DIANNE,SI,WA,south_indian_ocean,,2011-02-22T00:00:00Z,-28.3,102.0,TS,40.0,CS,30.0,bom,0,30.0,True
CLS_02016,1,CS-SCS,Cyclonic Storm / Severe Cyclonic Storm,2011073S11089,CHERONO,SI,MM,south_indian_ocean,,2011-03-19T06:00:00Z,-19.1,67.6,TS,40.0,CS,38.0,reunion,0,38.0,True
CLS_02017,1,CS-SCS,Cyclonic Storm / Severe Cyclonic Storm,2011088S10133,UNNAMED,SI,WA,south_indian_ocean,,2011-04-02T00:00:00Z,-13.5,127.7,TS,35.0,CS,35.0,bom,0,35.0,True
CLS_02018,1,CS-SCS,Cyclonic Storm / Severe Cyclonic Storm,2011126N11129,AERE,WP,MM,pacific_ocean,western_pacific,2011-05-11T12:00:00Z,28.3,129.6,TS,35.0,CS,35.0,tokyo,0,35.0,True
CLS_02019,1,CS-SCS,Cyclonic Storm / Severe Cyclonic Storm,2011172N11133,MEARI,WP,MM,pacific_ocean,western_pacific,2011-06-23T12:00:00Z,18.0,126.7,TS,35.0,CS,50.0,tokyo,0,50.0,True
CLS_02020,1,CS-SCS,Cyclonic Storm / Severe Cyclonic Storm,2011167N08129,HAIMA,WP,MM,pacific_ocean,western_pacific,2011-06-23T15:00:00Z,21.1,109.5,TS,35.0,CS,,,0,35.0,True
CLS_02021,1,CS-SCS,Cyclonic Storm / Severe Cyclonic Storm,2011188N14261,CALVIN,EP,MM,pacific_ocean,eastern_pacific,2011-07-08T09:00:00Z,16.2,-106.2,TS,50.0,SCS,,,0,50.0,True
CLS_02022,1,CS-SCS,Cyclonic Storm / Severe Cyclonic Storm,2011205N12130,NOCK-TEN,WP,MM,pacific_ocean,western_pacific,2011-07-29T09:00:00Z,19.4,110.9,TS,43.0,CS,,,0,43.0,True
CLS_02023,1,CS-SCS,Cyclonic Storm / Severe Cyclonic Storm,2011215N24164,MERBOK,WP,MM,pacific_ocean,western_pacific,2011-08-04T21:00:00Z,25.7,156.0,TS,38.0,CS,,,0,38.0,True
CLS_02024,1,CS-SCS,Cyclonic Storm / Severe Cyclonic Storm,2011208N09145,MUIFA,WP,MM,pacific_ocean,western_pacific,2011-08-08T03:00:00Z,38.0,124.0,TS,45.0,CS,,,0,45.0,True
CLS_02025,1,CS-SCS,Cyclonic Storm / Severe Cyclonic Storm,2011227N12234,FERNANDA,EP,MM,pacific_ocean,eastern_pacific,2011-08-16T09:00:00Z,12.1,-133.8,TS,38.0,CS,,,0,38.0,True
CLS_02026,1,CS-SCS,Cyclonic Storm / Severe Cyclonic Storm,2011236N15143,TALAS,WP,MM,pacific_ocean,western_pacific,2011-08-26T18:00:00Z,22.3,139.6,TS,45.0,CS,45.0,tokyo,0,45.0,True
CLS_02027,1,CS-SCS,Cyclonic Storm / Severe Cyclonic Storm,2011249N18133,KULAP,WP,MM,pacific_ocean,western_pacific,2011-09-07T12:00:00Z,22.7,135.7,TS,40.0,CS,35.0,tokyo,0,35.0,True
CLS_02028,1,CS-SCS,Cyclonic Storm / Severe Cyclonic Storm,2011257N19154,SONCA,WP,MM,pacific_ocean,western_pacific,2011-09-17T00:00:00Z,24.6,147.7,TS,45.0,CS,45.0,tokyo,0,45.0,True
CLS_02029,1,CS-SCS,Cyclonic Storm / Severe Cyclonic Storm,2011270N18139,NALGAE,WP,MM,pacific_ocean,western_pacific,2011-09-27T21:00:00Z,19.1,137.0,TS,38.0,CS,,,0,38.0,True
CLS_02030,1,CS-SCS,Cyclonic Storm / Severe Cyclonic Storm,2011302N13062,KEILA,NI,AS,north_indian_ocean,arabian_sea,2011-11-02T06:00:00Z,16.3,54.8,TS,40.0,CS,35.0,newdelhi,0,35.0,True
CLS_02031,1,CS-SCS,Cyclonic Storm / Severe Cyclonic Storm,2011302N13062,KEILA,NI,AS,north_indian_ocean,arabian_sea,2011-11-03T09:00:00Z,17.1,54.7,TS,53.0,SCS,,,0,53.0,True
CLS_02032,1,CS-SCS,Cyclonic Storm / Severe Cyclonic Storm,2011310N11066,UNNAMED,NI,AS,north_indian_ocean,arabian_sea,2011-11-08T12:00:00Z,14.2,59.0,TS,35.0,CS,30.0,newdelhi,0,30.0,True
CLS_02033,1,CS-SCS,Cyclonic Storm / Severe Cyclonic Storm,2011323N09264,KENNETH,EP,MM,pacific_ocean,eastern_pacific,2011-11-24T12:00:00Z,13.4,-121.1,TS,45.0,CS,45.0,hurdat_epa,0,45.0,True
CLS_02034,1,CS-SCS,Cyclonic Storm / Severe Cyclonic Storm,2011336S06098,ALENGA,SI,MM,south_indian_ocean,,2011-12-05T03:00:00Z,-12.2,87.9,TS,45.0,CS,,,0,45.0,True
CLS_02035,1,CS-SCS,Cyclonic Storm / Severe Cyclonic Storm,2011337S13069,UNNAMED,SI,MM,south_indian_ocean,,2011-12-06T06:00:00Z,-16.9,69.1,TS,35.0,CS,,,0,35.0,True
CLS_02036,1,CS-SCS,Cyclonic Storm / Severe Cyclonic Storm,2011346N03156,WASHI,WP,MM,pacific_ocean,western_pacific,2011-12-15T09:00:00Z,7.6,131.7,TS,38.0,CS,,,0,38.0,True
CLS_02037,1,CS-SCS,Cyclonic Storm / Severe Cyclonic Storm,2011358S11132,GRANT,SI,WA,south_indian_ocean,,2011-12-25T09:00:00Z,-11.4,132.8,TS,53.0,SCS,60.0,bom,0,60.0,True
CLS_02038,1,CS-SCS,Cyclonic Storm / Severe Cyclonic Storm,2011360N09088,THANE,NI,BB,north_indian_ocean,bay_of_bengal,2011-12-27T03:00:00Z,12.0,87.2,TS,50.0,SCS,40.0,newdelhi,0,40.0,True
CLS_02039,1,CS-SCS,Cyclonic Storm / Severe Cyclonic Storm,2011361S09095,BENILDE,SI,MM,south_indian_ocean,,2011-12-30T06:00:00Z,-13.2,79.8,TS,55.0,SCS,55.0,reunion,0,55.0,True
CLS_02040,1,CS-SCS,Cyclonic Storm / Severe Cyclonic Storm,2012017S10074,ETHEL,SI,MM,south_indian_ocean,,2012-01-19T09:00:00Z,-15.5,66.7,TS,48.0,SCS,,,0,48.0,True
CLS_02041,1,CS-SCS,Cyclonic Storm / Severe Cyclonic Storm,2012024S15116,IGGY,SI,WA,south_indian_ocean,,2012-01-26T18:00:00Z,-17.5,109.6,TS,50.0,SCS,50.0,bom,0,50.0,True
CLS_02042,1,CS-SCS,Cyclonic Storm / Severe Cyclonic Storm,2012037S17176,CYRIL,SP,MM,pacific_ocean,southern_pacific,2012-02-07T09:00:00Z,-22.2,191.3,TS,55.0,SCS,,,0,55.0,True
CLS_02043,1,CS-SCS,Cyclonic Storm / Severe Cyclonic Storm,2012037S17176,CYRIL,SP,MM,pacific_ocean,southern_pacific,2012-02-07T21:00:00Z,-26.5,197.4,TS,48.0,SCS,,,0,48.0,True
CLS_02044,1,CS-SCS,Cyclonic Storm / Severe Cyclonic Storm,2012042S12110,HILWA,SI,MM,south_indian_ocean,,2012-02-21T06:00:00Z,-19.6,64.1,TS,40.0,CS,42.0,reunion,0,42.0,True
CLS_02045,1,CS-SCS,Cyclonic Storm / Severe Cyclonic Storm,2012042S12110,HILWA,SI,MM,south_indian_ocean,,2012-02-21T21:00:00Z,-21.0,63.8,TS,38.0,CS,,,0,38.0,True
CLS_02046,1,CS-SCS,Cyclonic Storm / Severe Cyclonic Storm,2012060S12069,UNNAMED,SI,MM,south_indian_ocean,,2012-02-29T21:00:00Z,-14.2,66.4,TS,35.0,CS,,,0,35.0,True
CLS_02047,1,CS-SCS,Cyclonic Storm / Severe Cyclonic Storm,2012056S13057,IRINA,SI,MM,south_indian_ocean,,2012-03-03T18:00:00Z,-25.8,34.7,TS,45.0,CS,45.0,reunion,0,45.0,True
CLS_02048,1,CS-SCS,Cyclonic Storm / Severe Cyclonic Storm,2012066S10101,JONI:KOJI,SI,WA,south_indian_ocean,,2012-03-07T18:00:00Z,-15.2,93.1,TS,35.0,CS,45.0,bom,0,45.0,True
CLS_02049,1,CS-SCS,Cyclonic Storm / Severe Cyclonic Storm,2012070S17112,LUA,SI,WA,south_indian_ocean,,2012-03-14T06:00:00Z,-16.1,112.8,TS,45.0,CS,45.0,bom,0,45.0,True
CLS_02050,1,CS-SCS,Cyclonic Storm / Severe Cyclonic Storm,2012092S16166,DAPHNE,SP,MM,pacific_ocean,southern_pacific,2012-04-02T09:00:00Z,-22.1,175.2,TS,45.0,CS,40.0,nadi,0,40.0,True
CLS_02051,1,CS-SCS,Cyclonic Storm / Severe Cyclonic Storm,2012092S16166,DAPHNE,SP,MM,pacific_ocean,southern_pacific,2012-04-03T03:00:00Z,-29.4,183.2,TS,53.0,SCS,,,0,53.0,True
CLS_02052,1,CS-SCS,Cyclonic Storm / Severe Cyclonic Storm,2012135N10255,ALETTA,EP,MM,pacific_ocean,eastern_pacific,2012-05-15T03:00:00Z,10.6,-107.9,TS,35.0,CS,,,0,35.0,True
CLS_02053,1,CS-SCS,Cyclonic Storm / Severe Cyclonic Storm,2012156S07066,KUENA,SI,MM,south_indian_ocean,,2012-06-06T12:00:00Z,-10.3,57.8,TS,55.0,SCS,45.0,reunion,0,45.0,True
CLS_02054,1,CS-SCS,Cyclonic Storm / Severe Cyclonic Storm,2012166N09269,CARLOTTA,EP,MM,pacific_ocean,eastern_pacific,2012-06-14T09:00:00Z,10.1,-93.2,TS,38.0,CS,,,0,38.0,True
CLS_02055,1,CS-SCS,Cyclonic Storm / Severe Cyclonic Storm,2012168N19112,TALIM,WP,MM,pacific_ocean,western_pacific,2012-06-20T00:00:00Z,22.7,117.8,TS,35.0,CS,45.0,tokyo,0,45.0,True
CLS_02056,1,CS-SCS,Cyclonic Storm / Severe Cyclonic Storm,2012179S09153,UNNAMED,SP,EA,pacific_ocean,southern_pacific,2012-06-29T12:00:00Z,-11.6,154.9,TS,35.0,CS,35.0,bom,0,35.0,True
CLS_02057,1,CS-SCS,Cyclonic Storm / Severe Cyclonic Storm,2012193N12259,FABIO,EP,MM,pacific_ocean,eastern_pacific,2012-07-12T21:00:00Z,13.7,-108.2,TS,48.0,SCS,,,0,48.0,True
CLS_02058,1,CS-SCS,Cyclonic Storm / Severe Cyclonic Storm,2012196N19144,KHANUN,WP,MM,pacific_ocean,western_pacific,2012-07-17T15:00:00Z,28.2,127.8,TS,53.0,SCS,45.0,tokyo,0,45.0,True
CLS_02059,1,CS-SCS,Cyclonic Storm / Severe Cyclonic Storm,2012201N15129,VICENTE,WP,MM,pacific_ocean,western_pacific,2012-07-24T09:00:00Z,23.0,109.8,TS,53.0,SCS,,,0,53.0,True
CLS_02060,1,CS-SCS,Cyclonic Storm / Severe Cyclonic Storm,2012219N12254,GILMA,EP,MM,pacific_ocean,eastern_pacific,2012-08-11T09:00:00Z,19.8,-119.9,TS,38.0,CS,,,0,38.0,True
CLS_02061,1,CS-SCS,Cyclonic Storm / Severe Cyclonic Storm,2012225N18255,HECTOR,EP,MM,pacific_ocean,eastern_pacific,2012-08-13T21:00:00Z,17.9,-112.9,TS,40.0,CS,,,0,40.0,True
CLS_02062,1,CS-SCS,Cyclonic Storm / Severe Cyclonic Storm,2012225N16133,KAI-TAK,WP,MM,pacific_ocean,western_pacific,2012-08-15T09:00:00Z,18.8,120.1,TS,55.0,SCS,,,0,55.0,True
CLS_02063,1,CS-SCS,Cyclonic Storm / Severe Cyclonic Storm,2012232N13141,BOLAVEN,WP,MM,pacific_ocean,western_pacific,2012-08-20T06:00:00Z,17.5,141.5,TS,35.0,CS,35.0,tokyo,0,35.0,True
CLS_02064,1,CS-SCS,Cyclonic Storm / Severe Cyclonic Storm,2012239N11261,ILEANA,EP,MM,pacific_ocean,eastern_pacific,2012-08-31T15:00:00Z,22.1,-115.5,TS,63.0,SCS,,,0,63.0,True
CLS_02065,1,CS-SCS,Cyclonic Storm / Severe Cyclonic Storm,2012247N18252,JOHN,EP,MM,pacific_ocean,eastern_pacific,2012-09-03T12:00:00Z,20.0,-112.3,TS,35.0,CS,35.0,hurdat_epa,0,35.0,True
CLS_02066,1,CS-SCS,Cyclonic Storm / Severe Cyclonic Storm,2012263N15141,JELAWAT,WP,MM,pacific_ocean,western_pacific,2012-09-21T21:00:00Z,11.8,130.1,TS,50.0,SCS,,,0,50.0,True
CLS_02067,1,CS-SCS,Cyclonic Storm / Severe Cyclonic Storm,2012272N22251,NORMAN,EP,MM,pacific_ocean,eastern_pacific,2012-09-28T21:00:00Z,24.4,-108.7,TS,38.0,CS,,,0,38.0,True
CLS_02068,1,CS-SCS,Cyclonic Storm / Severe Cyclonic Storm,2012274N13151,MALIKSI,WP,MM,pacific_ocean,western_pacific,2012-10-02T15:00:00Z,22.1,141.8,TS,45.0,CS,,,0,45.0,True
CLS_02069,1,CS-SCS,Cyclonic Storm / Severe Cyclonic Storm,2012273N13112,GAEMI,WP,MM,pacific_ocean,western_pacific,2012-10-04T03:00:00Z,14.9,118.3,TS,40.0,CS,,,0,40.0,True
CLS_02070,1,CS-SCS,Cyclonic Storm / Severe Cyclonic Storm,2012281N14242,OLIVIA,EP,MM,pacific_ocean,eastern_pacific,2012-10-08T00:00:00Z,15.9,-120.8,TS,50.0,SCS,50.0,hurdat_epa,0,50.0,True
CLS_02071,1,CS-SCS,Cyclonic Storm / Severe Cyclonic Storm,2012285S04077,ANAIS,SI,MM,south_indian_ocean,,2012-10-13T09:00:00Z,-9.8,68.8,TS,58.0,SCS,,,0,58.0,True
CLS_02072,1,CS-SCS,Cyclonic Storm / Severe Cyclonic Storm,2012296N06135,SON-TINH,WP,MM,pacific_ocean,western_pacific,2012-10-24T09:00:00Z,11.1,124.6,TS,35.0,CS,,,0,35.0,True
CLS_02073,1,CS-SCS,Cyclonic Storm / Severe Cyclonic Storm,2012297N11067,MURJAN,NI,AS,north_indian_ocean,arabian_sea,2012-10-24T12:00:00Z,10.5,55.9,TS,35.0,CS,40.0,newdelhi,0,40.0,True
CLS_02074,1,CS-SCS,Cyclonic Storm / Severe Cyclonic Storm,2012297N11067,MURJAN,NI,AS,north_indian_ocean,arabian_sea,2012-10-25T00:00:00Z,10.1,53.4,TS,35.0,CS,35.0,newdelhi,0,35.0,True
CLS_02075,1,CS-SCS,Cyclonic Storm / Severe Cyclonic Storm,2012301N11087,NILAM,NI,BB,north_indian_ocean,bay_of_bengal,2012-10-30T00:00:00Z,8.8,82.8,TS,40.0,CS,30.0,newdelhi,0,30.0,True
CLS_02076,1,CS-SCS,Cyclonic Storm / Severe Cyclonic Storm,2012301N11087,NILAM,NI,BB,north_indian_ocean,bay_of_bengal,2012-10-30T12:00:00Z,9.7,82.6,TS,45.0,CS,40.0,newdelhi,0,40.0,True
CLS_02077,1,CS-SCS,Cyclonic Storm / Severe Cyclonic Storm,2012301N11087,NILAM,NI,BB,north_indian_ocean,bay_of_bengal,2012-10-31T03:00:00Z,11.3,81.3,TS,50.0,SCS,45.0,newdelhi,0,45.0,True
CLS_02078,1,CS-SCS,Cyclonic Storm / Severe Cyclonic Storm,2012301N11087,NILAM,NI,AS,north_indian_ocean,arabian_sea,2012-10-31T21:00:00Z,13.3,77.7,TS,40.0,CS,,,0,40.0,True
CLS_02079,1,CS-SCS,Cyclonic Storm / Severe Cyclonic Storm,2012304N14246,ROSA,EP,MM,pacific_ocean,eastern_pacific,2012-11-02T09:00:00Z,13.2,-118.5,TS,40.0,CS,,,0,40.0,True
CLS_02080,1,CS-SCS,Cyclonic Storm / Severe Cyclonic Storm,2012321N14090,UNNAMED,NI,BB,north_indian_ocean,bay_of_bengal,2012-11-17T21:00:00Z,16.1,88.6,TS,35.0,CS,,,0,35.0,True
CLS_02081,1,CS-SCS,Cyclonic Storm / Severe Cyclonic Storm,2012331N03157,BOPHA,WP,MM,pacific_ocean,western_pacific,2012-11-30T00:00:00Z,3.6,146.3,TS,55.0,SCS,50.0,tokyo,0,50.0,True
CLS_02082,1,CS-SCS,Cyclonic Storm / Severe Cyclonic Storm,2012357N09064,UNNAMED,NI,AS,north_indian_ocean,arabian_sea,2012-12-23T09:00:00Z,8.6,57.9,TS,35.0,CS,,,0,35.0,True
CLS_02083,1,CS-SCS,Cyclonic Storm / Severe Cyclonic Storm,2012357N09064,UNNAMED,NI,AS,north_indian_ocean,arabian_sea,2012-12-24T00:00:00Z,8.2,54.5,TS,35.0,CS,,,0,35.0,True
CLS_02084,1,CS-SCS,Cyclonic Storm / Severe Cyclonic Storm,2012359N08134,WUKONG,WP,MM,pacific_ocean,western_pacific,2012-12-25T21:00:00Z,10.9,124.0,TS,35.0,CS,,,0,35.0,True
CLS_02085,1,CS-SCS,Cyclonic Storm / Severe Cyclonic Storm,2012362S13116,MITCHELL,SI,WA,south_indian_ocean,,2012-12-29T12:00:00Z,-18.9,110.4,TS,45.0,CS,45.0,bom,0,45.0,True
CLS_02086,1,CS-SCS,Cyclonic Storm / Severe Cyclonic Storm,2012362S08071,DUMILE,SI,MM,south_indian_ocean,,2013-01-02T06:00:00Z,-15.3,55.7,TS,55.0,SCS,43.0,reunion,0,43.0,True
CLS_02087,1,CS-SCS,Cyclonic Storm / Severe Cyclonic Storm,2013001N04141,SONAMU,WP,MM,pacific_ocean,western_pacific,2013-01-04T03:00:00Z,8.5,115.9,TS,35.0,CS,,,0,35.0,True
CLS_02088,1,CS-SCS,Cyclonic Storm / Severe Cyclonic Storm,2013005S10126,NARELLE,SI,WA,south_indian_ocean,,2013-01-08T09:00:00Z,-12.3,118.1,TS,43.0,CS,,,0,43.0,True
CLS_02089,1,CS-SCS,Cyclonic Storm / Severe Cyclonic Storm,2013009S11084,EMANG,SI,MM,south_indian_ocean,,2013-01-15T00:00:00Z,-13.3,78.9,TS,35.0,CS,30.0,reunion,0,30.0,True
CLS_02090,1,CS-SCS,Cyclonic Storm / Severe Cyclonic Storm,2013019S12174,GARRY,SP,MM,pacific_ocean,southern_pacific,2013-01-21T03:00:00Z,-11.5,186.7,TS,35.0,CS,,,0,35.0,True
CLS_02091,1,CS-SCS,Cyclonic Storm / Severe Cyclonic Storm,2013020S16137,OSWALD,SP,EA,pacific_ocean,southern_pacific,2013-01-21T06:00:00Z,-15.8,140.9,TS,40.0,CS,35.0,bom,0,35.0,True
CLS_02092,1,CS-SCS,Cyclonic Storm / Severe Cyclonic Storm,2013020S16137,OSWALD,SP,EA,pacific_ocean,southern_pacific,2013-01-21T18:00:00Z,-15.1,141.8,TS,35.0,CS,40.0,bom,0,40.0,True
CLS_02093,1,CS-SCS,Cyclonic Storm / Severe Cyclonic Storm,2013020S17124,PETA,SI,WA,south_indian_ocean,,2013-01-23T03:00:00Z,-20.6,117.5,TS,35.0,CS,45.0,bom,0,45.0,True
CLS_02094,1,CS-SCS,Cyclonic Storm / Severe Cyclonic Storm,2013019S12174,GARRY,SP,MM,pacific_ocean,southern_pacific,2013-01-26T12:00:00Z,-19.9,201.0,TS,50.0,SCS,40.0,nadi,0,40.0,True
CLS_02095,1,CS-SCS,Cyclonic Storm / Severe Cyclonic Storm,2013026S13067,FELLENG,SI,MM,south_indian_ocean,,2013-01-28T06:00:00Z,-13.2,59.4,TS,50.0,SCS,40.0,reunion,0,40.0,True
CLS_02096,1,CS-SCS,Cyclonic Storm / Severe Cyclonic Storm,2013040S16199,HALEY,SP,MM,pacific_ocean,southern_pacific,2013-02-09T09:00:00Z,-19.7,-157.0,TS,35.0,CS,,,0,35.0,True
CLS_02097,1,CS-SCS,Cyclonic Storm / Severe Cyclonic Storm,2013040S16199,HALEY,SP,MM,pacific_ocean,southern_pacific,2013-02-10T03:00:00Z,-22.1,-153.3,TS,45.0,CS,,,0,45.0,True
CLS_02098,1,CS-SCS,Cyclonic Storm / Severe Cyclonic Storm,2013040S16199,HALEY,SP,MM,pacific_ocean,southern_pacific,2013-02-10T18:00:00Z,-23.9,-151.0,TS,40.0,CS,35.0,nadi,0,35.0,True
CLS_02099,1,CS-SCS,Cyclonic Storm / Severe Cyclonic Storm,2013041S10087,GINO,SI,MM,south_indian_ocean,,2013-02-11T06:00:00Z,-12.4,82.0,TS,35.0,CS,30.0,reunion,0,30.0,True
CLS_02100,1,CS-SCS,Cyclonic Storm / Severe Cyclonic Storm,2013046S20042,HARUNA,SI,MM,south_indian_ocean,,2013-02-23T15:00:00Z,-25.4,49.0,TS,43.0,CS,,,0,43.0,True
CLS_02101,1,CS-SCS,Cyclonic Storm / Severe Cyclonic Storm,2013051S12102,UNNAMED,SI,WA,south_indian_ocean,,2013-02-24T18:00:00Z,-12.9,97.9,TS,40.0,CS,45.0,bom,0,45.0,True
CLS_02102,1,CS-SCS,Cyclonic Storm / Severe Cyclonic Storm,2013052S13126,RUSTY,SI,WA,south_indian_ocean,,2013-02-27T21:00:00Z,-21.0,120.3,TS,55.0,SCS,40.0,bom,0,40.0,True
CLS_02103,1,CS-SCS,Cyclonic Storm / Severe Cyclonic Storm,2013072S12140,TIM,SP,EA,pacific_ocean,southern_pacific,2013-03-14T06:00:00Z,-14.9,149.8,TS,45.0,CS,50.0,bom,0,50.0,True
CLS_02104,1,CS-SCS,Cyclonic Storm / Severe Cyclonic Storm,2013072S12140,TIM,SP,EA,pacific_ocean,southern_pacific,2013-03-15T18:00:00Z,-16.7,154.2,TS,40.0,CS,40.0,bom,0,40.0,True
CLS_02105,1,CS-SCS,Cyclonic Storm / Severe Cyclonic Storm,2013072S12140,TIM,SP,EA,pacific_ocean,southern_pacific,2013-03-16T06:00:00Z,-17.3,154.0,TS,35.0,CS,40.0,bom,0,40.0,True
CLS_02106,1,CS-SCS,Cyclonic Storm / Severe Cyclonic Storm,2013072S12140,TIM,SP,EA,pacific_ocean,southern_pacific,2013-03-17T03:00:00Z,-18.7,153.2,TS,35.0,CS,,,0,35.0,True
CLS_02107,1,CS-SCS,Cyclonic Storm / Severe Cyclonic Storm,2013097S06099,VICTORIA,SI,WA,south_indian_ocean,,2013-04-09T03:00:00Z,-11.9,102.5,TS,40.0,CS,,,0,40.0,True
CLS_02108,1,CS-SCS,Cyclonic Storm / Severe Cyclonic Storm,2013093S08074,IMELDA,SI,MM,south_indian_ocean,,2013-04-09T09:00:00Z,-11.5,60.7,TS,53.0,SCS,,,0,53.0,True
CLS_02109,1,CS-SCS,Cyclonic Storm / Severe Cyclonic Storm,2013117S10155,ZANE,SP,EA,pacific_ocean,southern_pacific,2013-05-01T03:00:00Z,-13.8,147.1,TS,55.0,SCS,,,0,55.0,True
CLS_02110,1,CS-SCS,Cyclonic Storm / Severe Cyclonic Storm,2013128S05086,JAMALA,SI,MM,south_indian_ocean,,2013-05-08T18:00:00Z,-6.3,85.2,TS,35.0,CS,35.0,reunion,0,35.0,True
CLS_02111,1,CS-SCS,Cyclonic Storm / Severe Cyclonic Storm,2013130N04093,MAHASEN:VIYARU,NI,BB,north_indian_ocean,bay_of_bengal,2013-05-11T00:00:00Z,6.8,91.0,TS,40.0,CS,30.0,newdelhi,0,30.0,True
CLS_02112,1,CS-SCS,Cyclonic Storm / Severe Cyclonic Storm,2013130N04093,MAHASEN:VIYARU,NI,BB,north_indian_ocean,bay_of_bengal,2013-05-12T09:00:00Z,10.3,87.1,TS,45.0,CS,40.0,newdelhi,0,40.0,True
CLS_02113,1,CS-SCS,Cyclonic Storm / Severe Cyclonic Storm,2013130N04093,MAHASEN:VIYARU,NI,BB,north_indian_ocean,bay_of_bengal,2013-05-13T00:00:00Z,11.5,86.5,TS,45.0,CS,40.0,newdelhi,0,40.0,True
CLS_02114,1,CS-SCS,Cyclonic Storm / Severe Cyclonic Storm,2013130N04093,MAHASEN:VIYARU,NI,BB,north_indian_ocean,bay_of_bengal,2013-05-13T12:00:00Z,12.2,85.8,TS,45.0,CS,40.0,newdelhi,0,40.0,True
CLS_02115,1,CS-SCS,Cyclonic Storm / Severe Cyclonic Storm,2013134N07265,ALVIN,EP,MM,pacific_ocean,eastern_pacific,2013-05-16T00:00:00Z,8.6,-105.5,TS,40.0,CS,40.0,hurdat_epa,0,40.0,True
CLS_02116,1,CS-SCS,Cyclonic Storm / Severe Cyclonic Storm,2013130N04093,MAHASEN:VIYARU,NI,BB,north_indian_ocean,bay_of_bengal,2013-05-16T09:00:00Z,23.4,91.9,TS,38.0,CS,40.0,newdelhi,0,40.0,True
CLS_02117,1,CS-SCS,Cyclonic Storm / Severe Cyclonic Storm,2013149N14264,BARBARA,EP,MM,pacific_ocean,eastern_pacific,2013-05-28T18:00:00Z,14.1,-96.1,TS,35.0,CS,35.0,hurdat_epa,0,35.0,True
CLS_02118,1,CS-SCS,Cyclonic Storm / Severe Cyclonic Storm,2013158N13129,YAGI,WP,MM,pacific_ocean,western_pacific,2013-06-10T06:00:00Z,23.4,134.2,TS,45.0,CS,40.0,tokyo,0,40.0,True
CLS_02119,1,CS-SCS,Cyclonic Storm / Severe Cyclonic Storm,2013167N12128,LEEPI,WP,MM,pacific_ocean,western_pacific,2013-06-20T00:00:00Z,26.8,125.0,TS,35.0,CS,40.0,tokyo,0,40.0,True
CLS_02120,1,CS-SCS,Cyclonic Storm / Severe Cyclonic Storm,2013171N15117,BEBINCA,WP,MM,pacific_ocean,western_pacific,2013-06-22T00:00:00Z,19.4,111.4,TS,35.0,CS,40.0,tokyo,0,40.0,True
CLS_02121,1,CS-SCS,Cyclonic Storm / Severe Cyclonic Storm,2013180N11256,DALILA,EP,MM,pacific_ocean,eastern_pacific,2013-07-03T21:00:00Z,17.5,-108.1,TS,55.0,SCS,,,0,55.0,True
CLS_02122,1,CS-SCS,Cyclonic Storm / Severe Cyclonic Storm,2013186N13262,ERICK,EP,MM,pacific_ocean,eastern_pacific,2013-07-07T18:00:00Z,20.1,-107.7,TS,55.0,SCS,55.0,hurdat_epa,0,55.0,True
CLS_02123,1,CS-SCS,Cyclonic Storm / Severe Cyclonic Storm,2013196N14128,CIMARON,WP,MM,pacific_ocean,western_pacific,2013-07-18T00:00:00Z,21.8,118.0,TS,40.0,CS,40.0,tokyo,0,40.0,True
CLS_02124,1,CS-SCS,Cyclonic Storm / Severe Cyclonic Storm,2013206N15238,FLOSSIE,EP,MM,pacific_ocean,eastern_pacific,2013-07-27T12:00:00Z,17.7,-138.4,TS,60.0,SCS,60.0,hurdat_epa,0,60.0,True
CLS_02125,1,CS-SCS,Cyclonic Storm / Severe Cyclonic Storm,2013210N13122,JEBI,WP,MM,pacific_ocean,western_pacific,2013-08-02T18:00:00Z,20.3,109.3,TS,55.0,SCS,50.0,tokyo,0,50.0,True
CLS_02126,1,CS-SCS,Cyclonic Storm / Severe Cyclonic Storm,2013211N11248,GIL,EP,CP,pacific_ocean,eastern_pacific,2013-08-06T12:00:00Z,13.3,-140.9,TS,35.0,CS,35.0,hurdat_epa,0,35.0,True
CLS_02127,1,CS-SCS,Cyclonic Storm / Severe Cyclonic Storm,2013220N12137,UTOR,WP,MM,pacific_ocean,western_pacific,2013-08-09T12:00:00Z,13.6,132.6,TS,35.0,CS,,tokyo,0,35.0,True
CLS_02128,1,CS-SCS,Cyclonic Storm / Severe Cyclonic Storm,2013227N08193,PEWA,EP,CP,pacific_ocean,eastern_pacific,2013-08-16T21:00:00Z,9.8,185.5,TS,40.0,CS,,,0,40.0,True
CLS_02129,1,CS-SCS,Cyclonic Storm / Severe Cyclonic Storm,2013228N23124,TRAMI,WP,MM,pacific_ocean,western_pacific,2013-08-19T06:00:00Z,19.9,128.1,TS,50.0,SCS,40.0,tokyo,0,40.0,True
CLS_02130,1,CS-SCS,Cyclonic Storm / Severe Cyclonic Storm,2013227N08193,PEWA,WP,MM,pacific_ocean,western_pacific,2013-08-19T18:00:00Z,14.8,176.4,TS,55.0,SCS,45.0,tokyo,0,45.0,True
CLS_02131,1,CS-SCS,Cyclonic Storm / Severe Cyclonic Storm,2013232N14252,IVO,EP,MM,pacific_ocean,eastern_pacific,2013-08-24T12:00:00Z,22.0,-113.3,TS,40.0,CS,40.0,hurdat_epa,0,40.0,True
CLS_02132,1,CS-SCS,Cyclonic Storm / Severe Cyclonic Storm,2013237N11129,KONG-REY,WP,MM,pacific_ocean,western_pacific,2013-08-28T06:00:00Z,21.8,122.7,TS,50.0,SCS,50.0,tokyo,0,50.0,True
CLS_02133,1,CS-SCS,Cyclonic Storm / Severe Cyclonic Storm,2013241N19254,JULIETTE,EP,MM,pacific_ocean,eastern_pacific,2013-08-29T06:00:00Z,23.8,-111.0,TS,55.0,SCS,55.0,hurdat_epa,0,55.0,True
CLS_02134,1,CS-SCS,Cyclonic Storm / Severe Cyclonic Storm,2013242N15245,KIKO,EP,MM,pacific_ocean,eastern_pacific,2013-08-31T18:00:00Z,19.2,-116.2,TS,45.0,CS,45.0,hurdat_epa,0,45.0,True
CLS_02135,1,CS-SCS,Cyclonic Storm / Severe Cyclonic Storm,2013248N17255,LORENA,EP,MM,pacific_ocean,eastern_pacific,2013-09-06T00:00:00Z,19.9,-107.2,TS,35.0,CS,35.0,hurdat_epa,0,35.0,True
CLS_02136,1,CS-SCS,Cyclonic Storm / Severe Cyclonic Storm,2013257N15259,MANUEL,EP,MM,pacific_ocean,eastern_pacific,2013-09-14T12:00:00Z,15.9,-102.1,TS,45.0,CS,45.0,hurdat_epa,0,45.0,True
CLS_02137,1,CS-SCS,Cyclonic Storm / Severe Cyclonic Storm,2013259N17132,USAGI,WP,MM,pacific_ocean,western_pacific,2013-09-18T00:00:00Z,17.2,130.4,TS,50.0,SCS,50.0,tokyo,0,50.0,True
CLS_02138,1,CS-SCS,Cyclonic Storm / Severe Cyclonic Storm,2013272N26152,SEPAT,WP,MM,pacific_ocean,western_pacific,2013-09-30T09:00:00Z,27.5,144.5,TS,35.0,CS,,,0,35.0,True
CLS_02139,1,CS-SCS,Cyclonic Storm / Severe Cyclonic Storm,2013280N13242,NARDA,EP,MM,pacific_ocean,eastern_pacific,2013-10-08T03:00:00Z,14.9,-124.4,TS,53.0,SCS,,,0,53.0,True
CLS_02140,1,CS-SCS,Cyclonic Storm / Severe Cyclonic Storm,2013286N15251,OCTAVE,EP,MM,pacific_ocean,eastern_pacific,2013-10-13T15:00:00Z,18.2,-112.4,TS,50.0,SCS,,,0,50.0,True
CLS_02141,1,CS-SCS,Cyclonic Storm / Severe Cyclonic Storm,2013287N13243,PRISCILLA,EP,MM,pacific_ocean,eastern_pacific,2013-10-14T09:00:00Z,14.2,-115.7,TS,38.0,CS,,,0,38.0,True
CLS_02142,1,CS-SCS,Cyclonic Storm / Severe Cyclonic Storm,2013282N14132,NARI,WP,MM,pacific_ocean,western_pacific,2013-10-15T12:00:00Z,15.4,106.2,TS,45.0,CS,35.0,tokyo,0,35.0,True
CLS_02143,1,CS-SCS,Cyclonic Storm / Severe Cyclonic Storm,2013292N09162,LEKIMA,WP,MM,pacific_ocean,western_pacific,2013-10-21T12:00:00Z,13.1,160.1,TS,60.0,SCS,55.0,tokyo,0,55.0,True
CLS_02144,1,CS-SCS,Cyclonic Storm / Severe Cyclonic Storm,2013296S07079,UNNAMED,SI,MM,south_indian_ocean,,2013-10-26T12:00:00Z,-11.3,67.2,TS,35.0,CS,33.0,reunion,0,33.0,True
CLS_02145,1,CS-SCS,Cyclonic Storm / Severe Cyclonic Storm,2013293N13260,RAYMOND,EP,MM,pacific_ocean,eastern_pacific,2013-10-29T06:00:00Z,17.4,-117.0,TS,45.0,CS,45.0,hurdat_epa,0,45.0,True
CLS_02146,1,CS-SCS,Cyclonic Storm / Severe Cyclonic Storm,2013305N16252,SONIA,EP,MM,pacific_ocean,eastern_pacific,2013-11-03T06:00:00Z,18.5,-110.2,TS,35.0,CS,35.0,hurdat_epa,0,35.0,True
CLS_02147,1,CS-SCS,Cyclonic Storm / Severe Cyclonic Storm,2013301N13142,KROSA,WP,MM,pacific_ocean,western_pacific,2013-11-03T15:00:00Z,19.6,113.7,TS,50.0,SCS,,,0,50.0,True
CLS_02148,1,CS-SCS,Cyclonic Storm / Severe Cyclonic Storm,2013310N06066,UNNAMED,NI,AS,north_indian_ocean,arabian_sea,2013-11-09T06:00:00Z,8.0,52.7,TS,35.0,CS,30.0,newdelhi,0,30.0,True
CLS_02149,1,CS-SCS,Cyclonic Storm / Severe Cyclonic Storm,2013322N13090,HELEN,NI,BB,north_indian_ocean,bay_of_bengal,2013-11-19T06:00:00Z,14.8,85.6,TS,35.0,CS,25.0,newdelhi,0,25.0,True
CLS_02150,1,CS-SCS,Cyclonic Storm / Severe Cyclonic Storm,2013322N13090,HELEN,NI,BB,north_indian_ocean,bay_of_bengal,2013-11-20T18:00:00Z,15.5,83.8,TS,60.0,SCS,45.0,newdelhi,0,45.0,True
CLS_02151,1,CS-SCS,Cyclonic Storm / Severe Cyclonic Storm,2013324S11113,ALESSIA,SI,WA,south_indian_ocean,,2013-11-22T03:00:00Z,-14.4,119.8,TS,38.0,CS,,,0,38.0,True
CLS_02152,1,CS-SCS,Cyclonic Storm / Severe Cyclonic Storm,2013324S11113,ALESSIA,SP,EA,pacific_ocean,southern_pacific,2013-11-27T06:00:00Z,-16.0,137.5,TS,35.0,CS,40.0,bom,0,40.0,True
CLS_02153,1,CS-SCS,Cyclonic Storm / Severe Cyclonic Storm,2013360S12124,CHRISTINE,SI,WA,south_indian_ocean,,2013-12-31T09:00:00Z,-24.5,117.9,TS,63.0,SCS,,,0,63.0,True
CLS_02154,1,CS-SCS,Cyclonic Storm / Severe Cyclonic Storm,2014007S11104,COLIN,SI,MM,south_indian_ocean,,2014-01-13T21:00:00Z,-25.3,73.6,TS,43.0,CS,,,0,43.0,True
CLS_02155,1,CS-SCS,Cyclonic Storm / Severe Cyclonic Storm,2014015S16043,DELIWE,SI,MM,south_indian_ocean,,2014-01-16T15:00:00Z,-20.7,43.5,TS,38.0,CS,,,0,38.0,True
CLS_02156,1,CS-SCS,Cyclonic Storm / Severe Cyclonic Storm,2014017S14160,JUNE,SP,MM,pacific_ocean,southern_pacific,2014-01-17T21:00:00Z,-19.6,163.4,TS,45.0,CS,,,0,45.0,True
CLS_02157,1,CS-SCS,Cyclonic Storm / Severe Cyclonic Storm,2014017S14160,JUNE,SP,MM,pacific_ocean,southern_pacific,2014-01-18T12:00:00Z,-22.6,164.8,TS,40.0,CS,35.0,nadi,0,35.0,True
CLS_02158,1,CS-SCS,Cyclonic Storm / Severe Cyclonic Storm,2014027S14155,DYLAN,SP,EA,pacific_ocean,southern_pacific,2014-01-30T09:00:00Z,-18.3,148.4,TS,45.0,CS,60.0,bom,0,60.0,True
CLS_02159,1,CS-SCS,Cyclonic Storm / Severe Cyclonic Storm,2014027S14155,DYLAN,SP,EA,pacific_ocean,southern_pacific,2014-01-31T00:00:00Z,-21.3,147.9,TS,40.0,CS,25.0,bom,0,25.0,True
CLS_02160,1,CS-SCS,Cyclonic Storm / Severe Cyclonic Storm,2014031S17149,EDNA,SP,MM,pacific_ocean,southern_pacific,2014-02-04T21:00:00Z,-19.6,163.0,TS,50.0,SCS,,,0,50.0,True
CLS_02161,1,CS-SCS,Cyclonic Storm / Severe Cyclonic Storm,2014031S17149,EDNA,SP,MM,pacific_ocean,southern_pacific,2014-02-05T09:00:00Z,-22.9,164.9,TS,50.0,SCS,,,0,50.0,True
CLS_02162,1,CS-SCS,Cyclonic Storm / Severe Cyclonic Storm,2014034S14058,EDILSON,SI,MM,south_indian_ocean,,2014-02-07T09:00:00Z,-28.2,54.6,TS,43.0,CS,,,0,43.0,True
CLS_02163,1,CS-SCS,Cyclonic Storm / Severe Cyclonic Storm,2014036S12073,FOBANE,SI,MM,south_indian_ocean,,2014-02-09T18:00:00Z,-18.7,75.6,TS,60.0,SCS,60.0,reunion,0,60.0,True
CLS_02164,1,CS-SCS,Cyclonic Storm / Severe Cyclonic Storm,2014048S16039,GUITO,SI,MM,south_indian_ocean,,2014-02-21T06:00:00Z,-29.7,38.8,TS,55.0,SCS,50.0,reunion,0,50.0,True
CLS_02165,1,CS-SCS,Cyclonic Storm / Severe Cyclonic Storm,2014056S18175,KOFI,SP,MM,pacific_ocean,southern_pacific,2014-02-28T21:00:00Z,-19.3,182.3,TS,38.0,CS,,,0,38.0,True
CLS_02166,1,CS-SCS,Cyclonic Storm / Severe Cyclonic Storm,2014056S18175,KOFI,SP,MM,pacific_ocean,southern_pacific,2014-03-01T18:00:00Z,-22.3,184.6,TS,45.0,CS,40.0,nadi,0,40.0,True
CLS_02167,1,CS-SCS,Cyclonic Storm / Severe Cyclonic Storm,2014058N09149,FAXAI,WP,MM,pacific_ocean,western_pacific,2014-03-02T09:00:00Z,9.7,149.0,TS,45.0,CS,,,0,45.0,True
CLS_02168,1,CS-SCS,Cyclonic Storm / Severe Cyclonic Storm,2014056S18175,KOFI,SP,MM,pacific_ocean,southern_pacific,2014-03-03T03:00:00Z,-27.1,189.9,TS,50.0,SCS,,,0,50.0,True
CLS_02169,1,CS-SCS,Cyclonic Storm / Severe Cyclonic Storm,2014066S15152,HADI,SP,EA,pacific_ocean,southern_pacific,2014-03-10T12:00:00Z,-18.9,151.6,TS,40.0,CS,40.0,bom,0,40.0,True
CLS_02170,1,CS-SCS,Cyclonic Storm / Severe Cyclonic Storm,2014068S16169,LUSI,SP,MM,pacific_ocean,southern_pacific,2014-03-10T15:00:00Z,-15.4,167.2,TS,40.0,CS,,,0,40.0,True
CLS_02171,1,CS-SCS,Cyclonic Storm / Severe Cyclonic Storm,2014068S16169,LUSI,SP,MM,pacific_ocean,southern_pacific,2014-03-11T12:00:00Z,-16.8,169.1,TS,50.0,SCS,50.0,nadi,0,50.0,True
CLS_02172,1,CS-SCS,Cyclonic Storm / Severe Cyclonic Storm,2014068S16169,LUSI,SP,MM,pacific_ocean,southern_pacific,2014-03-12T03:00:00Z,-18.2,171.3,TS,58.0,SCS,,,0,58.0,True
CLS_02173,1,CS-SCS,Cyclonic Storm / Severe Cyclonic Storm,2014086S10041,HELLEN,SI,MM,south_indian_ocean,,2014-03-29T09:00:00Z,-12.9,43.0,TS,50.0,SCS,,,0,50.0,True
CLS_02174,1,CS-SCS,Cyclonic Storm / Severe Cyclonic Storm,2014093N02148,PEIPAH,WP,MM,pacific_ocean,western_pacific,2014-04-04T00:00:00Z,2.6,144.6,TS,35.0,CS,,tokyo,0,35.0,True
CLS_02175,1,CS-SCS,Cyclonic Storm / Severe Cyclonic Storm,2014093S11085,IVANOE,SI,MM,south_indian_ocean,,2014-04-04T18:00:00Z,-17.1,80.5,TS,35.0,CS,35.0,reunion,0,35.0,True
CLS_02176,1,CS-SCS,Cyclonic Storm / Severe Cyclonic Storm,2014106S10099,JACK,SI,WA,south_indian_ocean,,2014-04-18T15:00:00Z,-12.3,91.6,TS,35.0,CS,,,0,35.0,True
CLS_02177,1,CS-SCS,Cyclonic Storm / Severe Cyclonic Storm,2014153N12267,BORIS,EP,MM,pacific_ocean,eastern_pacific,2014-06-03T15:00:00Z,14.7,-94.2,TS,38.0,CS,,,0,38.0,True
CLS_02178,1,CS-SCS,Cyclonic Storm / Severe Cyclonic Storm,2014159N12068,NANAUK,NI,AS,north_indian_ocean,arabian_sea,2014-06-10T18:00:00Z,16.5,67.6,TS,50.0,SCS,30.0,newdelhi,0,30.0,True
CLS_02179,1,CS-SCS,Cyclonic Storm / Severe Cyclonic Storm,2014159N12068,NANAUK,NI,AS,north_indian_ocean,arabian_sea,2014-06-11T15:00:00Z,17.6,66.0,TS,55.0,SCS,45.0,newdelhi,0,45.0,True
CLS_02180,1,CS-SCS,Cyclonic Storm / Severe Cyclonic Storm,2014159N12068,NANAUK,NI,AS,north_indian_ocean,arabian_sea,2014-06-12T15:00:00Z,18.8,64.0,TS,38.0,CS,45.0,newdelhi,0,45.0,True
CLS_02181,1,CS-SCS,Cyclonic Storm / Severe Cyclonic Storm,2014180N14255,DOUGLAS,EP,MM,pacific_ocean,eastern_pacific,2014-06-30T00:00:00Z,16.3,-112.2,TS,35.0,CS,35.0,hurdat_epa,0,35.0,True
CLS_02182,1,CS-SCS,Cyclonic Storm / Severe Cyclonic Storm,2014181N17257,ELIDA,EP,MM,pacific_ocean,eastern_pacific,2014-06-30T06:00:00Z,17.0,-103.0,TS,45.0,CS,45.0,hurdat_epa,0,45.0,True
CLS_02183,1,CS-SCS,Cyclonic Storm / Severe Cyclonic Storm,2014187N11247,FAUSTO,EP,MM,pacific_ocean,eastern_pacific,2014-07-08T12:00:00Z,9.6,-122.8,TS,35.0,CS,35.0,hurdat_epa,0,35.0,True
CLS_02184,1,CS-SCS,Cyclonic Storm / Severe Cyclonic Storm,2014190N08154,RAMMASUN,WP,MM,pacific_ocean,western_pacific,2014-07-12T21:00:00Z,13.6,139.1,TS,35.0,CS,,,0,35.0,True
CLS_02185,1,CS-SCS,Cyclonic Storm / Severe Cyclonic Storm,2014197N10137,MATMO,WP,MM,pacific_ocean,western_pacific,2014-07-17T21:00:00Z,10.5,135.0,TS,35.0,CS,,,0,35.0,True
CLS_02186,1,CS-SCS,Cyclonic Storm / Severe Cyclonic Storm,2014195N11232,WALI,EP,CP,pacific_ocean,eastern_pacific,2014-07-18T03:00:00Z,13.7,-141.1,TS,40.0,CS,,,0,40.0,True
CLS_02187,1,CS-SCS,Cyclonic Storm / Severe Cyclonic Storm,2014207N12255,HERNAN,EP,MM,pacific_ocean,eastern_pacific,2014-07-28T18:00:00Z,21.0,-116.7,TS,45.0,CS,45.0,hurdat_epa,0,45.0,True
CLS_02188,1,CS-SCS,Cyclonic Storm / Severe Cyclonic Storm,2014209N12152,HALONG,WP,MM,pacific_ocean,western_pacific,2014-07-31T21:00:00Z,14.4,139.5,TS,55.0,SCS,,,0,55.0,True
CLS_02189,1,CS-SCS,Cyclonic Storm / Severe Cyclonic Storm,2014229N16246,LOWELL,EP,MM,pacific_ocean,eastern_pacific,2014-08-18T21:00:00Z,16.6,-118.1,TS,38.0,CS,,,0,38.0,True
CLS_02190,1,CS-SCS,Cyclonic Storm / Severe Cyclonic Storm,2014246N17254,NORBERT,EP,MM,pacific_ocean,eastern_pacific,2014-09-02T12:00:00Z,17.0,-106.5,TS,35.0,CS,35.0,hurdat_epa,0,35.0,True
CLS_02191,1,CS-SCS,Cyclonic Storm / Severe Cyclonic Storm,2014248N19129,FENGSHEN,WP,MM,pacific_ocean,western_pacific,2014-09-09T06:00:00Z,33.1,144.9,TS,55.0,SCS,60.0,tokyo,0,60.0,True
CLS_02192,1,CS-SCS,Cyclonic Storm / Severe Cyclonic Storm,2014253N13260,ODILE,EP,MM,pacific_ocean,eastern_pacific,2014-09-16T18:00:00Z,28.8,-113.5,TS,50.0,SCS,50.0,hurdat_epa,0,50.0,True
CLS_02193,1,CS-SCS,Cyclonic Storm / Severe Cyclonic Storm,2014259N11262,POLO,EP,MM,pacific_ocean,eastern_pacific,2014-09-17T06:00:00Z,14.4,-101.5,TS,45.0,CS,45.0,hurdat_epa,0,45.0,True
CLS_02194,1,CS-SCS,Cyclonic Storm / Severe Cyclonic Storm,2014260N13135,FUNG-WONG,WP,MM,pacific_ocean,western_pacific,2014-09-19T06:00:00Z,18.6,121.3,TS,35.0,CS,45.0,tokyo,0,45.0,True
CLS_02195,1,CS-SCS,Cyclonic Storm / Severe Cyclonic Storm,2014267N15257,RACHEL,EP,MM,pacific_ocean,eastern_pacific,2014-09-25T03:00:00Z,15.5,-107.5,TS,35.0,CS,,,0,35.0,True
CLS_02196,1,CS-SCS,Cyclonic Storm / Severe Cyclonic Storm,2014271N10160,PHANFONE,WP,MM,pacific_ocean,western_pacific,2014-09-29T03:00:00Z,12.9,151.6,TS,38.0,CS,,,0,38.0,True
CLS_02197,1,CS-SCS,Cyclonic Storm / Severe Cyclonic Storm,2014274N15260,SIMON,EP,MM,pacific_ocean,eastern_pacific,2014-10-03T06:00:00Z,18.3,-108.6,TS,45.0,CS,45.0,hurdat_epa,0,45.0,True
CLS_02198,1,CS-SCS,Cyclonic Storm / Severe Cyclonic Storm,2014290N14261,TRUDY,EP,MM,pacific_ocean,eastern_pacific,2014-10-18T15:00:00Z,16.9,-98.6,TS,38.0,CS,,,0,38.0,True
CLS_02199,1,CS-SCS,Cyclonic Storm / Severe Cyclonic Storm,2014284N10231,ANA,EP,CP,pacific_ocean,eastern_pacific,2014-10-22T06:00:00Z,22.0,-166.8,TS,35.0,CS,35.0,hurdat_epa,0,35.0,True
CLS_02200,1,CS-SCS,Cyclonic Storm / Severe Cyclonic Storm,2014303N11261,VANCE,EP,MM,pacific_ocean,eastern_pacific,2014-11-05T03:00:00Z,21.1,-107.7,TS,35.0,CS,,,0,35.0,True
CLS_02201,1,CS-SCS,Cyclonic Storm / Severe Cyclonic Storm,2014309N13088,UNNAMED,NI,BB,north_indian_ocean,bay_of_bengal,2014-11-06T00:00:00Z,13.8,87.3,TS,35.0,CS,25.0,newdelhi,0,25.0,True
CLS_02202,1,CS-SCS,Cyclonic Storm / Severe Cyclonic Storm,2014319S06066,ADJALI,SI,MM,south_indian_ocean,,2014-11-19T06:00:00Z,-12.6,70.6,TS,55.0,SCS,42.0,reunion,0,42.0,True
CLS_02203,1,CS-SCS,Cyclonic Storm / Severe Cyclonic Storm,2014327S08077,UNNAMED,SI,MM,south_indian_ocean,,2014-11-28T06:00:00Z,-15.6,62.0,TS,35.0,CS,32.0,reunion,0,32.0,True
CLS_02204,1,CS-SCS,Cyclonic Storm / Severe Cyclonic Storm,2014334N02156,HAGUPIT,WP,MM,pacific_ocean,western_pacific,2014-12-10T18:00:00Z,13.7,114.3,TS,35.0,CS,40.0,tokyo,0,40.0,True
CLS_02205,1,CS-SCS,Cyclonic Storm / Severe Cyclonic Storm,2014344S09102,BAKUNG,SI,WA,south_indian_ocean,,2014-12-11T06:00:00Z,-9.0,95.6,TS,40.0,CS,45.0,bom,0,45.0,True
CLS_02206,1,CS-SCS,Cyclonic Storm / Severe Cyclonic Storm,2014362N07130,JANGMI,WP,MM,pacific_ocean,western_pacific,2014-12-29T06:00:00Z,9.4,125.3,TS,40.0,CS,35.0,tokyo,0,35.0,True
CLS_02207,1,CS-SCS,Cyclonic Storm / Severe Cyclonic Storm,2015013S18038,CHEDZA,SI,MM,south_indian_ocean,,2015-01-16T21:00:00Z,-20.9,45.6,TS,38.0,CS,,,0,38.0,True
CLS_02208,1,CS-SCS,Cyclonic Storm / Severe Cyclonic Storm,2015012N09146,MEKKHALA,WP,MM,pacific_ocean,western_pacific,2015-01-18T06:00:00Z,14.0,122.9,TS,35.0,CS,35.0,tokyo,0,35.0,True
CLS_02209,1,CS-SCS,Cyclonic Storm / Severe Cyclonic Storm,2015020S12208,NIKO,SP,MM,pacific_ocean,southern_pacific,2015-01-20T21:00:00Z,-14.0,-150.4,TS,43.0,CS,35.0,nadi,0,35.0,True
CLS_02210,1,CS-SCS,Cyclonic Storm / Severe Cyclonic Storm,2015020S12208,NIKO,SP,MM,pacific_ocean,southern_pacific,2015-01-21T12:00:00Z,-15.6,-149.3,TS,45.0,CS,40.0,nadi,0,40.0,True
CLS_02211,1,CS-SCS,Cyclonic Storm / Severe Cyclonic Storm,2015020S12208,NIKO,SP,MM,pacific_ocean,southern_pacific,2015-01-22T09:00:00Z,-18.7,-147.0,TS,50.0,SCS,,,0,50.0,True
CLS_02212,1,CS-SCS,Cyclonic Storm / Severe Cyclonic Storm,2015024S11090,DIAMONDRA,SI,MM,south_indian_ocean,,2015-01-27T12:00:00Z,-18.3,77.5,TS,40.0,CS,40.0,reunion,0,40.0,True
CLS_02213,1,CS-SCS,Cyclonic Storm / Severe Cyclonic Storm,2015030S16161,OLA,SP,MM,pacific_ocean,southern_pacific,2015-01-31T03:00:00Z,-17.4,161.5,TS,45.0,CS,,,0,45.0,True
CLS_02214,1,CS-SCS,Cyclonic Storm / Severe Cyclonic Storm,2015030S16161,OLA,SP,MM,pacific_ocean,southern_pacific,2015-02-03T09:00:00Z,-28.6,162.3,TS,40.0,CS,,,0,40.0,True
CLS_02215,1,CS-SCS,Cyclonic Storm / Severe Cyclonic Storm,2015036S20038,FUNDI,SI,MM,south_indian_ocean,,2015-02-07T12:00:00Z,-24.7,43.2,TS,40.0,CS,35.0,reunion,0,35.0,True
CLS_02216,1,CS-SCS,Cyclonic Storm / Severe Cyclonic Storm,2015038N08158,HIGOS,WP,MM,pacific_ocean,western_pacific,2015-02-08T06:00:00Z,12.1,157.1,TS,50.0,SCS,45.0,tokyo,0,45.0,True
CLS_02217,1,CS-SCS,Cyclonic Storm / Severe Cyclonic Storm,2015047S12142,LAM,SP,EA,pacific_ocean,southern_pacific,2015-02-17T03:00:00Z,-11.4,139.0,TS,50.0,SCS,,,0,50.0,True
CLS_02218,1,CS-SCS,Cyclonic Storm / Severe Cyclonic Storm,2015047S12142,LAM,SP,EA,pacific_ocean,southern_pacific,2015-02-17T15:00:00Z,-11.3,138.1,TS,60.0,SCS,,,0,60.0,True
CLS_02219,1,CS-SCS,Cyclonic Storm / Severe Cyclonic Storm,2015047S15152,MARCIA,SP,EA,pacific_ocean,southern_pacific,2015-02-18T03:00:00Z,-16.8,155.6,TS,35.0,CS,,,0,35.0,True
CLS_02220,1,CS-SCS,Cyclonic Storm / Severe Cyclonic Storm,2015050S11094,GLENDA,SI,MM,south_indian_ocean,,2015-02-25T21:00:00Z,-19.3,68.1,TS,50.0,SCS,,,0,50.0,True
CLS_02221,1,CS-SCS,Cyclonic Storm / Severe Cyclonic Storm,2015063S14042,UNNAMED,SI,MM,south_indian_ocean,,2015-03-05T15:00:00Z,-16.2,42.1,TS,35.0,CS,,,0,35.0,True
CLS_02222,1,CS-SCS,Cyclonic Storm / Severe Cyclonic Storm,2015064S14052,HALIBA,SI,MM,south_indian_ocean,,2015-03-09T18:00:00Z,-22.4,55.5,TS,35.0,CS,38.0,reunion,0,38.0,True
CLS_02223,1,CS-SCS,Cyclonic Storm / Severe Cyclonic Storm,2015068S14113,OLWYN,SI,WA,south_indian_ocean,,2015-03-11T09:00:00Z,-16.8,116.0,TS,43.0,CS,,,0,43.0,True
CLS_02224,1,CS-SCS,Cyclonic Storm / Severe Cyclonic Storm,2015079S15182,REUBEN,SP,MM,pacific_ocean,southern_pacific,2015-03-21T21:00:00Z,-22.7,-175.9,TS,38.0,CS,,,0,38.0,True
CLS_02225,1,CS-SCS,Cyclonic Storm / Severe Cyclonic Storm,2015079S15182,REUBEN,SP,MM,pacific_ocean,southern_pacific,2015-03-22T09:00:00Z,-25.1,-174.3,TS,45.0,CS,,,0,45.0,True
CLS_02226,1,CS-SCS,Cyclonic Storm / Severe Cyclonic Storm,2015079S15182,REUBEN,SP,MM,pacific_ocean,southern_pacific,2015-03-23T09:00:00Z,-26.1,-172.9,TS,35.0,CS,,,0,35.0,True
CLS_02227,1,CS-SCS,Cyclonic Storm / Severe Cyclonic Storm,2015085N06162,MAYSAK,WP,MM,pacific_ocean,western_pacific,2015-03-28T00:00:00Z,7.6,155.3,TS,45.0,CS,35.0,tokyo,0,35.0,True
CLS_02228,1,CS-SCS,Cyclonic Storm / Severe Cyclonic Storm,2015092N06161,HAISHEN,WP,MM,pacific_ocean,western_pacific,2015-04-04T15:00:00Z,9.0,151.8,TS,40.0,CS,,,0,40.0,True
CLS_02229,1,CS-SCS,Cyclonic Storm / Severe Cyclonic Storm,2015094S10087,IKOLA,SI,MM,south_indian_ocean,,2015-04-05T09:00:00Z,-12.0,87.2,TS,38.0,CS,,,0,38.0,True
CLS_02230,1,CS-SCS,Cyclonic Storm / Severe Cyclonic Storm,2015092S18074,JOALANE,SI,MM,south_indian_ocean,,2015-04-06T21:00:00Z,-13.7,62.2,TS,43.0,CS,,,0,43.0,True
CLS_02231,1,CS-SCS,Cyclonic Storm / Severe Cyclonic Storm,2015099S13163,SOLO,SP,MM,pacific_ocean,southern_pacific,2015-04-10T12:00:00Z,-15.9,160.6,TS,50.0,SCS,45.0,nadi,0,45.0,True
CLS_02232,1,CS-SCS,Cyclonic Storm / Severe Cyclonic Storm,2015099S13163,SOLO,SP,MM,pacific_ocean,southern_pacific,2015-04-11T00:00:00Z,-17.6,161.3,TS,55.0,SCS,55.0,nadi,0,55.0,True
CLS_02233,1,CS-SCS,Cyclonic Storm / Severe Cyclonic Storm,2015099S13163,SOLO,SP,MM,pacific_ocean,southern_pacific,2015-04-11T18:00:00Z,-19.3,164.2,TS,40.0,CS,40.0,nadi,0,40.0,True
CLS_02234,1,CS-SCS,Cyclonic Storm / Severe Cyclonic Storm,2015127N04158,DOLPHIN,WP,MM,pacific_ocean,western_pacific,2015-05-12T03:00:00Z,10.1,158.2,TS,43.0,CS,,,0,43.0,True
CLS_02235,1,CS-SCS,Cyclonic Storm / Severe Cyclonic Storm,2015157N13069,ASHOBAA,NI,AS,north_indian_ocean,arabian_sea,2015-06-08T12:00:00Z,18.7,66.4,TS,45.0,CS,35.0,newdelhi,0,35.0,True
CLS_02236,1,CS-SCS,Cyclonic Storm / Severe Cyclonic Storm,2015157N13069,ASHOBAA,NI,AS,north_indian_ocean,arabian_sea,2015-06-09T21:00:00Z,21.2,62.3,TS,55.0,SCS,45.0,newdelhi,0,45.0,True
CLS_02237,1,CS-SCS,Cyclonic Storm / Severe Cyclonic Storm,2015157N13069,ASHOBAA,NI,AS,north_indian_ocean,arabian_sea,2015-06-10T12:00:00Z,21.0,61.3,TS,50.0,SCS,45.0,newdelhi,0,45.0,True
CLS_02238,1,CS-SCS,Cyclonic Storm / Severe Cyclonic Storm,2015162N12262,CARLOS,EP,MM,pacific_ocean,eastern_pacific,2015-06-17T09:00:00Z,19.3,-104.9,TS,45.0,CS,45.0,hurdat_epa,0,45.0,True
CLS_02239,1,CS-SCS,Cyclonic Storm / Severe Cyclonic Storm,2015180S04163,RAQUEL,SP,EA,pacific_ocean,southern_pacific,2015-06-30T21:00:00Z,-6.2,159.9,TS,40.0,CS,,,0,40.0,True
CLS_02240,1,CS-SCS,Cyclonic Storm / Severe Cyclonic Storm,2015180S04163,RAQUEL,SP,EA,pacific_ocean,southern_pacific,2015-07-01T12:00:00Z,-7.0,159.1,TS,45.0,CS,35.0,bom,0,35.0,True
CLS_02241,1,CS-SCS,Cyclonic Storm / Severe Cyclonic Storm,2015180S04163,RAQUEL,SP,MM,pacific_ocean,southern_pacific,2015-07-02T18:00:00Z,-6.7,160.7,TS,35.0,CS,25.0,bom,0,25.0,True
CLS_02242,1,CS-SCS,Cyclonic Storm / Severe Cyclonic Storm,2015183N13130,LINFA,WP,MM,pacific_ocean,western_pacific,2015-07-07T18:00:00Z,21.1,118.7,TS,55.0,SCS,45.0,tokyo,0,45.0,True
CLS_02243,1,CS-SCS,Cyclonic Storm / Severe Cyclonic Storm,2015189N13223,ELA,EP,CP,pacific_ocean,eastern_pacific,2015-07-08T18:00:00Z,17.2,-143.4,TS,40.0,CS,40.0,hurdat_epa,0,40.0,True
CLS_02244,1,CS-SCS,Cyclonic Storm / Severe Cyclonic Storm,2015188N08194,HALOLA,EP,CP,pacific_ocean,eastern_pacific,2015-07-11T18:00:00Z,10.6,184.2,TS,45.0,CS,45.0,hurdat_epa,0,45.0,True
CLS_02245,1,CS-SCS,Cyclonic Storm / Severe Cyclonic Storm,2015190N12210,IUNE,EP,CP,pacific_ocean,eastern_pacific,2015-07-12T09:00:00Z,15.2,-159.7,TS,35.0,CS,,,0,35.0,True
CLS_02246,1,CS-SCS,Cyclonic Storm / Severe Cyclonic Storm,2015194N13235,ENRIQUE,EP,MM,pacific_ocean,eastern_pacific,2015-07-13T06:00:00Z,14.7,-126.1,TS,35.0,CS,35.0,hurdat_epa,0,35.0,True
CLS_02247,1,CS-SCS,Cyclonic Storm / Severe Cyclonic Storm,2015204N16247,FELICIA,EP,MM,pacific_ocean,eastern_pacific,2015-07-23T12:00:00Z,18.6,-114.5,TS,35.0,CS,35.0,hurdat_epa,0,35.0,True
CLS_02248,1,CS-SCS,Cyclonic Storm / Severe Cyclonic Storm,2015211N13162,SOUDELOR,WP,MM,pacific_ocean,western_pacific,2015-08-01T21:00:00Z,14.5,148.9,TS,55.0,SCS,,,0,55.0,True
CLS_02249,1,CS-SCS,Cyclonic Storm / Severe Cyclonic Storm,2015213S08169,UNNAMED,SP,MM,pacific_ocean,southern_pacific,2015-08-02T15:00:00Z,-11.0,172.4,TS,38.0,CS,,,0,38.0,True
CLS_02250,1,CS-SCS,Cyclonic Storm / Severe Cyclonic Storm,2015213S08169,UNNAMED,SP,MM,pacific_ocean,southern_pacific,2015-08-03T06:00:00Z,-10.5,172.4,TS,35.0,CS,,,0,35.0,True
CLS_02251,1,CS-SCS,Cyclonic Storm / Severe Cyclonic Storm,2015209N07248,GUILLERMO,EP,CP,pacific_ocean,eastern_pacific,2015-08-04T18:00:00Z,19.7,-148.6,TS,60.0,SCS,60.0,hurdat_epa,0,60.0,True
CLS_02252,1,CS-SCS,Cyclonic Storm / Severe Cyclonic Storm,2015218N18149,MOLAVE,WP,MM,pacific_ocean,western_pacific,2015-08-08T09:00:00Z,26.4,142.9,TS,35.0,CS,,,0,35.0,True
CLS_02253,1,CS-SCS,Cyclonic Storm / Severe Cyclonic Storm,2015218N12231,HILDA,EP,CP,pacific_ocean,eastern_pacific,2015-08-12T15:00:00Z,17.4,-151.7,TS,43.0,CS,,,0,43.0,True
CLS_02254,1,CS-SCS,Cyclonic Storm / Severe Cyclonic Storm,2015226N15164,ATSANI,WP,MM,pacific_ocean,western_pacific,2015-08-15T18:00:00Z,14.9,161.3,TS,50.0,SCS,45.0,tokyo,0,45.0,True
CLS_02255,1,CS-SCS,Cyclonic Storm / Severe Cyclonic Storm,2015226N12151,GONI,WP,MM,pacific_ocean,western_pacific,2015-08-25T09:00:00Z,35.8,131.4,TS,58.0,SCS,60.0,tokyo,0,60.0,True
CLS_02256,1,CS-SCS,Cyclonic Storm / Severe Cyclonic Storm,2015244N12248,KEVIN,EP,MM,pacific_ocean,eastern_pacific,2015-09-02T12:00:00Z,15.6,-114.7,TS,35.0,CS,35.0,hurdat_epa,0,35.0,True
CLS_02257,1,CS-SCS,Cyclonic Storm / Severe Cyclonic Storm,2015256N16113,VAMCO,WP,MM,pacific_ocean,western_pacific,2015-09-14T12:00:00Z,15.6,108.9,TS,35.0,CS,35.0,tokyo,0,35.0,True
CLS_02258,1,CS-SCS,Cyclonic Storm / Severe Cyclonic Storm,2015260N12187,MALIA,EP,CP,pacific_ocean,eastern_pacific,2015-09-21T15:00:00Z,25.8,-171.3,TS,43.0,CS,,,0,43.0,True
CLS_02259,1,CS-SCS,Cyclonic Storm / Severe Cyclonic Storm,2015263N14148,DUJUAN,WP,MM,pacific_ocean,western_pacific,2015-09-24T21:00:00Z,19.0,132.2,TS,63.0,SCS,,,0,63.0,True
CLS_02260,1,CS-SCS,Cyclonic Storm / Severe Cyclonic Storm,2015266N11214,NIALA,EP,CP,pacific_ocean,eastern_pacific,2015-09-27T21:00:00Z,15.9,-154.8,TS,43.0,CS,,,0,43.0,True
CLS_02261,1,CS-SCS,Cyclonic Storm / Severe Cyclonic Storm,2015270N13257,MARTY,EP,MM,pacific_ocean,eastern_pacific,2015-09-29T21:00:00Z,16.1,-101.2,TS,43.0,CS,,,0,43.0,True
CLS_02262,1,CS-SCS,Cyclonic Storm / Severe Cyclonic Storm,2015274N17167,CHOI-WAN,WP,MM,pacific_ocean,western_pacific,2015-10-05T00:00:00Z,21.7,154.6,TS,50.0,SCS,50.0,tokyo,0,50.0,True
CLS_02263,1,CS-SCS,Cyclonic Storm / Severe Cyclonic Storm,2015282N11230,NORA,EP,CP,pacific_ocean,eastern_pacific,2015-10-12T03:00:00Z,12.3,-143.9,TS,60.0,SCS,,,0,60.0,True
CLS_02264,1,CS-SCS,Cyclonic Storm / Severe Cyclonic Storm,2015286S10175,UNNAMED,SP,MM,pacific_ocean,southern_pacific,2015-10-16T21:00:00Z,-14.7,174.5,TS,35.0,CS,,,0,35.0,True
CLS_02265,1,CS-SCS,Cyclonic Storm / Severe Cyclonic Storm,2015293N13266,PATRICIA,EP,MM,pacific_ocean,eastern_pacific,2015-10-21T06:00:00Z,12.9,-96.2,TS,35.0,CS,35.0,hurdat_epa,0,35.0,True
CLS_02266,1,CS-SCS,Cyclonic Storm / Severe Cyclonic Storm,2015309N14067,MEGH,NI,AS,north_indian_ocean,arabian_sea,2015-11-05T21:00:00Z,13.7,62.9,TS,40.0,CS,45.0,newdelhi,0,45.0,True
CLS_02267,1,CS-SCS,Cyclonic Storm / Severe Cyclonic Storm,2015322N13253,RICK,EP,MM,pacific_ocean,eastern_pacific,2015-11-19T21:00:00Z,14.9,-107.3,TS,35.0,CS,,,0,35.0,True
CLS_02268,1,CS-SCS,Cyclonic Storm / Severe Cyclonic Storm,2015323S05080,ANNABELLE,SI,MM,south_indian_ocean,,2015-11-22T06:00:00Z,-12.0,71.8,TS,50.0,SCS,45.0,reunion,0,45.0,True
CLS_02269,1,CS-SCS,Cyclonic Storm / Severe Cyclonic Storm,2015328N11260,SANDRA,EP,MM,pacific_ocean,eastern_pacific,2015-11-24T12:00:00Z,11.2,-105.5,TS,45.0,CS,45.0,hurdat_epa,0,45.0,True
CLS_02270,1,CS-SCS,Cyclonic Storm / Severe Cyclonic Storm,2015330S10178,TUNI,SP,MM,pacific_ocean,southern_pacific,2015-11-27T18:00:00Z,-13.2,184.5,TS,35.0,CS,30.0,nadi,0,30.0,True
CLS_02271,1,CS-SCS,Cyclonic Storm / Severe Cyclonic Storm,2015330S10178,TUNI,SP,MM,pacific_ocean,southern_pacific,2015-11-28T18:00:00Z,-15.2,187.5,TS,40.0,CS,40.0,nadi,0,40.0,True
CLS_02272,1,CS-SCS,Cyclonic Storm / Severe Cyclonic Storm,2015342S09079,BOHALE,SI,MM,south_indian_ocean,,2015-12-10T21:00:00Z,-15.7,69.7,TS,35.0,CS,,,0,35.0,True
CLS_02273,1,CS-SCS,Cyclonic Storm / Severe Cyclonic Storm,2015344N07145,MELOR,WP,MM,pacific_ocean,western_pacific,2015-12-12T06:00:00Z,10.8,133.5,TS,50.0,SCS,45.0,tokyo,0,45.0,True
CLS_02274,1,CS-SCS,Cyclonic Storm / Severe Cyclonic Storm,2016006N02188,PALI,EP,CP,pacific_ocean,eastern_pacific,2016-01-10T00:00:00Z,7.8,-174.2,TS,35.0,CS,35.0,hurdat_epa,0,35.0,True
CLS_02275,1,CS-SCS,Cyclonic Storm / Severe Cyclonic Storm,2016027S13119,STAN,SI,WA,south_indian_ocean,,2016-01-29T09:00:00Z,-17.7,118.1,TS,45.0,CS,,,0,45.0,True
CLS_02276,1,CS-SCS,Cyclonic Storm / Severe Cyclonic Storm,2016040S16155,TATIANA,SP,EA,pacific_ocean,southern_pacific,2016-02-10T21:00:00Z,-16.7,157.1,TS,38.0,CS,,,0,38.0,True
CLS_02277,1,CS-SCS,Cyclonic Storm / Severe Cyclonic Storm,2016039S14061,DAYA,SI,MM,south_indian_ocean,,2016-02-11T00:00:00Z,-24.8,53.2,TS,40.0,CS,33.0,reunion,0,33.0,True
CLS_02278,1,CS-SCS,Cyclonic Storm / Severe Cyclonic Storm,2016040S16155,TATIANA,SP,EA,pacific_ocean,southern_pacific,2016-02-11T18:00:00Z,-17.1,158.8,TS,55.0,SCS,40.0,bom,0,40.0,True
CLS_02279,1,CS-SCS,Cyclonic Storm / Severe Cyclonic Storm,2016042S10094,URIAH,SI,MM,south_indian_ocean,,2016-02-15T15:00:00Z,-16.8,87.5,TS,55.0,SCS,,,0,55.0,True
CLS_02280,1,CS-SCS,Cyclonic Storm / Severe Cyclonic Storm,2016055S15202,YALO,SP,MM,pacific_ocean,southern_pacific,2016-02-25T06:00:00Z,-19.5,-155.3,TS,45.0,CS,35.0,nadi,0,35.0,True
CLS_02281,1,CS-SCS,Cyclonic Storm / Severe Cyclonic Storm,2016074S16137,UNNAMED,SP,EA,pacific_ocean,southern_pacific,2016-03-16T06:00:00Z,-16.7,141.0,TS,40.0,CS,30.0,bom,0,30.0,True
CLS_02282,1,CS-SCS,Cyclonic Storm / Severe Cyclonic Storm,2016075S11087,EMERAUDE,SI,MM,south_indian_ocean,,2016-03-20T12:00:00Z,-10.7,87.4,TS,50.0,SCS,45.0,reunion,0,45.0,True
CLS_02283,1,CS-SCS,Cyclonic Storm / Severe Cyclonic Storm,2016087S13073,UNNAMED,SI,MM,south_indian_ocean,,2016-03-29T12:00:00Z,-19.6,79.2,TS,40.0,CS,42.0,reunion,0,42.0,True
CLS_02284,1,CS-SCS,Cyclonic Storm / Severe Cyclonic Storm,2016095S13162,ZENA,SP,MM,pacific_ocean,southern_pacific,2016-04-05T09:00:00Z,-15.0,167.0,TS,50.0,SCS,35.0,nadi,0,35.0,True
CLS_02285,1,CS-SCS,Cyclonic Storm / Severe Cyclonic Storm,2016095S13162,ZENA,SP,MM,pacific_ocean,southern_pacific,2016-04-06T15:00:00Z,-20.0,179.6,TS,35.0,CS,60.0,nadi,0,60.0,True
CLS_02286,1,CS-SCS,Cyclonic Storm / Severe Cyclonic Storm,2016108S17181,AMOS,SP,MM,pacific_ocean,southern_pacific,2016-04-20T06:00:00Z,-12.9,-178.8,TS,35.0,CS,30.0,nadi,0,30.0,True
CLS_02287,1,CS-SCS,Cyclonic Storm / Severe Cyclonic Storm,2016108S17181,AMOS,SP,MM,pacific_ocean,southern_pacific,2016-04-20T21:00:00Z,-12.6,-179.7,TS,50.0,SCS,,,0,50.0,True
CLS_02288,1,CS-SCS,Cyclonic Storm / Severe Cyclonic Storm,2016138N10081,ROANU,NI,BB,north_indian_ocean,bay_of_bengal,2016-05-18T06:00:00Z,13.9,81.3,TS,45.0,CS,30.0,newdelhi,0,30.0,True
CLS_02289,1,CS-SCS,Cyclonic Storm / Severe Cyclonic Storm,2016138N10081,ROANU,NI,BB,north_indian_ocean,bay_of_bengal,2016-05-19T03:00:00Z,15.4,81.8,TS,48.0,SCS,35.0,newdelhi,0,35.0,True
CLS_02290,1,CS-SCS,Cyclonic Storm / Severe Cyclonic Storm,2016138N10081,ROANU,NI,BB,north_indian_ocean,bay_of_bengal,2016-05-19T18:00:00Z,16.5,83.1,TS,45.0,CS,40.0,newdelhi,0,40.0,True
CLS_02291,1,CS-SCS,Cyclonic Storm / Severe Cyclonic Storm,2016138N10081,ROANU,NI,BB,north_indian_ocean,bay_of_bengal,2016-05-20T06:00:00Z,18.6,85.1,TS,50.0,SCS,40.0,newdelhi,0,40.0,True
CLS_02292,1,CS-SCS,Cyclonic Storm / Severe Cyclonic Storm,2016138N10081,ROANU,NI,BB,north_indian_ocean,bay_of_bengal,2016-05-20T18:00:00Z,20.2,88.0,TS,55.0,SCS,45.0,newdelhi,0,45.0,True
CLS_02293,1,CS-SCS,Cyclonic Storm / Severe Cyclonic Storm,2016138N10081,ROANU,NI,BB,north_indian_ocean,bay_of_bengal,2016-05-21T12:00:00Z,23.0,92.0,TS,40.0,CS,35.0,newdelhi,0,35.0,True
CLS_02294,1,CS-SCS,Cyclonic Storm / Severe Cyclonic Storm,2016178N22068,UNNAMED,NI,AS,north_indian_ocean,arabian_sea,2016-06-27T06:00:00Z,21.9,64.7,TS,40.0,CS,,,0,40.0,True
CLS_02295,1,CS-SCS,Cyclonic Storm / Severe Cyclonic Storm,2016183N13246,AGATHA,EP,MM,pacific_ocean,eastern_pacific,2016-07-04T00:00:00Z,17.8,-125.5,TS,40.0,CS,40.0,hurdat_epa,0,40.0,True
CLS_02296,1,CS-SCS,Cyclonic Storm / Severe Cyclonic Storm,2016185N08145,NEPARTAK,WP,MM,pacific_ocean,western_pacific,2016-07-08T15:00:00Z,23.5,119.6,TS,50.0,SCS,,,0,50.0,True
CLS_02297,1,CS-SCS,Cyclonic Storm / Severe Cyclonic Storm,2016195S06076,ABELA,SI,MM,south_indian_ocean,,2016-07-19T12:00:00Z,-14.6,54.6,TS,35.0,CS,32.0,reunion,0,32.0,True
CLS_02298,1,CS-SCS,Cyclonic Storm / Severe Cyclonic Storm,2016203N10249,GEORGETTE,EP,MM,pacific_ocean,eastern_pacific,2016-07-23T06:00:00Z,13.4,-120.0,TS,55.0,SCS,55.0,hurdat_epa,0,55.0,True
CLS_02299,1,CS-SCS,Cyclonic Storm / Severe Cyclonic Storm,2016203N13259,FRANK,EP,MM,pacific_ocean,eastern_pacific,2016-07-24T21:00:00Z,20.0,-112.5,TS,60.0,SCS,,,0,60.0,True
CLS_02300,1,CS-SCS,Cyclonic Storm / Severe Cyclonic Storm,2016211N11128,NIDA,WP,MM,pacific_ocean,western_pacific,2016-07-31T12:00:00Z,18.7,121.2,TS,60.0,SCS,60.0,tokyo,0,60.0,True
CLS_02301,1,CS-SCS,Cyclonic Storm / Severe Cyclonic Storm,2016216N14243,IVETTE,EP,MM,pacific_ocean,eastern_pacific,2016-08-06T21:00:00Z,16.2,-135.4,TS,43.0,CS,,,0,43.0,True
CLS_02302,1,CS-SCS,Cyclonic Storm / Severe Cyclonic Storm,2016220N18258,JAVIER,EP,MM,pacific_ocean,eastern_pacific,2016-08-08T21:00:00Z,22.4,-109.4,TS,53.0,SCS,,,0,53.0,True
CLS_02303,1,CS-SCS,Cyclonic Storm / Severe Cyclonic Storm,2016228N22117,DIANMU,WP,MM,pacific_ocean,western_pacific,2016-08-19T03:00:00Z,20.6,107.1,TS,43.0,CS,,,0,43.0,True
CLS_02304,1,CS-SCS,Cyclonic Storm / Severe Cyclonic Storm,2016232N22153,KOMPASU,WP,MM,pacific_ocean,western_pacific,2016-08-20T12:00:00Z,36.2,143.6,TS,35.0,CS,35.0,tokyo,0,35.0,True
CLS_02305,1,CS-SCS,Cyclonic Storm / Severe Cyclonic Storm,2016230N12254,KAY,EP,MM,pacific_ocean,eastern_pacific,2016-08-20T12:00:00Z,19.8,-112.4,TS,45.0,CS,45.0,hurdat_epa,0,45.0,True
CLS_02306,1,CS-SCS,Cyclonic Storm / Severe Cyclonic Storm,2016236N13146,UNNAMED,WP,MM,pacific_ocean,western_pacific,2016-08-23T09:00:00Z,14.7,145.2,TS,38.0,CS,,,0,38.0,True
CLS_02307,1,CS-SCS,Cyclonic Storm / Severe Cyclonic Storm,2016240N13224,MADELINE,EP,CP,pacific_ocean,eastern_pacific,2016-08-31T21:00:00Z,18.4,-154.1,TS,58.0,SCS,,,0,58.0,True
CLS_02308,1,CS-SCS,Cyclonic Storm / Severe Cyclonic Storm,2016256N12146,MALAKAS,WP,MM,pacific_ocean,western_pacific,2016-09-12T18:00:00Z,13.9,139.3,TS,45.0,CS,35.0,tokyo,0,35.0,True
CLS_02309,1,CS-SCS,Cyclonic Storm / Severe Cyclonic Storm,2016255N12247,ORLENE,EP,MM,pacific_ocean,eastern_pacific,2016-09-15T06:00:00Z,20.2,-120.7,TS,60.0,SCS,60.0,hurdat_epa,0,60.0,True
CLS_02310,1,CS-SCS,Cyclonic Storm / Severe Cyclonic Storm,2016262N16251,PAINE,EP,MM,pacific_ocean,eastern_pacific,2016-09-18T21:00:00Z,18.5,-113.0,TS,55.0,SCS,,,0,55.0,True
CLS_02311,1,CS-SCS,Cyclonic Storm / Severe Cyclonic Storm,2016270N15240,ROSLYN,EP,MM,pacific_ocean,eastern_pacific,2016-09-28T15:00:00Z,21.0,-115.1,TS,35.0,CS,,,0,35.0,True
CLS_02312,1,CS-SCS,Cyclonic Storm / Severe Cyclonic Storm,2016270N12223,ULIKA,EP,CP,pacific_ocean,eastern_pacific,2016-09-30T00:00:00Z,17.5,-140.6,TS,35.0,CS,35.0,hurdat_epa,0,35.0,True
CLS_02313,1,CS-SCS,Cyclonic Storm / Severe Cyclonic Storm,2016269N15165,CHABA,WP,MM,pacific_ocean,western_pacific,2016-09-30T18:00:00Z,15.4,136.0,TS,50.0,SCS,55.0,tokyo,0,55.0,True
CLS_02314,1,CS-SCS,Cyclonic Storm / Severe Cyclonic Storm,2016278N16181,SONGDA,WP,MM,pacific_ocean,western_pacific,2016-10-09T06:00:00Z,22.1,149.8,TS,50.0,SCS,40.0,tokyo,0,40.0,True
CLS_02315,1,CS-SCS,Cyclonic Storm / Severe Cyclonic Storm,2016287N12131,SARIKA,WP,MM,pacific_ocean,western_pacific,2016-10-14T09:00:00Z,13.8,126.2,TS,55.0,SCS,,,0,55.0,True
CLS_02316,1,CS-SCS,Cyclonic Storm / Severe Cyclonic Storm,2016296N11262,SEYMOUR,EP,MM,pacific_ocean,eastern_pacific,2016-10-23T12:00:00Z,13.2,-104.1,TS,35.0,CS,35.0,hurdat_epa,0,35.0,True
CLS_02317,1,CS-SCS,Cyclonic Storm / Severe Cyclonic Storm,2016295N13089,KYANT,NI,BB,north_indian_ocean,bay_of_bengal,2016-10-25T00:00:00Z,16.8,91.7,TS,35.0,CS,30.0,newdelhi,0,30.0,True
CLS_02318,1,CS-SCS,Cyclonic Storm / Severe Cyclonic Storm,2016295N13089,KYANT,NI,BB,north_indian_ocean,bay_of_bengal,2016-10-25T12:00:00Z,16.8,90.6,TS,35.0,CS,35.0,newdelhi,0,35.0,True
CLS_02319,1,CS-SCS,Cyclonic Storm / Severe Cyclonic Storm,2016305N10147,MEARI,WP,MM,pacific_ocean,western_pacific,2016-11-04T09:00:00Z,15.8,139.2,TS,55.0,SCS,,,0,55.0,True
CLS_02320,1,CS-SCS,Cyclonic Storm / Severe Cyclonic Storm,2016313N11163,MA-ON,WP,MM,pacific_ocean,western_pacific,2016-11-09T18:00:00Z,16.3,157.7,TS,35.0,CS,,tokyo,0,35.0,True
CLS_02321,1,CS-SCS,Cyclonic Storm / Severe Cyclonic Storm,2016328N09130,TOKAGE,WP,MM,pacific_ocean,western_pacific,2016-11-25T03:00:00Z,11.4,121.9,TS,48.0,SCS,,,0,48.0,True
CLS_02322,1,CS-SCS,Cyclonic Storm / Severe Cyclonic Storm,2016323N13279,OTTO,EP,MM,pacific_ocean,eastern_pacific,2016-11-25T06:00:00Z,10.6,-86.2,TS,60.0,SCS,60.0,hurdat_atl,0,60.0,True
CLS_02323,1,CS-SCS,Cyclonic Storm / Severe Cyclonic Storm,2016335N07088,NADA,NI,BB,north_indian_ocean,bay_of_bengal,2016-11-30T03:00:00Z,8.6,85.3,TS,43.0,CS,35.0,newdelhi,0,35.0,True
CLS_02324,1,CS-SCS,Cyclonic Storm / Severe Cyclonic Storm,2016335N07088,NADA,NI,BB,north_indian_ocean,bay_of_bengal,2016-11-30T15:00:00Z,10.0,83.4,TS,45.0,CS,40.0,newdelhi,0,40.0,True
CLS_02325,1,CS-SCS,Cyclonic Storm / Severe Cyclonic Storm,2016335N07088,NADA,NI,BB,north_indian_ocean,bay_of_bengal,2016-12-01T03:00:00Z,10.4,81.7,TS,40.0,CS,30.0,newdelhi,0,30.0,True
CLS_02326,1,CS-SCS,Cyclonic Storm / Severe Cyclonic Storm,2016354S15116,YVETTE,SI,WA,south_indian_ocean,,2016-12-19T03:00:00Z,-15.8,115.2,TS,35.0,CS,,,0,35.0,True
CLS_02327,1,CS-SCS,Cyclonic Storm / Severe Cyclonic Storm,2016355N07146,NOCK-TEN,WP,MM,pacific_ocean,western_pacific,2016-12-27T12:00:00Z,14.2,115.4,TS,35.0,CS,40.0,tokyo,0,40.0,True
CLS_02328,1,CS-SCS,Cyclonic Storm / Severe Cyclonic Storm,2017025S16128,UNNAMED,SI,WA,south_indian_ocean,,2017-01-29T00:00:00Z,-19.6,110.1,TS,35.0,CS,40.0,bom,0,40.0,True
CLS_02329,1,CS-SCS,Cyclonic Storm / Severe Cyclonic Storm,2017033S14056,CARLOS,SI,MM,south_indian_ocean,,2017-02-10T03:00:00Z,-26.3,56.8,TS,58.0,SCS,,,0,58.0,True
CLS_02330,1,CS-SCS,Cyclonic Storm / Severe Cyclonic Storm,2017043S19040,DINEO,SI,MM,south_indian_ocean,,2017-02-13T03:00:00Z,-21.4,39.9,TS,38.0,CS,,,0,38.0,True
CLS_02331,1,CS-SCS,Cyclonic Storm / Severe Cyclonic Storm,2017046S17137,ALFRED,SP,EA,pacific_ocean,southern_pacific,2017-02-16T18:00:00Z,-16.6,139.2,TS,35.0,CS,35.0,bom,0,35.0,True
CLS_02332,1,CS-SCS,Cyclonic Storm / Severe Cyclonic Storm,2017046S17137,ALFRED,SP,EA,pacific_ocean,southern_pacific,2017-02-19T18:00:00Z,-15.0,136.8,TS,40.0,CS,40.0,bom,0,40.0,True
CLS_02333,1,CS-SCS,Cyclonic Storm / Severe Cyclonic Storm,2017046S17137,ALFRED,SP,EA,pacific_ocean,southern_pacific,2017-02-20T12:00:00Z,-15.6,137.6,TS,40.0,CS,35.0,bom,0,35.0,True
CLS_02334,1,CS-SCS,Cyclonic Storm / Severe Cyclonic Storm,2017051S18189,BART,SP,MM,pacific_ocean,southern_pacific,2017-02-21T00:00:00Z,-20.0,-165.8,TS,35.0,CS,30.0,nadi,0,30.0,True
CLS_02335,1,CS-SCS,Cyclonic Storm / Severe Cyclonic Storm,2017052S16178,UNNAMED,SP,MM,pacific_ocean,southern_pacific,2017-02-21T12:00:00Z,-18.6,182.9,TS,35.0,CS,,,0,35.0,True
CLS_02336,1,CS-SCS,Cyclonic Storm / Severe Cyclonic Storm,2017051S18189,BART,SP,MM,pacific_ocean,southern_pacific,2017-02-22T03:00:00Z,-25.8,-156.3,TS,35.0,CS,,,0,35.0,True
CLS_02337,1,CS-SCS,Cyclonic Storm / Severe Cyclonic Storm,2017052S16178,UNNAMED,SP,MM,pacific_ocean,southern_pacific,2017-02-22T09:00:00Z,-23.7,192.0,TS,38.0,CS,,,0,38.0,True
CLS_02338,1,CS-SCS,Cyclonic Storm / Severe Cyclonic Storm,2017060S09139,BLANCHE,SI,WA,south_indian_ocean,,2017-03-06T00:00:00Z,-14.0,128.2,TS,55.0,SCS,55.0,bom,0,55.0,True
CLS_02339,1,CS-SCS,Cyclonic Storm / Severe Cyclonic Storm,2017065S14079,FERNANDO,SI,MM,south_indian_ocean,,2017-03-09T09:00:00Z,-14.3,68.7,TS,43.0,CS,,,0,43.0,True
CLS_02340,1,CS-SCS,Cyclonic Storm / Severe Cyclonic Storm,2017081S10096,CALEB,SI,WA,south_indian_ocean,,2017-03-23T21:00:00Z,-13.7,100.8,TS,40.0,CS,,,0,40.0,True
CLS_02341,1,CS-SCS,Cyclonic Storm / Severe Cyclonic Storm,2017094S17191,UNNAMED,SP,MM,pacific_ocean,southern_pacific,2017-04-05T15:00:00Z,-20.1,-170.7,TS,35.0,CS,,,0,35.0,True
CLS_02342,1,CS-SCS,Cyclonic Storm / Severe Cyclonic Storm,2017094S17191,UNNAMED,SP,MM,pacific_ocean,southern_pacific,2017-04-06T03:00:00Z,-20.5,-170.3,TS,35.0,CS,,,0,35.0,True
CLS_02343,1,CS-SCS,Cyclonic Storm / Severe Cyclonic Storm,2017094S17191,UNNAMED,SP,MM,pacific_ocean,southern_pacific,2017-04-06T18:00:00Z,-21.5,-168.8,TS,35.0,CS,,,0,35.0,True
CLS_02344,1,CS-SCS,Cyclonic Storm / Severe Cyclonic Storm,2017097S12171,COOK,SP,MM,pacific_ocean,southern_pacific,2017-04-08T18:00:00Z,-17.1,167.5,TS,55.0,SCS,50.0,nadi,0,50.0,True
CLS_02345,1,CS-SCS,Cyclonic Storm / Severe Cyclonic Storm,2017104N08085,MAARUTHA,NI,BB,north_indian_ocean,bay_of_bengal,2017-04-15T09:00:00Z,13.8,89.7,TS,38.0,CS,30.0,newdelhi,0,30.0,True
CLS_02346,1,CS-SCS,Cyclonic Storm / Severe Cyclonic Storm,2017104N08085,MAARUTHA,NI,BB,north_indian_ocean,bay_of_bengal,2017-04-16T03:00:00Z,16.6,92.5,TS,50.0,SCS,40.0,newdelhi,0,40.0,True
CLS_02347,1,CS-SCS,Cyclonic Storm / Severe Cyclonic Storm,2017113N09144,MUIFA,WP,MM,pacific_ocean,western_pacific,2017-04-26T18:00:00Z,14.5,134.5,TS,40.0,CS,35.0,tokyo,0,35.0,True
CLS_02348,1,CS-SCS,Cyclonic Storm / Severe Cyclonic Storm,2017127S18184,ELLA,SP,MM,pacific_ocean,southern_pacific,2017-05-09T21:00:00Z,-14.8,185.6,TS,48.0,SCS,,,0,48.0,True
CLS_02349,1,CS-SCS,Cyclonic Storm / Severe Cyclonic Storm,2017130N09269,ADRIAN,EP,MM,pacific_ocean,eastern_pacific,2017-05-10T09:00:00Z,9.8,-92.2,TS,38.0,CS,,,0,38.0,True
CLS_02350,1,CS-SCS,Cyclonic Storm / Severe Cyclonic Storm,2017127S18184,ELLA,SP,MM,pacific_ocean,southern_pacific,2017-05-10T15:00:00Z,-14.3,183.9,TS,53.0,SCS,,,0,53.0,True
CLS_02351,1,CS-SCS,Cyclonic Storm / Severe Cyclonic Storm,2017127S18184,ELLA,SP,MM,pacific_ocean,southern_pacific,2017-05-11T03:00:00Z,-14.2,183.1,TS,58.0,SCS,,,0,58.0,True
CLS_02352,1,CS-SCS,Cyclonic Storm / Severe Cyclonic Storm,2017147N14087,MORA,NI,BB,north_indian_ocean,bay_of_bengal,2017-05-28T06:00:00Z,15.1,90.5,TS,35.0,CS,25.0,newdelhi,0,25.0,True
CLS_02353,1,CS-SCS,Cyclonic Storm / Severe Cyclonic Storm,2017147N14087,MORA,NI,BB,north_indian_ocean,bay_of_bengal,2017-05-28T18:00:00Z,16.3,91.1,TS,45.0,CS,35.0,newdelhi,0,35.0,True
CLS_02354,1,CS-SCS,Cyclonic Storm / Severe Cyclonic Storm,2017147N14087,MORA,NI,BB,north_indian_ocean,bay_of_bengal,2017-05-29T12:00:00Z,18.7,91.6,TS,60.0,SCS,50.0,newdelhi,0,50.0,True
CLS_02355,1,CS-SCS,Cyclonic Storm / Severe Cyclonic Storm,2017152N14262,BEATRIZ,EP,MM,pacific_ocean,eastern_pacific,2017-06-01T18:00:00Z,15.1,-96.9,TS,40.0,CS,40.0,hurdat_epa,0,40.0,True
CLS_02356,1,CS-SCS,Cyclonic Storm / Severe Cyclonic Storm,2017163N14265,CALVIN,EP,MM,pacific_ocean,eastern_pacific,2017-06-13T03:00:00Z,16.1,-95.9,TS,35.0,CS,,,0,35.0,True
CLS_02357,1,CS-SCS,Cyclonic Storm / Severe Cyclonic Storm,2017195N16114,TALAS,WP,MM,pacific_ocean,western_pacific,2017-07-17T03:00:00Z,18.9,103.0,TS,35.0,CS,,,0,35.0,True
CLS_02358,1,CS-SCS,Cyclonic Storm / Severe Cyclonic Storm,2017202N19124,ROKE,WP,MM,pacific_ocean,western_pacific,2017-07-22T09:00:00Z,21.4,118.4,TS,35.0,CS,,,0,35.0,True
CLS_02359,1,CS-SCS,Cyclonic Storm / Severe Cyclonic Storm,2017199N14255,GREG,EP,MM,pacific_ocean,eastern_pacific,2017-07-25T06:00:00Z,14.9,-135.8,TS,40.0,CS,40.0,hurdat_epa,0,40.0,True
CLS_02360,1,CS-SCS,Cyclonic Storm / Severe Cyclonic Storm,2017203N14248,IRWIN,EP,MM,pacific_ocean,eastern_pacific,2017-07-31T12:00:00Z,21.2,-127.0,TS,50.0,SCS,50.0,hurdat_epa,0,50.0,True
CLS_02361,1,CS-SCS,Cyclonic Storm / Severe Cyclonic Storm,2017212N27158,NALGAE,WP,MM,pacific_ocean,western_pacific,2017-08-05T00:00:00Z,32.3,162.4,TS,50.0,SCS,40.0,tokyo,0,40.0,True
CLS_02362,1,CS-SCS,Cyclonic Storm / Severe Cyclonic Storm,2017223N16172,BANYAN,WP,MM,pacific_ocean,western_pacific,2017-08-11T12:00:00Z,17.5,167.8,TS,40.0,CS,35.0,tokyo,0,35.0,True
CLS_02363,1,CS-SCS,Cyclonic Storm / Severe Cyclonic Storm,2017224N19253,JOVA,EP,MM,pacific_ocean,eastern_pacific,2017-08-12T09:00:00Z,19.8,-110.7,TS,35.0,CS,,,0,35.0,True
CLS_02364,1,CS-SCS,Cyclonic Storm / Severe Cyclonic Storm,2017230N13249,KENNETH,EP,MM,pacific_ocean,eastern_pacific,2017-08-19T03:00:00Z,15.0,-119.2,TS,38.0,CS,,,0,38.0,True
CLS_02365,1,CS-SCS,Cyclonic Storm / Severe Cyclonic Storm,2017242N17253,LIDIA,EP,MM,pacific_ocean,eastern_pacific,2017-08-31T06:00:00Z,21.0,-109.3,TS,40.0,CS,40.0,hurdat_epa,0,40.0,True
CLS_02366,1,CS-SCS,Cyclonic Storm / Severe Cyclonic Storm,2017242N19122,MAWAR,WP,MM,pacific_ocean,western_pacific,2017-09-02T06:00:00Z,21.3,117.2,TS,40.0,CS,50.0,tokyo,0,50.0,True
CLS_02367,1,CS-SCS,Cyclonic Storm / Severe Cyclonic Storm,2017252N14147,TALIM,WP,MM,pacific_ocean,western_pacific,2017-09-11T00:00:00Z,18.1,136.1,TS,55.0,SCS,55.0,tokyo,0,55.0,True
CLS_02368,1,CS-SCS,Cyclonic Storm / Severe Cyclonic Storm,2017253N14130,DOKSURI,WP,MM,pacific_ocean,western_pacific,2017-09-12T12:00:00Z,14.5,119.3,TS,35.0,CS,35.0,tokyo,0,35.0,True
CLS_02369,1,CS-SCS,Cyclonic Storm / Severe Cyclonic Storm,2017257N16258,MAX,EP,MM,pacific_ocean,eastern_pacific,2017-09-15T03:00:00Z,16.9,-98.4,TS,43.0,CS,,,0,43.0,True
CLS_02370,1,CS-SCS,Cyclonic Storm / Severe Cyclonic Storm,2017254N16251,OTIS,EP,MM,pacific_ocean,eastern_pacific,2017-09-17T03:00:00Z,15.9,-127.2,TS,45.0,CS,,,0,45.0,True
CLS_02371,1,CS-SCS,Cyclonic Storm / Severe Cyclonic Storm,2017257N16251,NORMA,EP,MM,pacific_ocean,eastern_pacific,2017-09-18T12:00:00Z,21.3,-112.0,TS,45.0,CS,45.0,hurdat_epa,0,45.0,True
CLS_02372,1,CS-SCS,Cyclonic Storm / Severe Cyclonic Storm,2017265N17257,PILAR,EP,MM,pacific_ocean,eastern_pacific,2017-09-25T00:00:00Z,21.8,-106.6,TS,40.0,CS,40.0,hurdat_epa,0,40.0,True
CLS_02373,1,CS-SCS,Cyclonic Storm / Severe Cyclonic Storm,2017277N14265,RAMON,EP,MM,pacific_ocean,eastern_pacific,2017-10-04T06:00:00Z,14.6,-95.7,TS,40.0,CS,40.0,hurdat_epa,0,40.0,True
CLS_02374,1,CS-SCS,Cyclonic Storm / Severe Cyclonic Storm,2017300N10271,SELMA,EP,MM,pacific_ocean,eastern_pacific,2017-10-27T15:00:00Z,11.0,-89.3,TS,35.0,CS,,,0,35.0,True
CLS_02375,1,CS-SCS,Cyclonic Storm / Severe Cyclonic Storm,2017304N11127,DAMREY,WP,MM,pacific_ocean,western_pacific,2017-11-04T15:00:00Z,12.7,105.9,TS,35.0,CS,,,0,35.0,True
CLS_02376,1,CS-SCS,Cyclonic Storm / Severe Cyclonic Storm,2017312N10134,HAIKUI,WP,MM,pacific_ocean,western_pacific,2017-11-11T12:00:00Z,17.9,114.4,TS,35.0,CS,40.0,tokyo,0,40.0,True
CLS_02377,1,CS-SCS,Cyclonic Storm / Severe Cyclonic Storm,2017321N07124,KIROGI,WP,MM,pacific_ocean,western_pacific,2017-11-18T06:00:00Z,11.4,113.4,TS,35.0,CS,35.0,tokyo,0,35.0,True
CLS_02378,1,CS-SCS,Cyclonic Storm / Severe Cyclonic Storm,2017332S08098,DAHLIA,SI,WA,south_indian_ocean,,2017-11-30T00:00:00Z,-8.9,105.1,TS,40.0,CS,35.0,bom,0,35.0,True
CLS_02379,1,CS-SCS,Cyclonic Storm / Severe Cyclonic Storm,2017340N09089,UNNAMED,NI,BB,north_indian_ocean,bay_of_bengal,2017-12-08T06:00:00Z,15.8,86.6,TS,40.0,CS,30.0,newdelhi,0,30.0,True
CLS_02380,1,CS-SCS,Cyclonic Storm / Severe Cyclonic Storm,2017340N09089,UNNAMED,NI,BB,north_indian_ocean,bay_of_bengal,2017-12-08T18:00:00Z,18.1,86.4,TS,40.0,CS,25.0,newdelhi,0,25.0,True
CLS_02381,1,CS-SCS,Cyclonic Storm / Severe Cyclonic Storm,2017347N11131,KAI-TAK,WP,MM,pacific_ocean,western_pacific,2017-12-15T00:00:00Z,11.6,127.8,TS,45.0,CS,40.0,tokyo,0,40.0,True
CLS_02382,1,CS-SCS,Cyclonic Storm / Severe Cyclonic Storm,2017354N08134,TEMBIN,WP,MM,pacific_ocean,western_pacific,2017-12-21T21:00:00Z,7.8,126.1,TS,48.0,SCS,,,0,48.0,True
CLS_02383,1,CS-SCS,Cyclonic Storm / Severe Cyclonic Storm,2017360S15124,HILDA,SI,WA,south_indian_ocean,,2017-12-28T15:00:00Z,-20.3,121.9,TS,35.0,CS,,,0,35.0,True
CLS_02384,1,CS-SCS,Cyclonic Storm / Severe Cyclonic Storm,2018004S09096,IRVING,SI,WA,south_indian_ocean,,2018-01-05T21:00:00Z,-12.4,92.1,TS,38.0,CS,,,0,38.0,True
CLS_02385,1,CS-SCS,Cyclonic Storm / Severe Cyclonic Storm,2017364S12065,AVA,SI,MM,south_indian_ocean,,2018-01-06T09:00:00Z,-20.2,47.6,TS,53.0,SCS,,,0,53.0,True
CLS_02386,1,CS-SCS,Cyclonic Storm / Severe Cyclonic Storm,2018007S13130,JOYCE,SI,WA,south_indian_ocean,,2018-01-12T18:00:00Z,-20.6,119.4,TS,40.0,CS,30.0,bom,0,30.0,True
CLS_02387,1,CS-SCS,Cyclonic Storm / Severe Cyclonic Storm,2018010S10069,BERGUITTA,SI,MM,south_indian_ocean,,2018-01-13T15:00:00Z,-18.2,64.0,TS,48.0,SCS,,,0,48.0,True
CLS_02388,1,CS-SCS,Cyclonic Storm / Severe Cyclonic Storm,2018027S11156,FEHI,SP,EA,pacific_ocean,southern_pacific,2018-01-27T18:00:00Z,-15.5,159.5,TS,40.0,CS,,,0,40.0,True
CLS_02389,1,CS-SCS,Cyclonic Storm / Severe Cyclonic Storm,2018027S11156,FEHI,SP,MM,pacific_ocean,southern_pacific,2018-01-28T18:00:00Z,-18.3,161.5,TS,50.0,SCS,30.0,nadi,0,30.0,True
CLS_02390,1,CS-SCS,Cyclonic Storm / Severe Cyclonic Storm,2018027S11156,FEHI,SP,MM,pacific_ocean,southern_pacific,2018-01-29T12:00:00Z,-21.2,163.5,TS,45.0,CS,40.0,nadi,0,40.0,True
CLS_02391,1,CS-SCS,Cyclonic Storm / Severe Cyclonic Storm,2018027S11156,FEHI,SP,MM,pacific_ocean,southern_pacific,2018-01-30T15:00:00Z,-29.4,163.8,TS,45.0,CS,,,0,45.0,True
CLS_02392,1,CS-SCS,Cyclonic Storm / Severe Cyclonic Storm,2018039N08151,SANBA,WP,MM,pacific_ocean,western_pacific,2018-02-12T15:00:00Z,8.2,128.4,TS,35.0,CS,,,0,35.0,True
CLS_02393,1,CS-SCS,Cyclonic Storm / Severe Cyclonic Storm,2018044S10133,KELVIN,SI,WA,south_indian_ocean,,2018-02-17T12:00:00Z,-19.2,120.6,TS,50.0,SCS,60.0,bom,0,60.0,True
CLS_02394,1,CS-SCS,Cyclonic Storm / Severe Cyclonic Storm,2018060S13057,DUMAZILE,SI,MM,south_indian_ocean,,2018-03-03T12:00:00Z,-15.3,52.5,TS,50.0,SCS,40.0,reunion,0,40.0,True
CLS_02395,1,CS-SCS,Cyclonic Storm / Severe Cyclonic Storm,2018070S10160,LINDA,SP,MM,pacific_ocean,southern_pacific,2018-03-12T18:00:00Z,-16.7,160.1,TS,40.0,CS,35.0,bom,0,35.0,True
CLS_02396,1,CS-SCS,Cyclonic Storm / Severe Cyclonic Storm,2018070S10160,LINDA,SP,EA,pacific_ocean,southern_pacific,2018-03-13T06:00:00Z,-19.2,159.7,TS,50.0,SCS,45.0,bom,0,45.0,True
CLS_02397,1,CS-SCS,Cyclonic Storm / Severe Cyclonic Storm,2018070S10160,LINDA,SP,EA,pacific_ocean,southern_pacific,2018-03-14T06:00:00Z,-22.6,156.4,TS,40.0,CS,40.0,bom,0,40.0,True
CLS_02398,1,CS-SCS,Cyclonic Storm / Severe Cyclonic Storm,2018073S12057,ELIAKIM,SI,MM,south_indian_ocean,,2018-03-17T03:00:00Z,-15.7,49.5,TS,48.0,SCS,,,0,48.0,True
CLS_02399,1,CS-SCS,Cyclonic Storm / Severe Cyclonic Storm,2018079S08137,NORA,SP,EA,pacific_ocean,southern_pacific,2018-03-22T12:00:00Z,-9.8,136.5,TS,35.0,CS,35.0,bom,0,35.0,True
CLS_02400,1,CS-SCS,Cyclonic Storm / Severe Cyclonic Storm,2018089S18172,JOSIE,SP,MM,pacific_ocean,southern_pacific,2018-03-31T18:00:00Z,-19.0,176.6,TS,50.0,SCS,40.0,nadi,0,40.0,True
CLS_02401,1,CS-SCS,Cyclonic Storm / Severe Cyclonic Storm,2018089S18172,JOSIE,SP,MM,pacific_ocean,southern_pacific,2018-04-02T12:00:00Z,-21.3,178.5,TS,35.0,CS,35.0,nadi,0,35.0,True
CLS_02402,1,CS-SCS,Cyclonic Storm / Severe Cyclonic Storm,2018082S12164,IRIS,SP,EA,pacific_ocean,southern_pacific,2018-04-05T03:00:00Z,-19.8,152.6,TS,40.0,CS,,,0,40.0,True
CLS_02403,1,CS-SCS,Cyclonic Storm / Severe Cyclonic Storm,2018082S12164,IRIS,SP,EA,pacific_ocean,southern_pacific,2018-04-06T00:00:00Z,-19.5,153.7,TS,40.0,CS,30.0,bom,0,30.0,True
CLS_02404,1,CS-SCS,Cyclonic Storm / Severe Cyclonic Storm,2018096S15172,KENI,SP,MM,pacific_ocean,southern_pacific,2018-04-09T00:00:00Z,-16.6,171.5,TS,40.0,CS,45.0,nadi,0,45.0,True
CLS_02405,1,CS-SCS,Cyclonic Storm / Severe Cyclonic Storm,2018096S15172,KENI,SP,MM,pacific_ocean,southern_pacific,2018-04-09T12:00:00Z,-17.3,173.8,TS,55.0,SCS,60.0,nadi,0,60.0,True
CLS_02406,1,CS-SCS,Cyclonic Storm / Severe Cyclonic Storm,2018117S07098,FLAMBOYAN,SI,WA,south_indian_ocean,,2018-04-28T18:00:00Z,-10.2,90.2,TS,45.0,CS,,,0,45.0,True
CLS_02407,1,CS-SCS,Cyclonic Storm / Severe Cyclonic Storm,2018129N15153,UNNAMED,WP,MM,pacific_ocean,western_pacific,2018-05-12T21:00:00Z,19.3,146.8,TS,35.0,CS,,,0,35.0,True
CLS_02408,1,CS-SCS,Cyclonic Storm / Severe Cyclonic Storm,2018136N11054,SAGAR,NI,AS,north_indian_ocean,arabian_sea,2018-05-17T09:00:00Z,13.1,48.4,TS,48.0,SCS,35.0,newdelhi,0,35.0,True
CLS_02409,1,CS-SCS,Cyclonic Storm / Severe Cyclonic Storm,2018136N11054,SAGAR,NI,AS,north_indian_ocean,arabian_sea,2018-05-17T21:00:00Z,12.4,46.9,TS,50.0,SCS,40.0,newdelhi,0,40.0,True
CLS_02410,1,CS-SCS,Cyclonic Storm / Severe Cyclonic Storm,2018148N17090,UNNAMED,NI,BB,north_indian_ocean,bay_of_bengal,2018-05-29T00:00:00Z,18.3,92.0,TS,35.0,CS,,,0,35.0,True
CLS_02411,1,CS-SCS,Cyclonic Storm / Severe Cyclonic Storm,2018153N12113,EWINIAR,WP,MM,pacific_ocean,western_pacific,2018-06-06T06:00:00Z,20.2,110.4,TS,35.0,CS,35.0,tokyo,0,35.0,True
CLS_02412,1,CS-SCS,Cyclonic Storm / Severe Cyclonic Storm,2018157N14255,ALETTA,EP,MM,pacific_ocean,eastern_pacific,2018-06-06T18:00:00Z,14.2,-107.5,TS,45.0,CS,45.0,hurdat_epa,0,45.0,True
CLS_02413,1,CS-SCS,Cyclonic Storm / Severe Cyclonic Storm,2018155N10132,MALIKSI,WP,MM,pacific_ocean,western_pacific,2018-06-10T12:00:00Z,27.7,134.2,TS,50.0,SCS,55.0,tokyo,0,55.0,True
CLS_02414,1,CS-SCS,Cyclonic Storm / Severe Cyclonic Storm,2018161N12260,BUD,EP,MM,pacific_ocean,eastern_pacific,2018-06-13T18:00:00Z,19.7,-108.9,TS,45.0,CS,45.0,hurdat_epa,0,45.0,True
CLS_02415,1,CS-SCS,Cyclonic Storm / Severe Cyclonic Storm,2018165N22117,GAEMI,WP,MM,pacific_ocean,western_pacific,2018-06-15T15:00:00Z,25.2,124.5,TS,38.0,CS,,,0,38.0,True
CLS_02416,1,CS-SCS,Cyclonic Storm / Severe Cyclonic Storm,2018166N15260,CARLOTTA,EP,MM,pacific_ocean,eastern_pacific,2018-06-17T09:00:00Z,16.7,-100.7,TS,40.0,CS,,,0,40.0,True
CLS_02417,1,CS-SCS,Cyclonic Storm / Severe Cyclonic Storm,2018174N12244,DANIEL,EP,MM,pacific_ocean,eastern_pacific,2018-06-24T12:00:00Z,15.5,-115.8,TS,35.0,CS,35.0,hurdat_epa,0,35.0,True
CLS_02418,1,CS-SCS,Cyclonic Storm / Severe Cyclonic Storm,2018182N11256,FABIO,EP,MM,pacific_ocean,eastern_pacific,2018-07-05T21:00:00Z,20.7,-126.8,TS,43.0,CS,,,0,43.0,True
CLS_02419,1,CS-SCS,Cyclonic Storm / Severe Cyclonic Storm,2018195N19138,SON-TINH,WP,MM,pacific_ocean,western_pacific,2018-07-18T21:00:00Z,19.1,105.1,TS,43.0,CS,,,0,43.0,True
CLS_02420,1,CS-SCS,Cyclonic Storm / Severe Cyclonic Storm,2018202N18116,UNNAMED,WP,MM,pacific_ocean,western_pacific,2018-07-21T09:00:00Z,18.7,120.3,TS,35.0,CS,,,0,35.0,True
CLS_02421,1,CS-SCS,Cyclonic Storm / Severe Cyclonic Storm,2018204N15137,JONGDARI,WP,MM,pacific_ocean,western_pacific,2018-07-25T06:00:00Z,21.6,137.1,TS,40.0,CS,40.0,tokyo,0,40.0,True
CLS_02422,1,CS-SCS,Cyclonic Storm / Severe Cyclonic Storm,2018208N13238,GILMA,EP,MM,pacific_ocean,eastern_pacific,2018-07-26T21:00:00Z,13.6,-124.0,TS,35.0,CS,,,0,35.0,True
CLS_02423,1,CS-SCS,Cyclonic Storm / Severe Cyclonic Storm,2018217N12266,ILEANA,EP,MM,pacific_ocean,eastern_pacific,2018-08-05T15:00:00Z,13.4,-97.5,TS,40.0,CS,,,0,40.0,True
CLS_02424,1,CS-SCS,Cyclonic Storm / Severe Cyclonic Storm,2018219N15237,KRISTY,EP,MM,pacific_ocean,eastern_pacific,2018-08-09T03:00:00Z,15.1,-130.0,TS,48.0,SCS,,,0,48.0,True
CLS_02425,1,CS-SCS,Cyclonic Storm / Severe Cyclonic Storm,2018221N17112,BEBINCA,WP,MM,pacific_ocean,western_pacific,2018-08-14T06:00:00Z,21.0,113.7,TS,40.0,CS,35.0,tokyo,0,35.0,True
CLS_02426,1,CS-SCS,Cyclonic Storm / Severe Cyclonic Storm,2018229N11160,CIMARON,WP,MM,pacific_ocean,western_pacific,2018-08-23T21:00:00Z,37.8,135.4,TS,50.0,SCS,55.0,tokyo,0,55.0,True
CLS_02427,1,CS-SCS,Cyclonic Storm / Severe Cyclonic Storm,2018239N11161,JEBI,WP,MM,pacific_ocean,western_pacific,2018-08-28T00:00:00Z,15.4,157.1,TS,35.0,CS,40.0,tokyo,0,40.0,True
CLS_02428,1,CS-SCS,Cyclonic Storm / Severe Cyclonic Storm,2018238N13239,MIRIAM,EP,CP,pacific_ocean,eastern_pacific,2018-09-01T18:00:00Z,22.8,-141.3,TS,50.0,SCS,50.0,hurdat_epa,0,50.0,True
CLS_02429,1,CS-SCS,Cyclonic Storm / Severe Cyclonic Storm,2018250N12170,MANGKHUT,WP,MM,pacific_ocean,western_pacific,2018-09-08T06:00:00Z,14.3,160.8,TS,45.0,CS,40.0,tokyo,0,40.0,True
CLS_02430,1,CS-SCS,Cyclonic Storm / Severe Cyclonic Storm,2018251N15248,PAUL,EP,MM,pacific_ocean,eastern_pacific,2018-09-10T03:00:00Z,19.3,-119.4,TS,38.0,CS,,,0,38.0,True
CLS_02431,1,CS-SCS,Cyclonic Storm / Severe Cyclonic Storm,2018256S07076,UNNAMED,SI,MM,south_indian_ocean,,2018-09-17T00:00:00Z,-12.4,63.6,TS,35.0,CS,25.0,reunion,0,25.0,True
CLS_02432,1,CS-SCS,Cyclonic Storm / Severe Cyclonic Storm,2018269S09157,LIUA,SP,MM,pacific_ocean,southern_pacific,2018-09-27T06:00:00Z,-11.5,162.8,TS,45.0,CS,40.0,nadi,0,40.0,True
CLS_02433,1,CS-SCS,Cyclonic Storm / Severe Cyclonic Storm,2018269S09157,LIUA,SP,MM,pacific_ocean,southern_pacific,2018-09-28T03:00:00Z,-12.3,161.4,TS,40.0,CS,,,0,40.0,True
CLS_02434,1,CS-SCS,Cyclonic Storm / Severe Cyclonic Storm,2018271N06154,KONG-REY,WP,MM,pacific_ocean,western_pacific,2018-09-29T12:00:00Z,12.7,141.1,TS,50.0,SCS,40.0,tokyo,0,40.0,True
CLS_02435,1,CS-SCS,Cyclonic Storm / Severe Cyclonic Storm,2018288N17257,TARA,EP,MM,pacific_ocean,eastern_pacific,2018-10-15T15:00:00Z,18.1,-104.2,TS,43.0,CS,,,0,43.0,True
CLS_02436,1,CS-SCS,Cyclonic Storm / Severe Cyclonic Storm,2018306N14249,XAVIER,EP,MM,pacific_ocean,eastern_pacific,2018-11-05T18:00:00Z,18.8,-106.5,TS,45.0,CS,45.0,hurdat_epa,0,45.0,True
CLS_02437,1,CS-SCS,Cyclonic Storm / Severe Cyclonic Storm,2018309S06068,ALCIDE,SI,MM,south_indian_ocean,,2018-11-11T03:00:00Z,-12.6,52.2,TS,43.0,CS,,,0,43.0,True
CLS_02438,1,CS-SCS,Cyclonic Storm / Severe Cyclonic Storm,2018313S05090,BOUCHRA,SI,MM,south_indian_ocean,,2018-11-11T06:00:00Z,-5.6,88.5,TS,45.0,CS,45.0,reunion,0,45.0,True
CLS_02439,1,CS-SCS,Cyclonic Storm / Severe Cyclonic Storm,2018324N04156,MAN-YI,WP,MM,pacific_ocean,western_pacific,2018-11-26T03:00:00Z,19.9,132.6,TS,43.0,CS,,,0,43.0,True
CLS_02440,1,CS-SCS,Cyclonic Storm / Severe Cyclonic Storm,2018347N07089,PHETHAI,NI,BB,north_indian_ocean,bay_of_bengal,2018-12-15T21:00:00Z,11.0,84.4,TS,45.0,CS,35.0,newdelhi,0,35.0,True
CLS_02441,1,CS-SCS,Cyclonic Storm / Severe Cyclonic Storm,2018347N07089,PHETHAI,NI,BB,north_indian_ocean,bay_of_bengal,2018-12-16T09:00:00Z,12.4,83.5,TS,53.0,SCS,50.0,newdelhi,0,50.0,True
CLS_02442,1,CS-SCS,Cyclonic Storm / Severe Cyclonic Storm,2018347N07089,PHETHAI,NI,BB,north_indian_ocean,bay_of_bengal,2018-12-17T00:00:00Z,15.0,82.4,TS,50.0,SCS,50.0,newdelhi,0,50.0,True
CLS_02443,1,CS-SCS,Cyclonic Storm / Severe Cyclonic Storm,2018363S12145,PENNY,SP,EA,pacific_ocean,southern_pacific,2018-12-31T18:00:00Z,-12.7,140.6,TS,40.0,CS,30.0,bom,0,30.0,True
CLS_02444,1,CS-SCS,Cyclonic Storm / Severe Cyclonic Storm,2018363S12145,PENNY,SP,EA,pacific_ocean,southern_pacific,2019-01-02T15:00:00Z,-13.3,149.0,TS,45.0,CS,,,0,45.0,True
CLS_02445,1,CS-SCS,Cyclonic Storm / Severe Cyclonic Storm,2019001S10162,MONA,SP,MM,pacific_ocean,southern_pacific,2019-01-02T21:00:00Z,-11.0,177.9,TS,35.0,CS,,,0,35.0,True
CLS_02446,1,CS-SCS,Cyclonic Storm / Severe Cyclonic Storm,2018363S12145,PENNY,SP,EA,pacific_ocean,southern_pacific,2019-01-04T00:00:00Z,-16.0,155.9,TS,55.0,SCS,50.0,bom,0,50.0,True
CLS_02447,1,CS-SCS,Cyclonic Storm / Severe Cyclonic Storm,2018363S12145,PENNY,SP,EA,pacific_ocean,southern_pacific,2019-01-06T00:00:00Z,-17.0,155.2,TS,45.0,CS,40.0,bom,0,40.0,True
CLS_02448,1,CS-SCS,Cyclonic Storm / Severe Cyclonic Storm,2019001S10162,MONA,SP,MM,pacific_ocean,southern_pacific,2019-01-06T21:00:00Z,-18.4,182.9,TS,45.0,CS,,,0,45.0,True
CLS_02449,1,CS-SCS,Cyclonic Storm / Severe Cyclonic Storm,2019018S24033,DESMOND,SI,MM,south_indian_ocean,,2019-01-21T09:00:00Z,-19.9,37.6,TS,35.0,CS,,,0,35.0,True
CLS_02450,1,CS-SCS,Cyclonic Storm / Severe Cyclonic Storm,2019021S09128,RILEY,SI,WA,south_indian_ocean,,2019-01-28T15:00:00Z,-18.5,108.5,TS,55.0,SCS,,,0,55.0,True
CLS_02451,1,CS-SCS,Cyclonic Storm / Severe Cyclonic Storm,2019040S17183,NEIL,SP,MM,pacific_ocean,southern_pacific,2019-02-09T00:00:00Z,-16.6,-176.7,TS,35.0,CS,30.0,nadi,0,30.0,True
CLS_02452,1,CS-SCS,Cyclonic Storm / Severe Cyclonic Storm,2019040S17183,NEIL,SP,MM,pacific_ocean,southern_pacific,2019-02-09T21:00:00Z,-21.6,-174.7,TS,38.0,CS,,,0,38.0,True
CLS_02453,1,CS-SCS,Cyclonic Storm / Severe Cyclonic Storm,2019057S13184,POLA,SP,MM,pacific_ocean,southern_pacific,2019-02-26T09:00:00Z,-16.3,-176.0,TS,43.0,CS,,,0,43.0,True
CLS_02454,1,CS-SCS,Cyclonic Storm / Severe Cyclonic Storm,2019067S11115,SAVANNAH,SI,WA,south_indian_ocean,,2019-03-14T12:00:00Z,-12.6,95.6,TS,40.0,CS,50.0,bom,0,50.0,True
CLS_02455,1,CS-SCS,Cyclonic Storm / Severe Cyclonic Storm,2019093S07133,WALLACE,SI,WA,south_indian_ocean,,2019-04-08T12:00:00Z,-16.0,115.8,TS,55.0,SCS,50.0,bom,0,50.0,True
CLS_02456,1,CS-SCS,Cyclonic Storm / Severe Cyclonic Storm,2019112S04079,LORNA,SI,MM,south_indian_ocean,,2019-04-25T18:00:00Z,-11.0,86.4,TS,55.0,SCS,50.0,reunion,0,50.0,True
CLS_02457,1,CS-SCS,Cyclonic Storm / Severe Cyclonic Storm,2019126S05129,LILI,SI,WA,south_indian_ocean,,2019-05-10T00:00:00Z,-9.5,128.9,TS,45.0,CS,40.0,bom,0,40.0,True
CLS_02458,1,CS-SCS,Cyclonic Storm / Severe Cyclonic Storm,2019129S10160,ANN,SP,EA,pacific_ocean,southern_pacific,2019-05-11T21:00:00Z,-16.2,158.8,TS,43.0,CS,,,0,43.0,True
CLS_02459,1,CS-SCS,Cyclonic Storm / Severe Cyclonic Storm,2019129S10160,ANN,SP,EA,pacific_ocean,southern_pacific,2019-05-12T18:00:00Z,-15.9,155.7,TS,60.0,SCS,55.0,bom,0,55.0,True
CLS_02460,1,CS-SCS,Cyclonic Storm / Severe Cyclonic Storm,2019129S10160,ANN,SP,EA,pacific_ocean,southern_pacific,2019-05-13T12:00:00Z,-15.2,151.5,TS,45.0,CS,45.0,bom,0,45.0,True
CLS_02461,1,CS-SCS,Cyclonic Storm / Severe Cyclonic Storm,2019177N15256,ALVIN,EP,MM,pacific_ocean,eastern_pacific,2019-06-26T18:00:00Z,14.3,-109.7,TS,40.0,CS,40.0,hurdat_epa,0,40.0,True
CLS_02462,1,CS-SCS,Cyclonic Storm / Severe Cyclonic Storm,2019182N18114,MUN,WP,MM,pacific_ocean,western_pacific,2019-07-03T12:00:00Z,19.7,107.5,TS,35.0,CS,35.0,tokyo,0,35.0,True
CLS_02463,1,CS-SCS,Cyclonic Storm / Severe Cyclonic Storm,2019188N16245,COSME,EP,MM,pacific_ocean,eastern_pacific,2019-07-07T18:00:00Z,18.3,-118.8,TS,35.0,CS,35.0,hurdat_epa,0,35.0,True
CLS_02464,1,CS-SCS,Cyclonic Storm / Severe Cyclonic Storm,2019195N13136,DANAS,WP,MM,pacific_ocean,western_pacific,2019-07-17T21:00:00Z,22.7,124.2,TS,38.0,CS,,,0,38.0,True
CLS_02465,1,CS-SCS,Cyclonic Storm / Severe Cyclonic Storm,2019203N15244,DALILA,EP,MM,pacific_ocean,eastern_pacific,2019-07-24T00:00:00Z,19.2,-118.2,TS,35.0,CS,35.0,hurdat_epa,0,35.0,True
CLS_02466,1,CS-SCS,Cyclonic Storm / Severe Cyclonic Storm,2019205N23137,NARI,WP,MM,pacific_ocean,western_pacific,2019-07-26T12:00:00Z,32.0,135.8,TS,35.0,CS,35.0,tokyo,0,35.0,True
CLS_02467,1,CS-SCS,Cyclonic Storm / Severe Cyclonic Storm,2019210N11253,FLOSSIE,EP,MM,pacific_ocean,eastern_pacific,2019-07-30T00:00:00Z,12.3,-117.1,TS,55.0,SCS,55.0,hurdat_epa,0,55.0,True
CLS_02468,1,CS-SCS,Cyclonic Storm / Severe Cyclonic Storm,2019213N17155,FRANCISCO,WP,MM,pacific_ocean,western_pacific,2019-08-02T21:00:00Z,23.6,149.4,TS,40.0,CS,,,0,40.0,True
CLS_02469,1,CS-SCS,Cyclonic Storm / Severe Cyclonic Storm,2019209N11237,ERICK,EP,CP,pacific_ocean,eastern_pacific,2019-08-03T09:00:00Z,16.9,198.6,TS,35.0,CS,,,0,35.0,True
CLS_02470,1,CS-SCS,Cyclonic Storm / Severe Cyclonic Storm,2019215N13242,GIL,EP,MM,pacific_ocean,eastern_pacific,2019-08-03T21:00:00Z,14.8,-122.5,TS,35.0,CS,,,0,35.0,True
CLS_02471,1,CS-SCS,Cyclonic Storm / Severe Cyclonic Storm,2019214N15134,LEKIMA,WP,MM,pacific_ocean,western_pacific,2019-08-05T18:00:00Z,18.6,129.3,TS,45.0,CS,50.0,tokyo,0,50.0,True
CLS_02472,1,CS-SCS,Cyclonic Storm / Severe Cyclonic Storm,2019233N15255,IVO,EP,MM,pacific_ocean,eastern_pacific,2019-08-23T15:00:00Z,18.9,-115.0,TS,53.0,SCS,,,0,53.0,True
CLS_02473,1,CS-SCS,Cyclonic Storm / Severe Cyclonic Storm,2019244N13253,JULIETTE,EP,MM,pacific_ocean,eastern_pacific,2019-09-06T21:00:00Z,23.4,-125.0,TS,55.0,SCS,,,0,55.0,True
CLS_02474,1,CS-SCS,Cyclonic Storm / Severe Cyclonic Storm,2019255N15251,KIKO,EP,MM,pacific_ocean,eastern_pacific,2019-09-14T09:00:00Z,17.2,-117.3,TS,55.0,SCS,,,0,55.0,True
CLS_02475,1,CS-SCS,Cyclonic Storm / Severe Cyclonic Storm,2019255N09162,PEIPAH,WP,MM,pacific_ocean,western_pacific,2019-09-15T12:00:00Z,17.7,148.0,TS,35.0,CS,35.0,tokyo,0,35.0,True
CLS_02476,1,CS-SCS,Cyclonic Storm / Severe Cyclonic Storm,2019260N12262,LORENA,EP,MM,pacific_ocean,eastern_pacific,2019-09-17T09:00:00Z,12.7,-99.0,TS,38.0,CS,,,0,38.0,True
CLS_02477,1,CS-SCS,Cyclonic Storm / Severe Cyclonic Storm,2019260N10253,MARIO,EP,MM,pacific_ocean,eastern_pacific,2019-09-18T09:00:00Z,13.8,-110.2,TS,50.0,SCS,,,0,50.0,True
CLS_02478,1,CS-SCS,Cyclonic Storm / Severe Cyclonic Storm,2019260N20129,TAPAH,WP,MM,pacific_ocean,western_pacific,2019-09-22T21:00:00Z,36.7,133.1,TS,48.0,SCS,45.0,tokyo,0,45.0,True
CLS_02479,1,CS-SCS,Cyclonic Storm / Severe Cyclonic Storm,2019264N19071,HIKAA:HIKKA,NI,AS,north_indian_ocean,arabian_sea,2019-09-23T03:00:00Z,20.3,65.5,TS,53.0,SCS,40.0,newdelhi,0,40.0,True
CLS_02480,1,CS-SCS,Cyclonic Storm / Severe Cyclonic Storm,2019268N10155,MITAG,WP,MM,pacific_ocean,western_pacific,2019-09-28T03:00:00Z,16.5,131.6,TS,43.0,CS,,,0,43.0,True
CLS_02481,1,CS-SCS,Cyclonic Storm / Severe Cyclonic Storm,2019272N14261,NARDA,EP,MM,pacific_ocean,eastern_pacific,2019-09-30T21:00:00Z,24.4,-107.9,TS,45.0,CS,,,0,45.0,True
CLS_02482,1,CS-SCS,Cyclonic Storm / Severe Cyclonic Storm,2019285N15198,EMA,EP,CP,pacific_ocean,eastern_pacific,2019-10-12T12:00:00Z,19.6,-163.3,TS,35.0,CS,35.0,hurdat_epa,0,35.0,True
CLS_02483,1,CS-SCS,Cyclonic Storm / Severe Cyclonic Storm,2019290N11234,OCTAVE,EP,MM,pacific_ocean,eastern_pacific,2019-10-18T00:00:00Z,10.1,-126.6,TS,35.0,CS,35.0,hurdat_epa,0,35.0,True
CLS_02484,1,CS-SCS,Cyclonic Storm / Severe Cyclonic Storm,2019293N17257,PRISCILLA,EP,MM,pacific_ocean,eastern_pacific,2019-10-20T18:00:00Z,18.7,-104.0,TS,35.0,CS,35.0,hurdat_epa,0,35.0,True
CLS_02485,1,CS-SCS,Cyclonic Storm / Severe Cyclonic Storm,2019288N16136,NEOGURI,WP,MM,pacific_ocean,western_pacific,2019-10-21T06:00:00Z,30.3,134.3,TS,45.0,CS,55.0,tokyo,0,55.0,True
CLS_02486,1,CS-SCS,Cyclonic Storm / Severe Cyclonic Storm,2019317N11248,RAYMOND,EP,MM,pacific_ocean,eastern_pacific,2019-11-15T06:00:00Z,13.2,-108.4,TS,35.0,CS,35.0,hurdat_epa,0,35.0,True
CLS_02487,1,CS-SCS,Cyclonic Storm / Severe Cyclonic Storm,2019314N14136,KALMAEGI,WP,MM,pacific_ocean,western_pacific,2019-11-17T06:00:00Z,16.5,124.8,TS,45.0,CS,40.0,tokyo,0,40.0,True
CLS_02488,1,CS-SCS,Cyclonic Storm / Severe Cyclonic Storm,2019326S08163,RITA,SP,MM,pacific_ocean,southern_pacific,2019-11-24T06:00:00Z,-10.2,168.9,TS,45.0,CS,,,0,45.0,True
CLS_02489,1,CS-SCS,Cyclonic Storm / Severe Cyclonic Storm,2019326S08163,RITA,SP,MM,pacific_ocean,southern_pacific,2019-11-26T03:00:00Z,-13.8,169.8,TS,45.0,CS,,,0,45.0,True
CLS_02490,1,CS-SCS,Cyclonic Storm / Severe Cyclonic Storm,2019337N11072,UNNAMED,NI,AS,north_indian_ocean,arabian_sea,2019-12-03T18:00:00Z,13.4,69.9,TS,50.0,SCS,25.0,newdelhi,0,25.0,True
CLS_02491,1,CS-SCS,Cyclonic Storm / Severe Cyclonic Storm,2019337N11072,UNNAMED,NI,AS,north_indian_ocean,arabian_sea,2019-12-04T06:00:00Z,14.8,69.1,TS,45.0,CS,30.0,newdelhi,0,30.0,True
CLS_02492,1,CS-SCS,Cyclonic Storm / Severe Cyclonic Storm,2019335N05058,PAWAN,NI,AS,north_indian_ocean,arabian_sea,2019-12-06T03:00:00Z,8.1,53.1,TS,35.0,CS,35.0,newdelhi,0,35.0,True
CLS_02493,1,CS-SCS,Cyclonic Storm / Severe Cyclonic Storm,2019352S14070,CALVINIA,SI,MM,south_indian_ocean,,2019-12-29T15:00:00Z,-19.8,59.6,TS,40.0,CS,,,0,40.0,True
CLS_02494,1,CS-SCS,Cyclonic Storm / Severe Cyclonic Storm,2019359S08175,SARAI,SP,MM,pacific_ocean,southern_pacific,2019-12-31T21:00:00Z,-20.3,189.9,TS,35.0,CS,,,0,35.0,True
CLS_02495,1,CS-SCS,Cyclonic Storm / Severe Cyclonic Storm,2020005S13121,BLAKE,SI,WA,south_indian_ocean,,2020-01-07T09:00:00Z,-19.0,121.0,TS,38.0,CS,,,0,38.0,True
CLS_02496,1,CS-SCS,Cyclonic Storm / Severe Cyclonic Storm,2020005S08133,CLAUDIA,SI,WA,south_indian_ocean,,2020-01-15T06:00:00Z,-20.1,106.5,TS,45.0,CS,40.0,bom,0,40.0,True
CLS_02497,1,CS-SCS,Cyclonic Storm / Severe Cyclonic Storm,2020019S11063,UNNAMED,SI,MM,south_indian_ocean,,2020-01-22T21:00:00Z,-21.5,70.5,TS,45.0,CS,,,0,45.0,True
CLS_02498,1,CS-SCS,Cyclonic Storm / Severe Cyclonic Storm,2020022S17043,DIANE,SI,MM,south_indian_ocean,,2020-01-24T21:00:00Z,-19.8,57.8,TS,45.0,CS,,,0,45.0,True
CLS_02499,1,CS-SCS,Cyclonic Storm / Severe Cyclonic Storm,2020023S19056,ESAMI,SI,MM,south_indian_ocean,,2020-01-25T18:00:00Z,-25.5,74.6,TS,40.0,CS,38.0,reunion,0,38.0,True
CLS_02500,1,CS-SCS,Cyclonic Storm / Severe Cyclonic Storm,2020034S13063,FRANCISCO,SI,MM,south_indian_ocean,,2020-02-05T18:00:00Z,-17.7,70.8,TS,35.0,CS,40.0,reunion,0,40.0,True
CLS_02501,1,CS-SCS,Cyclonic Storm / Severe Cyclonic Storm,2020037S13163,UESI,SP,MM,pacific_ocean,southern_pacific,2020-02-09T06:00:00Z,-15.5,163.8,TS,40.0,CS,30.0,nadi,0,30.0,True
CLS_02502,1,CS-SCS,Cyclonic Storm / Severe Cyclonic Storm,2020034S17129,DAMIEN,SI,WA,south_indian_ocean,,2020-02-09T12:00:00Z,-23.8,117.6,TS,35.0,CS,30.0,bom,0,30.0,True
CLS_02503,1,CS-SCS,Cyclonic Storm / Severe Cyclonic Storm,2020037S13163,UESI,SP,MM,pacific_ocean,southern_pacific,2020-02-12T15:00:00Z,-25.0,161.9,TS,63.0,SCS,,,0,63.0,True
CLS_02504,1,CS-SCS,Cyclonic Storm / Severe Cyclonic Storm,2020045S15075,GABEKILE,SI,MM,south_indian_ocean,,2020-02-15T00:00:00Z,-15.8,74.6,TS,35.0,CS,33.0,reunion,0,33.0,True
CLS_02505,1,CS-SCS,Cyclonic Storm / Severe Cyclonic Storm,2020051S13186,VICKY,SP,MM,pacific_ocean,southern_pacific,2020-02-21T00:00:00Z,-15.1,-170.4,TS,45.0,CS,40.0,nadi,0,40.0,True
CLS_02506,1,CS-SCS,Cyclonic Storm / Severe Cyclonic Storm,2020052S11181,WASI,SP,MM,pacific_ocean,southern_pacific,2020-02-21T12:00:00Z,-13.1,-174.8,TS,50.0,SCS,40.0,nadi,0,40.0,True
CLS_02507,1,CS-SCS,Cyclonic Storm / Severe Cyclonic Storm,2020052S11181,WASI,SP,MM,pacific_ocean,southern_pacific,2020-02-22T03:00:00Z,-13.6,-173.0,TS,53.0,SCS,,,0,53.0,True
CLS_02508,1,CS-SCS,Cyclonic Storm / Severe Cyclonic Storm,2020052S11181,WASI,SP,MM,pacific_ocean,southern_pacific,2020-02-22T15:00:00Z,-14.7,-172.1,TS,43.0,CS,,,0,43.0,True
CLS_02509,1,CS-SCS,Cyclonic Storm / Severe Cyclonic Storm,2020052S13140,ESTHER,SP,EA,pacific_ocean,southern_pacific,2020-02-23T21:00:00Z,-16.4,138.8,TS,43.0,CS,,,0,43.0,True
CLS_02510,1,CS-SCS,Cyclonic Storm / Severe Cyclonic Storm,2020052S13140,ESTHER,SP,EA,pacific_ocean,southern_pacific,2020-02-24T15:00:00Z,-16.9,136.8,TS,35.0,CS,,,0,35.0,True
CLS_02511,1,CS-SCS,Cyclonic Storm / Severe Cyclonic Storm,2020052S13140,ESTHER,SI,WA,south_indian_ocean,,2020-02-26T06:00:00Z,-16.3,132.6,TS,35.0,CS,25.0,bom,0,25.0,True
CLS_02512,1,CS-SCS,Cyclonic Storm / Severe Cyclonic Storm,2020069S11113,UNNAMED,SI,WA,south_indian_ocean,,2020-03-12T18:00:00Z,-22.0,114.6,TS,45.0,CS,40.0,bom,0,40.0,True
CLS_02513,1,CS-SCS,Cyclonic Storm / Severe Cyclonic Storm,2020073S14149,GRETEL,SP,EA,pacific_ocean,southern_pacific,2020-03-14T12:00:00Z,-17.9,158.3,TS,40.0,CS,35.0,bom,0,35.0,True
CLS_02514,1,CS-SCS,Cyclonic Storm / Severe Cyclonic Storm,2020072S14054,HEROLD,SI,MM,south_indian_ocean,,2020-03-14T21:00:00Z,-15.0,51.3,TS,63.0,SCS,,,0,63.0,True
CLS_02515,1,CS-SCS,Cyclonic Storm / Severe Cyclonic Storm,2020073S14149,GRETEL,SP,MM,pacific_ocean,southern_pacific,2020-03-15T18:00:00Z,-25.0,168.0,TS,55.0,SCS,50.0,wellington,0,50.0,True
CLS_02516,1,CS-SCS,Cyclonic Storm / Severe Cyclonic Storm,2020073S14149,GRETEL,SP,MM,pacific_ocean,southern_pacific,2020-03-16T09:00:00Z,-29.4,174.1,TS,55.0,SCS,,,0,55.0,True
CLS_02517,1,CS-SCS,Cyclonic Storm / Severe Cyclonic Storm,2020092S12069,IRONDRO,SI,MM,south_indian_ocean,,2020-04-03T00:00:00Z,-16.3,72.4,TS,55.0,SCS,43.0,reunion,0,43.0,True
CLS_02518,1,CS-SCS,Cyclonic Storm / Severe Cyclonic Storm,2020104S12091,JERUTO,SI,MM,south_indian_ocean,,2020-04-14T15:00:00Z,-14.4,86.6,TS,38.0,CS,,,0,38.0,True
CLS_02519,1,CS-SCS,Cyclonic Storm / Severe Cyclonic Storm,2020129N07134,VONGFONG,WP,MM,pacific_ocean,western_pacific,2020-05-12T12:00:00Z,11.3,129.4,TS,35.0,CS,35.0,tokyo,0,35.0,True
CLS_02520,1,CS-SCS,Cyclonic Storm / Severe Cyclonic Storm,2020139S04095,MANGGA,SI,WA,south_indian_ocean,,2020-05-21T06:00:00Z,-8.4,92.6,TS,40.0,CS,35.0,bom,0,35.0,True
CLS_02521,1,CS-SCS,Cyclonic Storm / Severe Cyclonic Storm,2020152N12269,AMANDA,EP,MM,pacific_ocean,eastern_pacific,2020-05-31T12:00:00Z,14.1,-90.3,TS,35.0,CS,35.0,hurdat_epa,0,35.0,True
CLS_02522,1,CS-SCS,Cyclonic Storm / Severe Cyclonic Storm,2020153N13072,NISARGA,NI,AS,north_indian_ocean,arabian_sea,2020-06-02T09:00:00Z,16.0,71.3,TS,45.0,CS,35.0,newdelhi,0,35.0,True
CLS_02523,1,CS-SCS,Cyclonic Storm / Severe Cyclonic Storm,2020176N10228,BORIS,EP,MM,pacific_ocean,eastern_pacific,2020-06-25T18:00:00Z,11.0,-136.8,TS,35.0,CS,35.0,hurdat_epa,0,35.0,True
CLS_02524,1,CS-SCS,Cyclonic Storm / Severe Cyclonic Storm,2020189N10261,CRISTINA,EP,MM,pacific_ocean,eastern_pacific,2020-07-12T09:00:00Z,20.6,-123.2,TS,38.0,CS,,,0,38.0,True
CLS_02525,1,CS-SCS,Cyclonic Storm / Severe Cyclonic Storm,2020202N15234,UNNAMED,EP,MM,pacific_ocean,eastern_pacific,2020-07-20T18:00:00Z,18.8,-130.5,TS,35.0,CS,35.0,hurdat_epa,0,35.0,True
CLS_02526,1,CS-SCS,Cyclonic Storm / Severe Cyclonic Storm,2020202N15241,DOUGLAS,EP,MM,pacific_ocean,eastern_pacific,2020-07-22T03:00:00Z,12.0,-126.8,TS,55.0,SCS,,,0,55.0,True
CLS_02527,1,CS-SCS,Cyclonic Storm / Severe Cyclonic Storm,2020211N14124,SINLAKU,WP,MM,pacific_ocean,western_pacific,2020-08-01T06:00:00Z,18.6,108.9,TS,35.0,CS,35.0,tokyo,0,35.0,True
CLS_02528,1,CS-SCS,Cyclonic Storm / Severe Cyclonic Storm,2020213N15131,HAGUPIT,WP,MM,pacific_ocean,western_pacific,2020-08-04T00:00:00Z,28.6,120.6,TS,50.0,SCS,55.0,tokyo,0,55.0,True
CLS_02529,1,CS-SCS,Cyclonic Storm / Severe Cyclonic Storm,2020222N26149,UNNAMED,WP,MM,pacific_ocean,western_pacific,2020-08-09T09:00:00Z,26.0,148.1,TS,40.0,CS,,,0,40.0,True
CLS_02530,1,CS-SCS,Cyclonic Storm / Severe Cyclonic Storm,2020222N15117,MEKKHALA,WP,MM,pacific_ocean,western_pacific,2020-08-10T00:00:00Z,19.1,118.6,TS,35.0,CS,35.0,tokyo,0,35.0,True
CLS_02531,1,CS-SCS,Cyclonic Storm / Severe Cyclonic Storm,2020221N13262,ELIDA,EP,MM,pacific_ocean,eastern_pacific,2020-08-10T15:00:00Z,18.9,-109.8,TS,63.0,SCS,,,0,63.0,True
CLS_02532,1,CS-SCS,Cyclonic Storm / Severe Cyclonic Storm,2020229N18242,FAUSTO,EP,MM,pacific_ocean,eastern_pacific,2020-08-16T12:00:00Z,20.4,-119.3,TS,35.0,CS,35.0,hurdat_epa,0,35.0,True
CLS_02533,1,CS-SCS,Cyclonic Storm / Severe Cyclonic Storm,2020229N18123,HIGOS,WP,MM,pacific_ocean,western_pacific,2020-08-18T18:00:00Z,21.6,113.8,TS,60.0,SCS,50.0,tokyo,0,50.0,True
CLS_02534,1,CS-SCS,Cyclonic Storm / Severe Cyclonic Storm,2020230N11264,GENEVIEVE,EP,MM,pacific_ocean,eastern_pacific,2020-08-21T15:00:00Z,25.0,-114.8,TS,38.0,CS,,,0,38.0,True
CLS_02535,1,CS-SCS,Cyclonic Storm / Severe Cyclonic Storm,2020238N16252,HERNAN,EP,MM,pacific_ocean,eastern_pacific,2020-08-26T06:00:00Z,17.2,-106.8,TS,35.0,CS,35.0,hurdat_epa,0,35.0,True
CLS_02536,1,CS-SCS,Cyclonic Storm / Severe Cyclonic Storm,2020239N15243,ISELLE,EP,MM,pacific_ocean,eastern_pacific,2020-08-27T12:00:00Z,16.7,-116.0,TS,40.0,CS,40.0,hurdat_epa,0,40.0,True
CLS_02537,1,CS-SCS,Cyclonic Storm / Severe Cyclonic Storm,2020257N16248,KARINA,EP,MM,pacific_ocean,eastern_pacific,2020-09-15T15:00:00Z,20.3,-121.3,TS,50.0,SCS,,,0,50.0,True
CLS_02538,1,CS-SCS,Cyclonic Storm / Severe Cyclonic Storm,2020258N11127,NOUL,WP,MM,pacific_ocean,western_pacific,2020-09-16T15:00:00Z,13.9,115.5,TS,43.0,CS,,,0,43.0,True
CLS_02539,1,CS-SCS,Cyclonic Storm / Severe Cyclonic Storm,2020265N16252,LOWELL,EP,MM,pacific_ocean,eastern_pacific,2020-09-22T09:00:00Z,18.0,-115.6,TS,40.0,CS,,,0,40.0,True
CLS_02540,1,CS-SCS,Cyclonic Storm / Severe Cyclonic Storm,2020279N11256,NORBERT,EP,MM,pacific_ocean,eastern_pacific,2020-10-06T15:00:00Z,14.1,-106.5,TS,48.0,SCS,,,0,48.0,True
CLS_02541,1,CS-SCS,Cyclonic Storm / Severe Cyclonic Storm,2020277N21141,CHAN-HOM,WP,MM,pacific_ocean,western_pacific,2020-10-07T03:00:00Z,25.4,135.3,TS,63.0,SCS,,,0,63.0,True
CLS_02542,1,CS-SCS,Cyclonic Storm / Severe Cyclonic Storm,2020281N14126,LINFA,WP,MM,pacific_ocean,western_pacific,2020-10-11T00:00:00Z,14.8,109.5,TS,40.0,CS,45.0,tokyo,0,45.0,True
CLS_02543,1,CS-SCS,Cyclonic Storm / Severe Cyclonic Storm,2020285N17120,NANGKA,WP,MM,pacific_ocean,western_pacific,2020-10-13T18:00:00Z,19.7,108.7,TS,45.0,CS,45.0,tokyo,0,45.0,True
CLS_02544,1,CS-SCS,Cyclonic Storm / Severe Cyclonic Storm,2020291N06141,SAUDEL,WP,MM,pacific_ocean,western_pacific,2020-10-20T09:00:00Z,15.9,122.6,TS,45.0,CS,,,0,45.0,True
CLS_02545,1,CS-SCS,Cyclonic Storm / Severe Cyclonic Storm,2020296N09137,MOLAVE,WP,MM,pacific_ocean,western_pacific,2020-10-28T12:00:00Z,15.4,107.4,TS,55.0,SCS,45.0,tokyo,0,45.0,True
CLS_02546,1,CS-SCS,Cyclonic Storm / Severe Cyclonic Storm,2020309N14245,ODALYS,EP,MM,pacific_ocean,eastern_pacific,2020-11-05T06:00:00Z,18.0,-121.9,TS,45.0,CS,45.0,hurdat_epa,0,45.0,True
CLS_02547,1,CS-SCS,Cyclonic Storm / Severe Cyclonic Storm,2020317S04092,ALICIA,SI,MM,south_indian_ocean,,2020-11-15T00:00:00Z,-11.4,75.1,TS,55.0,SCS,50.0,reunion,0,50.0,True
CLS_02548,1,CS-SCS,Cyclonic Storm / Severe Cyclonic Storm,2020323N15248,POLO,EP,MM,pacific_ocean,eastern_pacific,2020-11-19T03:00:00Z,16.9,-118.3,TS,38.0,CS,,,0,38.0,True
CLS_02549,1,CS-SCS,Cyclonic Storm / Severe Cyclonic Storm,2020326N11063,GATI,NI,AS,north_indian_ocean,arabian_sea,2020-11-23T06:00:00Z,11.1,49.3,TS,40.0,CS,30.0,newdelhi,0,30.0,True
CLS_02550,1,CS-SCS,Cyclonic Storm / Severe Cyclonic Storm,2020327N08086,NIVAR,NI,BB,north_indian_ocean,bay_of_bengal,2020-11-24T18:00:00Z,10.2,82.6,TS,50.0,SCS,50.0,newdelhi,0,50.0,True
CLS_02551,1,CS-SCS,Cyclonic Storm / Severe Cyclonic Storm,2020327N08086,NIVAR,NI,BB,north_indian_ocean,bay_of_bengal,2020-11-26T03:00:00Z,12.7,79.7,TS,48.0,SCS,40.0,newdelhi,0,40.0,True
CLS_02552,1,CS-SCS,Cyclonic Storm / Severe Cyclonic Storm,2020335N06090,BUREVI,NI,BB,north_indian_ocean,bay_of_bengal,2020-12-04T03:00:00Z,9.1,79.2,TS,35.0,CS,30.0,newdelhi,0,30.0,True
CLS_02553,1,CS-SCS,Cyclonic Storm / Severe Cyclonic Storm,2020339S09106,UNNAMED,SI,WA,south_indian_ocean,,2020-12-09T21:00:00Z,-13.7,111.2,TS,35.0,CS,,,0,35.0,True
CLS_02554,1,CS-SCS,Cyclonic Storm / Severe Cyclonic Storm,2020332S11091,BONGOYO,SI,MM,south_indian_ocean,,2020-12-10T09:00:00Z,-21.3,75.9,TS,35.0,CS,,,0,35.0,True
CLS_02555,1,CS-SCS,Cyclonic Storm / Severe Cyclonic Storm,2020345S13183,UNNAMED,SP,MM,pacific_ocean,southern_pacific,2020-12-11T12:00:00Z,-13.1,178.7,TS,35.0,CS,,,0,35.0,True
CLS_02556,1,CS-SCS,Cyclonic Storm / Severe Cyclonic Storm,2020345S13183,UNNAMED,SP,MM,pacific_ocean,southern_pacific,2020-12-12T06:00:00Z,-15.8,174.6,TS,35.0,CS,,,0,35.0,True
CLS_02557,1,CS-SCS,Cyclonic Storm / Severe Cyclonic Storm,2020347S14190,ZAZU,SP,MM,pacific_ocean,southern_pacific,2020-12-14T00:00:00Z,-17.9,-174.1,TS,40.0,CS,35.0,nadi,0,35.0,True
CLS_02558,1,CS-SCS,Cyclonic Storm / Severe Cyclonic Storm,2020347S14190,ZAZU,SP,MM,pacific_ocean,southern_pacific,2020-12-14T15:00:00Z,-18.6,-174.3,TS,48.0,SCS,,,0,48.0,True
CLS_02559,1,CS-SCS,Cyclonic Storm / Severe Cyclonic Storm,2020347S14190,ZAZU,SP,MM,pacific_ocean,southern_pacific,2020-12-15T09:00:00Z,-19.4,-172.6,TS,50.0,SCS,,,0,50.0,True
CLS_02560,1,CS-SCS,Cyclonic Storm / Severe Cyclonic Storm,2020355S11065,CHALANE,SI,MM,south_indian_ocean,,2020-12-25T15:00:00Z,-16.0,54.3,TS,35.0,CS,,,0,35.0,True
CLS_02561,1,CS-SCS,Cyclonic Storm / Severe Cyclonic Storm,2021001S14136,IMOGEN,SP,EA,pacific_ocean,southern_pacific,2021-01-03T18:00:00Z,-17.7,141.5,TS,40.0,CS,40.0,bom,0,40.0,True
CLS_02562,1,CS-SCS,Cyclonic Storm / Severe Cyclonic Storm,2020366S12073,DANILO,SI,MM,south_indian_ocean,,2021-01-04T21:00:00Z,-15.8,76.4,TS,55.0,SCS,,,0,55.0,True
CLS_02563,1,CS-SCS,Cyclonic Storm / Severe Cyclonic Storm,2021013S12099,JOSHUA,SI,WA,south_indian_ocean,,2021-01-15T21:00:00Z,-16.4,93.9,TS,35.0,CS,,,0,35.0,True
CLS_02564,1,CS-SCS,Cyclonic Storm / Severe Cyclonic Storm,2021013S12099,JOSHUA,SI,WA,south_indian_ocean,,2021-01-16T21:00:00Z,-17.7,91.1,TS,43.0,CS,,,0,43.0,True
CLS_02565,1,CS-SCS,Cyclonic Storm / Severe Cyclonic Storm,2021015S14147,KIMI,SP,EA,pacific_ocean,southern_pacific,2021-01-17T00:00:00Z,-15.1,146.5,TS,45.0,CS,40.0,bom,0,40.0,True
CLS_02566,1,CS-SCS,Cyclonic Storm / Severe Cyclonic Storm,2021015S14147,KIMI,SP,EA,pacific_ocean,southern_pacific,2021-01-18T18:00:00Z,-18.2,147.6,TS,35.0,CS,30.0,bom,0,30.0,True
CLS_02567,1,CS-SCS,Cyclonic Storm / Severe Cyclonic Storm,2021012S12086,ELOISE,SI,MM,south_indian_ocean,,2021-01-19T03:00:00Z,-14.4,52.0,TS,58.0,SCS,,,0,58.0,True
CLS_02568,1,CS-SCS,Cyclonic Storm / Severe Cyclonic Storm,2021020S13107,UNNAMED,SI,WA,south_indian_ocean,,2021-01-20T12:00:00Z,-12.6,99.3,TS,35.0,CS,35.0,bom,0,35.0,True
CLS_02569,1,CS-SCS,Cyclonic Storm / Severe Cyclonic Storm,2021018S11133,UNNAMED,SI,WA,south_indian_ocean,,2021-01-21T21:00:00Z,-18.4,120.0,TS,40.0,CS,,,0,40.0,True
CLS_02570,1,CS-SCS,Cyclonic Storm / Severe Cyclonic Storm,2021029S16171,ANA,SP,MM,pacific_ocean,southern_pacific,2021-01-30T15:00:00Z,-17.1,177.9,TS,58.0,SCS,,,0,58.0,True
CLS_02571,1,CS-SCS,Cyclonic Storm / Severe Cyclonic Storm,2021029S14162,BINA,SP,MM,pacific_ocean,southern_pacific,2021-01-30T18:00:00Z,-11.6,171.3,TS,45.0,CS,,,0,45.0,True
CLS_02572,1,CS-SCS,Cyclonic Storm / Severe Cyclonic Storm,2021029S14162,BINA,SP,MM,pacific_ocean,southern_pacific,2021-01-31T09:00:00Z,-12.9,174.5,TS,48.0,SCS,30.0,nadi,0,30.0,True
CLS_02573,1,CS-SCS,Cyclonic Storm / Severe Cyclonic Storm,2021025S14138,LUCAS,SP,EA,pacific_ocean,southern_pacific,2021-01-31T15:00:00Z,-13.4,156.3,TS,55.0,SCS,,,0,55.0,True
CLS_02574,1,CS-SCS,Cyclonic Storm / Severe Cyclonic Storm,2021029S16171,ANA,SP,MM,pacific_ocean,southern_pacific,2021-02-01T15:00:00Z,-22.8,181.3,TS,45.0,CS,,,0,45.0,True
CLS_02575,1,CS-SCS,Cyclonic Storm / Severe Cyclonic Storm,2021025S14138,LUCAS,SP,MM,pacific_ocean,southern_pacific,2021-02-02T03:00:00Z,-17.6,165.5,TS,45.0,CS,,,0,45.0,True
CLS_02576,1,CS-SCS,Cyclonic Storm / Severe Cyclonic Storm,2021028S15128,UNNAMED,SI,WA,south_indian_ocean,,2021-02-04T15:00:00Z,-24.6,113.3,TS,35.0,CS,,,0,35.0,True
CLS_02577,1,CS-SCS,Cyclonic Storm / Severe Cyclonic Storm,2021038S14178,UNNAMED,SP,MM,pacific_ocean,southern_pacific,2021-02-09T18:00:00Z,-23.3,182.0,TS,40.0,CS,35.0,nadi,0,35.0,True
CLS_02578,1,CS-SCS,Cyclonic Storm / Severe Cyclonic Storm,2021038S14178,UNNAMED,SP,MM,pacific_ocean,southern_pacific,2021-02-10T12:00:00Z,-28.7,183.2,TS,45.0,CS,50.0,wellington,0,50.0,True
CLS_02579,1,CS-SCS,Cyclonic Storm / Severe Cyclonic Storm,2021042S23040,GUAMBE,SI,MM,south_indian_ocean,,2021-02-18T06:00:00Z,-22.7,37.7,TS,50.0,SCS,43.0,reunion,0,43.0,True
CLS_02580,1,CS-SCS,Cyclonic Storm / Severe Cyclonic Storm,2021053S13128,MARIAN,SI,WA,south_indian_ocean,,2021-03-03T03:00:00Z,-18.9,91.1,TS,50.0,SCS,,,0,50.0,True
CLS_02581,1,CS-SCS,Cyclonic Storm / Severe Cyclonic Storm,2021062S18040,IMAN,SI,MM,south_indian_ocean,,2021-03-08T03:00:00Z,-26.1,60.6,TS,45.0,CS,,,0,45.0,True
CLS_02582,1,CS-SCS,Cyclonic Storm / Severe Cyclonic Storm,2021093S10103,ODETTE,SI,WA,south_indian_ocean,,2021-04-06T03:00:00Z,-16.3,105.5,TS,35.0,CS,,,0,35.0,True
CLS_02583,1,CS-SCS,Cyclonic Storm / Severe Cyclonic Storm,2021093S11122,SEROJA,SI,WA,south_indian_ocean,,2021-04-07T15:00:00Z,-15.4,115.0,TS,45.0,CS,,,0,45.0,True
CLS_02584,1,CS-SCS,Cyclonic Storm / Severe Cyclonic Storm,2021099S15159,UNNAMED,SP,MM,pacific_ocean,southern_pacific,2021-04-11T03:00:00Z,-25.4,168.6,TS,38.0,CS,,,0,38.0,True
CLS_02585,1,CS-SCS,Cyclonic Storm / Severe Cyclonic Storm,2021093S11122,SEROJA,SI,WA,south_indian_ocean,,2021-04-11T18:00:00Z,-30.6,117.4,TS,60.0,SCS,45.0,bom,0,45.0,True
CLS_02586,1,CS-SCS,Cyclonic Storm / Severe Cyclonic Storm,2021099S15159,UNNAMED,SP,MM,pacific_ocean,southern_pacific,2021-04-12T00:00:00Z,-29.1,173.1,TS,35.0,CS,,wellington,0,35.0,True
CLS_02587,1,CS-SCS,Cyclonic Storm / Severe Cyclonic Storm,2021108S11067,JOBO,SI,MM,south_indian_ocean,,2021-04-23T09:00:00Z,-8.7,43.6,TS,43.0,CS,,,0,43.0,True
CLS_02588,1,CS-SCS,Cyclonic Storm / Severe Cyclonic Storm,2021129N13254,ANDRES,EP,MM,pacific_ocean,eastern_pacific,2021-05-09T18:00:00Z,14.0,-108.3,TS,35.0,CS,35.0,hurdat_epa,0,35.0,True
CLS_02589,1,CS-SCS,Cyclonic Storm / Severe Cyclonic Storm,2021143N15090,YAAS,NI,BB,north_indian_ocean,bay_of_bengal,2021-05-24T09:00:00Z,16.9,89.6,TS,38.0,CS,40.0,newdelhi,0,40.0,True
CLS_02590,1,CS-SCS,Cyclonic Storm / Severe Cyclonic Storm,2021143N15090,YAAS,NI,BB,north_indian_ocean,bay_of_bengal,2021-05-24T21:00:00Z,17.8,88.9,TS,53.0,SCS,55.0,newdelhi,0,55.0,True
CLS_02591,1,CS-SCS,Cyclonic Storm / Severe Cyclonic Storm,2021143N15090,YAAS,NI,BB,north_indian_ocean,bay_of_bengal,2021-05-26T03:00:00Z,21.1,87.2,TS,58.0,SCS,75.0,newdelhi,0,75.0,True
CLS_02592,1,CS-SCS,Cyclonic Storm / Severe Cyclonic Storm,2021151N11257,BLANCA,EP,MM,pacific_ocean,eastern_pacific,2021-06-01T03:00:00Z,13.8,-109.3,TS,48.0,SCS,,,0,48.0,True
CLS_02593,1,CS-SCS,Cyclonic Storm / Severe Cyclonic Storm,2021163N11240,CARLOS,EP,MM,pacific_ocean,eastern_pacific,2021-06-13T03:00:00Z,11.9,-124.6,TS,43.0,CS,,,0,43.0,True
CLS_02594,1,CS-SCS,Cyclonic Storm / Severe Cyclonic Storm,2021169N14260,DOLORES,EP,MM,pacific_ocean,eastern_pacific,2021-06-19T15:00:00Z,18.6,-103.7,TS,60.0,SCS,60.0,hurdat_epa,0,60.0,True
CLS_02595,1,CS-SCS,Cyclonic Storm / Severe Cyclonic Storm,2021171N09152,CHAMPI,WP,MM,pacific_ocean,western_pacific,2021-06-24T03:00:00Z,18.9,140.0,TS,48.0,SCS,,,0,48.0,True
CLS_02596,1,CS-SCS,Cyclonic Storm / Severe Cyclonic Storm,2021176N15259,ENRIQUE,EP,MM,pacific_ocean,eastern_pacific,2021-06-29T06:00:00Z,21.5,-107.4,TS,45.0,CS,45.0,hurdat_epa,0,45.0,True
CLS_02597,1,CS-SCS,Cyclonic Storm / Severe Cyclonic Storm,2021198N15254,GUILLERMO,EP,MM,pacific_ocean,eastern_pacific,2021-07-17T18:00:00Z,16.8,-109.3,TS,35.0,CS,35.0,hurdat_epa,0,35.0,True
CLS_02598,1,CS-SCS,Cyclonic Storm / Severe Cyclonic Storm,2021198N19117,CEMPAKA,WP,MM,pacific_ocean,western_pacific,2021-07-18T21:00:00Z,20.8,113.3,TS,38.0,CS,,,0,38.0,True
CLS_02599,1,CS-SCS,Cyclonic Storm / Severe Cyclonic Storm,2021212N12248,HILDA,EP,MM,pacific_ocean,eastern_pacific,2021-07-31T03:00:00Z,12.9,-114.7,TS,48.0,SCS,,,0,48.0,True
CLS_02600,1,CS-SCS,Cyclonic Storm / Severe Cyclonic Storm,2021213N14253,IGNACIO,EP,MM,pacific_ocean,eastern_pacific,2021-08-02T12:00:00Z,18.2,-113.6,TS,35.0,CS,35.0,hurdat_epa,0,35.0,True
CLS_02601,1,CS-SCS,Cyclonic Storm / Severe Cyclonic Storm,2021214N20155,UNNAMED,WP,MM,pacific_ocean,western_pacific,2021-08-02T18:00:00Z,25.3,153.2,TS,35.0,CS,,,0,35.0,True
CLS_02602,1,CS-SCS,Cyclonic Storm / Severe Cyclonic Storm,2021208N13245,JIMENA,EP,MM,pacific_ocean,eastern_pacific,2021-08-06T03:00:00Z,16.8,-137.9,TS,35.0,CS,,,0,35.0,True
CLS_02603,1,CS-SCS,Cyclonic Storm / Severe Cyclonic Storm,2021216N22144,NIDA,WP,MM,pacific_ocean,western_pacific,2021-08-06T03:00:00Z,35.9,150.5,TS,48.0,SCS,,,0,48.0,True
CLS_02604,1,CS-SCS,Cyclonic Storm / Severe Cyclonic Storm,2021219N15258,KEVIN,EP,MM,pacific_ocean,eastern_pacific,2021-08-08T00:00:00Z,15.6,-107.0,TS,40.0,CS,40.0,hurdat_epa,0,40.0,True
CLS_02605,1,CS-SCS,Cyclonic Storm / Severe Cyclonic Storm,2021219N08193,OMAIS,WP,MM,pacific_ocean,western_pacific,2021-08-12T18:00:00Z,12.7,170.7,TS,35.0,CS,,,0,35.0,True
CLS_02606,1,CS-SCS,Cyclonic Storm / Severe Cyclonic Storm,2021235N20251,MARTY,EP,MM,pacific_ocean,eastern_pacific,2021-08-23T09:00:00Z,20.3,-111.0,TS,38.0,CS,,,0,38.0,True
CLS_02607,1,CS-SCS,Cyclonic Storm / Severe Cyclonic Storm,2021236N12265,NORA,EP,MM,pacific_ocean,eastern_pacific,2021-08-26T18:00:00Z,13.1,-101.0,TS,35.0,CS,35.0,hurdat_epa,0,35.0,True
CLS_02608,1,CS-SCS,Cyclonic Storm / Severe Cyclonic Storm,2021244N24164,UNNAMED,WP,MM,pacific_ocean,western_pacific,2021-09-02T12:00:00Z,27.8,158.4,TS,35.0,CS,,,0,35.0,True
CLS_02609,1,CS-SCS,Cyclonic Storm / Severe Cyclonic Storm,2021248N11131,CONSON,WP,MM,pacific_ocean,western_pacific,2021-09-07T06:00:00Z,12.4,123.5,TS,50.0,SCS,45.0,tokyo,0,45.0,True
CLS_02610,1,CS-SCS,Cyclonic Storm / Severe Cyclonic Storm,2021250N17254,OLAF,EP,MM,pacific_ocean,eastern_pacific,2021-09-08T21:00:00Z,19.4,-107.6,TS,43.0,CS,,,0,43.0,True
CLS_02611,1,CS-SCS,Cyclonic Storm / Severe Cyclonic Storm,2021264N13119,DIANMU,WP,MM,pacific_ocean,western_pacific,2021-09-23T12:00:00Z,15.3,109.3,TS,35.0,CS,35.0,tokyo,0,35.0,True
CLS_02612,1,CS-SCS,Cyclonic Storm / Severe Cyclonic Storm,2021280N14137,KOMPASU,WP,MM,pacific_ocean,western_pacific,2021-10-11T09:00:00Z,18.7,122.3,TS,55.0,SCS,,,0,55.0,True
CLS_02613,1,CS-SCS,Cyclonic Storm / Severe Cyclonic Storm,2021296N13260,RICK,EP,MM,pacific_ocean,eastern_pacific,2021-10-23T03:00:00Z,13.4,-101.2,TS,53.0,SCS,,,0,53.0,True
CLS_02614,1,CS-SCS,Cyclonic Storm / Severe Cyclonic Storm,2021311N13248,SANDRA,EP,MM,pacific_ocean,eastern_pacific,2021-11-08T09:00:00Z,14.3,-116.3,TS,35.0,CS,,,0,35.0,True
CLS_02615,1,CS-SCS,Cyclonic Storm / Severe Cyclonic Storm,2021323S10103,PADDY,SI,WA,south_indian_ocean,,2021-11-21T21:00:00Z,-12.7,107.8,TS,40.0,CS,,,0,40.0,True
CLS_02616,1,CS-SCS,Cyclonic Storm / Severe Cyclonic Storm,2021333N11146,NYATOH,WP,MM,pacific_ocean,western_pacific,2021-11-30T15:00:00Z,13.2,137.1,TS,48.0,SCS,,,0,48.0,True
CLS_02617,1,CS-SCS,Cyclonic Storm / Severe Cyclonic Storm,2021334S07101,TERATAI,SI,WA,south_indian_ocean,,2021-11-30T18:00:00Z,-8.3,102.6,TS,40.0,CS,40.0,bom,0,40.0,True
CLS_02618,1,CS-SCS,Cyclonic Storm / Severe Cyclonic Storm,2021335N08096,JAWAD,NI,BB,north_indian_ocean,bay_of_bengal,2021-12-03T09:00:00Z,14.7,85.3,TS,35.0,CS,35.0,newdelhi,0,35.0,True
CLS_02619,1,CS-SCS,Cyclonic Storm / Severe Cyclonic Storm,2021335N08096,JAWAD,NI,BB,north_indian_ocean,bay_of_bengal,2021-12-03T21:00:00Z,15.7,84.9,TS,35.0,CS,40.0,newdelhi,0,40.0,True
CLS_02620,1,CS-SCS,Cyclonic Storm / Severe Cyclonic Storm,2021335N08096,JAWAD,NI,BB,north_indian_ocean,bay_of_bengal,2021-12-04T12:00:00Z,16.8,85.1,TS,35.0,CS,30.0,newdelhi,0,30.0,True
CLS_02621,1,CS-SCS,Cyclonic Storm / Severe Cyclonic Storm,2021343S09155,RUBY,SP,EA,pacific_ocean,southern_pacific,2021-12-11T18:00:00Z,-12.8,156.8,TS,35.0,CS,30.0,bom,0,30.0,True
CLS_02622,1,CS-SCS,Cyclonic Storm / Severe Cyclonic Storm,2021343S09155,RUBY,SP,EA,pacific_ocean,southern_pacific,2021-12-12T06:00:00Z,-14.7,157.7,TS,50.0,SCS,45.0,bom,0,45.0,True
CLS_02623,1,CS-SCS,Cyclonic Storm / Severe Cyclonic Storm,2021343S09155,RUBY,SP,MM,pacific_ocean,southern_pacific,2021-12-13T06:00:00Z,-18.2,161.2,TS,60.0,SCS,60.0,nadi,0,60.0,True
CLS_02624,1,CS-SCS,Cyclonic Storm / Severe Cyclonic Storm,2021358S09130,SETH,SP,EA,pacific_ocean,southern_pacific,2021-12-31T06:00:00Z,-20.0,154.2,TS,50.0,SCS,50.0,bom,0,50.0,True
CLS_02625,1,CS-SCS,Cyclonic Storm / Severe Cyclonic Storm,2021358S09130,SETH,SP,EA,pacific_ocean,southern_pacific,2021-12-31T18:00:00Z,-21.0,155.9,TS,45.0,CS,45.0,bom,0,45.0,True
CLS_02626,1,CS-SCS,Cyclonic Storm / Severe Cyclonic Storm,2022008S17173,CODY,SP,MM,pacific_ocean,southern_pacific,2022-01-08T06:00:00Z,-18.2,173.1,TS,35.0,CS,,,0,35.0,True
CLS_02627,1,CS-SCS,Cyclonic Storm / Severe Cyclonic Storm,2022008S17173,CODY,SP,MM,pacific_ocean,southern_pacific,2022-01-09T15:00:00Z,-19.6,177.2,TS,43.0,CS,,,0,43.0,True
CLS_02628,1,CS-SCS,Cyclonic Storm / Severe Cyclonic Storm,2022008S13148,TIFFANY,SP,EA,pacific_ocean,southern_pacific,2022-01-10T09:00:00Z,-14.6,143.3,TS,38.0,CS,,,0,38.0,True
CLS_02629,1,CS-SCS,Cyclonic Storm / Severe Cyclonic Storm,2022008S13148,TIFFANY,SP,EA,pacific_ocean,southern_pacific,2022-01-10T21:00:00Z,-14.5,141.4,TS,35.0,CS,,,0,35.0,True
CLS_02630,1,CS-SCS,Cyclonic Storm / Severe Cyclonic Storm,2022008S17173,CODY,SP,MM,pacific_ocean,southern_pacific,2022-01-12T00:00:00Z,-22.8,173.9,TS,60.0,SCS,70.0,nadi,0,70.0,True
CLS_02631,1,CS-SCS,Cyclonic Storm / Severe Cyclonic Storm,2022008S13148,TIFFANY,SI,WA,south_indian_ocean,,2022-01-12T06:00:00Z,-14.5,133.7,TS,35.0,CS,35.0,bom,0,35.0,True
CLS_02632,1,CS-SCS,Cyclonic Storm / Severe Cyclonic Storm,2022020S13060,ANA,SI,MM,south_indian_ocean,,2022-01-24T06:00:00Z,-16.3,40.4,TS,50.0,SCS,50.0,reunion,0,50.0,True
CLS_02633,1,CS-SCS,Cyclonic Storm / Severe Cyclonic Storm,2022030S14147,UNNAMED,SP,EA,pacific_ocean,southern_pacific,2022-01-31T00:00:00Z,-14.2,150.1,TS,35.0,CS,30.0,bom,0,30.0,True
CLS_02634,1,CS-SCS,Cyclonic Storm / Severe Cyclonic Storm,2022030S14147,UNNAMED,SP,EA,pacific_ocean,southern_pacific,2022-01-31T21:00:00Z,-14.9,152.3,TS,38.0,CS,,,0,38.0,True
CLS_02635,1,CS-SCS,Cyclonic Storm / Severe Cyclonic Storm,2022034S16082,CLIFF,SI,MM,south_indian_ocean,,2022-02-06T00:00:00Z,-21.6,81.5,TS,40.0,CS,35.0,reunion,0,35.0,True
CLS_02636,1,CS-SCS,Cyclonic Storm / Severe Cyclonic Storm,2022038S19164,DOVI,SP,MM,pacific_ocean,southern_pacific,2022-02-09T15:00:00Z,-20.1,169.0,TS,45.0,CS,35.0,nadi,0,35.0,True
CLS_02637,1,CS-SCS,Cyclonic Storm / Severe Cyclonic Storm,2022042S12063,DUMAKO,SI,MM,south_indian_ocean,,2022-02-14T21:00:00Z,-16.9,52.4,TS,45.0,CS,,,0,45.0,True
CLS_02638,1,CS-SCS,Cyclonic Storm / Severe Cyclonic Storm,2022054S14085,UNNAMED,SI,MM,south_indian_ocean,,2022-02-25T18:00:00Z,-11.3,89.1,TS,35.0,CS,35.0,reunion,0,35.0,True
CLS_02639,1,CS-SCS,Cyclonic Storm / Severe Cyclonic Storm,2022055S13129,ANIKA,SI,WA,south_indian_ocean,,2022-02-26T15:00:00Z,-14.1,126.9,TS,43.0,CS,,,0,43.0,True
CLS_02640,1,CS-SCS,Cyclonic Storm / Severe Cyclonic Storm,2022059S10106,UNNAMED,SI,WA,south_indian_ocean,,2022-03-02T03:00:00Z,-10.7,111.1,TS,35.0,CS,,,0,35.0,True
CLS_02641,1,CS-SCS,Cyclonic Storm / Severe Cyclonic Storm,2022058S17163,EVA,SP,MM,pacific_ocean,southern_pacific,2022-03-02T09:00:00Z,-25.4,171.6,TS,35.0,CS,,,0,35.0,True
CLS_02642,1,CS-SCS,Cyclonic Storm / Severe Cyclonic Storm,2022058S17163,EVA,SP,MM,pacific_ocean,southern_pacific,2022-03-03T00:00:00Z,-25.8,173.9,TS,45.0,CS,30.0,wellington,0,30.0,True
CLS_02643,1,CS-SCS,Cyclonic Storm / Severe Cyclonic Storm,2022054S13100,VERNON,SI,MM,south_indian_ocean,,2022-03-03T06:00:00Z,-23.3,81.5,TS,50.0,SCS,60.0,reunion,0,60.0,True
CLS_02644,1,CS-SCS,Cyclonic Storm / Severe Cyclonic Storm,2022062N06085,UNNAMED,NI,BB,north_indian_ocean,bay_of_bengal,2022-03-05T06:00:00Z,11.6,83.1,TS,35.0,CS,30.0,newdelhi,0,30.0,True
CLS_02645,1,CS-SCS,Cyclonic Storm / Severe Cyclonic Storm,2022065S16055,GOMBE,SI,MM,south_indian_ocean,,2022-03-07T18:00:00Z,-15.7,51.1,TS,35.0,CS,35.0,reunion,0,35.0,True
CLS_02646,1,CS-SCS,Cyclonic Storm / Severe Cyclonic Storm,2022072S11107,BILLY,SI,WA,south_indian_ocean,,2022-03-15T06:00:00Z,-17.1,97.3,TS,55.0,SCS,50.0,bom,0,50.0,True
CLS_02647,1,CS-SCS,Cyclonic Storm / Severe Cyclonic Storm,2022076S10126,CHARLOTTE,SI,WA,south_indian_ocean,,2022-03-21T06:00:00Z,-15.3,111.1,TS,60.0,SCS,50.0,bom,0,50.0,True
CLS_02648,1,CS-SCS,Cyclonic Storm / Severe Cyclonic Storm,2022080S09087,HALIMA,SI,MM,south_indian_ocean,,2022-03-29T21:00:00Z,-20.6,82.1,TS,43.0,CS,,,0,43.0,True
CLS_02649,1,CS-SCS,Cyclonic Storm / Severe Cyclonic Storm,2022094S15163,FILI,SP,MM,pacific_ocean,southern_pacific,2022-04-05T03:00:00Z,-18.0,161.2,TS,45.0,CS,,,0,45.0,True
CLS_02650,1,CS-SCS,Cyclonic Storm / Severe Cyclonic Storm,2022094S15163,FILI,SP,MM,pacific_ocean,southern_pacific,2022-04-06T09:00:00Z,-20.2,163.2,TS,55.0,SCS,,,0,55.0,True
CLS_02651,1,CS-SCS,Cyclonic Storm / Severe Cyclonic Storm,2022094S15163,FILI,SP,MM,pacific_ocean,southern_pacific,2022-04-07T15:00:00Z,-24.3,165.1,TS,43.0,CS,,,0,43.0,True
CLS_02652,1,CS-SCS,Cyclonic Storm / Severe Cyclonic Storm,2022110S12051,JASMINE,SI,MM,south_indian_ocean,,2022-04-23T06:00:00Z,-15.1,40.7,TS,35.0,CS,35.0,reunion,0,35.0,True
CLS_02653,1,CS-SCS,Cyclonic Storm / Severe Cyclonic Storm,2022126N07095,ASANI,NI,BB,north_indian_ocean,bay_of_bengal,2022-05-10T15:00:00Z,15.4,82.2,TS,50.0,SCS,50.0,newdelhi,0,50.0,True
CLS_02654,1,CS-SCS,Cyclonic Storm / Severe Cyclonic Storm,2022126S06088,KARIM,SI,WA,south_indian_ocean,,2022-05-10T21:00:00Z,-19.2,93.4,TS,48.0,SCS,,,0,48.0,True
CLS_02655,1,CS-SCS,Cyclonic Storm / Severe Cyclonic Storm,2022126N07095,ASANI,NI,BB,north_indian_ocean,bay_of_bengal,2022-05-11T06:00:00Z,16.0,81.5,TS,40.0,CS,40.0,newdelhi,0,40.0,True
CLS_02656,1,CS-SCS,Cyclonic Storm / Severe Cyclonic Storm,2022137S13171,GINA,SP,MM,pacific_ocean,southern_pacific,2022-05-18T15:00:00Z,-15.2,169.3,TS,35.0,CS,,,0,35.0,True
CLS_02657,1,CS-SCS,Cyclonic Storm / Severe Cyclonic Storm,2022137S13171,GINA,SP,MM,pacific_ocean,southern_pacific,2022-05-19T03:00:00Z,-16.0,168.8,TS,35.0,CS,,,0,35.0,True
CLS_02658,1,CS-SCS,Cyclonic Storm / Severe Cyclonic Storm,2022137S13171,GINA,SP,MM,pacific_ocean,southern_pacific,2022-05-19T15:00:00Z,-17.3,168.2,TS,35.0,CS,,,0,35.0,True
CLS_02659,1,CS-SCS,Cyclonic Storm / Severe Cyclonic Storm,2022165N14258,BLAS,EP,MM,pacific_ocean,eastern_pacific,2022-06-15T09:00:00Z,14.8,-102.2,TS,60.0,SCS,,,0,60.0,True
CLS_02660,1,CS-SCS,Cyclonic Storm / Severe Cyclonic Storm,2022167N11269,CELIA,EP,MM,pacific_ocean,eastern_pacific,2022-06-27T21:00:00Z,20.9,-117.9,TS,35.0,CS,,,0,35.0,True
CLS_02661,1,CS-SCS,Cyclonic Storm / Severe Cyclonic Storm,2022180N15130,AERE,WP,MM,pacific_ocean,western_pacific,2022-07-01T15:00:00Z,22.6,131.3,TS,40.0,CS,,,0,40.0,True
CLS_02662,1,CS-SCS,Cyclonic Storm / Severe Cyclonic Storm,2022197N12260,ESTELLE,EP,MM,pacific_ocean,eastern_pacific,2022-07-19T15:00:00Z,19.0,-115.7,TS,55.0,SCS,,,0,55.0,True
CLS_02663,1,CS-SCS,Cyclonic Storm / Severe Cyclonic Storm,2022208S08092,UNNAMED,SI,WA,south_indian_ocean,,2022-07-29T18:00:00Z,-12.8,94.3,TS,45.0,CS,40.0,bom,0,40.0,True
CLS_02664,1,CS-SCS,Cyclonic Storm / Severe Cyclonic Storm,2022209N16246,GEORGETTE,EP,MM,pacific_ocean,eastern_pacific,2022-07-31T06:00:00Z,13.3,-128.9,TS,40.0,CS,40.0,hurdat_epa,0,40.0,True
CLS_02665,1,CS-SCS,Cyclonic Storm / Severe Cyclonic Storm,2022221N24149,MEARI,WP,MM,pacific_ocean,western_pacific,2022-08-11T18:00:00Z,29.4,135.9,TS,35.0,CS,35.0,tokyo,0,35.0,True
CLS_02666,1,CS-SCS,Cyclonic Storm / Severe Cyclonic Storm,2022224N22067,UNNAMED,NI,AS,north_indian_ocean,arabian_sea,2022-08-12T15:00:00Z,22.2,64.9,TS,40.0,CS,,,0,40.0,True
CLS_02667,1,CS-SCS,Cyclonic Storm / Severe Cyclonic Storm,2022225N15253,IVETTE,EP,MM,pacific_ocean,eastern_pacific,2022-08-15T12:00:00Z,17.8,-113.5,TS,35.0,CS,35.0,hurdat_epa,0,35.0,True
CLS_02668,1,CS-SCS,Cyclonic Storm / Severe Cyclonic Storm,2022230N18095,UNNAMED,NI,BB,north_indian_ocean,bay_of_bengal,2022-08-18T15:00:00Z,20.3,90.5,TS,35.0,CS,,,0,35.0,True
CLS_02669,1,CS-SCS,Cyclonic Storm / Severe Cyclonic Storm,2022230N18095,UNNAMED,NI,BB,north_indian_ocean,bay_of_bengal,2022-08-19T09:00:00Z,21.4,88.6,TS,43.0,CS,,,0,43.0,True
CLS_02670,1,CS-SCS,Cyclonic Storm / Severe Cyclonic Storm,2022232N18131,MA-ON,WP,MM,pacific_ocean,western_pacific,2022-08-22T06:00:00Z,16.2,123.7,TS,45.0,CS,40.0,tokyo,0,40.0,True
CLS_02671,1,CS-SCS,Cyclonic Storm / Severe Cyclonic Storm,2022233N22151,TOKAGE,WP,MM,pacific_ocean,western_pacific,2022-08-23T00:00:00Z,28.7,150.5,TS,60.0,SCS,55.0,tokyo,0,55.0,True
CLS_02672,1,CS-SCS,Cyclonic Storm / Severe Cyclonic Storm,2022239N22150,HINNAMNOR,WP,MM,pacific_ocean,western_pacific,2022-08-28T09:00:00Z,26.4,148.9,TS,43.0,CS,,,0,43.0,True
CLS_02673,1,CS-SCS,Cyclonic Storm / Severe Cyclonic Storm,2022244N15254,JAVIER,EP,MM,pacific_ocean,eastern_pacific,2022-09-02T15:00:00Z,20.8,-112.2,TS,40.0,CS,,,0,40.0,True
CLS_02674,1,CS-SCS,Cyclonic Storm / Severe Cyclonic Storm,2022248N14259,KAY,EP,MM,pacific_ocean,eastern_pacific,2022-09-05T15:00:00Z,15.5,-106.5,TS,60.0,SCS,,,0,60.0,True
CLS_02675,1,CS-SCS,Cyclonic Storm / Severe Cyclonic Storm,2022254N21158,MERBOK,WP,MM,pacific_ocean,western_pacific,2022-09-12T18:00:00Z,23.2,163.2,TS,55.0,SCS,55.0,tokyo,0,55.0,True
CLS_02676,1,CS-SCS,Cyclonic Storm / Severe Cyclonic Storm,2022259N12265,LESTER,EP,MM,pacific_ocean,eastern_pacific,2022-09-16T15:00:00Z,13.8,-96.5,TS,35.0,CS,,,0,35.0,True
CLS_02677,1,CS-SCS,Cyclonic Storm / Severe Cyclonic Storm,2022255N16256,MADELINE,EP,MM,pacific_ocean,eastern_pacific,2022-09-18T06:00:00Z,17.3,-106.7,TS,40.0,CS,40.0,hurdat_epa,0,40.0,True
CLS_02678,1,CS-SCS,Cyclonic Storm / Severe Cyclonic Storm,2022265N17256,NEWTON,EP,MM,pacific_ocean,eastern_pacific,2022-09-22T00:00:00Z,17.4,-106.6,TS,40.0,CS,40.0,hurdat_epa,0,40.0,True
CLS_02679,1,CS-SCS,Cyclonic Storm / Severe Cyclonic Storm,2022263N18137,TALAS,WP,MM,pacific_ocean,western_pacific,2022-09-23T00:00:00Z,30.8,134.8,TS,35.0,CS,35.0,tokyo,0,35.0,True
CLS_02680,1,CS-SCS,Cyclonic Storm / Severe Cyclonic Storm,2022264N17132,NORU,WP,MM,pacific_ocean,western_pacific,2022-09-23T06:00:00Z,17.6,131.3,TS,35.0,CS,40.0,tokyo,0,40.0,True
CLS_02681,1,CS-SCS,Cyclonic Storm / Severe Cyclonic Storm,2022268N20147,KULAP,WP,MM,pacific_ocean,western_pacific,2022-09-26T03:00:00Z,23.6,143.3,TS,35.0,CS,,,0,35.0,True
CLS_02682,1,CS-SCS,Cyclonic Storm / Severe Cyclonic Storm,2022268S09088,ASHLEY,SI,MM,south_indian_ocean,,2022-09-27T03:00:00Z,-13.2,81.5,TS,48.0,SCS,,,0,48.0,True
CLS_02683,1,CS-SCS,Cyclonic Storm / Severe Cyclonic Storm,2022270N14136,ROKE,WP,MM,pacific_ocean,western_pacific,2022-09-30T18:00:00Z,31.0,142.6,TS,55.0,SCS,55.0,tokyo,0,55.0,True
CLS_02684,1,CS-SCS,Cyclonic Storm / Severe Cyclonic Storm,2022276N15249,PAINE,EP,MM,pacific_ocean,eastern_pacific,2022-10-05T00:00:00Z,17.8,-113.5,TS,35.0,CS,35.0,hurdat_epa,0,35.0,True
CLS_02685,1,CS-SCS,Cyclonic Storm / Severe Cyclonic Storm,2022276S05090,BALITA,SI,MM,south_indian_ocean,,2022-10-06T18:00:00Z,-9.4,85.6,TS,35.0,CS,30.0,reunion,0,30.0,True
CLS_02686,1,CS-SCS,Cyclonic Storm / Severe Cyclonic Storm,2022284N15152,HAITANG,WP,MM,pacific_ocean,western_pacific,2022-10-13T21:00:00Z,17.6,155.6,TS,35.0,CS,,,0,35.0,True
CLS_02687,1,CS-SCS,Cyclonic Storm / Severe Cyclonic Storm,2022285N12116,SONCA,WP,MM,pacific_ocean,western_pacific,2022-10-14T18:00:00Z,15.2,109.1,TS,35.0,CS,35.0,tokyo,0,35.0,True
CLS_02688,1,CS-SCS,Cyclonic Storm / Severe Cyclonic Storm,2022293N15259,ROSLYN,EP,MM,pacific_ocean,eastern_pacific,2022-10-20T12:00:00Z,15.1,-101.8,TS,35.0,CS,35.0,hurdat_epa,0,35.0,True
CLS_02689,1,CS-SCS,Cyclonic Storm / Severe Cyclonic Storm,2022295N13093,SITRANG,NI,BB,north_indian_ocean,bay_of_bengal,2022-10-24T00:00:00Z,18.0,89.0,TS,40.0,CS,40.0,newdelhi,0,40.0,True
CLS_02690,1,CS-SCS,Cyclonic Storm / Severe Cyclonic Storm,2022295N13093,SITRANG,NI,BB,north_indian_ocean,bay_of_bengal,2022-10-24T15:00:00Z,21.8,90.4,TS,40.0,CS,45.0,newdelhi,0,45.0,True
CLS_02691,1,CS-SCS,Cyclonic Storm / Severe Cyclonic Storm,2022299N11134,NALGAE,WP,MM,pacific_ocean,western_pacific,2022-10-29T06:00:00Z,13.9,121.8,TS,55.0,SCS,50.0,tokyo,0,50.0,True
CLS_02692,1,CS-SCS,Cyclonic Storm / Severe Cyclonic Storm,2022305S04091,UNNAMED,SI,WA,south_indian_ocean,,2022-11-04T12:00:00Z,-10.2,92.5,TS,35.0,CS,30.0,bom,0,30.0,True
CLS_02693,1,CS-SCS,Cyclonic Storm / Severe Cyclonic Storm,2022316N20167,YAMANEKO,WP,MM,pacific_ocean,western_pacific,2022-11-13T00:00:00Z,21.9,165.9,TS,35.0,CS,35.0,tokyo,0,35.0,True
CLS_02694,1,CS-SCS,Cyclonic Storm / Severe Cyclonic Storm,2022338N05100,MANDOUS,NI,BB,north_indian_ocean,bay_of_bengal,2022-12-08T00:00:00Z,9.4,84.3,TS,55.0,SCS,40.0,newdelhi,0,40.0,True
CLS_02695,1,CS-SCS,Cyclonic Storm / Severe Cyclonic Storm,2022338N05100,MANDOUS,NI,BB,north_indian_ocean,bay_of_bengal,2022-12-08T15:00:00Z,10.4,82.5,TS,55.0,SCS,50.0,newdelhi,0,50.0,True
CLS_02696,1,CS-SCS,Cyclonic Storm / Severe Cyclonic Storm,2022338N05100,MANDOUS,NI,BB,north_indian_ocean,bay_of_bengal,2022-12-09T03:00:00Z,11.1,81.6,TS,53.0,SCS,45.0,newdelhi,0,45.0,True
CLS_02697,1,CS-SCS,Cyclonic Storm / Severe Cyclonic Storm,2022355S10128,ELLIE,SI,WA,south_indian_ocean,,2022-12-22T21:00:00Z,-14.8,130.2,TS,35.0,CS,40.0,bom,0,40.0,True
CLS_02698,1,CS-SCS,Cyclonic Storm / Severe Cyclonic Storm,2023005S18142,HALE,SP,EA,pacific_ocean,southern_pacific,2023-01-06T15:00:00Z,-19.3,152.0,TS,38.0,CS,,,0,38.0,True
CLS_02699,1,CS-SCS,Cyclonic Storm / Severe Cyclonic Storm,2023005S18142,HALE,SP,EA,pacific_ocean,southern_pacific,2023-01-07T03:00:00Z,-20.8,155.6,TS,45.0,CS,,,0,45.0,True
CLS_02700,1,CS-SCS,Cyclonic Storm / Severe Cyclonic Storm,2023016S15160,IRENE,SP,MM,pacific_ocean,southern_pacific,2023-01-18T15:00:00Z,-18.8,166.6,TS,53.0,SCS,,,0,53.0,True
CLS_02701,1,CS-SCS,Cyclonic Storm / Severe Cyclonic Storm,2023013S08081,CHENESO,SI,MM,south_indian_ocean,,2023-01-18T21:00:00Z,-13.6,51.4,TS,58.0,SCS,,,0,58.0,True
CLS_02702,1,CS-SCS,Cyclonic Storm / Severe Cyclonic Storm,2023020S18156,UNNAMED,SP,MM,pacific_ocean,southern_pacific,2023-01-20T21:00:00Z,-21.0,161.8,TS,35.0,CS,,,0,35.0,True
CLS_02703,1,CS-SCS,Cyclonic Storm / Severe Cyclonic Storm,2023036S12163,GABRIELLE,SP,EA,pacific_ocean,southern_pacific,2023-02-07T21:00:00Z,-15.3,153.4,TS,40.0,CS,,,0,40.0,True
CLS_02704,1,CS-SCS,Cyclonic Storm / Severe Cyclonic Storm,2023036S12163,GABRIELLE,SP,EA,pacific_ocean,southern_pacific,2023-02-08T18:00:00Z,-17.1,152.7,TS,45.0,CS,45.0,bom,0,45.0,True
CLS_02705,1,CS-SCS,Cyclonic Storm / Severe Cyclonic Storm,2023050S09094,ENALA,SI,MM,south_indian_ocean,,2023-02-26T03:00:00Z,-27.7,67.6,TS,45.0,CS,,,0,45.0,True
CLS_02706,1,CS-SCS,Cyclonic Storm / Severe Cyclonic Storm,2023087S10096,HERMAN,SI,WA,south_indian_ocean,,2023-03-29T12:00:00Z,-14.1,102.4,TS,45.0,CS,50.0,bom,0,50.0,True
CLS_02707,1,CS-SCS,Cyclonic Storm / Severe Cyclonic Storm,2023096S07135,ILSA,SI,WA,south_indian_ocean,,2023-04-10T09:00:00Z,-13.0,123.2,TS,40.0,CS,,,0,40.0,True
CLS_02708,1,CS-SCS,Cyclonic Storm / Severe Cyclonic Storm,2023132S03090,FABIEN,SI,MM,south_indian_ocean,,2023-05-20T00:00:00Z,-10.0,69.4,TS,50.0,SCS,50.0,reunion,0,50.0,True
CLS_02709,1,CS-SCS,Cyclonic Storm / Severe Cyclonic Storm,2023138N05151,MAWAR,WP,MM,pacific_ocean,western_pacific,2023-06-01T00:00:00Z,24.2,125.8,TS,45.0,CS,50.0,tokyo,0,50.0,True
CLS_02710,1,CS-SCS,Cyclonic Storm / Severe Cyclonic Storm,2023160N20092,UNNAMED,NI,BB,north_indian_ocean,bay_of_bengal,2023-06-09T03:00:00Z,19.9,91.5,TS,40.0,CS,,,0,40.0,True
CLS_02711,1,CS-SCS,Cyclonic Storm / Severe Cyclonic Storm,2023180N13264,BEATRIZ,EP,MM,pacific_ocean,eastern_pacific,2023-06-29T18:00:00Z,14.8,-99.0,TS,40.0,CS,40.0,hurdat_epa,0,40.0,True
CLS_02712,1,CS-SCS,Cyclonic Storm / Severe Cyclonic Storm,2023179N15256,ADRIAN,EP,MM,pacific_ocean,eastern_pacific,2023-07-01T12:00:00Z,18.2,-114.2,TS,55.0,SCS,55.0,hurdat_epa,0,55.0,True
CLS_02713,1,CS-SCS,Cyclonic Storm / Severe Cyclonic Storm,2023191N10262,CALVIN,EP,MM,pacific_ocean,eastern_pacific,2023-07-12T03:00:00Z,12.4,-109.1,TS,38.0,CS,,,0,38.0,True
CLS_02714,1,CS-SCS,Cyclonic Storm / Severe Cyclonic Storm,2023212N19090,UNNAMED,NI,BB,north_indian_ocean,bay_of_bengal,2023-07-31T15:00:00Z,19.5,91.9,TS,38.0,CS,,,0,38.0,True
CLS_02715,1,CS-SCS,Cyclonic Storm / Severe Cyclonic Storm,2023218N25145,LAN,WP,MM,pacific_ocean,western_pacific,2023-08-15T09:00:00Z,35.6,134.8,TS,45.0,CS,45.0,tokyo,0,45.0,True
CLS_02716,1,CS-SCS,Cyclonic Storm / Severe Cyclonic Storm,2023226N11222,GREG,EP,CP,pacific_ocean,eastern_pacific,2023-08-16T03:00:00Z,11.5,-148.4,TS,45.0,CS,,,0,45.0,True
CLS_02717,1,CS-SCS,Cyclonic Storm / Severe Cyclonic Storm,2023234N19154,DAMREY,WP,MM,pacific_ocean,western_pacific,2023-08-28T00:00:00Z,38.6,144.6,TS,60.0,SCS,45.0,tokyo,0,45.0,True
CLS_02718,1,CS-SCS,Cyclonic Storm / Severe Cyclonic Storm,2023239N16242,IRWIN,EP,MM,pacific_ocean,eastern_pacific,2023-08-29T06:00:00Z,19.5,-126.4,TS,40.0,CS,40.0,hurdat_epa,0,40.0,True
CLS_02719,1,CS-SCS,Cyclonic Storm / Severe Cyclonic Storm,2023241N10158,KIROGI,WP,MM,pacific_ocean,western_pacific,2023-08-31T21:00:00Z,19.7,152.3,TS,53.0,SCS,,,0,53.0,True
CLS_02720,1,CS-SCS,Cyclonic Storm / Severe Cyclonic Storm,2023239N18144,HAIKUI,WP,MM,pacific_ocean,western_pacific,2023-09-04T12:00:00Z,23.6,118.6,TS,40.0,CS,40.0,tokyo,0,40.0,True
CLS_02721,1,CS-SCS,Cyclonic Storm / Severe Cyclonic Storm,2023248N12257,JOVA,EP,MM,pacific_ocean,eastern_pacific,2023-09-05T21:00:00Z,12.8,-107.9,TS,55.0,SCS,,,0,55.0,True
CLS_02722,1,CS-SCS,Cyclonic Storm / Severe Cyclonic Storm,2023247N20130,YUN-YEUNG,WP,MM,pacific_ocean,western_pacific,2023-09-06T09:00:00Z,27.1,134.5,TS,38.0,CS,,,0,38.0,True
CLS_02723,1,CS-SCS,Cyclonic Storm / Severe Cyclonic Storm,2023261N13248,KENNETH,EP,MM,pacific_ocean,eastern_pacific,2023-09-21T12:00:00Z,16.9,-125.2,TS,40.0,CS,40.0,hurdat_epa,0,40.0,True
CLS_02724,1,CS-SCS,Cyclonic Storm / Severe Cyclonic Storm,2023271N14144,KOINU,WP,MM,pacific_ocean,western_pacific,2023-10-01T00:00:00Z,17.4,129.5,TS,55.0,SCS,50.0,tokyo,0,50.0,True
CLS_02725,1,CS-SCS,Cyclonic Storm / Severe Cyclonic Storm,2023276N11254,LIDIA,EP,MM,pacific_ocean,eastern_pacific,2023-10-08T09:00:00Z,16.5,-112.7,TS,60.0,SCS,,,0,60.0,True
CLS_02726,1,CS-SCS,Cyclonic Storm / Severe Cyclonic Storm,2023281N14260,MAX,EP,MM,pacific_ocean,eastern_pacific,2023-10-09T15:00:00Z,17.1,-101.2,TS,58.0,SCS,,,0,58.0,True
CLS_02727,1,CS-SCS,Cyclonic Storm / Severe Cyclonic Storm,2023302N10267,PILAR,EP,MM,pacific_ocean,eastern_pacific,2023-11-04T12:00:00Z,10.1,-108.5,TS,40.0,CS,40.0,hurdat_epa,0,40.0,True
CLS_02728,1,CS-SCS,Cyclonic Storm / Severe Cyclonic Storm,2023316S08168,MAL,SP,MM,pacific_ocean,southern_pacific,2023-11-13T15:00:00Z,-12.6,173.3,TS,58.0,SCS,,,0,58.0,True
CLS_02729,1,CS-SCS,Cyclonic Storm / Severe Cyclonic Storm,2023316S08168,MAL,SP,MM,pacific_ocean,southern_pacific,2023-11-15T18:00:00Z,-23.7,179.1,TS,55.0,SCS,40.0,nadi,0,40.0,True
CLS_02730,1,CS-SCS,Cyclonic Storm / Severe Cyclonic Storm,2023326N10240,RAMON,EP,MM,pacific_ocean,eastern_pacific,2023-11-26T03:00:00Z,14.7,-122.8,TS,38.0,CS,,,0,38.0,True
CLS_02731,1,CS-SCS,Cyclonic Storm / Severe Cyclonic Storm,2023334N08088,MICHAUNG,NI,BB,north_indian_ocean,bay_of_bengal,2023-12-03T12:00:00Z,12.3,82.3,TS,40.0,CS,35.0,newdelhi,0,35.0,True
CLS_02732,1,CS-SCS,Cyclonic Storm / Severe Cyclonic Storm,2023334N08088,MICHAUNG,NI,BB,north_indian_ocean,bay_of_bengal,2023-12-04T03:00:00Z,13.3,81.1,TS,55.0,SCS,50.0,newdelhi,0,50.0,True
CLS_02733,1,CS-SCS,Cyclonic Storm / Severe Cyclonic Storm,2024012S12059,BELAL,SI,MM,south_indian_ocean,,2024-01-12T18:00:00Z,-13.8,56.5,TS,35.0,CS,30.0,reunion,0,30.0,True
CLS_02734,1,CS-SCS,Cyclonic Storm / Severe Cyclonic Storm,2024017S15151,KIRRILY,SP,EA,pacific_ocean,southern_pacific,2024-01-23T18:00:00Z,-17.3,153.2,TS,35.0,CS,40.0,bom,0,40.0,True
CLS_02735,1,CS-SCS,Cyclonic Storm / Severe Cyclonic Storm,2024017S15151,KIRRILY,SP,EA,pacific_ocean,southern_pacific,2024-01-24T15:00:00Z,-17.6,150.5,TS,48.0,SCS,,,0,48.0,True
CLS_02736,1,CS-SCS,Cyclonic Storm / Severe Cyclonic Storm,2024022S16058,CANDICE,SI,MM,south_indian_ocean,,2024-01-24T15:00:00Z,-19.8,58.1,TS,35.0,CS,,,0,35.0,True
CLS_02737,1,CS-SCS,Cyclonic Storm / Severe Cyclonic Storm,2024017S15151,KIRRILY,SP,EA,pacific_ocean,southern_pacific,2024-01-25T03:00:00Z,-18.3,148.4,TS,53.0,SCS,65.0,bom,0,65.0,True
CLS_02738,1,CS-SCS,Cyclonic Storm / Severe Cyclonic Storm,2024029S15063,UNNAMED,SI,MM,south_indian_ocean,,2024-01-30T18:00:00Z,-19.2,65.2,TS,35.0,CS,,,0,35.0,True
CLS_02739,1,CS-SCS,Cyclonic Storm / Severe Cyclonic Storm,2024017S15151,KIRRILY,SP,EA,pacific_ocean,southern_pacific,2024-02-01T12:00:00Z,-17.4,139.6,TS,35.0,CS,40.0,bom,0,40.0,True
CLS_02740,1,CS-SCS,Cyclonic Storm / Severe Cyclonic Storm,2024035S16188,NAT,SP,MM,pacific_ocean,southern_pacific,2024-02-06T03:00:00Z,-15.7,-159.5,TS,48.0,SCS,,,0,48.0,True
CLS_02741,1,CS-SCS,Cyclonic Storm / Severe Cyclonic Storm,2024035S16188,NAT,SP,MM,pacific_ocean,southern_pacific,2024-02-07T03:00:00Z,-18.6,-153.4,TS,40.0,CS,,,0,40.0,True
CLS_02742,1,CS-SCS,Cyclonic Storm / Severe Cyclonic Storm,2024037S09184,OSAI,SP,MM,pacific_ocean,southern_pacific,2024-02-07T15:00:00Z,-17.0,-165.3,TS,48.0,SCS,,,0,48.0,True
CLS_02743,1,CS-SCS,Cyclonic Storm / Severe Cyclonic Storm,2024035S16188,NAT,SP,MM,pacific_ocean,southern_pacific,2024-02-08T03:00:00Z,-19.3,-150.6,TS,38.0,CS,,,0,38.0,True
CLS_02744,1,CS-SCS,Cyclonic Storm / Severe Cyclonic Storm,2024031S24154,UNNAMED,SP,MM,pacific_ocean,southern_pacific,2024-02-08T18:00:00Z,-16.3,164.4,TS,35.0,CS,25.0,bom,0,25.0,True
CLS_02745,1,CS-SCS,Cyclonic Storm / Severe Cyclonic Storm,2024031S24154,UNNAMED,SP,MM,pacific_ocean,southern_pacific,2024-02-09T21:00:00Z,-17.2,168.1,TS,35.0,CS,,,0,35.0,True
CLS_02746,1,CS-SCS,Cyclonic Storm / Severe Cyclonic Storm,2024045S15192,UNNAMED,SP,MM,pacific_ocean,southern_pacific,2024-02-15T18:00:00Z,-17.1,-164.2,TS,35.0,CS,,,0,35.0,True
CLS_02747,1,CS-SCS,Cyclonic Storm / Severe Cyclonic Storm,2024044S15134,LINCOLN,SP,EA,pacific_ocean,southern_pacific,2024-02-15T18:00:00Z,-15.6,137.8,TS,35.0,CS,35.0,bom,0,35.0,True
CLS_02748,1,CS-SCS,Cyclonic Storm / Severe Cyclonic Storm,2024044S15134,LINCOLN,SP,EA,pacific_ocean,southern_pacific,2024-02-16T06:00:00Z,-16.0,137.2,TS,40.0,CS,45.0,bom,0,45.0,True
CLS_02749,1,CS-SCS,Cyclonic Storm / Severe Cyclonic Storm,2024045S15192,UNNAMED,SP,MM,pacific_ocean,southern_pacific,2024-02-16T18:00:00Z,-22.3,-157.2,TS,55.0,SCS,,,0,55.0,True
CLS_02750,1,CS-SCS,Cyclonic Storm / Severe Cyclonic Storm,2024049S17052,ELEANOR,SI,MM,south_indian_ocean,,2024-02-21T03:00:00Z,-15.1,60.6,TS,50.0,SCS,,,0,50.0,True
CLS_02751,1,CS-SCS,Cyclonic Storm / Severe Cyclonic Storm,2024044S15134,LINCOLN,SI,WA,south_indian_ocean,,2024-02-23T15:00:00Z,-19.4,113.5,TS,35.0,CS,,,0,35.0,True
CLS_02752,1,CS-SCS,Cyclonic Storm / Severe Cyclonic Storm,2024061S11062,FILIPO,SI,MM,south_indian_ocean,,2024-03-11T09:00:00Z,-20.4,36.7,TS,48.0,SCS,,,0,48.0,True
CLS_02753,1,CS-SCS,Cyclonic Storm / Severe Cyclonic Storm,2024073S14128,MEGAN,SP,EA,pacific_ocean,southern_pacific,2024-03-15T15:00:00Z,-13.6,137.4,TS,38.0,CS,,,0,38.0,True
CLS_02754,1,CS-SCS,Cyclonic Storm / Severe Cyclonic Storm,2024067S10090,NEVILLE,SI,WA,south_indian_ocean,,2024-03-17T03:00:00Z,-17.3,113.3,TS,35.0,CS,,,0,35.0,True
CLS_02755,1,CS-SCS,Cyclonic Storm / Severe Cyclonic Storm,2024082S08054,GAMANE,SI,MM,south_indian_ocean,,2024-03-26T00:00:00Z,-12.5,50.9,TS,40.0,CS,45.0,reunion,0,45.0,True
CLS_02756,1,CS-SCS,Cyclonic Storm / Severe Cyclonic Storm,2024100S11152,PAUL,SP,EA,pacific_ocean,southern_pacific,2024-04-10T15:00:00Z,-13.5,154.1,TS,38.0,CS,,,0,38.0,True
CLS_02757,1,CS-SCS,Cyclonic Storm / Severe Cyclonic Storm,2024100S11152,PAUL,SP,EA,pacific_ocean,southern_pacific,2024-04-11T12:00:00Z,-14.9,156.0,TS,45.0,CS,45.0,bom,0,45.0,True
CLS_02758,1,CS-SCS,Cyclonic Storm / Severe Cyclonic Storm,2024100S11152,PAUL,SP,EA,pacific_ocean,southern_pacific,2024-04-12T00:00:00Z,-14.7,156.3,TS,40.0,CS,25.0,bom,0,25.0,True
CLS_02759,1,CS-SCS,Cyclonic Storm / Severe Cyclonic Storm,2024121S07047,HIDAYA,SI,MM,south_indian_ocean,,2024-05-01T21:00:00Z,-8.9,44.7,TS,38.0,CS,,,0,38.0,True
CLS_02760,1,CS-SCS,Cyclonic Storm / Severe Cyclonic Storm,2024134S07055,IALY,SI,MM,south_indian_ocean,,2024-05-19T12:00:00Z,-7.3,45.4,TS,55.0,SCS,45.0,reunion,0,45.0,True
CLS_02761,1,CS-SCS,Cyclonic Storm / Severe Cyclonic Storm,2024139S02072,UNNAMED,SI,MM,south_indian_ocean,,2024-05-19T21:00:00Z,-2.3,75.7,TS,38.0,CS,,,0,38.0,True
CLS_02762,1,CS-SCS,Cyclonic Storm / Severe Cyclonic Storm,2024141N03142,EWINIAR,WP,MM,pacific_ocean,western_pacific,2024-05-25T09:00:00Z,13.0,122.6,TS,40.0,CS,,,0,40.0,True
CLS_02763,1,CS-SCS,Cyclonic Storm / Severe Cyclonic Storm,2024145N14087,REMAL,NI,BB,north_indian_ocean,bay_of_bengal,2024-05-26T00:00:00Z,19.6,89.2,TS,40.0,CS,50.0,newdelhi,0,50.0,True
CLS_02764,1,CS-SCS,Cyclonic Storm / Severe Cyclonic Storm,2024145N14087,REMAL,NI,BB,north_indian_ocean,bay_of_bengal,2024-05-26T12:00:00Z,21.2,89.1,TS,55.0,SCS,60.0,newdelhi,0,60.0,True
CLS_02765,1,CS-SCS,Cyclonic Storm / Severe Cyclonic Storm,2024145N14087,REMAL,NI,BB,north_indian_ocean,bay_of_bengal,2024-05-27T00:00:00Z,22.6,89.0,TS,50.0,SCS,45.0,newdelhi,0,45.0,True
CLS_02766,1,CS-SCS,Cyclonic Storm / Severe Cyclonic Storm,2024186N15256,ALETTA,EP,MM,pacific_ocean,eastern_pacific,2024-07-05T00:00:00Z,18.3,-107.6,TS,35.0,CS,35.0,hurdat_epa,0,35.0,True
CLS_02767,1,CS-SCS,Cyclonic Storm / Severe Cyclonic Storm,2024207N16250,BUD,EP,MM,pacific_ocean,eastern_pacific,2024-07-26T03:00:00Z,18.8,-118.0,TS,38.0,CS,,,0,38.0,True
CLS_02768,1,CS-SCS,Cyclonic Storm / Severe Cyclonic Storm,2024213N14254,CARLOTTA,EP,MM,pacific_ocean,eastern_pacific,2024-08-01T09:00:00Z,17.0,-109.9,TS,50.0,SCS,,,0,50.0,True
CLS_02769,1,CS-SCS,Cyclonic Storm / Severe Cyclonic Storm,2024218N14254,FABIO,EP,MM,pacific_ocean,eastern_pacific,2024-08-07T06:00:00Z,20.3,-117.0,TS,40.0,CS,40.0,hurdat_epa,0,40.0,True
CLS_02770,1,CS-SCS,Cyclonic Storm / Severe Cyclonic Storm,2024218N16247,EMILIA,EP,MM,pacific_ocean,eastern_pacific,2024-08-08T00:00:00Z,20.0,-119.2,TS,50.0,SCS,50.0,hurdat_epa,0,50.0,True
CLS_02771,1,CS-SCS,Cyclonic Storm / Severe Cyclonic Storm,2024225N22135,AMPIL,WP,MM,pacific_ocean,western_pacific,2024-08-18T09:00:00Z,41.2,156.6,TS,60.0,SCS,,,0,60.0,True
CLS_02772,1,CS-SCS,Cyclonic Storm / Severe Cyclonic Storm,2024246N22147,LEEPI,WP,MM,pacific_ocean,western_pacific,2024-09-05T21:00:00Z,35.4,147.5,TS,40.0,CS,,,0,40.0,True
CLS_02773,1,CS-SCS,Cyclonic Storm / Severe Cyclonic Storm,2024253N11148,BEBINCA,WP,MM,pacific_ocean,western_pacific,2024-09-12T03:00:00Z,18.4,139.8,TS,58.0,SCS,,,0,58.0,True
CLS_02774,1,CS-SCS,Cyclonic Storm / Severe Cyclonic Storm,2024256N18254,ILEANA,EP,MM,pacific_ocean,eastern_pacific,2024-09-14T03:00:00Z,23.5,-109.3,TS,40.0,CS,,,0,40.0,True
CLS_02775,1,CS-SCS,Cyclonic Storm / Severe Cyclonic Storm,2024259N12145,PULASAN,WP,MM,pacific_ocean,western_pacific,2024-09-19T03:00:00Z,29.2,124.6,TS,38.0,CS,,,0,38.0,True
CLS_02776,1,CS-SCS,Cyclonic Storm / Severe Cyclonic Storm,2024269N14150,JEBI,WP,MM,pacific_ocean,western_pacific,2024-09-26T21:00:00Z,17.5,146.0,TS,35.0,CS,,,0,35.0,True
CLS_02777,1,CS-SCS,Cyclonic Storm / Severe Cyclonic Storm,2024270N24128,KRATHON,WP,MM,pacific_ocean,western_pacific,2024-09-28T15:00:00Z,18.5,124.9,TS,58.0,SCS,,,0,58.0,True
CLS_02778,1,CS-SCS,Cyclonic Storm / Severe Cyclonic Storm,2024278N11150,BARIJAT,WP,MM,pacific_ocean,western_pacific,2024-10-09T21:00:00Z,32.0,149.7,TS,35.0,CS,,,0,35.0,True
CLS_02779,1,CS-SCS,Cyclonic Storm / Severe Cyclonic Storm,2024295N15092,DANA,NI,BB,north_indian_ocean,bay_of_bengal,2024-10-23T09:00:00Z,16.9,89.1,TS,45.0,CS,45.0,newdelhi,0,45.0,True
CLS_02780,1,CS-SCS,Cyclonic Storm / Severe Cyclonic Storm,2024295N15092,DANA,NI,BB,north_indian_ocean,bay_of_bengal,2024-10-25T06:00:00Z,21.2,86.7,TS,50.0,SCS,35.0,newdelhi,0,35.0,True
CLS_02781,1,CS-SCS,Cyclonic Storm / Severe Cyclonic Storm,2024307N06143,YINXING,WP,MM,pacific_ocean,western_pacific,2024-11-11T03:00:00Z,16.8,111.1,TS,43.0,CS,,,0,43.0,True
CLS_02782,1,CS-SCS,Cyclonic Storm / Severe Cyclonic Storm,2024312N14145,TORAJI,WP,MM,pacific_ocean,western_pacific,2024-11-12T09:00:00Z,19.4,117.8,TS,40.0,CS,,,0,40.0,True
CLS_02783,1,CS-SCS,Cyclonic Storm / Severe Cyclonic Storm,2024313N10169,MAN-YI,WP,MM,pacific_ocean,western_pacific,2024-11-13T18:00:00Z,11.2,139.5,TS,40.0,CS,45.0,tokyo,0,45.0,True
CLS_02784,1,CS-SCS,Cyclonic Storm / Severe Cyclonic Storm,2024329N04089,FENGAL,NI,BB,north_indian_ocean,bay_of_bengal,2024-11-30T00:00:00Z,12.4,81.3,TS,45.0,CS,45.0,newdelhi,0,45.0,True
CLS_02785,1,CS-SCS,Cyclonic Storm / Severe Cyclonic Storm,2024329N04089,FENGAL,NI,BB,north_indian_ocean,bay_of_bengal,2024-11-30T15:00:00Z,12.2,80.3,TS,43.0,CS,40.0,newdelhi,0,40.0,True
CLS_02786,1,CS-SCS,Cyclonic Storm / Severe Cyclonic Storm,2025149N12256,ALVIN,EP,MM,pacific_ocean,eastern_pacific,2025-05-29T21:00:00Z,15.0,-107.3,TS,50.0,SCS,,,0,50.0,True
CLS_02787,1,CS-SCS,Cyclonic Storm / Severe Cyclonic Storm,2025159N15258,BARBARA,EP,MM,pacific_ocean,eastern_pacific,2025-06-10T09:00:00Z,19.4,-108.1,TS,48.0,SCS,,,0,48.0,True
CLS_02788,1,CS-SCS,Cyclonic Storm / Severe Cyclonic Storm,2025159N12250,COSME,EP,MM,pacific_ocean,eastern_pacific,2025-06-10T15:00:00Z,15.4,-115.1,TS,55.0,SCS,,,0,55.0,True
CLS_02789,1,CS-SCS,Cyclonic Storm / Severe Cyclonic Storm,2025168N11269,ERICK,EP,MM,pacific_ocean,eastern_pacific,2025-06-17T15:00:00Z,12.2,-93.8,TS,40.0,CS,,,0,40.0,True
CLS_02790,1,CS-SCS,Cyclonic Storm / Severe Cyclonic Storm,2025180N13261,FLOSSIE,EP,MM,pacific_ocean,eastern_pacific,2025-06-30T18:00:00Z,15.9,-103.0,TS,55.0,SCS,55.0,hurdat_epa,0,55.0,True
CLS_02791,1,CS-SCS,Cyclonic Storm / Severe Cyclonic Storm,2025212N13247,GIL,EP,MM,pacific_ocean,eastern_pacific,2025-07-31T00:00:00Z,12.5,-113.3,TS,35.0,CS,35.0,hurdat_epa,0,35.0,True
CLS_02792,1,CS-SCS,Cyclonic Storm / Severe Cyclonic Storm,2025216N13243,HENRIETTE,EP,MM,pacific_ocean,eastern_pacific,2025-08-07T00:00:00Z,18.1,-131.7,TS,45.0,CS,45.0,hurdat_epa,0,45.0,True
CLS_02793,1,CS-SCS,Cyclonic Storm / Severe Cyclonic Storm,2025219N13264,IVO,EP,MM,pacific_ocean,eastern_pacific,2025-08-10T03:00:00Z,21.2,-114.1,TS,43.0,CS,,,0,43.0,True
CLS_02794,1,CS-SCS,Cyclonic Storm / Severe Cyclonic Storm,2025237N16251,JULIETTE,EP,MM,pacific_ocean,eastern_pacific,2025-08-27T00:00:00Z,20.4,-117.8,TS,55.0,SCS,55.0,hurdat_epa,0,55.0,True
CLS_02795,1,CS-SCS,Cyclonic Storm / Severe Cyclonic Storm,2025245N17255,LORENA,EP,MM,pacific_ocean,eastern_pacific,2025-09-04T12:00:00Z,24.0,-114.0,TS,60.0,SCS,60.0,hurdat_epa,0,60.0,True
CLS_02796,1,CS-SCS,Cyclonic Storm / Severe Cyclonic Storm,2025265N14261,NARDA,EP,MM,pacific_ocean,eastern_pacific,2025-09-28T00:00:00Z,18.5,-125.5,TS,60.0,SCS,60.0,hurdat_epa,0,60.0,True
CLS_02797,1,CS-SCS,Cyclonic Storm / Severe Cyclonic Storm,2025273N09248,OCTAVE,EP,MM,pacific_ocean,eastern_pacific,2025-10-03T15:00:00Z,13.2,-121.2,TS,48.0,SCS,,,0,48.0,True
CLS_02798,1,CS-SCS,Cyclonic Storm / Severe Cyclonic Storm,2025278N15254,PRISCILLA,EP,MM,pacific_ocean,eastern_pacific,2025-10-09T06:00:00Z,23.0,-113.9,TS,50.0,SCS,50.0,hurdat_epa,0,50.0,True
CLS_02799,1,CS-SCS,Cyclonic Storm / Severe Cyclonic Storm,2025282N16261,RAYMOND,EP,MM,pacific_ocean,eastern_pacific,2025-10-09T12:00:00Z,15.9,-99.9,TS,35.0,CS,35.0,hurdat_epa,0,35.0,True
CLS_02800,1,CS-SCS,Cyclonic Storm / Severe Cyclonic Storm,2025297N13247,SONIA,EP,MM,pacific_ocean,eastern_pacific,2025-10-28T09:00:00Z,14.9,-122.7,TS,40.0,CS,,,0,40.0,True
CLS_02801,2,VSCS,Very Severe Cyclonic Storm,1999343S11123,JOHN,SI,WA,south_indian_ocean,,1999-12-12T15:00:00Z,-15.2,119.2,TS,65.0,VSCS,,,1,65.0,True
CLS_02802,2,VSCS,Very Severe Cyclonic Storm,1999357S08076,ASTRIDE,SI,MM,south_indian_ocean,,1999-12-27T21:00:00Z,-14.7,60.0,TS,65.0,VSCS,,,1,65.0,True
CLS_02803,2,VSCS,Very Severe Cyclonic Storm,2000006S15164,IRIS,SP,MM,pacific_ocean,southern_pacific,2000-01-08T00:00:00Z,-16.4,165.8,TS,65.0,VSCS,70.0,nadi,1,70.0,True
CLS_02804,2,VSCS,Very Severe Cyclonic Storm,2000003S13082,BABIOLA,SI,MM,south_indian_ocean,,2000-01-08T06:00:00Z,-16.4,73.4,TS,65.0,VSCS,60.0,reunion,1,60.0,True
CLS_02805,2,VSCS,Very Severe Cyclonic Storm,2000006S15164,IRIS,SP,MM,pacific_ocean,southern_pacific,2000-01-08T15:00:00Z,-16.8,167.9,TS,68.0,VSCS,,,1,68.0,True
CLS_02806,2,VSCS,Very Severe Cyclonic Storm,2000023S15172,JO,SP,MM,pacific_ocean,southern_pacific,2000-01-25T18:00:00Z,-22.4,175.9,TS,65.0,VSCS,60.0,nadi,1,60.0,True
CLS_02807,2,VSCS,Very Severe Cyclonic Storm,2000023S15172,JO,SP,MM,pacific_ocean,southern_pacific,2000-01-26T18:00:00Z,-26.4,180.3,TS,65.0,VSCS,60.0,wellington,1,60.0,True
CLS_02808,2,VSCS,Very Severe Cyclonic Storm,2000024S12100,KIRRILY,SI,WA,south_indian_ocean,,2000-01-29T03:00:00Z,-20.0,107.9,TS,75.0,VSCS,,,1,75.0,True
CLS_02809,2,VSCS,Very Severe Cyclonic Storm,2000025S15056,CONNIE,SI,MM,south_indian_ocean,,2000-01-29T15:00:00Z,-20.4,54.2,TS,80.0,VSCS,,,1,80.0,True
CLS_02810,2,VSCS,Very Severe Cyclonic Storm,2000024S12100,KIRRILY,SI,WA,south_indian_ocean,,2000-01-30T09:00:00Z,-22.9,105.7,TS,65.0,VSCS,,,1,65.0,True
CLS_02811,2,VSCS,Very Severe Cyclonic Storm,2000032S11116,ELINE:LEONE,SI,MM,south_indian_ocean,,2000-02-17T09:00:00Z,-19.9,49.9,TS,80.0,VSCS,,,1,80.0,True
CLS_02812,2,VSCS,Very Severe Cyclonic Storm,2000050S13078,FELICIA,SI,MM,south_indian_ocean,,2000-02-22T21:00:00Z,-23.7,66.9,TS,65.0,VSCS,,,1,65.0,True
CLS_02813,2,VSCS,Very Severe Cyclonic Storm,2000055S23227,KIM,SP,MM,pacific_ocean,southern_pacific,2000-02-25T21:00:00Z,-24.3,-138.0,TS,83.0,VSCS,,,2,83.0,True
CLS_02814,2,VSCS,Very Severe Cyclonic Storm,2000055S23227,KIM,SP,MM,pacific_ocean,southern_pacific,2000-02-26T18:00:00Z,-26.5,-141.0,TS,75.0,VSCS,90.0,wellington,1,90.0,True
CLS_02815,2,VSCS,Very Severe Cyclonic Storm,2000055S23227,KIM,SP,MM,pacific_ocean,southern_pacific,2000-02-27T09:00:00Z,-28.4,-143.3,TS,73.0,VSCS,,,1,73.0,True
CLS_02816,2,VSCS,Very Severe Cyclonic Storm,2000060S17123,NORMAN,SI,WA,south_indian_ocean,,2000-03-05T09:00:00Z,-20.5,94.3,TS,65.0,VSCS,,,1,65.0,True
CLS_02817,2,VSCS,Very Severe Cyclonic Storm,2000056S17152,STEVE,SI,WA,south_indian_ocean,,2000-03-06T06:00:00Z,-20.3,116.9,TS,65.0,VSCS,,,1,65.0,True
CLS_02818,2,VSCS,Very Severe Cyclonic Storm,2000067S15189,MONA,SP,MM,pacific_ocean,southern_pacific,2000-03-09T03:00:00Z,-21.2,-176.0,TS,68.0,VSCS,,,1,68.0,True
CLS_02819,2,VSCS,Very Severe Cyclonic Storm,2000067S15189,MONA,SP,MM,pacific_ocean,southern_pacific,2000-03-09T15:00:00Z,-22.3,-175.6,TS,73.0,VSCS,,,1,73.0,True
CLS_02820,2,VSCS,Very Severe Cyclonic Storm,2000067S15189,MONA,SP,MM,pacific_ocean,southern_pacific,2000-03-10T03:00:00Z,-23.8,-174.1,TS,78.0,VSCS,,,1,78.0,True
CLS_02821,2,VSCS,Very Severe Cyclonic Storm,2000083S17102,HUDAH,SI,MM,south_indian_ocean,,2000-03-27T00:00:00Z,-14.6,82.6,TS,70.0,VSCS,65.0,reunion,1,65.0,True
CLS_02822,2,VSCS,Very Severe Cyclonic Storm,2000083S17102,HUDAH,SI,MM,south_indian_ocean,,2000-03-30T03:00:00Z,-16.9,68.2,TS,88.0,VSCS,,,2,88.0,True
CLS_02823,2,VSCS,Very Severe Cyclonic Storm,2000102S13128,PAUL,SI,WA,south_indian_ocean,,2000-04-14T06:00:00Z,-15.0,108.0,TS,70.0,VSCS,85.0,bom,1,85.0,True
CLS_02824,2,VSCS,Very Severe Cyclonic Storm,2000105S09127,ROSITA,SI,WA,south_indian_ocean,,2000-04-19T03:00:00Z,-17.5,120.3,TS,80.0,VSCS,,,1,80.0,True
CLS_02825,2,VSCS,Very Severe Cyclonic Storm,2000102S13128,PAUL,SI,WA,south_indian_ocean,,2000-04-19T15:00:00Z,-14.8,95.0,TS,65.0,VSCS,,,1,65.0,True
CLS_02826,2,VSCS,Very Severe Cyclonic Storm,2000105S09127,ROSITA,SI,WA,south_indian_ocean,,2000-04-20T03:00:00Z,-19.2,124.0,TS,70.0,VSCS,,,1,70.0,True
CLS_02827,2,VSCS,Very Severe Cyclonic Storm,2000125N06136,DAMREY,WP,MM,pacific_ocean,western_pacific,2000-05-07T21:00:00Z,13.8,131.5,TS,75.0,VSCS,,,1,75.0,True
CLS_02828,2,VSCS,Very Severe Cyclonic Storm,2000142N12262,ALETTA,EP,MM,pacific_ocean,eastern_pacific,2000-05-25T18:00:00Z,15.0,-107.7,TS,85.0,VSCS,85.0,hurdat_epa,2,85.0,True
CLS_02829,2,VSCS,Very Severe Cyclonic Storm,2000142N12262,ALETTA,EP,MM,pacific_ocean,eastern_pacific,2000-05-26T09:00:00Z,14.7,-107.5,TS,73.0,VSCS,,,1,73.0,True
CLS_02830,2,VSCS,Very Severe Cyclonic Storm,2000170N10268,CARLOTTA,EP,MM,pacific_ocean,eastern_pacific,2000-06-23T18:00:00Z,20.3,-111.5,TS,75.0,VSCS,75.0,hurdat_epa,1,75.0,True
CLS_02831,2,VSCS,Very Severe Cyclonic Storm,2000185N15117,KAI-TAK,WP,MM,pacific_ocean,western_pacific,2000-07-07T15:00:00Z,19.7,119.0,TS,75.0,VSCS,,,1,75.0,True
CLS_02832,2,VSCS,Very Severe Cyclonic Storm,2000184N13133,KIROGI,WP,MM,pacific_ocean,western_pacific,2000-07-08T00:00:00Z,36.5,141.3,TS,65.0,VSCS,60.0,tokyo,1,60.0,True
CLS_02833,2,VSCS,Very Severe Cyclonic Storm,2000205N10260,DANIEL,EP,CP,pacific_ocean,eastern_pacific,2000-07-29T09:00:00Z,18.6,-143.8,TS,65.0,VSCS,,,1,65.0,True
CLS_02834,2,VSCS,Very Severe Cyclonic Storm,2000217N12260,GILMA,EP,MM,pacific_ocean,eastern_pacific,2000-08-08T06:00:00Z,18.9,-117.5,TS,65.0,VSCS,65.0,hurdat_epa,1,65.0,True
CLS_02835,2,VSCS,Very Severe Cyclonic Storm,2000214N22155,JELAWAT,WP,MM,pacific_ocean,western_pacific,2000-08-08T06:00:00Z,27.8,127.8,TS,80.0,VSCS,75.0,tokyo,1,75.0,True
CLS_02836,2,VSCS,Very Severe Cyclonic Storm,2000222N14143,EWINIAR,WP,MM,pacific_ocean,western_pacific,2000-08-11T12:00:00Z,27.5,137.3,TS,65.0,VSCS,55.0,tokyo,1,55.0,True
CLS_02837,2,VSCS,Very Severe Cyclonic Storm,2000223N18257,HECTOR,EP,MM,pacific_ocean,eastern_pacific,2000-08-14T00:00:00Z,18.4,-118.4,TS,65.0,VSCS,65.0,hurdat_epa,1,65.0,True
CLS_02838,2,VSCS,Very Severe Cyclonic Storm,2000223N18257,HECTOR,EP,MM,pacific_ocean,eastern_pacific,2000-08-15T00:00:00Z,20.0,-120.5,TS,65.0,VSCS,65.0,hurdat_epa,1,65.0,True
CLS_02839,2,VSCS,Very Severe Cyclonic Storm,2000230N08139,BILIS,WP,MM,pacific_ocean,western_pacific,2000-08-20T03:00:00Z,16.6,132.1,TS,75.0,VSCS,,,1,75.0,True
CLS_02840,2,VSCS,Very Severe Cyclonic Storm,2000237N08138,PRAPIROON,WP,MM,pacific_ocean,western_pacific,2000-08-30T09:00:00Z,29.3,123.2,TS,75.0,VSCS,,,1,75.0,True
CLS_02841,2,VSCS,Very Severe Cyclonic Storm,2000245N14157,SAOMAI,WP,MM,pacific_ocean,western_pacific,2000-09-05T09:00:00Z,15.4,147.6,TS,65.0,VSCS,,,1,65.0,True
CLS_02842,2,VSCS,Very Severe Cyclonic Storm,2000248N17117,WUKONG,WP,MM,pacific_ocean,western_pacific,2000-09-07T06:00:00Z,19.0,115.6,TS,65.0,VSCS,55.0,tokyo,1,55.0,True
CLS_02843,2,VSCS,Very Severe Cyclonic Storm,2000249N15258,LANE,EP,MM,pacific_ocean,eastern_pacific,2000-09-10T06:00:00Z,20.5,-113.5,TS,85.0,VSCS,85.0,hurdat_epa,2,85.0,True
CLS_02844,2,VSCS,Very Severe Cyclonic Storm,2000249N15258,LANE,EP,MM,pacific_ocean,eastern_pacific,2000-09-10T18:00:00Z,21.3,-115.1,TS,85.0,VSCS,85.0,hurdat_epa,2,85.0,True
CLS_02845,2,VSCS,Very Severe Cyclonic Storm,2000258N22138,SONAMU,WP,MM,pacific_ocean,western_pacific,2000-09-16T09:00:00Z,26.6,141.6,TS,68.0,VSCS,45.0,tokyo,1,45.0,True
CLS_02846,2,VSCS,Very Severe Cyclonic Storm,2000260N15178,SHANSHAN,WP,MM,pacific_ocean,western_pacific,2000-09-24T00:00:00Z,32.7,171.7,TS,65.0,VSCS,70.0,tokyo,1,70.0,True
CLS_02847,2,VSCS,Very Severe Cyclonic Storm,2000295N20146,YAGI,WP,MM,pacific_ocean,western_pacific,2000-10-25T09:00:00Z,25.4,124.4,TS,88.0,VSCS,65.0,tokyo,2,65.0,True
CLS_02848,2,VSCS,Very Severe Cyclonic Storm,2000305N06136,BEBINCA,WP,MM,pacific_ocean,western_pacific,2000-11-02T09:00:00Z,14.3,123.0,TS,80.0,VSCS,,,1,80.0,True
CLS_02849,2,VSCS,Very Severe Cyclonic Storm,2000331N09092,UNNAMED,NI,BB,north_indian_ocean,bay_of_bengal,2000-11-28T15:00:00Z,11.5,81.7,TS,65.0,VSCS,90.0,newdelhi,1,90.0,True
CLS_02850,2,VSCS,Very Severe Cyclonic Storm,2000331N09092,UNNAMED,NI,BB,north_indian_ocean,bay_of_bengal,2000-11-29T03:00:00Z,11.5,80.5,TS,65.0,VSCS,90.0,newdelhi,1,90.0,True
CLS_02851,2,VSCS,Very Severe Cyclonic Storm,2000333S11140,SAM,SI,WA,south_indian_ocean,,2000-12-07T00:00:00Z,-16.7,121.5,TS,65.0,VSCS,65.0,bom,1,65.0,True
CLS_02852,2,VSCS,Very Severe Cyclonic Storm,2000333S11140,SAM,SI,WA,south_indian_ocean,,2000-12-09T00:00:00Z,-19.7,122.2,TS,80.0,VSCS,75.0,bom,1,75.0,True
CLS_02853,2,VSCS,Very Severe Cyclonic Storm,2000358N08086,UNNAMED,NI,BB,north_indian_ocean,bay_of_bengal,2000-12-26T12:00:00Z,8.5,81.0,TS,65.0,VSCS,90.0,newdelhi,1,90.0,True
CLS_02854,2,VSCS,Very Severe Cyclonic Storm,2000364N07130,SOULIK,WP,MM,pacific_ocean,western_pacific,2001-01-03T03:00:00Z,17.3,135.3,TS,78.0,VSCS,,,1,78.0,True
CLS_02855,2,VSCS,Very Severe Cyclonic Storm,2000366S09068,ANDO,SI,MM,south_indian_ocean,,2001-01-03T15:00:00Z,-12.2,58.9,TS,73.0,VSCS,,,1,73.0,True
CLS_02856,2,VSCS,Very Severe Cyclonic Storm,2000366S09068,ANDO,SI,MM,south_indian_ocean,,2001-01-08T09:00:00Z,-24.4,51.0,TS,75.0,VSCS,,,1,75.0,True
CLS_02857,2,VSCS,Very Severe Cyclonic Storm,2001003S09091,BINDU,SI,MM,south_indian_ocean,,2001-01-08T21:00:00Z,-15.5,72.8,TS,78.0,VSCS,,,1,78.0,True
CLS_02858,2,VSCS,Very Severe Cyclonic Storm,2001003S09091,BINDU,SI,MM,south_indian_ocean,,2001-01-14T00:00:00Z,-19.4,68.9,TS,85.0,VSCS,75.0,reunion,2,75.0,True
CLS_02859,2,VSCS,Very Severe Cyclonic Storm,2001018S12086,CHARLY,SI,MM,south_indian_ocean,,2001-01-20T21:00:00Z,-17.0,79.9,TS,73.0,VSCS,,,1,73.0,True
CLS_02860,2,VSCS,Very Severe Cyclonic Storm,2001056S11163,PAULA,SP,MM,pacific_ocean,southern_pacific,2001-02-27T12:00:00Z,-14.3,165.4,TS,65.0,VSCS,65.0,nadi,1,65.0,True
CLS_02861,2,VSCS,Very Severe Cyclonic Storm,2001056S11163,PAULA,SP,MM,pacific_ocean,southern_pacific,2001-02-28T03:00:00Z,-16.5,167.1,TS,80.0,VSCS,,,1,80.0,True
CLS_02862,2,VSCS,Very Severe Cyclonic Storm,2001056S11163,PAULA,SP,MM,pacific_ocean,southern_pacific,2001-02-28T15:00:00Z,-17.7,169.5,TS,88.0,VSCS,,,2,88.0,True
CLS_02863,2,VSCS,Very Severe Cyclonic Storm,2001056S11163,PAULA,SP,MM,pacific_ocean,southern_pacific,2001-03-03T06:00:00Z,-25.4,185.2,TS,75.0,VSCS,65.0,wellington,1,65.0,True
CLS_02864,2,VSCS,Very Severe Cyclonic Storm,2001064S10052,DERA,SI,MM,south_indian_ocean,,2001-03-11T00:00:00Z,-26.0,40.5,TS,75.0,VSCS,70.0,reunion,1,70.0,True
CLS_02865,2,VSCS,Very Severe Cyclonic Storm,2001064S10052,DERA,SI,MM,south_indian_ocean,,2001-03-12T12:00:00Z,-34.5,43.6,TS,85.0,VSCS,80.0,reunion,2,80.0,True
CLS_02866,2,VSCS,Very Severe Cyclonic Storm,2001091S11111,WALTER,SI,WA,south_indian_ocean,,2001-04-04T03:00:00Z,-10.1,100.1,TS,68.0,VSCS,,,1,68.0,True
CLS_02867,2,VSCS,Very Severe Cyclonic Storm,2001091S11111,WALTER,SI,WA,south_indian_ocean,,2001-04-05T21:00:00Z,-12.6,95.5,TS,83.0,VSCS,,,2,83.0,True
CLS_02868,2,VSCS,Very Severe Cyclonic Storm,2001093S10062,EVARISTE,SI,MM,south_indian_ocean,,2001-04-06T09:00:00Z,-16.6,60.9,TS,73.0,VSCS,,,1,73.0,True
CLS_02869,2,VSCS,Very Severe Cyclonic Storm,2001094S12172,SOSE,SP,MM,pacific_ocean,southern_pacific,2001-04-07T12:00:00Z,-16.8,167.0,TS,65.0,VSCS,55.0,nadi,1,55.0,True
CLS_02870,2,VSCS,Very Severe Cyclonic Storm,2001094S12172,SOSE,SP,MM,pacific_ocean,southern_pacific,2001-04-08T00:00:00Z,-18.7,167.8,TS,65.0,VSCS,60.0,nadi,1,60.0,True
CLS_02871,2,VSCS,Very Severe Cyclonic Storm,2001094S12172,SOSE,SP,MM,pacific_ocean,southern_pacific,2001-04-08T15:00:00Z,-20.5,169.4,TS,65.0,VSCS,,,1,65.0,True
CLS_02872,2,VSCS,Very Severe Cyclonic Storm,2001106S08137,ALISTAIR,SI,WA,south_indian_ocean,,2001-04-19T03:00:00Z,-16.2,121.5,TS,65.0,VSCS,,,1,65.0,True
CLS_02873,2,VSCS,Very Severe Cyclonic Storm,2001141N14068,UNNAMED,NI,AS,north_indian_ocean,arabian_sea,2001-05-22T15:00:00Z,14.3,71.6,TS,68.0,VSCS,55.0,newdelhi,1,55.0,True
CLS_02874,2,VSCS,Very Severe Cyclonic Storm,2001141N14068,UNNAMED,NI,AS,north_indian_ocean,arabian_sea,2001-05-23T06:00:00Z,15.6,71.0,TS,80.0,VSCS,90.0,newdelhi,1,90.0,True
CLS_02875,2,VSCS,Very Severe Cyclonic Storm,2001141N14068,UNNAMED,NI,AS,north_indian_ocean,arabian_sea,2001-05-25T12:00:00Z,17.2,67.6,TS,80.0,VSCS,77.0,newdelhi,1,77.0,True
CLS_02876,2,VSCS,Very Severe Cyclonic Storm,2001141N14068,UNNAMED,NI,AS,north_indian_ocean,arabian_sea,2001-05-26T00:00:00Z,17.3,67.7,TS,65.0,VSCS,65.0,newdelhi,1,65.0,True
CLS_02877,2,VSCS,Very Severe Cyclonic Storm,2001146N14259,ADOLPH,EP,MM,pacific_ocean,eastern_pacific,2001-05-31T09:00:00Z,16.4,-110.5,TS,68.0,VSCS,,,1,68.0,True
CLS_02878,2,VSCS,Very Severe Cyclonic Storm,2001170N11138,CHEBI,WP,MM,pacific_ocean,western_pacific,2001-06-22T15:00:00Z,20.7,120.5,TS,83.0,VSCS,,,2,83.0,True
CLS_02879,2,VSCS,Very Severe Cyclonic Storm,2001180N15118,DURIAN,WP,MM,pacific_ocean,western_pacific,2001-07-01T06:00:00Z,19.8,112.3,TS,65.0,VSCS,50.0,tokyo,1,50.0,True
CLS_02880,2,VSCS,Very Severe Cyclonic Storm,2001181N08141,UTOR,WP,MM,pacific_ocean,western_pacific,2001-07-04T09:00:00Z,19.1,121.2,TS,80.0,VSCS,,,1,80.0,True
CLS_02881,2,VSCS,Very Severe Cyclonic Storm,2001202N11266,DALILA,EP,MM,pacific_ocean,eastern_pacific,2001-07-24T12:00:00Z,18.2,-109.0,TS,65.0,VSCS,65.0,hurdat_epa,1,65.0,True
CLS_02882,2,VSCS,Very Severe Cyclonic Storm,2001204N19127,YUTU,WP,MM,pacific_ocean,western_pacific,2001-07-24T21:00:00Z,20.6,114.3,TS,85.0,VSCS,,,2,85.0,True
CLS_02883,2,VSCS,Very Severe Cyclonic Storm,2001202N23152,KONG-REY,WP,MM,pacific_ocean,western_pacific,2001-07-26T12:00:00Z,30.2,141.9,TS,85.0,VSCS,70.0,tokyo,2,70.0,True
CLS_02884,2,VSCS,Very Severe Cyclonic Storm,2001212N10158,MAN-YI,WP,MM,pacific_ocean,western_pacific,2001-08-03T12:00:00Z,17.4,146.8,TS,75.0,VSCS,50.0,tokyo,1,50.0,True
CLS_02885,2,VSCS,Very Severe Cyclonic Storm,2001225N18146,PABUK,WP,MM,pacific_ocean,western_pacific,2001-08-17T15:00:00Z,22.1,137.1,TS,80.0,VSCS,,,1,80.0,True
CLS_02886,2,VSCS,Very Severe Cyclonic Storm,2001238N16139,WUTIP,WP,MM,pacific_ocean,western_pacific,2001-08-28T06:00:00Z,20.4,143.6,TS,80.0,VSCS,60.0,tokyo,1,60.0,True
CLS_02887,2,VSCS,Very Severe Cyclonic Storm,2001238N19252,FLOSSIE,EP,MM,pacific_ocean,eastern_pacific,2001-08-28T21:00:00Z,19.6,-114.9,TS,73.0,VSCS,,,1,73.0,True
CLS_02888,2,VSCS,Very Severe Cyclonic Storm,2001238N19252,FLOSSIE,EP,MM,pacific_ocean,eastern_pacific,2001-08-30T18:00:00Z,22.9,-118.1,TS,65.0,VSCS,65.0,hurdat_epa,1,65.0,True
CLS_02889,2,VSCS,Very Severe Cyclonic Storm,2001246N19156,DANAS,WP,MM,pacific_ocean,western_pacific,2001-09-05T15:00:00Z,21.9,150.7,TS,80.0,VSCS,,,1,80.0,True
CLS_02890,2,VSCS,Very Severe Cyclonic Storm,2001247N15237,GIL,EP,MM,pacific_ocean,eastern_pacific,2001-09-06T12:00:00Z,15.0,-127.3,TS,75.0,VSCS,75.0,hurdat_epa,1,75.0,True
CLS_02891,2,VSCS,Very Severe Cyclonic Storm,2001247N15237,GIL,EP,MM,pacific_ocean,eastern_pacific,2001-09-07T12:00:00Z,15.9,-129.1,TS,80.0,VSCS,80.0,hurdat_epa,1,80.0,True
CLS_02892,2,VSCS,Very Severe Cyclonic Storm,2001248N23125,NARI,WP,MM,pacific_ocean,western_pacific,2001-09-15T06:00:00Z,26.0,124.0,TS,70.0,VSCS,65.0,tokyo,1,65.0,True
CLS_02893,2,VSCS,Very Severe Cyclonic Storm,2001259N20138,VIPA,WP,MM,pacific_ocean,western_pacific,2001-09-20T06:00:00Z,34.2,142.1,TS,70.0,VSCS,55.0,tokyo,1,55.0,True
CLS_02894,2,VSCS,Very Severe Cyclonic Storm,2001265N16244,KIKO,EP,MM,pacific_ocean,eastern_pacific,2001-09-23T12:00:00Z,18.2,-123.3,TS,65.0,VSCS,65.0,hurdat_epa,1,65.0,True
CLS_02895,2,VSCS,Very Severe Cyclonic Storm,2001264N21126,LEKIMA,WP,MM,pacific_ocean,western_pacific,2001-09-23T21:00:00Z,19.5,121.7,TS,65.0,VSCS,,,1,65.0,True
CLS_02896,2,VSCS,Very Severe Cyclonic Storm,2001260N14167,FRANCISCO,WP,MM,pacific_ocean,western_pacific,2001-09-24T21:00:00Z,34.3,148.2,TS,68.0,VSCS,,,1,68.0,True
CLS_02897,2,VSCS,Very Severe Cyclonic Storm,2001264N13269,JULIETTE,EP,MM,pacific_ocean,eastern_pacific,2001-09-27T15:00:00Z,21.0,-110.8,TS,83.0,VSCS,,,2,83.0,True
CLS_02898,2,VSCS,Very Severe Cyclonic Storm,2001264N13269,JULIETTE,EP,MM,pacific_ocean,eastern_pacific,2001-09-29T06:00:00Z,23.6,-111.3,TS,65.0,VSCS,65.0,hurdat_epa,1,65.0,True
CLS_02899,2,VSCS,Very Severe Cyclonic Storm,2001284N16132,HAIYAN,WP,MM,pacific_ocean,western_pacific,2001-10-15T00:00:00Z,22.3,127.7,TS,80.0,VSCS,55.0,tokyo,1,55.0,True
CLS_02900,2,VSCS,Very Severe Cyclonic Storm,2001291N05158,PODUL,WP,MM,pacific_ocean,western_pacific,2001-10-21T15:00:00Z,12.6,156.6,TS,75.0,VSCS,,,1,75.0,True
CLS_02901,2,VSCS,Very Severe Cyclonic Storm,2001294N11235,NARDA,EP,MM,pacific_ocean,eastern_pacific,2001-10-21T18:00:00Z,13.9,-130.6,TS,65.0,VSCS,65.0,hurdat_epa,1,65.0,True
CLS_02902,2,VSCS,Very Severe Cyclonic Storm,2001294N11235,NARDA,EP,MM,pacific_ocean,eastern_pacific,2001-10-22T12:00:00Z,15.5,-133.3,TS,70.0,VSCS,70.0,hurdat_epa,1,70.0,True
CLS_02903,2,VSCS,Very Severe Cyclonic Storm,2001304N12237,OCTAVE,EP,MM,pacific_ocean,eastern_pacific,2001-11-01T18:00:00Z,15.8,-128.4,TS,65.0,VSCS,65.0,hurdat_epa,1,65.0,True
CLS_02904,2,VSCS,Very Severe Cyclonic Storm,2001304N12237,OCTAVE,EP,MM,pacific_ocean,eastern_pacific,2001-11-02T09:00:00Z,17.3,-129.0,TS,70.0,VSCS,,,1,70.0,True
CLS_02905,2,VSCS,Very Severe Cyclonic Storm,2001309N10130,LINGLING,WP,MM,pacific_ocean,western_pacific,2001-11-09T00:00:00Z,12.7,118.8,TS,65.0,VSCS,55.0,tokyo,1,55.0,True
CLS_02906,2,VSCS,Very Severe Cyclonic Storm,2001329S06095,BAKO:BESSI,SI,MM,south_indian_ocean,,2001-12-02T09:00:00Z,-16.4,85.4,TS,65.0,VSCS,,,1,65.0,True
CLS_02907,2,VSCS,Very Severe Cyclonic Storm,2001347N04162,FAXAI,WP,MM,pacific_ocean,western_pacific,2001-12-20T18:00:00Z,8.6,159.1,TS,65.0,VSCS,60.0,tokyo,1,60.0,True
CLS_02908,2,VSCS,Very Severe Cyclonic Storm,2001361N01106,VAMEI,WP,MM,pacific_ocean,western_pacific,2001-12-27T03:00:00Z,1.5,104.8,TS,65.0,VSCS,,,1,65.0,True
CLS_02909,2,VSCS,Very Severe Cyclonic Storm,2001363S10185,WAKA,SP,MM,pacific_ocean,southern_pacific,2001-12-30T09:00:00Z,-14.0,-175.9,TS,80.0,VSCS,,,1,80.0,True
CLS_02910,2,VSCS,Very Severe Cyclonic Storm,2001363S10185,WAKA,SP,MM,pacific_ocean,southern_pacific,2002-01-01T09:00:00Z,-24.7,-169.5,TS,70.0,VSCS,,,1,70.0,True
CLS_02911,2,VSCS,Very Severe Cyclonic Storm,2002017S07078,DINA,SI,MM,south_indian_ocean,,2002-01-18T03:00:00Z,-12.9,70.2,TS,68.0,VSCS,,,1,68.0,True
CLS_02912,2,VSCS,Very Severe Cyclonic Storm,2002017S07078,DINA,SI,MM,south_indian_ocean,,2002-01-18T15:00:00Z,-15.0,68.3,TS,83.0,VSCS,,,2,83.0,True
CLS_02913,2,VSCS,Very Severe Cyclonic Storm,2002023S10089,EDDY,SI,MM,south_indian_ocean,,2002-01-26T06:00:00Z,-18.3,89.7,TS,65.0,VSCS,70.0,reunion,1,70.0,True
CLS_02914,2,VSCS,Very Severe Cyclonic Storm,2002023S10089,EDDY,SI,MM,south_indian_ocean,,2002-01-26T21:00:00Z,-20.4,89.4,TS,73.0,VSCS,,,1,73.0,True
CLS_02915,2,VSCS,Very Severe Cyclonic Storm,2002030S13093,FRANCESCA,SI,MM,south_indian_ocean,,2002-02-04T00:00:00Z,-14.9,77.8,TS,80.0,VSCS,70.0,reunion,1,70.0,True
CLS_02916,2,VSCS,Very Severe Cyclonic Storm,2002033S13121,CHRIS,SI,WA,south_indian_ocean,,2002-02-04T03:00:00Z,-16.8,121.1,TS,68.0,VSCS,,,1,68.0,True
CLS_02917,2,VSCS,Very Severe Cyclonic Storm,2002030S13093,FRANCESCA,SI,MM,south_indian_ocean,,2002-02-10T00:00:00Z,-22.4,84.9,TS,65.0,VSCS,60.0,reunion,1,60.0,True
CLS_02918,2,VSCS,Very Severe Cyclonic Storm,2002042S20156,CLAUDIA,SP,EA,pacific_ocean,southern_pacific,2002-02-11T21:00:00Z,-22.9,157.9,TS,68.0,VSCS,,,1,68.0,True
CLS_02919,2,VSCS,Very Severe Cyclonic Storm,2002042S20156,CLAUDIA,SP,MM,pacific_ocean,southern_pacific,2002-02-12T09:00:00Z,-24.6,161.0,TS,75.0,VSCS,,,1,75.0,True
CLS_02920,2,VSCS,Very Severe Cyclonic Storm,2002045S18049,GUILLAUME,SI,MM,south_indian_ocean,,2002-02-21T12:00:00Z,-24.7,61.2,TS,70.0,VSCS,60.0,reunion,1,60.0,True
CLS_02921,2,VSCS,Very Severe Cyclonic Storm,2002057N06156,MITAG,WP,MM,pacific_ocean,western_pacific,2002-03-02T09:00:00Z,7.8,141.9,TS,83.0,VSCS,,,2,83.0,True
CLS_02922,2,VSCS,Very Severe Cyclonic Storm,2002063S11066,HARY,SI,MM,south_indian_ocean,,2002-03-07T18:00:00Z,-11.4,56.3,TS,75.0,VSCS,70.0,reunion,1,70.0,True
CLS_02923,2,VSCS,Very Severe Cyclonic Storm,2002063S11066,HARY,SI,MM,south_indian_ocean,,2002-03-13T00:00:00Z,-28.1,55.8,TS,70.0,VSCS,70.0,reunion,1,70.0,True
CLS_02924,2,VSCS,Very Severe Cyclonic Storm,2002081S08084,IKALA,SI,MM,south_indian_ocean,,2002-03-26T09:00:00Z,-13.9,73.9,TS,73.0,VSCS,,,1,73.0,True
CLS_02925,2,VSCS,Very Severe Cyclonic Storm,2002096S10103,DIANNE:JERY,SI,WA,south_indian_ocean,,2002-04-08T12:00:00Z,-15.3,90.9,TS,80.0,VSCS,80.0,bom,1,80.0,True
CLS_02926,2,VSCS,Very Severe Cyclonic Storm,2002122S07063,KESINY,SI,MM,south_indian_ocean,,2002-05-06T21:00:00Z,-10.7,59.9,TS,65.0,VSCS,,,1,65.0,True
CLS_02927,2,VSCS,Very Severe Cyclonic Storm,2002145N11259,ALMA,EP,MM,pacific_ocean,eastern_pacific,2002-05-29T03:00:00Z,12.7,-114.2,TS,73.0,VSCS,,,1,73.0,True
CLS_02928,2,VSCS,Very Severe Cyclonic Storm,2002145N11259,ALMA,EP,MM,pacific_ocean,eastern_pacific,2002-05-31T00:00:00Z,17.6,-115.1,TS,85.0,VSCS,85.0,hurdat_epa,2,85.0,True
CLS_02929,2,VSCS,Very Severe Cyclonic Storm,2002155N20112,NOGURI,WP,MM,pacific_ocean,western_pacific,2002-06-09T03:00:00Z,23.0,124.8,TS,85.0,VSCS,50.0,tokyo,2,50.0,True
CLS_02930,2,VSCS,Very Severe Cyclonic Storm,2002178N04155,CHATAAN,WP,MM,pacific_ocean,western_pacific,2002-07-03T21:00:00Z,10.2,148.9,TS,70.0,VSCS,,,1,70.0,True
CLS_02931,2,VSCS,Very Severe Cyclonic Storm,2002187N11160,HALONG,WP,MM,pacific_ocean,western_pacific,2002-07-14T15:00:00Z,26.8,127.5,TS,85.0,VSCS,70.0,tokyo,2,70.0,True
CLS_02932,2,VSCS,Very Severe Cyclonic Storm,2002202N13254,DOUGLAS,EP,MM,pacific_ocean,eastern_pacific,2002-07-22T12:00:00Z,17.2,-112.0,TS,85.0,VSCS,85.0,hurdat_epa,2,85.0,True
CLS_02933,2,VSCS,Very Severe Cyclonic Storm,2002200N21150,FUNG-WONG,WP,MM,pacific_ocean,western_pacific,2002-07-23T12:00:00Z,22.6,130.5,TS,65.0,VSCS,70.0,tokyo,1,70.0,True
CLS_02934,2,VSCS,Very Severe Cyclonic Storm,2002195N11172,FENGSHEN,WP,MM,pacific_ocean,western_pacific,2002-07-23T18:00:00Z,28.0,143.0,TS,85.0,VSCS,80.0,tokyo,2,80.0,True
CLS_02935,2,VSCS,Very Severe Cyclonic Storm,2002202N13254,DOUGLAS,EP,MM,pacific_ocean,eastern_pacific,2002-07-24T09:00:00Z,19.7,-119.2,TS,68.0,VSCS,,,1,68.0,True
CLS_02936,2,VSCS,Very Severe Cyclonic Storm,2002204N12263,ELIDA,EP,MM,pacific_ocean,eastern_pacific,2002-07-27T06:00:00Z,16.8,-119.2,TS,75.0,VSCS,75.0,hurdat_epa,1,75.0,True
CLS_02937,2,VSCS,Very Severe Cyclonic Storm,2002222N09163,PHANFONE,WP,MM,pacific_ocean,western_pacific,2002-08-19T03:00:00Z,32.5,139.3,TS,80.0,VSCS,70.0,tokyo,1,70.0,True
CLS_02938,2,VSCS,Very Severe Cyclonic Storm,2002234N13253,FAUSTO,EP,MM,pacific_ocean,eastern_pacific,2002-08-23T00:00:00Z,14.2,-113.7,TS,70.0,VSCS,70.0,hurdat_epa,1,70.0,True
CLS_02939,2,VSCS,Very Severe Cyclonic Storm,2002237N10202,ELE,EP,CP,pacific_ocean,eastern_pacific,2002-08-28T03:00:00Z,9.8,186.2,TS,65.0,VSCS,,,1,65.0,True
CLS_02940,2,VSCS,Very Severe Cyclonic Storm,2002242N14257,HERNAN,EP,MM,pacific_ocean,eastern_pacific,2002-09-03T18:00:00Z,19.2,-120.1,TS,80.0,VSCS,80.0,hurdat_epa,1,80.0,True
CLS_02941,2,VSCS,Very Severe Cyclonic Storm,2002237N10202,ELE,WP,MM,pacific_ocean,western_pacific,2002-09-06T03:00:00Z,30.4,173.4,TS,70.0,VSCS,,,1,70.0,True
CLS_02942,2,VSCS,Very Severe Cyclonic Storm,2002240N16155,SINLAKU,WP,MM,pacific_ocean,western_pacific,2002-09-06T12:00:00Z,26.2,124.5,TS,85.0,VSCS,80.0,tokyo,2,80.0,True
CLS_02943,2,VSCS,Very Severe Cyclonic Storm,2002268N15163,HIGOS,WP,MM,pacific_ocean,western_pacific,2002-09-27T18:00:00Z,17.5,147.5,TS,65.0,VSCS,55.0,tokyo,1,55.0,True
CLS_02944,2,VSCS,Very Severe Cyclonic Storm,2002295N11261,KENNA,EP,MM,pacific_ocean,eastern_pacific,2002-10-23T21:00:00Z,14.6,-107.5,TS,83.0,VSCS,,,2,83.0,True
CLS_02945,2,VSCS,Very Severe Cyclonic Storm,2002295N11261,KENNA,EP,MM,pacific_ocean,eastern_pacific,2002-10-25T21:00:00Z,22.9,-104.4,TS,68.0,VSCS,,,1,68.0,True
CLS_02946,2,VSCS,Very Severe Cyclonic Storm,2002298N17169,MAYSAK,WP,MM,pacific_ocean,western_pacific,2002-10-28T12:00:00Z,26.2,160.1,TS,65.0,VSCS,45.0,tokyo,1,45.0,True
CLS_02947,2,VSCS,Very Severe Cyclonic Storm,2002297N09206,HUKO,EP,CP,pacific_ocean,eastern_pacific,2002-10-31T09:00:00Z,13.6,193.5,TS,65.0,VSCS,,,1,65.0,True
CLS_02948,2,VSCS,Very Severe Cyclonic Storm,2002297N09206,HUKO,EP,CP,pacific_ocean,eastern_pacific,2002-11-01T15:00:00Z,14.3,188.3,TS,75.0,VSCS,,,1,75.0,True
CLS_02949,2,VSCS,Very Severe Cyclonic Storm,2002297N09206,HUKO,WP,MM,pacific_ocean,western_pacific,2002-11-05T03:00:00Z,21.1,164.5,TS,73.0,VSCS,,,1,73.0,True
CLS_02950,2,VSCS,Very Severe Cyclonic Storm,2002319S06078,BOURA,SI,MM,south_indian_ocean,,2002-11-20T18:00:00Z,-15.6,57.6,TS,65.0,VSCS,55.0,reunion,1,55.0,True
CLS_02951,2,VSCS,Very Severe Cyclonic Storm,2002323N09155,HAISHEN,WP,MM,pacific_ocean,western_pacific,2002-11-22T21:00:00Z,17.0,135.2,TS,73.0,VSCS,,,1,73.0,True
CLS_02952,2,VSCS,Very Severe Cyclonic Storm,2002335N05166,PONGSONA,WP,MM,pacific_ocean,western_pacific,2002-12-10T12:00:00Z,24.1,150.2,TS,75.0,VSCS,80.0,tokyo,1,80.0,True
CLS_02953,2,VSCS,Very Severe Cyclonic Storm,2002358S08185,ZOE,SP,MM,pacific_ocean,southern_pacific,2002-12-26T09:00:00Z,-10.8,174.3,TS,70.0,VSCS,,,1,70.0,True
CLS_02954,2,VSCS,Very Severe Cyclonic Storm,2002356S07070,CRYSTAL,SI,MM,south_indian_ocean,,2002-12-26T09:00:00Z,-18.1,59.8,TS,75.0,VSCS,,,1,75.0,True
CLS_02955,2,VSCS,Very Severe Cyclonic Storm,2002356S07070,CRYSTAL,SI,MM,south_indian_ocean,,2002-12-28T03:00:00Z,-23.7,60.5,TS,78.0,VSCS,,,1,78.0,True
CLS_02956,2,VSCS,Very Severe Cyclonic Storm,2002358S08185,ZOE,SP,MM,pacific_ocean,southern_pacific,2002-12-30T12:00:00Z,-15.4,172.3,TS,75.0,VSCS,70.0,nadi,1,70.0,True
CLS_02957,2,VSCS,Very Severe Cyclonic Storm,2003007S10072,EBULA,SI,MM,south_indian_ocean,,2003-01-10T06:00:00Z,-18.9,70.4,TS,65.0,VSCS,63.0,reunion,1,63.0,True
CLS_02958,2,VSCS,Very Severe Cyclonic Storm,2003007S10072,EBULA,SI,MM,south_indian_ocean,,2003-01-10T18:00:00Z,-21.7,69.7,TS,65.0,VSCS,60.0,reunion,1,60.0,True
CLS_02959,2,VSCS,Very Severe Cyclonic Storm,2003011S09182,AMI,SP,MM,pacific_ocean,southern_pacific,2003-01-12T18:00:00Z,-12.5,179.8,TS,65.0,VSCS,60.0,nadi,1,60.0,True
CLS_02960,2,VSCS,Very Severe Cyclonic Storm,2003011S09182,AMI,SP,MM,pacific_ocean,southern_pacific,2003-01-13T06:00:00Z,-14.2,179.8,TS,85.0,VSCS,65.0,nadi,2,65.0,True
CLS_02961,2,VSCS,Very Severe Cyclonic Storm,2003011S09182,AMI,SP,MM,pacific_ocean,southern_pacific,2003-01-15T03:00:00Z,-27.8,191.9,TS,80.0,VSCS,,,1,80.0,True
CLS_02962,2,VSCS,Very Severe Cyclonic Storm,2003021S10163,BENI,SP,MM,pacific_ocean,southern_pacific,2003-01-28T00:00:00Z,-14.7,160.6,TS,75.0,VSCS,65.0,nadi,1,65.0,True
CLS_02963,2,VSCS,Very Severe Cyclonic Storm,2003021S10163,BENI,SP,MM,pacific_ocean,southern_pacific,2003-01-30T15:00:00Z,-21.2,169.1,TS,68.0,VSCS,,,1,68.0,True
CLS_02964,2,VSCS,Very Severe Cyclonic Storm,2003036S10197,DOVI,SP,MM,pacific_ocean,southern_pacific,2003-02-06T15:00:00Z,-15.5,-163.0,TS,65.0,VSCS,,,1,65.0,True
CLS_02965,2,VSCS,Very Severe Cyclonic Storm,2003036S10197,DOVI,SP,MM,pacific_ocean,southern_pacific,2003-02-07T09:00:00Z,-16.8,-164.6,TS,85.0,VSCS,,,2,85.0,True
CLS_02966,2,VSCS,Very Severe Cyclonic Storm,2003034S12117,FIONA,SI,WA,south_indian_ocean,,2003-02-07T21:00:00Z,-13.2,104.0,TS,85.0,VSCS,,,2,85.0,True
CLS_02967,2,VSCS,Very Severe Cyclonic Storm,2003036S10197,DOVI,SP,MM,pacific_ocean,southern_pacific,2003-02-10T09:00:00Z,-24.2,-168.6,TS,80.0,VSCS,,,1,80.0,True
CLS_02968,2,VSCS,Very Severe Cyclonic Storm,2003034S12117,FIONA,SI,WA,south_indian_ocean,,2003-02-11T06:00:00Z,-18.1,91.3,TS,80.0,VSCS,70.0,bom,1,70.0,True
CLS_02969,2,VSCS,Very Severe Cyclonic Storm,2003039S15066,HAPE,SI,MM,south_indian_ocean,,2003-02-11T18:00:00Z,-17.6,66.1,TS,75.0,VSCS,65.0,reunion,1,65.0,True
CLS_02970,2,VSCS,Very Severe Cyclonic Storm,2003037S12061,GERRY,SI,MM,south_indian_ocean,,2003-02-12T12:00:00Z,-17.2,55.3,TS,75.0,VSCS,65.0,reunion,1,65.0,True
CLS_02971,2,VSCS,Very Severe Cyclonic Storm,2003039S15066,HAPE,SI,MM,south_indian_ocean,,2003-02-13T06:00:00Z,-15.1,71.1,TS,80.0,VSCS,65.0,reunion,1,65.0,True
CLS_02972,2,VSCS,Very Severe Cyclonic Storm,2003037S12061,GERRY,SI,MM,south_indian_ocean,,2003-02-14T12:00:00Z,-24.7,63.3,TS,75.0,VSCS,55.0,reunion,1,55.0,True
CLS_02973,2,VSCS,Very Severe Cyclonic Storm,2003056S21042,JAPHET,SI,MM,south_indian_ocean,,2003-02-27T18:00:00Z,-22.2,38.4,TS,70.0,VSCS,60.0,reunion,1,60.0,True
CLS_02974,2,VSCS,Very Severe Cyclonic Storm,2003056S21042,JAPHET,SI,MM,south_indian_ocean,,2003-03-02T15:00:00Z,-21.9,35.4,TS,88.0,VSCS,,,2,88.0,True
CLS_02975,2,VSCS,Very Severe Cyclonic Storm,2003062S10080,KALUNDE,SI,MM,south_indian_ocean,,2003-03-07T03:00:00Z,-12.4,74.0,TS,70.0,VSCS,,,1,70.0,True
CLS_02976,2,VSCS,Very Severe Cyclonic Storm,2003068S14172,ESETA,SP,MM,pacific_ocean,southern_pacific,2003-03-12T03:00:00Z,-21.6,175.6,TS,65.0,VSCS,,,1,65.0,True
CLS_02977,2,VSCS,Very Severe Cyclonic Storm,2003061S21148,ERICA,SP,EA,pacific_ocean,southern_pacific,2003-03-12T06:00:00Z,-17.0,160.0,TS,65.0,VSCS,80.0,bom,1,80.0,True
CLS_02978,2,VSCS,Very Severe Cyclonic Storm,2003068S14172,ESETA,SP,MM,pacific_ocean,southern_pacific,2003-03-12T15:00:00Z,-21.8,178.8,TS,80.0,VSCS,,,1,80.0,True
CLS_02979,2,VSCS,Very Severe Cyclonic Storm,2003068S14172,ESETA,SP,MM,pacific_ocean,southern_pacific,2003-03-13T21:00:00Z,-24.2,192.5,TS,73.0,VSCS,,,1,73.0,True
CLS_02980,2,VSCS,Very Severe Cyclonic Storm,2003062S10080,KALUNDE,SI,MM,south_indian_ocean,,2003-03-14T00:00:00Z,-23.3,64.8,TS,65.0,VSCS,60.0,reunion,1,60.0,True
CLS_02981,2,VSCS,Very Severe Cyclonic Storm,2003061S21148,ERICA,SP,MM,pacific_ocean,southern_pacific,2003-03-14T09:00:00Z,-23.8,169.7,TS,85.0,VSCS,,,2,85.0,True
CLS_02982,2,VSCS,Very Severe Cyclonic Storm,2003061S21148,ERICA,SP,MM,pacific_ocean,southern_pacific,2003-03-14T21:00:00Z,-26.9,175.2,TS,65.0,VSCS,,,1,65.0,True
CLS_02983,2,VSCS,Very Severe Cyclonic Storm,2003088S07131,INIGO,SI,WA,south_indian_ocean,,2003-04-03T03:00:00Z,-11.8,117.7,TS,88.0,VSCS,,,2,88.0,True
CLS_02984,2,VSCS,Very Severe Cyclonic Storm,2003098N03159,KUJIRA,WP,MM,pacific_ocean,western_pacific,2003-04-13T21:00:00Z,10.4,147.8,TS,83.0,VSCS,,,2,83.0,True
CLS_02985,2,VSCS,Very Severe Cyclonic Storm,2003122S11065,MANOU,SI,MM,south_indian_ocean,,2003-05-09T03:00:00Z,-19.4,49.0,TS,75.0,VSCS,,,1,75.0,True
CLS_02986,2,VSCS,Very Severe Cyclonic Storm,2003138N04148,CHAN-HOM,WP,MM,pacific_ocean,western_pacific,2003-05-22T09:00:00Z,12.9,151.3,TS,65.0,VSCS,,,1,65.0,True
CLS_02987,2,VSCS,Very Severe Cyclonic Storm,2003155S10172,GINA,SP,MM,pacific_ocean,southern_pacific,2003-06-06T21:00:00Z,-15.5,163.4,TS,70.0,VSCS,,,1,70.0,True
CLS_02988,2,VSCS,Very Severe Cyclonic Storm,2003155S10172,GINA,SP,MM,pacific_ocean,southern_pacific,2003-06-07T09:00:00Z,-16.6,162.3,TS,88.0,VSCS,,,2,88.0,True
CLS_02989,2,VSCS,Very Severe Cyclonic Storm,2003155S10172,GINA,SP,MM,pacific_ocean,southern_pacific,2003-06-08T06:00:00Z,-17.7,162.2,TS,75.0,VSCS,70.0,nadi,1,70.0,True
CLS_02990,2,VSCS,Very Severe Cyclonic Storm,2003158N08156,SOUDELOR,WP,MM,pacific_ocean,western_pacific,2003-06-17T03:00:00Z,20.2,123.1,TS,75.0,VSCS,,,1,75.0,True
CLS_02991,2,VSCS,Very Severe Cyclonic Storm,2003196N11137,KONI,WP,MM,pacific_ocean,western_pacific,2003-07-20T18:00:00Z,18.0,112.6,TS,65.0,VSCS,60.0,tokyo,1,60.0,True
CLS_02992,2,VSCS,Very Severe Cyclonic Storm,2003212N12130,MORAKOT,WP,MM,pacific_ocean,western_pacific,2003-08-03T06:00:00Z,21.4,121.4,TS,65.0,VSCS,45.0,tokyo,1,45.0,True
CLS_02993,2,VSCS,Very Severe Cyclonic Storm,2003212N09150,ETAU,WP,MM,pacific_ocean,western_pacific,2003-08-05T09:00:00Z,19.0,131.2,TS,83.0,VSCS,,,2,83.0,True
CLS_02994,2,VSCS,Very Severe Cyclonic Storm,2003226N07156,KROVANH,WP,MM,pacific_ocean,western_pacific,2003-08-22T12:00:00Z,17.5,122.2,TS,80.0,VSCS,65.0,tokyo,1,65.0,True
CLS_02995,2,VSCS,Very Severe Cyclonic Storm,2003235N20253,IGNACIO,EP,MM,pacific_ocean,eastern_pacific,2003-08-24T03:00:00Z,22.4,-108.8,TS,65.0,VSCS,,,1,65.0,True
CLS_02996,2,VSCS,Very Severe Cyclonic Storm,2003240N20139,DUJUAN,WP,MM,pacific_ocean,western_pacific,2003-08-29T21:00:00Z,16.1,134.5,TS,68.0,VSCS,,,1,68.0,True
CLS_02997,2,VSCS,Very Severe Cyclonic Storm,2003240N14230,JIMENA,EP,CP,pacific_ocean,eastern_pacific,2003-08-30T15:00:00Z,17.3,217.9,TS,88.0,VSCS,,,2,88.0,True
CLS_02998,2,VSCS,Very Severe Cyclonic Storm,2003240N14230,JIMENA,EP,CP,pacific_ocean,eastern_pacific,2003-09-01T00:00:00Z,18.1,208.7,TS,65.0,VSCS,65.0,hurdat_epa,1,65.0,True
CLS_02999,2,VSCS,Very Severe Cyclonic Storm,2003247N10153,MAEMI,WP,MM,pacific_ocean,western_pacific,2003-09-12T15:00:00Z,35.9,129.0,TS,88.0,VSCS,,,2,88.0,True
CLS_03000,2,VSCS,Very Severe Cyclonic Storm,2003257N15252,LINDA,EP,MM,pacific_ocean,eastern_pacific,2003-09-15T12:00:00Z,19.0,-112.5,TS,65.0,VSCS,65.0,hurdat_epa,1,65.0,True
CLS_03001,2,VSCS,Very Severe Cyclonic Storm,2003262N17254,MARTY,EP,MM,pacific_ocean,eastern_pacific,2003-09-21T18:00:00Z,20.1,-109.4,TS,65.0,VSCS,65.0,hurdat_epa,1,65.0,True
CLS_03002,2,VSCS,Very Severe Cyclonic Storm,2003259N13133,CHOI-WAN,WP,MM,pacific_ocean,western_pacific,2003-09-22T09:00:00Z,36.8,146.2,TS,83.0,VSCS,,,2,83.0,True
CLS_03003,2,VSCS,Very Severe Cyclonic Storm,2003267N15140,KOPPU,WP,MM,pacific_ocean,western_pacific,2003-09-29T03:00:00Z,27.9,141.5,TS,88.0,VSCS,65.0,tokyo,2,65.0,True
CLS_03004,2,VSCS,Very Severe Cyclonic Storm,2003276N12262,OLAF,EP,MM,pacific_ocean,eastern_pacific,2003-10-05T12:00:00Z,16.5,-104.2,TS,65.0,VSCS,65.0,hurdat_epa,1,65.0,True
CLS_03005,2,VSCS,Very Severe Cyclonic Storm,2003275N16252,NORA,EP,MM,pacific_ocean,eastern_pacific,2003-10-06T00:00:00Z,19.7,-113.8,TS,80.0,VSCS,80.0,hurdat_epa,1,80.0,True
CLS_03006,2,VSCS,Very Severe Cyclonic Storm,2003294N10260,PATRICIA,EP,MM,pacific_ocean,eastern_pacific,2003-10-21T21:00:00Z,11.7,-104.6,TS,68.0,VSCS,,,1,68.0,True
CLS_03007,2,VSCS,Very Severe Cyclonic Storm,2003290N15132,KETSANA,WP,MM,pacific_ocean,western_pacific,2003-10-26T00:00:00Z,32.0,144.5,TS,70.0,VSCS,55.0,tokyo,1,55.0,True
CLS_03008,2,VSCS,Very Severe Cyclonic Storm,2003291N17147,PARMA,WP,MM,pacific_ocean,western_pacific,2003-10-26T21:00:00Z,22.4,166.7,TS,65.0,VSCS,,,1,65.0,True
CLS_03009,2,VSCS,Very Severe Cyclonic Storm,2003302N11133,MELOR,WP,MM,pacific_ocean,western_pacific,2003-11-01T03:00:00Z,17.2,122.2,TS,73.0,VSCS,,,1,73.0,True
CLS_03010,2,VSCS,Very Severe Cyclonic Storm,2003313S05079,BENI,SI,MM,south_indian_ocean,,2003-11-12T15:00:00Z,-9.8,74.7,TS,65.0,VSCS,,,1,65.0,True
CLS_03011,2,VSCS,Very Severe Cyclonic Storm,2003315N09067,UNNAMED,NI,AS,north_indian_ocean,arabian_sea,2003-11-13T12:00:00Z,6.1,57.6,TS,65.0,VSCS,55.0,newdelhi,1,55.0,True
CLS_03012,2,VSCS,Very Severe Cyclonic Storm,2003315N09067,UNNAMED,NI,AS,north_indian_ocean,arabian_sea,2003-11-14T09:00:00Z,5.7,55.4,TS,73.0,VSCS,55.0,newdelhi,1,55.0,True
CLS_03013,2,VSCS,Very Severe Cyclonic Storm,2003319N13172,LUPIT,WP,MM,pacific_ocean,western_pacific,2003-11-23T00:00:00Z,8.1,148.0,TS,80.0,VSCS,55.0,tokyo,1,55.0,True
CLS_03014,2,VSCS,Very Severe Cyclonic Storm,2003340S07093,JANA,SI,WA,south_indian_ocean,,2003-12-09T15:00:00Z,-12.4,99.3,TS,80.0,VSCS,,,1,80.0,True
CLS_03015,2,VSCS,Very Severe Cyclonic Storm,2003338S09065,CELA,SI,MM,south_indian_ocean,,2003-12-20T06:00:00Z,-27.9,42.3,TS,65.0,VSCS,60.0,reunion,1,60.0,True
CLS_03016,2,VSCS,Very Severe Cyclonic Storm,2003350S10140,DEBBIE,SI,WA,south_indian_ocean,,2003-12-20T12:00:00Z,-11.8,133.6,TS,65.0,VSCS,60.0,bom,1,60.0,True
CLS_03017,2,VSCS,Very Severe Cyclonic Storm,2003359S15177,HETA,SP,MM,pacific_ocean,southern_pacific,2004-01-03T06:00:00Z,-9.8,186.2,TS,65.0,VSCS,60.0,nadi,1,60.0,True
CLS_03018,2,VSCS,Very Severe Cyclonic Storm,2003359S15177,HETA,SP,MM,pacific_ocean,southern_pacific,2004-01-04T00:00:00Z,-11.0,185.2,TS,75.0,VSCS,75.0,nadi,1,75.0,True
CLS_03019,2,VSCS,Very Severe Cyclonic Storm,2003359S15177,HETA,SP,MM,pacific_ocean,southern_pacific,2004-01-07T06:00:00Z,-25.9,195.8,TS,80.0,VSCS,80.0,wellington,1,80.0,True
CLS_03020,2,VSCS,Very Severe Cyclonic Storm,2004026S12063,FRANK,SI,MM,south_indian_ocean,,2004-01-28T18:00:00Z,-14.9,64.0,TS,65.0,VSCS,60.0,reunion,1,60.0,True
CLS_03021,2,VSCS,Very Severe Cyclonic Storm,2004025S16044,ELITA,SI,MM,south_indian_ocean,,2004-02-02T21:00:00Z,-19.9,43.8,TS,65.0,VSCS,,,1,65.0,True
CLS_03022,2,VSCS,Very Severe Cyclonic Storm,2004052S15172,IVY,SP,MM,pacific_ocean,southern_pacific,2004-02-23T21:00:00Z,-13.5,170.0,TS,73.0,VSCS,,,1,73.0,True
CLS_03023,2,VSCS,Very Severe Cyclonic Storm,2004052S15172,IVY,SP,MM,pacific_ocean,southern_pacific,2004-02-24T15:00:00Z,-14.3,168.6,TS,88.0,VSCS,,,2,88.0,True
CLS_03024,2,VSCS,Very Severe Cyclonic Storm,2004052S15172,IVY,SP,MM,pacific_ocean,southern_pacific,2004-02-25T03:00:00Z,-15.2,167.8,TS,88.0,VSCS,,,2,88.0,True
CLS_03025,2,VSCS,Very Severe Cyclonic Storm,2004052S15172,IVY,SP,MM,pacific_ocean,southern_pacific,2004-02-28T06:00:00Z,-28.7,173.0,TS,85.0,VSCS,75.0,wellington,2,75.0,True
CLS_03026,2,VSCS,Very Severe Cyclonic Storm,2004056S18125,MONTY,SI,WA,south_indian_ocean,,2004-02-28T15:00:00Z,-19.1,117.0,TS,73.0,VSCS,80.0,bom,1,80.0,True
CLS_03027,2,VSCS,Very Severe Cyclonic Storm,2004056S18125,MONTY,SI,WA,south_indian_ocean,,2004-03-01T15:00:00Z,-21.3,115.8,TS,83.0,VSCS,70.0,bom,2,70.0,True
CLS_03028,2,VSCS,Very Severe Cyclonic Storm,2004061S12072,GAFILO,SI,MM,south_indian_ocean,,2004-03-05T03:00:00Z,-13.3,57.0,TS,83.0,VSCS,,,2,83.0,True
CLS_03029,2,VSCS,Very Severe Cyclonic Storm,2004061S12072,GAFILO,SI,MM,south_indian_ocean,,2004-03-08T06:00:00Z,-17.8,44.1,TS,65.0,VSCS,50.0,reunion,1,50.0,True
CLS_03030,2,VSCS,Very Severe Cyclonic Storm,2004068S13089,HELMA:NICKY,SI,MM,south_indian_ocean,,2004-03-11T15:00:00Z,-18.6,87.3,TS,65.0,VSCS,,,1,65.0,True
CLS_03031,2,VSCS,Very Severe Cyclonic Storm,2004068S13089,HELMA:NICKY,SI,MM,south_indian_ocean,,2004-03-12T06:00:00Z,-19.5,86.1,TS,65.0,VSCS,55.0,reunion,1,55.0,True
CLS_03032,2,VSCS,Very Severe Cyclonic Storm,2004072S11146,FAY,SI,WA,south_indian_ocean,,2004-03-24T15:00:00Z,-16.5,121.7,TS,75.0,VSCS,75.0,bom,1,75.0,True
CLS_03033,2,VSCS,Very Severe Cyclonic Storm,2004081S12103,ITSANG:ITSENG:OSCAR,SI,WA,south_indian_ocean,,2004-03-25T03:00:00Z,-15.5,93.5,TS,68.0,VSCS,,,1,68.0,True
CLS_03034,2,VSCS,Very Severe Cyclonic Storm,2004093N07154,SUDAL,WP,MM,pacific_ocean,western_pacific,2004-04-06T18:00:00Z,9.9,144.9,TS,75.0,VSCS,60.0,tokyo,1,60.0,True
CLS_03035,2,VSCS,Very Severe Cyclonic Storm,2004125S08084,JUBA,SI,MM,south_indian_ocean,,2004-05-13T15:00:00Z,-13.7,67.6,TS,65.0,VSCS,,,1,65.0,True
CLS_03036,2,VSCS,Very Severe Cyclonic Storm,2004136N15090,UNNAMED,NI,BB,north_indian_ocean,bay_of_bengal,2004-05-19T06:00:00Z,20.1,93.1,TS,65.0,VSCS,,,1,65.0,True
CLS_03037,2,VSCS,Very Severe Cyclonic Storm,2004134N07132,NIDA,WP,MM,pacific_ocean,western_pacific,2004-05-19T21:00:00Z,24.4,130.6,TS,85.0,VSCS,80.0,tokyo,2,80.0,True
CLS_03038,2,VSCS,Very Severe Cyclonic Storm,2004156N16117,CONSON,WP,MM,pacific_ocean,western_pacific,2004-06-10T18:00:00Z,29.7,130.7,TS,65.0,VSCS,65.0,tokyo,1,65.0,True
CLS_03039,2,VSCS,Very Severe Cyclonic Storm,2004158N07142,CHANTHU,WP,MM,pacific_ocean,western_pacific,2004-06-12T06:00:00Z,14.0,110.1,TS,75.0,VSCS,60.0,tokyo,1,60.0,True
CLS_03040,2,VSCS,Very Severe Cyclonic Storm,2004164N06139,DIANMU,WP,MM,pacific_ocean,western_pacific,2004-06-15T03:00:00Z,11.6,137.3,TS,80.0,VSCS,,,1,80.0,True
CLS_03041,2,VSCS,Very Severe Cyclonic Storm,2004174N14146,MINDULLE,WP,MM,pacific_ocean,western_pacific,2004-06-27T06:00:00Z,16.9,127.9,TS,65.0,VSCS,60.0,tokyo,1,60.0,True
CLS_03042,2,VSCS,Very Severe Cyclonic Storm,2004177N12154,TINGTING,WP,MM,pacific_ocean,western_pacific,2004-06-28T09:00:00Z,17.1,145.3,TS,78.0,VSCS,,,1,78.0,True
CLS_03043,2,VSCS,Very Severe Cyclonic Storm,2004201N14247,CELIA,EP,MM,pacific_ocean,eastern_pacific,2004-07-22T09:00:00Z,16.3,-121.8,TS,73.0,VSCS,,,1,73.0,True
CLS_03044,2,VSCS,Very Severe Cyclonic Storm,2004209N12247,DARBY,EP,MM,pacific_ocean,eastern_pacific,2004-07-28T15:00:00Z,15.5,-123.4,TS,85.0,VSCS,,,2,85.0,True
CLS_03045,2,VSCS,Very Severe Cyclonic Storm,2004206N20151,NAMTHEUN,WP,MM,pacific_ocean,western_pacific,2004-07-28T18:00:00Z,31.5,140.3,TS,80.0,VSCS,75.0,tokyo,1,75.0,True
CLS_03046,2,VSCS,Very Severe Cyclonic Storm,2004209N12247,DARBY,EP,MM,pacific_ocean,eastern_pacific,2004-07-30T06:00:00Z,18.3,-130.3,TS,65.0,VSCS,65.0,hurdat_epa,1,65.0,True
CLS_03047,2,VSCS,Very Severe Cyclonic Storm,2004219N15137,RANANIM,WP,MM,pacific_ocean,western_pacific,2004-08-11T06:00:00Z,23.8,125.5,TS,85.0,VSCS,75.0,tokyo,2,75.0,True
CLS_03048,2,VSCS,Very Severe Cyclonic Storm,2004231N09147,AERE,WP,MM,pacific_ocean,western_pacific,2004-08-23T09:00:00Z,23.5,125.2,TS,68.0,VSCS,70.0,tokyo,1,70.0,True
CLS_03049,2,VSCS,Very Severe Cyclonic Storm,2004236N17250,FRANK,EP,MM,pacific_ocean,eastern_pacific,2004-08-24T21:00:00Z,21.1,-115.3,TS,68.0,VSCS,,,1,68.0,True
CLS_03050,2,VSCS,Very Severe Cyclonic Storm,2004230N09172,CHABA,WP,MM,pacific_ocean,western_pacific,2004-08-30T03:00:00Z,32.5,130.6,TS,88.0,VSCS,80.0,tokyo,2,80.0,True
CLS_03051,2,VSCS,Very Severe Cyclonic Storm,2004239N11171,SONGDA,WP,MM,pacific_ocean,western_pacific,2004-08-30T03:00:00Z,15.2,153.6,TS,78.0,VSCS,,,1,78.0,True
CLS_03052,2,VSCS,Very Severe Cyclonic Storm,2004244N12257,HOWARD,EP,MM,pacific_ocean,eastern_pacific,2004-09-04T03:00:00Z,22.0,-116.8,TS,68.0,VSCS,,,1,68.0,True
CLS_03053,2,VSCS,Very Severe Cyclonic Storm,2004252N15250,ISIS,EP,MM,pacific_ocean,eastern_pacific,2004-09-15T12:00:00Z,17.8,-131.8,TS,65.0,VSCS,65.0,hurdat_epa,1,65.0,True
CLS_03054,2,VSCS,Very Severe Cyclonic Storm,2004255N11267,JAVIER,EP,MM,pacific_ocean,eastern_pacific,2004-09-18T00:00:00Z,22.4,-112.4,TS,75.0,VSCS,75.0,hurdat_epa,1,75.0,True
CLS_03055,2,VSCS,Very Severe Cyclonic Storm,2004263N13153,MEARI,WP,MM,pacific_ocean,western_pacific,2004-09-29T00:00:00Z,31.7,130.5,TS,65.0,VSCS,60.0,tokyo,1,60.0,True
CLS_03056,2,VSCS,Very Severe Cyclonic Storm,2004275N14139,MA-ON,WP,MM,pacific_ocean,western_pacific,2004-10-06T21:00:00Z,21.6,131.3,TS,78.0,VSCS,,,1,78.0,True
CLS_03057,2,VSCS,Very Severe Cyclonic Storm,2004288N09164,NOCK-TEN,WP,MM,pacific_ocean,western_pacific,2004-10-17T21:00:00Z,10.5,152.6,TS,65.0,VSCS,,,1,65.0,True
CLS_03058,2,VSCS,Very Severe Cyclonic Storm,2004284N07157,TOKAGE,WP,MM,pacific_ocean,western_pacific,2004-10-19T18:00:00Z,29.0,130.4,TS,70.0,VSCS,80.0,tokyo,1,80.0,True
CLS_03059,2,VSCS,Very Severe Cyclonic Storm,2004312S05085,AROLA,SI,MM,south_indian_ocean,,2004-11-09T00:00:00Z,-10.9,77.3,TS,65.0,VSCS,60.0,reunion,1,60.0,True
CLS_03060,2,VSCS,Very Severe Cyclonic Storm,2004325S06078,BENTOJANA,SI,MM,south_indian_ocean,,2004-11-22T06:00:00Z,-8.8,77.9,TS,65.0,VSCS,55.0,reunion,1,55.0,True
CLS_03061,2,VSCS,Very Severe Cyclonic Storm,2004325S06078,BENTOJANA,SI,MM,south_indian_ocean,,2004-11-26T12:00:00Z,-13.6,74.7,TS,65.0,VSCS,57.0,reunion,1,57.0,True
CLS_03062,2,VSCS,Very Severe Cyclonic Storm,2004332N02072,UNNAMED,NI,AS,north_indian_ocean,arabian_sea,2004-11-29T12:00:00Z,3.5,64.3,TS,65.0,VSCS,,,1,65.0,True
CLS_03063,2,VSCS,Very Severe Cyclonic Storm,2004332N02072,UNNAMED,NI,AS,north_indian_ocean,arabian_sea,2004-11-30T06:00:00Z,5.6,61.7,TS,65.0,VSCS,55.0,newdelhi,1,55.0,True
CLS_03064,2,VSCS,Very Severe Cyclonic Storm,2004332N02072,UNNAMED,NI,AS,north_indian_ocean,arabian_sea,2004-11-30T18:00:00Z,6.3,60.0,TS,65.0,VSCS,45.0,newdelhi,1,45.0,True
CLS_03065,2,VSCS,Very Severe Cyclonic Storm,2004333N06154,NANMADOL,WP,MM,pacific_ocean,western_pacific,2004-12-03T09:00:00Z,19.7,118.4,TS,70.0,VSCS,,,1,70.0,True
CLS_03066,2,VSCS,Very Severe Cyclonic Storm,2004357S06095,CHAMBO,SI,MM,south_indian_ocean,,2004-12-25T06:00:00Z,-12.9,81.9,TS,75.0,VSCS,70.0,reunion,1,70.0,True
CLS_03067,2,VSCS,Very Severe Cyclonic Storm,2004357S06095,CHAMBO,SI,MM,south_indian_ocean,,2004-12-27T18:00:00Z,-18.7,77.3,TS,80.0,VSCS,65.0,reunion,1,65.0,True
CLS_03068,2,VSCS,Very Severe Cyclonic Storm,2005003S09177,KERRY,SP,MM,pacific_ocean,southern_pacific,2005-01-08T00:00:00Z,-18.0,160.9,TS,75.0,VSCS,65.0,nadi,1,65.0,True
CLS_03069,2,VSCS,Very Severe Cyclonic Storm,2005003S09177,KERRY,SP,EA,pacific_ocean,southern_pacific,2005-01-08T12:00:00Z,-18.4,159.8,TS,75.0,VSCS,65.0,bom,1,65.0,True
CLS_03070,2,VSCS,Very Severe Cyclonic Storm,2005003S09177,KERRY,SP,EA,pacific_ocean,southern_pacific,2005-01-09T09:00:00Z,-18.1,159.3,TS,88.0,VSCS,,,2,88.0,True
CLS_03071,2,VSCS,Very Severe Cyclonic Storm,2005003S09177,KERRY,SP,EA,pacific_ocean,southern_pacific,2005-01-10T21:00:00Z,-19.2,159.1,TS,75.0,VSCS,,,1,75.0,True
CLS_03072,2,VSCS,Very Severe Cyclonic Storm,2005013N05153,KULAP,WP,MM,pacific_ocean,western_pacific,2005-01-17T18:00:00Z,16.3,150.7,TS,65.0,VSCS,50.0,tokyo,1,50.0,True
CLS_03073,2,VSCS,Very Severe Cyclonic Storm,2005017S09061,ERNEST,SI,MM,south_indian_ocean,,2005-01-20T21:00:00Z,-14.6,43.0,TS,65.0,VSCS,,,1,65.0,True
CLS_03074,2,VSCS,Very Severe Cyclonic Storm,2005017S09061,ERNEST,SI,MM,south_indian_ocean,,2005-01-23T15:00:00Z,-26.2,45.6,TS,68.0,VSCS,,,1,68.0,True
CLS_03075,2,VSCS,Very Severe Cyclonic Storm,2005032S14195,MEENA,SP,MM,pacific_ocean,southern_pacific,2005-02-04T18:00:00Z,-14.1,-165.2,TS,70.0,VSCS,70.0,nadi,1,70.0,True
CLS_03076,2,VSCS,Very Severe Cyclonic Storm,2005032S14195,MEENA,SP,MM,pacific_ocean,southern_pacific,2005-02-05T09:00:00Z,-15.5,-163.4,TS,85.0,VSCS,,,2,85.0,True
CLS_03077,2,VSCS,Very Severe Cyclonic Storm,2005032S14195,MEENA,SP,MM,pacific_ocean,southern_pacific,2005-02-07T12:00:00Z,-25.5,-154.5,TS,75.0,VSCS,80.0,wellington,1,80.0,True
CLS_03078,2,VSCS,Very Severe Cyclonic Storm,2005042S12190,NANCY,SP,MM,pacific_ocean,southern_pacific,2005-02-13T21:00:00Z,-13.7,-164.1,TS,75.0,VSCS,,,1,75.0,True
CLS_03079,2,VSCS,Very Severe Cyclonic Storm,2005041S13181,OLAF,SP,MM,pacific_ocean,southern_pacific,2005-02-14T00:00:00Z,-9.3,-177.9,TS,70.0,VSCS,60.0,nadi,1,60.0,True
CLS_03080,2,VSCS,Very Severe Cyclonic Storm,2005042S12190,NANCY,SP,MM,pacific_ocean,southern_pacific,2005-02-15T21:00:00Z,-21.0,-158.9,TS,78.0,VSCS,,,1,78.0,True
CLS_03081,2,VSCS,Very Severe Cyclonic Storm,2005041S13181,OLAF,SP,MM,pacific_ocean,southern_pacific,2005-02-19T06:00:00Z,-28.0,-160.7,TS,65.0,VSCS,65.0,wellington,1,65.0,True
CLS_03082,2,VSCS,Very Severe Cyclonic Storm,2005054S09173,PERCY,SP,MM,pacific_ocean,southern_pacific,2005-02-25T12:00:00Z,-8.9,183.6,TS,70.0,VSCS,60.0,nadi,1,60.0,True
CLS_03083,2,VSCS,Very Severe Cyclonic Storm,2005054S09173,PERCY,SP,MM,pacific_ocean,southern_pacific,2005-03-04T00:00:00Z,-23.5,198.1,TS,75.0,VSCS,70.0,nadi,1,70.0,True
CLS_03084,2,VSCS,Very Severe Cyclonic Storm,2005063S12141,INGRID,SP,EA,pacific_ocean,southern_pacific,2005-03-06T12:00:00Z,-13.6,148.8,TS,65.0,VSCS,70.0,bom,1,70.0,True
CLS_03085,2,VSCS,Very Severe Cyclonic Storm,2005063S12141,INGRID,SP,EA,pacific_ocean,southern_pacific,2005-03-07T00:00:00Z,-14.1,148.8,TS,85.0,VSCS,85.0,bom,2,85.0,True
CLS_03086,2,VSCS,Very Severe Cyclonic Storm,2005063S12141,INGRID,SP,EA,pacific_ocean,southern_pacific,2005-03-10T03:00:00Z,-13.3,142.3,TS,70.0,VSCS,,,1,70.0,True
CLS_03087,2,VSCS,Very Severe Cyclonic Storm,2005063S12141,INGRID,SP,EA,pacific_ocean,southern_pacific,2005-03-11T06:00:00Z,-12.3,138.7,TS,80.0,VSCS,85.0,bom,1,85.0,True
CLS_03088,2,VSCS,Very Severe Cyclonic Storm,2005067S12120,WILLY,SI,WA,south_indian_ocean,,2005-03-11T06:00:00Z,-16.6,112.7,TS,85.0,VSCS,70.0,bom,2,70.0,True
CLS_03089,2,VSCS,Very Severe Cyclonic Storm,2005067S12120,WILLY,SI,WA,south_indian_ocean,,2005-03-12T09:00:00Z,-19.8,110.1,TS,78.0,VSCS,,,1,78.0,True
CLS_03090,2,VSCS,Very Severe Cyclonic Storm,2005071N06152,ROKE,WP,MM,pacific_ocean,western_pacific,2005-03-16T00:00:00Z,11.9,131.2,TS,80.0,VSCS,50.0,tokyo,1,50.0,True
CLS_03091,2,VSCS,Very Severe Cyclonic Storm,2005063S12141,INGRID,SI,WA,south_indian_ocean,,2005-03-16T06:00:00Z,-14.8,126.9,TS,75.0,VSCS,45.0,bom,1,45.0,True
CLS_03092,2,VSCS,Very Severe Cyclonic Storm,2005063S12141,INGRID,SI,WA,south_indian_ocean,,2005-03-17T03:00:00Z,-17.0,128.7,TS,65.0,VSCS,,,1,65.0,True
CLS_03093,2,VSCS,Very Severe Cyclonic Storm,2005079S10067,HENNIE,SI,MM,south_indian_ocean,,2005-03-24T09:00:00Z,-20.9,58.7,TS,65.0,VSCS,,,1,65.0,True
CLS_03094,2,VSCS,Very Severe Cyclonic Storm,2005092S11102,ADELINE:JULIET,SI,MM,south_indian_ocean,,2005-04-07T18:00:00Z,-15.0,79.8,TS,80.0,VSCS,70.0,reunion,1,70.0,True
CLS_03095,2,VSCS,Very Severe Cyclonic Storm,2005092S11102,ADELINE:JULIET,SI,MM,south_indian_ocean,,2005-04-11T18:00:00Z,-25.3,63.9,TS,70.0,VSCS,65.0,reunion,1,65.0,True
CLS_03096,2,VSCS,Very Severe Cyclonic Storm,2005107N07151,SONCA,WP,MM,pacific_ocean,western_pacific,2005-04-26T15:00:00Z,24.2,139.1,TS,73.0,VSCS,,,1,73.0,True
CLS_03097,2,VSCS,Very Severe Cyclonic Storm,2005138N10265,ADRIAN,EP,MM,pacific_ocean,eastern_pacific,2005-05-19T21:00:00Z,12.5,-90.3,TS,65.0,VSCS,,,1,65.0,True
CLS_03098,2,VSCS,Very Severe Cyclonic Storm,2005148N06156,NESAT,WP,MM,pacific_ocean,western_pacific,2005-06-08T12:00:00Z,26.1,135.2,TS,70.0,VSCS,65.0,tokyo,1,65.0,True
CLS_03099,2,VSCS,Very Severe Cyclonic Storm,2005192N22155,HAITANG,WP,MM,pacific_ocean,western_pacific,2005-07-13T15:00:00Z,21.5,146.5,TS,68.0,VSCS,,,1,68.0,True
CLS_03100,2,VSCS,Very Severe Cyclonic Storm,2005211N09141,MATSA,WP,MM,pacific_ocean,western_pacific,2005-08-03T12:00:00Z,21.8,125.7,TS,75.0,VSCS,75.0,tokyo,1,75.0,True
CLS_03101,2,VSCS,Very Severe Cyclonic Storm,2005222N14246,FERNANDA,EP,MM,pacific_ocean,eastern_pacific,2005-08-12T03:00:00Z,17.8,-122.4,TS,73.0,VSCS,,,1,73.0,True
CLS_03102,2,VSCS,Very Severe Cyclonic Storm,2005222N14131,SANVU,WP,MM,pacific_ocean,western_pacific,2005-08-13T00:00:00Z,22.8,117.2,TS,65.0,VSCS,50.0,tokyo,1,50.0,True
CLS_03103,2,VSCS,Very Severe Cyclonic Storm,2005222N14246,FERNANDA,EP,MM,pacific_ocean,eastern_pacific,2005-08-13T18:00:00Z,19.2,-127.5,TS,65.0,VSCS,65.0,hurdat_epa,1,65.0,True
CLS_03104,2,VSCS,Very Severe Cyclonic Storm,2005232N13263,HILARY,EP,MM,pacific_ocean,eastern_pacific,2005-08-21T09:00:00Z,15.3,-105.1,TS,70.0,VSCS,,,1,70.0,True
CLS_03105,2,VSCS,Very Severe Cyclonic Storm,2005232N13263,HILARY,EP,MM,pacific_ocean,eastern_pacific,2005-08-23T12:00:00Z,19.6,-114.9,TS,70.0,VSCS,70.0,hurdat_epa,1,70.0,True
CLS_03106,2,VSCS,Very Severe Cyclonic Storm,2005229N21156,GUCHOL,WP,MM,pacific_ocean,western_pacific,2005-08-23T18:00:00Z,34.6,149.5,TS,65.0,VSCS,55.0,tokyo,1,55.0,True
CLS_03107,2,VSCS,Very Severe Cyclonic Storm,2005230N20144,MAWAR,WP,MM,pacific_ocean,western_pacific,2005-08-26T03:00:00Z,36.3,141.8,TS,68.0,VSCS,50.0,tokyo,1,50.0,True
CLS_03108,2,VSCS,Very Severe Cyclonic Storm,2005241N15155,NABI,WP,MM,pacific_ocean,western_pacific,2005-08-30T15:00:00Z,15.0,147.5,TS,70.0,VSCS,,,1,70.0,True
CLS_03109,2,VSCS,Very Severe Cyclonic Storm,2005237N14148,TALIM,WP,MM,pacific_ocean,western_pacific,2005-09-01T03:00:00Z,24.8,120.0,TS,65.0,VSCS,70.0,tokyo,1,70.0,True
CLS_03110,2,VSCS,Very Severe Cyclonic Storm,2005248N08142,KHANUN,WP,MM,pacific_ocean,western_pacific,2005-09-09T06:00:00Z,20.4,129.7,TS,80.0,VSCS,80.0,tokyo,1,80.0,True
CLS_03111,2,VSCS,Very Severe Cyclonic Storm,2005255N15246,JOVA,EP,MM,pacific_ocean,eastern_pacific,2005-09-17T12:00:00Z,12.2,-138.1,TS,85.0,VSCS,85.0,hurdat_epa,2,85.0,True
CLS_03112,2,VSCS,Very Severe Cyclonic Storm,2005255N15246,JOVA,EP,CP,pacific_ocean,eastern_pacific,2005-09-18T09:00:00Z,13.3,-140.0,TS,88.0,VSCS,,,2,88.0,True
CLS_03113,2,VSCS,Very Severe Cyclonic Storm,2005261N14252,MAX,EP,MM,pacific_ocean,eastern_pacific,2005-09-20T03:00:00Z,18.4,-117.7,TS,65.0,VSCS,,,1,65.0,True
CLS_03114,2,VSCS,Very Severe Cyclonic Storm,2005258N12242,KENNETH,EP,MM,pacific_ocean,eastern_pacific,2005-09-20T09:00:00Z,13.4,-130.9,TS,68.0,VSCS,,,1,68.0,True
CLS_03115,2,VSCS,Very Severe Cyclonic Storm,2005261N14252,MAX,EP,MM,pacific_ocean,eastern_pacific,2005-09-20T15:00:00Z,19.6,-119.1,TS,68.0,VSCS,,,1,68.0,True
CLS_03116,2,VSCS,Very Severe Cyclonic Storm,2005262N20155,SAOLA,WP,MM,pacific_ocean,western_pacific,2005-09-22T12:00:00Z,25.7,142.8,TS,80.0,VSCS,75.0,tokyo,1,75.0,True
CLS_03117,2,VSCS,Very Severe Cyclonic Storm,2005262N13127,DAMREY,WP,MM,pacific_ocean,western_pacific,2005-09-26T06:00:00Z,18.8,109.0,TS,65.0,VSCS,65.0,tokyo,1,65.0,True
CLS_03118,2,VSCS,Very Severe Cyclonic Storm,2005268N19146,LONGWANG,WP,MM,pacific_ocean,western_pacific,2005-09-27T09:00:00Z,21.8,139.6,TS,88.0,VSCS,,,2,88.0,True
CLS_03119,2,VSCS,Very Severe Cyclonic Storm,2005271N17255,OTIS,EP,MM,pacific_ocean,eastern_pacific,2005-10-02T00:00:00Z,22.0,-111.9,TS,70.0,VSCS,70.0,hurdat_epa,1,70.0,True
CLS_03120,2,VSCS,Very Severe Cyclonic Storm,2005282N22138,KIROGI,WP,MM,pacific_ocean,western_pacific,2005-10-18T12:00:00Z,31.7,139.0,TS,75.0,VSCS,50.0,tokyo,1,50.0,True
CLS_03121,2,VSCS,Very Severe Cyclonic Storm,2005301N13117,KAI-TAK,WP,MM,pacific_ocean,western_pacific,2005-10-31T18:00:00Z,15.1,110.6,TS,70.0,VSCS,60.0,tokyo,1,60.0,True
CLS_03122,2,VSCS,Very Severe Cyclonic Storm,2005316N05134,BOLAVEN,WP,MM,pacific_ocean,western_pacific,2005-11-17T12:00:00Z,13.4,128.7,TS,70.0,VSCS,55.0,tokyo,1,55.0,True
CLS_03123,2,VSCS,Very Severe Cyclonic Storm,2005322S04095,ALVIN:BERTIE,SI,MM,south_indian_ocean,,2005-11-25T03:00:00Z,-14.4,88.8,TS,78.0,VSCS,,,1,78.0,True
CLS_03124,2,VSCS,Very Severe Cyclonic Storm,2006025S18147,JIM,SP,EA,pacific_ocean,southern_pacific,2006-01-29T18:00:00Z,-16.2,158.6,TS,65.0,VSCS,65.0,bom,1,65.0,True
CLS_03125,2,VSCS,Very Severe Cyclonic Storm,2006025S18147,JIM,SP,MM,pacific_ocean,southern_pacific,2006-01-30T12:00:00Z,-18.1,163.6,TS,70.0,VSCS,80.0,nadi,1,80.0,True
CLS_03126,2,VSCS,Very Severe Cyclonic Storm,2006025S18147,JIM,SP,MM,pacific_ocean,southern_pacific,2006-01-31T00:00:00Z,-20.6,166.9,TS,75.0,VSCS,80.0,nadi,1,80.0,True
CLS_03127,2,VSCS,Very Severe Cyclonic Storm,2006021S11053,BOLOETSE,SI,MM,south_indian_ocean,,2006-02-02T18:00:00Z,-20.1,39.0,TS,65.0,VSCS,65.0,reunion,1,65.0,True
CLS_03128,2,VSCS,Very Severe Cyclonic Storm,2006040S15181,VAIANU,SP,MM,pacific_ocean,southern_pacific,2006-02-13T00:00:00Z,-20.2,-176.8,TS,65.0,VSCS,60.0,nadi,1,60.0,True
CLS_03129,2,VSCS,Very Severe Cyclonic Storm,2006040S15181,VAIANU,SP,MM,pacific_ocean,southern_pacific,2006-02-13T18:00:00Z,-22.3,-176.6,TS,75.0,VSCS,70.0,nadi,1,70.0,True
CLS_03130,2,VSCS,Very Severe Cyclonic Storm,2006040S15181,VAIANU,SP,MM,pacific_ocean,southern_pacific,2006-02-14T15:00:00Z,-24.2,-174.2,TS,68.0,VSCS,,,1,68.0,True
CLS_03131,2,VSCS,Very Severe Cyclonic Storm,2006054S09082,CARINA,SI,MM,south_indian_ocean,,2006-02-25T06:00:00Z,-12.5,80.4,TS,70.0,VSCS,50.0,reunion,1,50.0,True
CLS_03132,2,VSCS,Very Severe Cyclonic Storm,2006074S13158,LARRY,SP,EA,pacific_ocean,southern_pacific,2006-03-18T21:00:00Z,-17.7,152.0,TS,65.0,VSCS,,,1,65.0,True
CLS_03133,2,VSCS,Very Severe Cyclonic Storm,2006074S13158,LARRY,SP,EA,pacific_ocean,southern_pacific,2006-03-19T09:00:00Z,-17.6,149.0,TS,85.0,VSCS,95.0,bom,2,95.0,True
CLS_03134,2,VSCS,Very Severe Cyclonic Storm,2006074S13158,LARRY,SP,EA,pacific_ocean,southern_pacific,2006-03-20T03:00:00Z,-17.7,144.6,TS,88.0,VSCS,,,2,88.0,True
CLS_03135,2,VSCS,Very Severe Cyclonic Storm,2006075S14185,WATI,SP,EA,pacific_ocean,southern_pacific,2006-03-21T12:00:00Z,-17.6,154.2,TS,65.0,VSCS,60.0,bom,1,60.0,True
CLS_03136,2,VSCS,Very Severe Cyclonic Storm,2006075S14185,WATI,SP,EA,pacific_ocean,southern_pacific,2006-03-22T03:00:00Z,-17.9,153.7,TS,78.0,VSCS,,,1,78.0,True
CLS_03137,2,VSCS,Very Severe Cyclonic Storm,2006078S12119,FLOYD,SI,WA,south_indian_ocean,,2006-03-22T15:00:00Z,-13.3,111.3,TS,73.0,VSCS,,,1,73.0,True
CLS_03138,2,VSCS,Very Severe Cyclonic Storm,2006075S14185,WATI,SP,EA,pacific_ocean,southern_pacific,2006-03-22T15:00:00Z,-18.2,154.1,TS,75.0,VSCS,,,1,75.0,True
CLS_03139,2,VSCS,Very Severe Cyclonic Storm,2006075S14185,WATI,SP,EA,pacific_ocean,southern_pacific,2006-03-23T03:00:00Z,-18.8,155.0,TS,68.0,VSCS,,,1,68.0,True
CLS_03140,2,VSCS,Very Severe Cyclonic Storm,2006075S14185,WATI,SP,EA,pacific_ocean,southern_pacific,2006-03-23T21:00:00Z,-20.6,157.9,TS,65.0,VSCS,,,1,65.0,True
CLS_03141,2,VSCS,Very Severe Cyclonic Storm,2006078S12119,FLOYD,SI,WA,south_indian_ocean,,2006-03-25T15:00:00Z,-19.0,111.5,TS,78.0,VSCS,,,1,78.0,True
CLS_03142,2,VSCS,Very Severe Cyclonic Storm,2006081S14129,GLENDA,SI,WA,south_indian_ocean,,2006-03-27T18:00:00Z,-15.6,122.2,TS,65.0,VSCS,80.0,bom,1,80.0,True
CLS_03143,2,VSCS,Very Severe Cyclonic Storm,2006106S10153,MONICA,SP,EA,pacific_ocean,southern_pacific,2006-04-18T15:00:00Z,-12.9,145.2,TS,65.0,VSCS,,,1,65.0,True
CLS_03144,2,VSCS,Very Severe Cyclonic Storm,2006106S10153,MONICA,SP,EA,pacific_ocean,southern_pacific,2006-04-19T12:00:00Z,-13.6,142.7,TS,70.0,VSCS,60.0,bom,1,60.0,True
CLS_03145,2,VSCS,Very Severe Cyclonic Storm,2006106S10153,MONICA,SP,EA,pacific_ocean,southern_pacific,2006-04-20T12:00:00Z,-13.9,140.4,TS,65.0,VSCS,50.0,bom,1,50.0,True
CLS_03146,2,VSCS,Very Severe Cyclonic Storm,2006106S10153,MONICA,SP,EA,pacific_ocean,southern_pacific,2006-04-21T03:00:00Z,-13.4,139.9,TS,85.0,VSCS,,,2,85.0,True
CLS_03147,2,VSCS,Very Severe Cyclonic Storm,2006106S10153,MONICA,SI,WA,south_indian_ocean,,2006-04-24T15:00:00Z,-12.4,133.3,TS,85.0,VSCS,,,2,85.0,True
CLS_03148,2,VSCS,Very Severe Cyclonic Storm,2006114N08090,MALA,NI,BB,north_indian_ocean,bay_of_bengal,2006-04-27T09:00:00Z,12.6,90.3,TS,68.0,VSCS,55.0,newdelhi,1,55.0,True
CLS_03149,2,VSCS,Very Severe Cyclonic Storm,2006114N08090,MALA,NI,BB,north_indian_ocean,bay_of_bengal,2006-04-27T21:00:00Z,13.7,90.9,TS,85.0,VSCS,65.0,newdelhi,2,65.0,True
CLS_03150,2,VSCS,Very Severe Cyclonic Storm,2006114N08090,MALA,NI,BB,north_indian_ocean,bay_of_bengal,2006-04-29T12:00:00Z,18.5,95.5,TS,65.0,VSCS,,newdelhi,1,65.0,True
CLS_03151,2,VSCS,Very Severe Cyclonic Storm,2006128N09138,CHANCHU,WP,MM,pacific_ocean,western_pacific,2006-05-12T12:00:00Z,13.0,121.8,TS,85.0,VSCS,55.0,tokyo,2,55.0,True
CLS_03152,2,VSCS,Very Severe Cyclonic Storm,2006180N06140,EWINIAR,WP,MM,pacific_ocean,western_pacific,2006-07-07T18:00:00Z,22.5,126.6,TS,85.0,VSCS,80.0,tokyo,2,80.0,True
CLS_03153,2,VSCS,Very Severe Cyclonic Storm,2006192N13250,BUD,EP,MM,pacific_ocean,eastern_pacific,2006-07-11T21:00:00Z,14.2,-113.0,TS,68.0,VSCS,,,1,68.0,True
CLS_03154,2,VSCS,Very Severe Cyclonic Storm,2006192N13250,BUD,EP,MM,pacific_ocean,eastern_pacific,2006-07-12T09:00:00Z,15.1,-115.1,TS,83.0,VSCS,,,2,83.0,True
CLS_03155,2,VSCS,Very Severe Cyclonic Storm,2006193N13258,CARLOTTA,EP,MM,pacific_ocean,eastern_pacific,2006-07-13T15:00:00Z,17.5,-110.3,TS,73.0,VSCS,,,1,73.0,True
CLS_03156,2,VSCS,Very Severe Cyclonic Storm,2006193N13258,CARLOTTA,EP,MM,pacific_ocean,eastern_pacific,2006-07-15T06:00:00Z,19.0,-116.0,TS,65.0,VSCS,65.0,hurdat_epa,1,65.0,True
CLS_03157,2,VSCS,Very Severe Cyclonic Storm,2006198N12252,DANIEL,EP,MM,pacific_ocean,eastern_pacific,2006-07-19T12:00:00Z,11.8,-119.2,TS,80.0,VSCS,80.0,hurdat_epa,1,80.0,True
CLS_03158,2,VSCS,Very Severe Cyclonic Storm,2006198N12252,DANIEL,EP,CP,pacific_ocean,eastern_pacific,2006-07-24T18:00:00Z,16.2,-141.3,TS,75.0,VSCS,75.0,hurdat_epa,1,75.0,True
CLS_03159,2,VSCS,Very Severe Cyclonic Storm,2006209N13130,PRAPIROON,WP,MM,pacific_ocean,western_pacific,2006-08-03T00:00:00Z,20.2,112.7,TS,70.0,VSCS,65.0,tokyo,1,65.0,True
CLS_03160,2,VSCS,Very Severe Cyclonic Storm,2006228N13247,HECTOR,EP,MM,pacific_ocean,eastern_pacific,2006-08-18T00:00:00Z,15.2,-122.8,TS,85.0,VSCS,85.0,hurdat_epa,2,85.0,True
CLS_03161,2,VSCS,Very Severe Cyclonic Storm,2006228N13247,HECTOR,EP,MM,pacific_ocean,eastern_pacific,2006-08-19T12:00:00Z,17.6,-129.6,TS,80.0,VSCS,80.0,hurdat_epa,1,80.0,True
CLS_03162,2,VSCS,Very Severe Cyclonic Storm,2006228N10218,IOKE,EP,CP,pacific_ocean,eastern_pacific,2006-08-21T09:00:00Z,11.7,195.2,TS,73.0,VSCS,,,1,73.0,True
CLS_03163,2,VSCS,Very Severe Cyclonic Storm,2006234N12258,ILEANA,EP,MM,pacific_ocean,eastern_pacific,2006-08-25T06:00:00Z,21.2,-116.2,TS,75.0,VSCS,75.0,hurdat_epa,1,75.0,True
CLS_03164,2,VSCS,Very Severe Cyclonic Storm,2006234N12258,ILEANA,EP,MM,pacific_ocean,eastern_pacific,2006-08-25T18:00:00Z,21.8,-117.1,TS,65.0,VSCS,65.0,hurdat_epa,1,65.0,True
CLS_03165,2,VSCS,Very Severe Cyclonic Storm,2006240N12265,JOHN,EP,MM,pacific_ocean,eastern_pacific,2006-08-29T12:00:00Z,14.0,-98.3,TS,75.0,VSCS,75.0,hurdat_epa,1,75.0,True
CLS_03166,2,VSCS,Very Severe Cyclonic Storm,2006242N16246,KRISTY,EP,MM,pacific_ocean,eastern_pacific,2006-08-31T15:00:00Z,18.0,-116.7,TS,68.0,VSCS,,,1,68.0,True
CLS_03167,2,VSCS,Very Severe Cyclonic Storm,2006240N12265,JOHN,EP,MM,pacific_ocean,eastern_pacific,2006-09-02T06:00:00Z,23.8,-109.9,TS,85.0,VSCS,85.0,hurdat_epa,2,85.0,True
CLS_03168,2,VSCS,Very Severe Cyclonic Storm,2006228N10218,IOKE,WP,MM,pacific_ocean,western_pacific,2006-09-04T12:00:00Z,30.8,148.0,TS,65.0,VSCS,75.0,tokyo,1,75.0,True
CLS_03169,2,VSCS,Very Severe Cyclonic Storm,2006252N13139,SHANSHAN,WP,MM,pacific_ocean,western_pacific,2006-09-11T12:00:00Z,18.9,133.2,TS,65.0,VSCS,65.0,tokyo,1,65.0,True
CLS_03170,2,VSCS,Very Severe Cyclonic Storm,2006257N16259,LANE,EP,MM,pacific_ocean,eastern_pacific,2006-09-15T18:00:00Z,20.3,-106.3,TS,75.0,VSCS,75.0,hurdat_epa,1,75.0,True
CLS_03171,2,VSCS,Very Severe Cyclonic Storm,2006259N19155,YAGI,WP,MM,pacific_ocean,western_pacific,2006-09-19T00:00:00Z,20.1,159.1,TS,75.0,VSCS,65.0,tokyo,1,65.0,True
CLS_03172,2,VSCS,Very Severe Cyclonic Storm,2006268N12129,XANGSANE,WP,MM,pacific_ocean,western_pacific,2006-10-01T00:00:00Z,16.1,108.6,TS,85.0,VSCS,70.0,tokyo,2,70.0,True
CLS_03173,2,VSCS,Very Severe Cyclonic Storm,2006282N13160,SOULIK,WP,MM,pacific_ocean,western_pacific,2006-10-14T18:00:00Z,26.3,141.1,TS,75.0,VSCS,75.0,tokyo,1,75.0,True
CLS_03174,2,VSCS,Very Severe Cyclonic Storm,2006294S10168,XAVIER,SP,MM,pacific_ocean,southern_pacific,2006-10-22T21:00:00Z,-11.4,167.9,TS,73.0,VSCS,,,1,73.0,True
CLS_03175,2,VSCS,Very Severe Cyclonic Storm,2006294N16254,PAUL,EP,MM,pacific_ocean,eastern_pacific,2006-10-23T06:00:00Z,16.1,-111.3,TS,85.0,VSCS,85.0,hurdat_epa,2,85.0,True
CLS_03176,2,VSCS,Very Severe Cyclonic Storm,2006294S10168,XAVIER,SP,MM,pacific_ocean,southern_pacific,2006-10-23T15:00:00Z,-12.6,168.6,TS,88.0,VSCS,,,2,88.0,True
CLS_03177,2,VSCS,Very Severe Cyclonic Storm,2006294N16254,PAUL,EP,MM,pacific_ocean,eastern_pacific,2006-10-23T21:00:00Z,17.0,-111.7,TS,78.0,VSCS,,,1,78.0,True
CLS_03178,2,VSCS,Very Severe Cyclonic Storm,2006294S10168,XAVIER,SP,MM,pacific_ocean,southern_pacific,2006-10-25T03:00:00Z,-15.6,171.7,TS,65.0,VSCS,,,1,65.0,True
CLS_03179,2,VSCS,Very Severe Cyclonic Storm,2006298N12143,CIMARON,WP,MM,pacific_ocean,western_pacific,2006-11-02T00:00:00Z,19.0,116.6,TS,75.0,VSCS,85.0,tokyo,1,85.0,True
CLS_03180,2,VSCS,Very Severe Cyclonic Storm,2006311N16143,CHEBI,WP,MM,pacific_ocean,western_pacific,2006-11-12T03:00:00Z,15.0,117.1,TS,73.0,VSCS,,,1,73.0,True
CLS_03181,2,VSCS,Very Severe Cyclonic Storm,2006318N12256,SERGIO,EP,MM,pacific_ocean,eastern_pacific,2006-11-15T12:00:00Z,12.3,-104.0,TS,80.0,VSCS,80.0,hurdat_epa,1,80.0,True
CLS_03182,2,VSCS,Very Severe Cyclonic Storm,2006318N12256,SERGIO,EP,MM,pacific_ocean,eastern_pacific,2006-11-16T09:00:00Z,12.5,-103.0,TS,88.0,VSCS,,,2,88.0,True
CLS_03183,2,VSCS,Very Severe Cyclonic Storm,2006322S09172,YANI,SP,MM,pacific_ocean,southern_pacific,2006-11-23T21:00:00Z,-14.1,163.1,TS,65.0,VSCS,,,1,65.0,True
CLS_03184,2,VSCS,Very Severe Cyclonic Storm,2006329N06150,DURIAN,WP,MM,pacific_ocean,western_pacific,2006-12-02T15:00:00Z,13.9,115.1,TS,83.0,VSCS,,,2,83.0,True
CLS_03185,2,VSCS,Very Severe Cyclonic Storm,2006340N08142,UTOR,WP,MM,pacific_ocean,western_pacific,2006-12-12T06:00:00Z,14.8,114.8,TS,80.0,VSCS,80.0,tokyo,1,80.0,True
CLS_03186,2,VSCS,Very Severe Cyclonic Storm,2006350S07071,BONDO,SI,MM,south_indian_ocean,,2006-12-19T03:00:00Z,-10.6,59.8,TS,78.0,VSCS,,,1,78.0,True
CLS_03187,2,VSCS,Very Severe Cyclonic Storm,2006350S07071,BONDO,SI,MM,south_indian_ocean,,2006-12-25T03:00:00Z,-14.6,47.0,TS,88.0,VSCS,,,2,88.0,True
CLS_03188,2,VSCS,Very Severe Cyclonic Storm,2006364S12058,CLOVIS,SI,MM,south_indian_ocean,,2007-01-03T03:00:00Z,-20.5,48.8,TS,65.0,VSCS,,,1,65.0,True
CLS_03189,2,VSCS,Very Severe Cyclonic Storm,2007021S12183,ARTHUR,SP,MM,pacific_ocean,southern_pacific,2007-01-24T21:00:00Z,-15.3,-161.8,TS,65.0,VSCS,,,1,65.0,True
CLS_03190,2,VSCS,Very Severe Cyclonic Storm,2007027S07069,DORA,SI,MM,south_indian_ocean,,2007-01-31T09:00:00Z,-13.9,66.0,TS,75.0,VSCS,,,1,75.0,True
CLS_03191,2,VSCS,Very Severe Cyclonic Storm,2007027S07069,DORA,SI,MM,south_indian_ocean,,2007-02-01T00:00:00Z,-14.5,66.6,TS,75.0,VSCS,65.0,reunion,1,65.0,True
CLS_03192,2,VSCS,Very Severe Cyclonic Storm,2007043S11071,FAVIO,SI,MM,south_indian_ocean,,2007-02-19T15:00:00Z,-26.4,45.0,TS,78.0,VSCS,,,1,78.0,True
CLS_03193,2,VSCS,Very Severe Cyclonic Storm,2007043S11071,FAVIO,SI,MM,south_indian_ocean,,2007-02-22T15:00:00Z,-21.3,34.9,TS,85.0,VSCS,,,2,85.0,True
CLS_03194,2,VSCS,Very Severe Cyclonic Storm,2007052S10093,HUMBA,SI,MM,south_indian_ocean,,2007-02-24T21:00:00Z,-17.9,79.3,TS,73.0,VSCS,,,1,73.0,True
CLS_03195,2,VSCS,Very Severe Cyclonic Storm,2007052S10093,HUMBA,SI,MM,south_indian_ocean,,2007-02-25T21:00:00Z,-21.3,77.5,TS,65.0,VSCS,,,1,65.0,True
CLS_03196,2,VSCS,Very Severe Cyclonic Storm,2007050S16079,GAMEDE,SI,MM,south_indian_ocean,,2007-03-01T06:00:00Z,-28.8,49.5,TS,70.0,VSCS,65.0,reunion,1,65.0,True
CLS_03197,2,VSCS,Very Severe Cyclonic Storm,2007058S12135,GEORGE,SI,WA,south_indian_ocean,,2007-03-08T03:00:00Z,-18.3,119.1,TS,85.0,VSCS,90.0,bom,2,90.0,True
CLS_03198,2,VSCS,Very Severe Cyclonic Storm,2007058S12135,GEORGE,SI,WA,south_indian_ocean,,2007-03-08T21:00:00Z,-21.4,118.6,TS,83.0,VSCS,65.0,bom,2,65.0,True
CLS_03199,2,VSCS,Very Severe Cyclonic Storm,2007062S14119,JACOB,SI,WA,south_indian_ocean,,2007-03-09T21:00:00Z,-16.0,110.1,TS,73.0,VSCS,,,1,73.0,True
CLS_03200,2,VSCS,Very Severe Cyclonic Storm,2007066S12066,INDLALA,SI,MM,south_indian_ocean,,2007-03-13T06:00:00Z,-12.9,54.7,TS,75.0,VSCS,65.0,reunion,1,65.0,True
CLS_03201,2,VSCS,Very Severe Cyclonic Storm,2007082S16125,KARA,SI,WA,south_indian_ocean,,2007-03-26T00:00:00Z,-17.5,115.3,TS,75.0,VSCS,80.0,bom,1,80.0,True
CLS_03202,2,VSCS,Very Severe Cyclonic Storm,2007084S12157,BECKY,SP,MM,pacific_ocean,southern_pacific,2007-03-27T12:00:00Z,-16.1,166.4,TS,65.0,VSCS,60.0,nadi,1,60.0,True
CLS_03203,2,VSCS,Very Severe Cyclonic Storm,2007084S12157,BECKY,SP,MM,pacific_ocean,southern_pacific,2007-03-28T06:00:00Z,-19.2,167.9,TS,65.0,VSCS,60.0,nadi,1,60.0,True
CLS_03204,2,VSCS,Very Severe Cyclonic Storm,2007085S11085,JAYA,SI,MM,south_indian_ocean,,2007-03-30T21:00:00Z,-13.7,65.2,TS,68.0,VSCS,,,1,68.0,True
CLS_03205,2,VSCS,Very Severe Cyclonic Storm,2007090N06158,KONG-REY,WP,MM,pacific_ocean,western_pacific,2007-04-02T06:00:00Z,13.4,148.9,TS,65.0,VSCS,55.0,tokyo,1,55.0,True
CLS_03206,2,VSCS,Very Severe Cyclonic Storm,2007133N15091,AKASH,NI,BB,north_indian_ocean,bay_of_bengal,2007-05-14T18:00:00Z,21.2,92.1,TS,65.0,VSCS,,,1,65.0,True
CLS_03207,2,VSCS,Very Severe Cyclonic Storm,2007135N08147,YUTU,WP,MM,pacific_ocean,western_pacific,2007-05-19T03:00:00Z,15.6,132.3,TS,80.0,VSCS,,,1,80.0,True
CLS_03208,2,VSCS,Very Severe Cyclonic Storm,2007151N14072,GONU,NI,AS,north_indian_ocean,arabian_sea,2007-06-03T12:00:00Z,17.5,66.7,TS,70.0,VSCS,55.0,newdelhi,1,55.0,True
CLS_03209,2,VSCS,Very Severe Cyclonic Storm,2007151N14072,GONU,NI,AS,north_indian_ocean,arabian_sea,2007-06-06T12:00:00Z,23.9,59.1,TS,75.0,VSCS,77.0,newdelhi,1,77.0,True
CLS_03210,2,VSCS,Very Severe Cyclonic Storm,2007188N04148,MAN-YI,WP,MM,pacific_ocean,western_pacific,2007-07-10T15:00:00Z,14.3,135.9,TS,73.0,VSCS,,,1,73.0,True
CLS_03211,2,VSCS,Very Severe Cyclonic Storm,2007196N11234,COSME,EP,MM,pacific_ocean,eastern_pacific,2007-07-16T18:00:00Z,14.4,-130.9,TS,65.0,VSCS,65.0,hurdat_epa,1,65.0,True
CLS_03212,2,VSCS,Very Severe Cyclonic Storm,2007208N20155,USAGI,WP,MM,pacific_ocean,western_pacific,2007-07-29T21:00:00Z,19.0,143.0,TS,65.0,VSCS,,,1,65.0,True
CLS_03213,2,VSCS,Very Severe Cyclonic Storm,2007216N18138,PABUK,WP,MM,pacific_ocean,western_pacific,2007-08-07T03:00:00Z,22.1,124.1,TS,65.0,VSCS,60.0,tokyo,1,60.0,True
CLS_03214,2,VSCS,Very Severe Cyclonic Storm,2007221N13234,FLOSSIE,EP,CP,pacific_ocean,eastern_pacific,2007-08-14T21:00:00Z,17.1,-154.8,TS,88.0,VSCS,,,2,88.0,True
CLS_03215,2,VSCS,Very Severe Cyclonic Storm,2007240N17153,FITOW,WP,MM,pacific_ocean,western_pacific,2007-09-01T15:00:00Z,27.9,150.6,TS,75.0,VSCS,,,1,75.0,True
CLS_03216,2,VSCS,Very Severe Cyclonic Storm,2007242N13264,HENRIETTE,EP,MM,pacific_ocean,eastern_pacific,2007-09-04T18:00:00Z,22.6,-109.6,TS,70.0,VSCS,70.0,hurdat_epa,1,70.0,True
CLS_03217,2,VSCS,Very Severe Cyclonic Storm,2007249N24161,DANAS,WP,MM,pacific_ocean,western_pacific,2007-09-10T15:00:00Z,39.9,153.4,TS,65.0,VSCS,,,1,65.0,True
CLS_03218,2,VSCS,Very Severe Cyclonic Storm,2007254N18140,NARI,WP,MM,pacific_ocean,western_pacific,2007-09-16T00:00:00Z,32.3,126.7,TS,85.0,VSCS,75.0,tokyo,2,75.0,True
CLS_03219,2,VSCS,Very Severe Cyclonic Storm,2007257N16134,WIPHA,WP,MM,pacific_ocean,western_pacific,2007-09-16T18:00:00Z,22.0,128.7,TS,65.0,VSCS,60.0,tokyo,1,60.0,True
CLS_03220,2,VSCS,Very Severe Cyclonic Storm,2007261N13254,IVO,EP,MM,pacific_ocean,eastern_pacific,2007-09-20T00:00:00Z,15.7,-112.1,TS,65.0,VSCS,65.0,hurdat_epa,1,65.0,True
CLS_03221,2,VSCS,Very Severe Cyclonic Storm,2007261N13254,IVO,EP,MM,pacific_ocean,eastern_pacific,2007-09-21T09:00:00Z,19.1,-113.6,TS,68.0,VSCS,,,1,68.0,True
CLS_03222,2,VSCS,Very Severe Cyclonic Storm,2007272N17125,LEKIMA,WP,MM,pacific_ocean,western_pacific,2007-10-03T00:00:00Z,17.8,108.2,TS,70.0,VSCS,55.0,tokyo,1,55.0,True
CLS_03223,2,VSCS,Very Severe Cyclonic Storm,2007274N18131,KROSA,WP,MM,pacific_ocean,western_pacific,2007-10-07T00:00:00Z,25.9,120.6,TS,75.0,VSCS,60.0,tokyo,1,60.0,True
CLS_03224,2,VSCS,Very Severe Cyclonic Storm,2007291N19148,KAJIKI,WP,MM,pacific_ocean,western_pacific,2007-10-19T18:00:00Z,21.4,141.1,TS,70.0,VSCS,60.0,tokyo,1,60.0,True
CLS_03225,2,VSCS,Very Severe Cyclonic Storm,2007306N18133,PEIPAH,WP,MM,pacific_ocean,western_pacific,2007-11-07T00:00:00Z,18.4,117.3,TS,70.0,VSCS,65.0,tokyo,1,65.0,True
CLS_03226,2,VSCS,Very Severe Cyclonic Storm,2007314N10093,SIDR,NI,BB,north_indian_ocean,bay_of_bengal,2007-11-12T03:00:00Z,10.5,90.8,TS,65.0,VSCS,35.0,newdelhi,1,35.0,True
CLS_03227,2,VSCS,Very Severe Cyclonic Storm,2007314N10093,SIDR,NI,BB,north_indian_ocean,bay_of_bengal,2007-11-15T21:00:00Z,23.5,90.8,TS,80.0,VSCS,,newdelhi,1,80.0,True
CLS_03228,2,VSCS,Very Severe Cyclonic Storm,2007317S10150,GUBA,SP,EA,pacific_ocean,southern_pacific,2007-11-16T09:00:00Z,-11.4,147.0,TS,73.0,VSCS,,,1,73.0,True
CLS_03229,2,VSCS,Very Severe Cyclonic Storm,2007322S06075,BONGWE,SI,MM,south_indian_ocean,,2007-11-20T00:00:00Z,-11.0,75.9,TS,65.0,VSCS,52.0,reunion,1,52.0,True
CLS_03230,2,VSCS,Very Severe Cyclonic Storm,2007324N10140,MITAG,WP,MM,pacific_ocean,western_pacific,2007-11-22T00:00:00Z,14.4,129.5,TS,70.0,VSCS,65.0,tokyo,1,65.0,True
CLS_03231,2,VSCS,Very Severe Cyclonic Storm,2007323N09128,HAGIBIS,WP,MM,pacific_ocean,western_pacific,2007-11-22T09:00:00Z,10.7,112.2,TS,78.0,VSCS,,,1,78.0,True
CLS_03232,2,VSCS,Very Severe Cyclonic Storm,2007337S12186,DAMAN,SP,MM,pacific_ocean,southern_pacific,2007-12-06T06:00:00Z,-15.2,176.0,TS,65.0,VSCS,60.0,nadi,1,60.0,True
CLS_03233,2,VSCS,Very Severe Cyclonic Storm,2007337S12186,DAMAN,SP,MM,pacific_ocean,southern_pacific,2007-12-08T12:00:00Z,-17.4,182.1,TS,65.0,VSCS,60.0,nadi,1,60.0,True
CLS_03234,2,VSCS,Very Severe Cyclonic Storm,2008015S16162,FUNA,SP,MM,pacific_ocean,southern_pacific,2008-01-17T15:00:00Z,-16.4,171.0,TS,68.0,VSCS,,,1,68.0,True
CLS_03235,2,VSCS,Very Severe Cyclonic Storm,2008015S16162,FUNA,SP,MM,pacific_ocean,southern_pacific,2008-01-18T03:00:00Z,-17.9,172.9,TS,78.0,VSCS,,,1,78.0,True
CLS_03236,2,VSCS,Very Severe Cyclonic Storm,2008015S16162,FUNA,SP,MM,pacific_ocean,southern_pacific,2008-01-19T21:00:00Z,-27.1,174.3,TS,73.0,VSCS,,,1,73.0,True
CLS_03237,2,VSCS,Very Severe Cyclonic Storm,2008023S10050,FAME,SI,MM,south_indian_ocean,,2008-01-27T06:00:00Z,-15.7,44.4,TS,85.0,VSCS,57.0,reunion,2,57.0,True
CLS_03238,2,VSCS,Very Severe Cyclonic Storm,2008023S10050,FAME,SI,MM,south_indian_ocean,,2008-01-28T00:00:00Z,-17.5,45.3,TS,65.0,VSCS,35.0,reunion,1,35.0,True
CLS_03239,2,VSCS,Very Severe Cyclonic Storm,2008026S11064,GULA,SI,MM,south_indian_ocean,,2008-01-28T21:00:00Z,-14.7,61.9,TS,78.0,VSCS,,,1,78.0,True
CLS_03240,2,VSCS,Very Severe Cyclonic Storm,2008026S12179,GENE,SP,MM,pacific_ocean,southern_pacific,2008-01-30T06:00:00Z,-18.5,172.9,TS,65.0,VSCS,60.0,nadi,1,60.0,True
CLS_03241,2,VSCS,Very Severe Cyclonic Storm,2008026S12179,GENE,SP,MM,pacific_ocean,southern_pacific,2008-01-30T21:00:00Z,-18.9,171.7,TS,88.0,VSCS,,,2,88.0,True
CLS_03242,2,VSCS,Very Severe Cyclonic Storm,2008026S12179,GENE,SP,MM,pacific_ocean,southern_pacific,2008-02-01T18:00:00Z,-20.9,170.9,TS,80.0,VSCS,80.0,nadi,1,80.0,True
CLS_03243,2,VSCS,Very Severe Cyclonic Storm,2008026S12179,GENE,SP,MM,pacific_ocean,southern_pacific,2008-02-02T12:00:00Z,-22.2,171.2,TS,65.0,VSCS,60.0,nadi,1,60.0,True
CLS_03244,2,VSCS,Very Severe Cyclonic Storm,2008033S11083,HONDO,SI,MM,south_indian_ocean,,2008-02-06T06:00:00Z,-14.1,81.3,TS,85.0,VSCS,70.0,reunion,2,70.0,True
CLS_03245,2,VSCS,Very Severe Cyclonic Storm,2008037S10055,IVAN,SI,MM,south_indian_ocean,,2008-02-09T12:00:00Z,-15.6,63.5,TS,65.0,VSCS,50.0,reunion,1,50.0,True
CLS_03246,2,VSCS,Very Severe Cyclonic Storm,2008033S11083,HONDO,SI,MM,south_indian_ocean,,2008-02-10T15:00:00Z,-21.3,86.6,TS,83.0,VSCS,,,2,83.0,True
CLS_03247,2,VSCS,Very Severe Cyclonic Storm,2008037S10055,IVAN,SI,MM,south_indian_ocean,,2008-02-12T06:00:00Z,-14.2,64.6,TS,65.0,VSCS,52.0,reunion,1,52.0,True
CLS_03248,2,VSCS,Very Severe Cyclonic Storm,2008042S16122,NICHOLAS,SI,WA,south_indian_ocean,,2008-02-16T18:00:00Z,-17.7,116.9,TS,75.0,VSCS,80.0,bom,1,80.0,True
CLS_03249,2,VSCS,Very Severe Cyclonic Storm,2008042S16122,NICHOLAS,SI,WA,south_indian_ocean,,2008-02-17T21:00:00Z,-19.2,114.6,TS,70.0,VSCS,,,1,70.0,True
CLS_03250,2,VSCS,Very Severe Cyclonic Storm,2008058S15131,OPHELIA,SI,WA,south_indian_ocean,,2008-03-02T12:00:00Z,-16.6,119.9,TS,65.0,VSCS,55.0,bom,1,55.0,True
CLS_03251,2,VSCS,Very Severe Cyclonic Storm,2008062S10064,JOKWE,SI,MM,south_indian_ocean,,2008-03-07T03:00:00Z,-14.7,44.1,TS,78.0,VSCS,,,1,78.0,True
CLS_03252,2,VSCS,Very Severe Cyclonic Storm,2008065S12096,KAMBA,SI,MM,south_indian_ocean,,2008-03-10T00:00:00Z,-15.9,79.8,TS,85.0,VSCS,68.0,reunion,2,68.0,True
CLS_03253,2,VSCS,Very Severe Cyclonic Storm,2008083S12102,PANCHO,SI,WA,south_indian_ocean,,2008-03-28T06:00:00Z,-24.2,108.9,TS,75.0,VSCS,50.0,bom,1,50.0,True
CLS_03254,2,VSCS,Very Severe Cyclonic Storm,2008104N08128,NEOGURI,WP,MM,pacific_ocean,western_pacific,2008-04-18T18:00:00Z,20.0,111.3,TS,75.0,VSCS,65.0,tokyo,1,65.0,True
CLS_03255,2,VSCS,Very Severe Cyclonic Storm,2008117N11090,NARGIS,NI,BB,north_indian_ocean,bay_of_bengal,2008-04-28T18:00:00Z,13.1,85.4,TS,75.0,VSCS,55.0,newdelhi,1,55.0,True
CLS_03256,2,VSCS,Very Severe Cyclonic Storm,2008117N11090,NARGIS,NI,BB,north_indian_ocean,bay_of_bengal,2008-04-29T06:00:00Z,13.3,85.7,TS,75.0,VSCS,65.0,newdelhi,1,65.0,True
CLS_03257,2,VSCS,Very Severe Cyclonic Storm,2008117N11090,NARGIS,NI,BB,north_indian_ocean,bay_of_bengal,2008-04-29T18:00:00Z,14.0,86.1,TS,70.0,VSCS,65.0,newdelhi,1,65.0,True
CLS_03258,2,VSCS,Very Severe Cyclonic Storm,2008117N11090,NARGIS,NI,BB,north_indian_ocean,bay_of_bengal,2008-04-30T15:00:00Z,15.1,87.7,TS,65.0,VSCS,65.0,newdelhi,1,65.0,True
CLS_03259,2,VSCS,Very Severe Cyclonic Storm,2008117N11090,NARGIS,NI,BB,north_indian_ocean,bay_of_bengal,2008-05-01T09:00:00Z,16.0,90.1,TS,85.0,VSCS,65.0,newdelhi,2,65.0,True
CLS_03260,2,VSCS,Very Severe Cyclonic Storm,2008117N11090,NARGIS,NI,BB,north_indian_ocean,bay_of_bengal,2008-05-03T00:00:00Z,16.7,96.0,TS,70.0,VSCS,50.0,newdelhi,1,50.0,True
CLS_03261,2,VSCS,Very Severe Cyclonic Storm,2008128N07134,RAMMASUN,WP,MM,pacific_ocean,western_pacific,2008-05-09T12:00:00Z,12.8,132.1,TS,85.0,VSCS,75.0,tokyo,2,75.0,True
CLS_03262,2,VSCS,Very Severe Cyclonic Storm,2008135N12116,HALONG,WP,MM,pacific_ocean,western_pacific,2008-05-17T15:00:00Z,16.6,120.6,TS,65.0,VSCS,,,1,65.0,True
CLS_03263,2,VSCS,Very Severe Cyclonic Storm,2008147N10141,NAKRI,WP,MM,pacific_ocean,western_pacific,2008-06-02T03:00:00Z,26.0,134.9,TS,88.0,VSCS,,,2,88.0,True
CLS_03264,2,VSCS,Very Severe Cyclonic Storm,2008169N08135,FENGSHEN,WP,MM,pacific_ocean,western_pacific,2008-06-20T12:00:00Z,11.7,124.3,TS,80.0,VSCS,75.0,tokyo,1,75.0,True
CLS_03265,2,VSCS,Very Severe Cyclonic Storm,2008179N12252,BORIS,EP,MM,pacific_ocean,eastern_pacific,2008-07-01T12:00:00Z,14.7,-124.3,TS,65.0,VSCS,65.0,hurdat_epa,1,65.0,True
CLS_03266,2,VSCS,Very Severe Cyclonic Storm,2008179N12252,BORIS,EP,MM,pacific_ocean,eastern_pacific,2008-07-02T09:00:00Z,16.0,-126.6,TS,68.0,VSCS,,,1,68.0,True
CLS_03267,2,VSCS,Very Severe Cyclonic Storm,2008194N11266,ELIDA,EP,MM,pacific_ocean,eastern_pacific,2008-07-16T15:00:00Z,16.7,-116.6,TS,83.0,VSCS,,,2,83.0,True
CLS_03268,2,VSCS,Very Severe Cyclonic Storm,2008193N20126,KALMAEGI,WP,MM,pacific_ocean,western_pacific,2008-07-17T21:00:00Z,25.0,121.3,TS,65.0,VSCS,45.0,tokyo,1,45.0,True
CLS_03269,2,VSCS,Very Severe Cyclonic Storm,2008198N10265,FAUSTO,EP,MM,pacific_ocean,eastern_pacific,2008-07-18T18:00:00Z,13.9,-108.0,TS,65.0,VSCS,65.0,hurdat_epa,1,65.0,True
CLS_03270,2,VSCS,Very Severe Cyclonic Storm,2008198N10265,FAUSTO,EP,MM,pacific_ocean,eastern_pacific,2008-07-21T15:00:00Z,20.2,-116.7,TS,65.0,VSCS,,,1,65.0,True
CLS_03271,2,VSCS,Very Severe Cyclonic Storm,2008204N13260,GENEVIEVE,EP,MM,pacific_ocean,eastern_pacific,2008-07-25T21:00:00Z,16.6,-117.0,TS,65.0,VSCS,,,1,65.0,True
CLS_03272,2,VSCS,Very Severe Cyclonic Storm,2008206N22133,FUNG-WONG,WP,MM,pacific_ocean,western_pacific,2008-07-26T15:00:00Z,21.2,125.8,TS,68.0,VSCS,,,1,68.0,True
CLS_03273,2,VSCS,Very Severe Cyclonic Storm,2008220N12250,HERNAN,EP,MM,pacific_ocean,eastern_pacific,2008-08-11T03:00:00Z,18.5,-128.4,TS,75.0,VSCS,,,1,75.0,True
CLS_03274,2,VSCS,Very Severe Cyclonic Storm,2008220N12250,HERNAN,EP,MM,pacific_ocean,eastern_pacific,2008-08-11T15:00:00Z,18.8,-130.1,TS,68.0,VSCS,,,1,68.0,True
CLS_03275,2,VSCS,Very Severe Cyclonic Storm,2008229N13147,NURI,WP,MM,pacific_ocean,western_pacific,2008-08-20T18:00:00Z,19.9,119.1,TS,80.0,VSCS,75.0,tokyo,1,75.0,True
CLS_03276,2,VSCS,Very Severe Cyclonic Storm,2008252N16128,SINLAKU,WP,MM,pacific_ocean,western_pacific,2008-09-14T06:00:00Z,25.3,121.4,TS,75.0,VSCS,60.0,tokyo,1,60.0,True
CLS_03277,2,VSCS,Very Severe Cyclonic Storm,2008262N16142,HAGUPIT,WP,MM,pacific_ocean,western_pacific,2008-09-21T12:00:00Z,18.0,125.6,TS,65.0,VSCS,65.0,tokyo,1,65.0,True
CLS_03278,2,VSCS,Very Severe Cyclonic Storm,2008268N12140,JANGMI,WP,MM,pacific_ocean,western_pacific,2008-09-25T21:00:00Z,15.5,130.1,TS,85.0,VSCS,,,2,85.0,True
CLS_03279,2,VSCS,Very Severe Cyclonic Storm,2008275N16245,MARIE,EP,MM,pacific_ocean,eastern_pacific,2008-10-04T09:00:00Z,18.0,-122.2,TS,68.0,VSCS,,,1,68.0,True
CLS_03280,2,VSCS,Very Severe Cyclonic Storm,2008278N13261,NORBERT,EP,MM,pacific_ocean,eastern_pacific,2008-10-07T12:00:00Z,15.0,-106.8,TS,70.0,VSCS,70.0,hurdat_epa,1,70.0,True
CLS_03281,2,VSCS,Very Severe Cyclonic Storm,2008278N13261,NORBERT,EP,MM,pacific_ocean,eastern_pacific,2008-10-10T18:00:00Z,20.9,-113.5,TS,80.0,VSCS,80.0,hurdat_epa,1,80.0,True
CLS_03282,2,VSCS,Very Severe Cyclonic Storm,2008343N16168,DOLPHIN,WP,MM,pacific_ocean,western_pacific,2008-12-17T00:00:00Z,18.5,132.0,TS,65.0,VSCS,50.0,tokyo,1,50.0,True
CLS_03283,2,VSCS,Very Severe Cyclonic Storm,2008351S11128,BILLY,SI,WA,south_indian_ocean,,2008-12-26T00:00:00Z,-16.2,114.8,TS,85.0,VSCS,80.0,bom,2,80.0,True
CLS_03284,2,VSCS,Very Severe Cyclonic Storm,2009017S20043,FANELE,SI,MM,south_indian_ocean,,2009-01-19T18:00:00Z,-21.6,41.4,TS,65.0,VSCS,65.0,reunion,1,65.0,True
CLS_03285,2,VSCS,Very Severe Cyclonic Storm,2009032S15071,GAEL,SI,MM,south_indian_ocean,,2009-02-09T21:00:00Z,-31.2,60.0,TS,65.0,VSCS,,,1,65.0,True
CLS_03286,2,VSCS,Very Severe Cyclonic Storm,2009051S11075,HINA,SI,MM,south_indian_ocean,,2009-02-23T00:00:00Z,-18.5,78.5,TS,65.0,VSCS,55.0,reunion,1,55.0,True
CLS_03287,2,VSCS,Very Severe Cyclonic Storm,2009064S13148,HAMISH,SP,EA,pacific_ocean,southern_pacific,2009-03-06T15:00:00Z,-15.9,147.5,TS,83.0,VSCS,,,2,83.0,True
CLS_03288,2,VSCS,Very Severe Cyclonic Storm,2009064S13148,HAMISH,SP,EA,pacific_ocean,southern_pacific,2009-03-10T09:00:00Z,-24.7,155.9,TS,88.0,VSCS,,,2,88.0,True
CLS_03289,2,VSCS,Very Severe Cyclonic Storm,2009064S13148,HAMISH,SP,EA,pacific_ocean,southern_pacific,2009-03-10T21:00:00Z,-24.5,155.3,TS,70.0,VSCS,,,1,70.0,True
CLS_03290,2,VSCS,Very Severe Cyclonic Storm,2009074S10129,ILSA,SI,WA,south_indian_ocean,,2009-03-18T18:00:00Z,-14.6,109.7,TS,65.0,VSCS,60.0,bom,1,60.0,True
CLS_03291,2,VSCS,Very Severe Cyclonic Storm,2009074S10129,ILSA,SI,WA,south_indian_ocean,,2009-03-21T15:00:00Z,-16.1,100.6,TS,78.0,VSCS,,,1,78.0,True
CLS_03292,2,VSCS,Very Severe Cyclonic Storm,2009082S16039,IZILDA,SI,MM,south_indian_ocean,,2009-03-26T00:00:00Z,-23.7,42.6,TS,65.0,VSCS,57.0,reunion,1,57.0,True
CLS_03293,2,VSCS,Very Severe Cyclonic Storm,2009093S12062,JADE,SI,MM,south_indian_ocean,,2009-04-06T06:00:00Z,-15.8,49.9,TS,65.0,VSCS,55.0,reunion,1,55.0,True
CLS_03294,2,VSCS,Very Severe Cyclonic Storm,2009121N13124,KUJIRA,WP,MM,pacific_ocean,western_pacific,2009-05-06T15:00:00Z,23.5,142.1,TS,75.0,VSCS,,,1,75.0,True
CLS_03295,2,VSCS,Very Severe Cyclonic Storm,2009123N10111,CHAN-HOM,WP,MM,pacific_ocean,western_pacific,2009-05-06T18:00:00Z,14.8,116.0,TS,75.0,VSCS,65.0,tokyo,1,65.0,True
CLS_03296,2,VSCS,Very Severe Cyclonic Storm,2009143N17089,AILA,NI,BB,north_indian_ocean,bay_of_bengal,2009-05-25T06:00:00Z,21.6,88.2,TS,65.0,VSCS,55.0,newdelhi,1,55.0,True
CLS_03297,2,VSCS,Very Severe Cyclonic Storm,2009164N10131,LINFA,WP,MM,pacific_ocean,western_pacific,2009-06-20T06:00:00Z,20.6,117.4,TS,65.0,VSCS,60.0,tokyo,1,60.0,True
CLS_03298,2,VSCS,Very Severe Cyclonic Storm,2009171N15264,ANDRES,EP,MM,pacific_ocean,eastern_pacific,2009-06-23T03:00:00Z,16.9,-102.8,TS,65.0,VSCS,,,1,65.0,True
CLS_03299,2,VSCS,Very Severe Cyclonic Storm,2009171N15264,ANDRES,EP,MM,pacific_ocean,eastern_pacific,2009-06-23T18:00:00Z,18.4,-104.8,TS,65.0,VSCS,65.0,hurdat_epa,1,65.0,True
CLS_03300,2,VSCS,Very Severe Cyclonic Storm,2009190N09254,CARLOS,EP,MM,pacific_ocean,eastern_pacific,2009-07-14T15:00:00Z,10.0,-127.6,TS,78.0,VSCS,,,1,78.0,True
CLS_03301,2,VSCS,Very Severe Cyclonic Storm,2009196N14129,MOLAVE,WP,MM,pacific_ocean,western_pacific,2009-07-18T09:00:00Z,22.0,116.6,TS,65.0,VSCS,,,1,65.0,True
CLS_03302,2,VSCS,Very Severe Cyclonic Storm,2009215N20133,MORAKOT,WP,MM,pacific_ocean,western_pacific,2009-08-05T15:00:00Z,23.1,130.2,TS,68.0,VSCS,,,1,68.0,True
CLS_03303,2,VSCS,Very Severe Cyclonic Storm,2009215N10242,FELICIA,EP,CP,pacific_ocean,eastern_pacific,2009-08-09T00:00:00Z,19.9,-142.7,TS,75.0,VSCS,75.0,hurdat_epa,1,75.0,True
CLS_03304,2,VSCS,Very Severe Cyclonic Storm,2009222N09262,GUILLERMO,EP,MM,pacific_ocean,eastern_pacific,2009-08-16T18:00:00Z,20.2,-139.2,TS,75.0,VSCS,75.0,hurdat_epa,1,75.0,True
CLS_03305,2,VSCS,Very Severe Cyclonic Storm,2009228N11163,VAMCO,WP,MM,pacific_ocean,western_pacific,2009-08-25T06:00:00Z,41.4,158.7,TS,75.0,VSCS,65.0,tokyo,1,65.0,True
CLS_03306,2,VSCS,Very Severe Cyclonic Storm,2009239N12270,JIMENA,EP,MM,pacific_ocean,eastern_pacific,2009-08-29T21:00:00Z,15.1,-104.3,TS,83.0,VSCS,,,2,83.0,True
CLS_03307,2,VSCS,Very Severe Cyclonic Storm,2009238N20151,KROVANH,WP,MM,pacific_ocean,western_pacific,2009-08-31T00:00:00Z,33.5,139.9,TS,65.0,VSCS,60.0,tokyo,1,60.0,True
CLS_03308,2,VSCS,Very Severe Cyclonic Storm,2009246N12250,LINDA,EP,MM,pacific_ocean,eastern_pacific,2009-09-10T09:00:00Z,17.8,-129.6,TS,70.0,VSCS,,,1,70.0,True
CLS_03309,2,VSCS,Very Severe Cyclonic Storm,2009255N13155,CHOI-WAN,WP,MM,pacific_ocean,western_pacific,2009-09-19T12:00:00Z,30.6,143.3,TS,75.0,VSCS,70.0,tokyo,1,70.0,True
CLS_03310,2,VSCS,Very Severe Cyclonic Storm,2009270N10148,PARMA,WP,MM,pacific_ocean,western_pacific,2009-09-30T03:00:00Z,9.5,136.1,TS,78.0,VSCS,,,1,78.0,True
CLS_03311,2,VSCS,Very Severe Cyclonic Storm,2009287N10154,LUPIT,WP,MM,pacific_ocean,western_pacific,2009-10-16T12:00:00Z,14.2,134.4,TS,75.0,VSCS,60.0,tokyo,1,60.0,True
CLS_03312,2,VSCS,Very Severe Cyclonic Storm,2009288N07267,RICK,EP,MM,pacific_ocean,eastern_pacific,2009-10-17T00:00:00Z,13.3,-100.5,TS,85.0,VSCS,85.0,hurdat_epa,2,85.0,True
CLS_03313,2,VSCS,Very Severe Cyclonic Storm,2009289N12230,NEKI,EP,CP,pacific_ocean,eastern_pacific,2009-10-23T12:00:00Z,22.5,-165.6,TS,70.0,VSCS,70.0,hurdat_epa,1,70.0,True
CLS_03314,2,VSCS,Very Severe Cyclonic Storm,2009299N12153,MIRINAE,WP,MM,pacific_ocean,western_pacific,2009-10-30T06:00:00Z,14.9,124.6,TS,85.0,VSCS,65.0,tokyo,2,65.0,True
CLS_03315,2,VSCS,Very Severe Cyclonic Storm,2009317S10073,ANJA,SI,MM,south_indian_ocean,,2009-11-14T21:00:00Z,-12.9,70.6,TS,75.0,VSCS,,,1,75.0,True
CLS_03316,2,VSCS,Very Severe Cyclonic Storm,2009317S10073,ANJA,SI,MM,south_indian_ocean,,2009-11-17T18:00:00Z,-19.7,66.9,TS,65.0,VSCS,55.0,reunion,1,55.0,True
CLS_03317,2,VSCS,Very Severe Cyclonic Storm,2009325N06148,NIDA,WP,MM,pacific_ocean,western_pacific,2009-11-30T21:00:00Z,20.2,138.3,TS,85.0,VSCS,,,2,85.0,True
CLS_03318,2,VSCS,Very Severe Cyclonic Storm,2009337S07096,CLEO,SI,MM,south_indian_ocean,,2009-12-08T03:00:00Z,-10.6,76.9,TS,83.0,VSCS,,,2,83.0,True
CLS_03319,2,VSCS,Very Severe Cyclonic Storm,2009337S07096,CLEO,SI,MM,south_indian_ocean,,2009-12-09T21:00:00Z,-12.8,71.3,TS,85.0,VSCS,,,2,85.0,True
CLS_03320,2,VSCS,Very Severe Cyclonic Storm,2009346S10172,MICK,SP,MM,pacific_ocean,southern_pacific,2009-12-13T18:00:00Z,-16.4,176.7,TS,65.0,VSCS,50.0,nadi,1,50.0,True
CLS_03321,2,VSCS,Very Severe Cyclonic Storm,2009346S10172,MICK,SP,MM,pacific_ocean,southern_pacific,2009-12-14T06:00:00Z,-18.2,178.2,TS,65.0,VSCS,50.0,nadi,1,50.0,True
CLS_03322,2,VSCS,Very Severe Cyclonic Storm,2009342S09140,LAURENCE,SI,WA,south_indian_ocean,,2009-12-20T15:00:00Z,-18.6,120.4,TS,85.0,VSCS,,,2,85.0,True
CLS_03323,2,VSCS,Very Severe Cyclonic Storm,2010002S09096,EDZANI,SI,MM,south_indian_ocean,,2010-01-10T18:00:00Z,-23.3,71.1,TS,75.0,VSCS,65.0,reunion,1,65.0,True
CLS_03324,2,VSCS,Very Severe Cyclonic Storm,2010019S11123,MAGDA,SI,WA,south_indian_ocean,,2010-01-21T06:00:00Z,-14.3,123.5,TS,65.0,VSCS,60.0,bom,1,60.0,True
CLS_03325,2,VSCS,Very Severe Cyclonic Storm,2010029S12177,OLI,SP,MM,pacific_ocean,southern_pacific,2010-02-03T12:00:00Z,-15.9,204.7,TS,65.0,VSCS,60.0,nadi,1,60.0,True
CLS_03326,2,VSCS,Very Severe Cyclonic Storm,2010029S12177,OLI,SP,MM,pacific_ocean,southern_pacific,2010-02-04T00:00:00Z,-17.1,206.5,TS,85.0,VSCS,65.0,nadi,2,65.0,True
CLS_03327,2,VSCS,Very Severe Cyclonic Storm,2010029S12177,OLI,SP,MM,pacific_ocean,southern_pacific,2010-02-06T03:00:00Z,-26.3,212.7,TS,73.0,VSCS,,,1,73.0,True
CLS_03328,2,VSCS,Very Severe Cyclonic Storm,2010038S08194,PAT,SP,MM,pacific_ocean,southern_pacific,2010-02-09T15:00:00Z,-16.1,-158.8,TS,73.0,VSCS,,,1,73.0,True
CLS_03329,2,VSCS,Very Severe Cyclonic Storm,2010038S08194,PAT,SP,MM,pacific_ocean,southern_pacific,2010-02-10T03:00:00Z,-17.8,-159.2,TS,85.0,VSCS,,,2,85.0,True
CLS_03330,2,VSCS,Very Severe Cyclonic Storm,2010038S08194,PAT,SP,MM,pacific_ocean,southern_pacific,2010-02-10T21:00:00Z,-19.6,-160.5,TS,78.0,VSCS,,,1,78.0,True
CLS_03331,2,VSCS,Very Severe Cyclonic Storm,2010040S11185,RENE,SP,MM,pacific_ocean,southern_pacific,2010-02-12T18:00:00Z,-13.9,191.9,TS,65.0,VSCS,55.0,nadi,1,55.0,True
CLS_03332,2,VSCS,Very Severe Cyclonic Storm,2010040S11185,RENE,SP,MM,pacific_ocean,southern_pacific,2010-02-13T09:00:00Z,-14.3,190.7,TS,85.0,VSCS,,,2,85.0,True
CLS_03333,2,VSCS,Very Severe Cyclonic Storm,2010040S11185,RENE,SP,MM,pacific_ocean,southern_pacific,2010-02-15T03:00:00Z,-20.2,185.4,TS,80.0,VSCS,,,1,80.0,True
CLS_03334,2,VSCS,Very Severe Cyclonic Storm,2010040S11185,RENE,SP,MM,pacific_ocean,southern_pacific,2010-02-15T15:00:00Z,-22.1,183.5,TS,65.0,VSCS,,,1,65.0,True
CLS_03335,2,VSCS,Very Severe Cyclonic Storm,2010046S10058,GELANE,SI,MM,south_indian_ocean,,2010-02-18T03:00:00Z,-14.8,62.0,TS,85.0,VSCS,,,2,85.0,True
CLS_03336,2,VSCS,Very Severe Cyclonic Storm,2010046S10058,GELANE,SI,MM,south_indian_ocean,,2010-02-20T12:00:00Z,-19.3,61.6,TS,80.0,VSCS,57.0,reunion,1,57.0,True
CLS_03337,2,VSCS,Very Severe Cyclonic Storm,2010069S12188,TOMAS,SP,MM,pacific_ocean,southern_pacific,2010-03-13T03:00:00Z,-11.9,-178.3,TS,65.0,VSCS,,,1,65.0,True
CLS_03338,2,VSCS,Very Severe Cyclonic Storm,2010070S15168,ULUI,SP,MM,pacific_ocean,southern_pacific,2010-03-13T06:00:00Z,-13.2,163.7,TS,80.0,VSCS,70.0,nadi,1,70.0,True
CLS_03339,2,VSCS,Very Severe Cyclonic Storm,2010069S12188,TOMAS,SP,MM,pacific_ocean,southern_pacific,2010-03-13T15:00:00Z,-12.8,-178.9,TS,68.0,VSCS,,,1,68.0,True
CLS_03340,2,VSCS,Very Severe Cyclonic Storm,2010069S12188,TOMAS,SP,MM,pacific_ocean,southern_pacific,2010-03-14T06:00:00Z,-14.1,-179.5,TS,85.0,VSCS,80.0,nadi,2,80.0,True
CLS_03341,2,VSCS,Very Severe Cyclonic Storm,2010069S12188,TOMAS,SP,MM,pacific_ocean,southern_pacific,2010-03-17T09:00:00Z,-28.3,-172.4,TS,75.0,VSCS,,,1,75.0,True
CLS_03342,2,VSCS,Very Severe Cyclonic Storm,2010070S15168,ULUI,SP,EA,pacific_ocean,southern_pacific,2010-03-18T00:00:00Z,-14.9,157.8,TS,85.0,VSCS,80.0,bom,2,80.0,True
CLS_03343,2,VSCS,Very Severe Cyclonic Storm,2010070S15168,ULUI,SP,EA,pacific_ocean,southern_pacific,2010-03-18T18:00:00Z,-16.2,157.3,TS,70.0,VSCS,55.0,bom,1,55.0,True
CLS_03344,2,VSCS,Very Severe Cyclonic Storm,2010070S15168,ULUI,SP,EA,pacific_ocean,southern_pacific,2010-03-20T15:00:00Z,-20.2,149.0,TS,70.0,VSCS,,,1,70.0,True
CLS_03345,2,VSCS,Very Severe Cyclonic Storm,2010080S06089,IMANI,SI,MM,south_indian_ocean,,2010-03-24T15:00:00Z,-17.2,85.5,TS,68.0,VSCS,,,1,68.0,True
CLS_03346,2,VSCS,Very Severe Cyclonic Storm,2010080S06089,IMANI,SI,MM,south_indian_ocean,,2010-03-25T09:00:00Z,-19.7,85.7,TS,78.0,VSCS,,,1,78.0,True
CLS_03347,2,VSCS,Very Severe Cyclonic Storm,2010084S09138,PAUL,SP,EA,pacific_ocean,southern_pacific,2010-03-29T12:00:00Z,-13.4,136.0,TS,70.0,VSCS,70.0,bom,1,70.0,True
CLS_03348,2,VSCS,Very Severe Cyclonic Storm,2010091S09093,ROBYN,SI,WA,south_indian_ocean,,2010-04-05T00:00:00Z,-15.7,91.4,TS,65.0,VSCS,60.0,bom,1,60.0,True
CLS_03349,2,VSCS,Very Severe Cyclonic Storm,2010137N10090,LAILA,NI,BB,north_indian_ocean,bay_of_bengal,2010-05-19T00:00:00Z,13.5,82.0,TS,65.0,VSCS,45.0,newdelhi,1,45.0,True
CLS_03350,2,VSCS,Very Severe Cyclonic Storm,2010151N14065,PHET,NI,AS,north_indian_ocean,arabian_sea,2010-06-01T18:00:00Z,17.1,61.8,TS,75.0,VSCS,45.0,newdelhi,1,45.0,True
CLS_03351,2,VSCS,Very Severe Cyclonic Storm,2010151N14065,PHET,NI,AS,north_indian_ocean,arabian_sea,2010-06-04T06:00:00Z,22.2,59.4,TS,75.0,VSCS,60.0,newdelhi,1,60.0,True
CLS_03352,2,VSCS,Very Severe Cyclonic Storm,2010169N13266,CELIA,EP,MM,pacific_ocean,eastern_pacific,2010-06-20T18:00:00Z,11.6,-100.0,TS,65.0,VSCS,65.0,hurdat_epa,1,65.0,True
CLS_03353,2,VSCS,Very Severe Cyclonic Storm,2010172N08272,DARBY,EP,MM,pacific_ocean,eastern_pacific,2010-06-24T09:00:00Z,12.6,-97.9,TS,68.0,VSCS,,,1,68.0,True
CLS_03354,2,VSCS,Very Severe Cyclonic Storm,2010172N08272,DARBY,EP,MM,pacific_ocean,eastern_pacific,2010-06-27T00:00:00Z,13.5,-102.9,TS,70.0,VSCS,70.0,hurdat_epa,1,70.0,True
CLS_03355,2,VSCS,Very Severe Cyclonic Storm,2010191N12138,CONSON,WP,MM,pacific_ocean,western_pacific,2010-07-16T06:00:00Z,17.6,110.2,TS,80.0,VSCS,70.0,tokyo,1,70.0,True
CLS_03356,2,VSCS,Very Severe Cyclonic Storm,2010233N17119,MINDULLE,WP,MM,pacific_ocean,western_pacific,2010-08-24T00:00:00Z,18.1,107.3,TS,65.0,VSCS,45.0,tokyo,1,45.0,True
CLS_03357,2,VSCS,Very Severe Cyclonic Storm,2010234N14267,FRANK,EP,MM,pacific_ocean,eastern_pacific,2010-08-26T18:00:00Z,17.9,-109.9,TS,80.0,VSCS,80.0,hurdat_epa,1,80.0,True
CLS_03358,2,VSCS,Very Severe Cyclonic Storm,2010240N15142,KOMPASU,WP,MM,pacific_ocean,western_pacific,2010-08-30T15:00:00Z,24.1,130.7,TS,85.0,VSCS,,,2,85.0,True
CLS_03359,2,VSCS,Very Severe Cyclonic Storm,2010249N24125,MERANTI,WP,MM,pacific_ocean,western_pacific,2010-09-09T12:00:00Z,23.1,119.0,TS,65.0,VSCS,50.0,tokyo,1,50.0,True
CLS_03360,2,VSCS,Very Severe Cyclonic Storm,2010263N15149,MALAKAS,WP,MM,pacific_ocean,western_pacific,2010-09-25T03:00:00Z,35.8,145.2,TS,70.0,VSCS,,,1,70.0,True
CLS_03361,2,VSCS,Very Severe Cyclonic Storm,2010285N13145,MEGI,WP,MM,pacific_ocean,western_pacific,2010-10-14T21:00:00Z,14.0,137.6,TS,85.0,VSCS,,,2,85.0,True
CLS_03362,2,VSCS,Very Severe Cyclonic Storm,2010293N17093,GIRI,NI,BB,north_indian_ocean,bay_of_bengal,2010-10-21T15:00:00Z,18.0,92.2,TS,68.0,VSCS,45.0,newdelhi,1,45.0,True
CLS_03363,2,VSCS,Very Severe Cyclonic Storm,2010293N17093,GIRI,NI,BB,north_indian_ocean,bay_of_bengal,2010-10-22T18:00:00Z,20.5,93.9,TS,80.0,VSCS,70.0,newdelhi,1,70.0,True
CLS_03364,2,VSCS,Very Severe Cyclonic Storm,2010293N16147,CHABA,WP,MM,pacific_ocean,western_pacific,2010-10-26T15:00:00Z,20.3,128.0,TS,85.0,VSCS,,,2,85.0,True
CLS_03365,2,VSCS,Very Severe Cyclonic Storm,2010331S07089,ABELE,SI,MM,south_indian_ocean,,2010-12-02T12:00:00Z,-17.1,88.6,TS,75.0,VSCS,70.0,reunion,1,70.0,True
CLS_03366,2,VSCS,Very Severe Cyclonic Storm,2010331S07089,ABELE,SI,WA,south_indian_ocean,,2010-12-03T00:00:00Z,-18.4,90.5,TS,65.0,VSCS,50.0,bom,1,50.0,True
CLS_03367,2,VSCS,Very Severe Cyclonic Storm,2011013S15151,ZELIA,SP,EA,pacific_ocean,southern_pacific,2011-01-15T21:00:00Z,-16.8,155.9,TS,78.0,VSCS,,,1,78.0,True
CLS_03368,2,VSCS,Very Severe Cyclonic Storm,2011013S15151,ZELIA,SP,MM,pacific_ocean,southern_pacific,2011-01-16T15:00:00Z,-21.6,161.7,TS,88.0,VSCS,,,2,88.0,True
CLS_03369,2,VSCS,Very Severe Cyclonic Storm,2011013S15151,ZELIA,SP,MM,pacific_ocean,southern_pacific,2011-01-17T06:00:00Z,-27.4,167.4,TS,65.0,VSCS,60.0,wellington,1,60.0,True
CLS_03370,2,VSCS,Very Severe Cyclonic Storm,2011020S13182,WILMA,SP,MM,pacific_ocean,southern_pacific,2011-01-24T21:00:00Z,-19.7,185.8,TS,73.0,VSCS,,,1,73.0,True
CLS_03371,2,VSCS,Very Severe Cyclonic Storm,2011020S13182,WILMA,SP,MM,pacific_ocean,southern_pacific,2011-01-27T18:00:00Z,-28.4,171.8,TS,65.0,VSCS,80.0,wellington,1,80.0,True
CLS_03372,2,VSCS,Very Severe Cyclonic Storm,2011021S16129,BIANCA,SI,WA,south_indian_ocean,,2011-01-28T21:00:00Z,-27.0,107.8,TS,83.0,VSCS,,,2,83.0,True
CLS_03373,2,VSCS,Very Severe Cyclonic Storm,2011028S13180,YASI,SP,MM,pacific_ocean,southern_pacific,2011-01-31T03:00:00Z,-13.7,163.4,TS,70.0,VSCS,,,1,70.0,True
CLS_03374,2,VSCS,Very Severe Cyclonic Storm,2011028S13180,YASI,SP,EA,pacific_ocean,southern_pacific,2011-02-03T00:00:00Z,-19.3,143.2,TS,80.0,VSCS,50.0,bom,1,50.0,True
CLS_03375,2,VSCS,Very Severe Cyclonic Storm,2011038S11062,BINGIZA,SI,MM,south_indian_ocean,,2011-02-14T06:00:00Z,-15.9,49.7,TS,85.0,VSCS,70.0,reunion,2,70.0,True
CLS_03376,2,VSCS,Very Severe Cyclonic Storm,2011045S17119,DIANNE,SI,WA,south_indian_ocean,,2011-02-19T06:00:00Z,-22.2,107.8,TS,80.0,VSCS,70.0,bom,1,70.0,True
CLS_03377,2,VSCS,Very Severe Cyclonic Storm,2011048S14171,ATU,SP,MM,pacific_ocean,southern_pacific,2011-02-20T03:00:00Z,-16.9,169.3,TS,83.0,VSCS,,,2,83.0,True
CLS_03378,2,VSCS,Very Severe Cyclonic Storm,2011048S14171,ATU,SP,MM,pacific_ocean,southern_pacific,2011-02-22T21:00:00Z,-26.2,174.2,TS,85.0,VSCS,,,2,85.0,True
CLS_03379,2,VSCS,Very Severe Cyclonic Storm,2011048S14171,ATU,SP,MM,pacific_ocean,southern_pacific,2011-02-23T09:00:00Z,-29.3,177.1,TS,73.0,VSCS,,,1,73.0,True
CLS_03380,2,VSCS,Very Severe Cyclonic Storm,2011045S14132,CARLOS,SI,WA,south_indian_ocean,,2011-02-23T12:00:00Z,-23.0,112.6,TS,65.0,VSCS,55.0,bom,1,55.0,True
CLS_03381,2,VSCS,Very Severe Cyclonic Storm,2011045S14132,CARLOS,SI,WA,south_indian_ocean,,2011-02-24T03:00:00Z,-24.1,110.2,TS,65.0,VSCS,,,1,65.0,True
CLS_03382,2,VSCS,Very Severe Cyclonic Storm,2011082S17184,BUNE,SP,MM,pacific_ocean,southern_pacific,2011-03-25T09:00:00Z,-22.4,180.7,TS,70.0,VSCS,,,1,70.0,True
CLS_03383,2,VSCS,Very Severe Cyclonic Storm,2011082S17184,BUNE,SP,MM,pacific_ocean,southern_pacific,2011-03-26T03:00:00Z,-23.0,180.1,TS,70.0,VSCS,,,1,70.0,True
CLS_03384,2,VSCS,Very Severe Cyclonic Storm,2011082S17184,BUNE,SP,MM,pacific_ocean,southern_pacific,2011-03-26T15:00:00Z,-23.5,179.4,TS,73.0,VSCS,,,1,73.0,True
CLS_03385,2,VSCS,Very Severe Cyclonic Storm,2011082S17184,BUNE,SP,MM,pacific_ocean,southern_pacific,2011-03-27T06:00:00Z,-24.9,178.8,TS,65.0,VSCS,65.0,nadi,1,65.0,True
CLS_03386,2,VSCS,Very Severe Cyclonic Storm,2011140N08142,SONGDA,WP,MM,pacific_ocean,western_pacific,2011-05-24T09:00:00Z,12.4,129.8,TS,68.0,VSCS,,,1,68.0,True
CLS_03387,2,VSCS,Very Severe Cyclonic Storm,2011158N11260,ADRIAN,EP,MM,pacific_ocean,eastern_pacific,2011-06-09T00:00:00Z,13.5,-102.0,TS,70.0,VSCS,70.0,hurdat_epa,1,70.0,True
CLS_03388,2,VSCS,Very Severe Cyclonic Storm,2011170N12263,BEATRIZ,EP,MM,pacific_ocean,eastern_pacific,2011-06-20T18:00:00Z,16.7,-102.9,TS,70.0,VSCS,70.0,hurdat_epa,1,70.0,True
CLS_03389,2,VSCS,Very Severe Cyclonic Storm,2011188N14261,CALVIN,EP,MM,pacific_ocean,eastern_pacific,2011-07-08T21:00:00Z,16.6,-108.6,TS,68.0,VSCS,,,1,68.0,True
CLS_03390,2,VSCS,Very Severe Cyclonic Storm,2011192N18158,MA-ON,WP,MM,pacific_ocean,western_pacific,2011-07-13T12:00:00Z,19.8,150.0,TS,65.0,VSCS,55.0,tokyo,1,55.0,True
CLS_03391,2,VSCS,Very Severe Cyclonic Storm,2011199N10271,DORA,EP,MM,pacific_ocean,eastern_pacific,2011-07-20T03:00:00Z,13.4,-100.2,TS,75.0,VSCS,,,1,75.0,True
CLS_03392,2,VSCS,Very Severe Cyclonic Storm,2011199N10271,DORA,EP,MM,pacific_ocean,eastern_pacific,2011-07-22T09:00:00Z,18.9,-108.8,TS,85.0,VSCS,,,2,85.0,True
CLS_03393,2,VSCS,Very Severe Cyclonic Storm,2011205N12130,NOCK-TEN,WP,MM,pacific_ocean,western_pacific,2011-07-27T00:00:00Z,15.7,122.3,TS,65.0,VSCS,45.0,tokyo,1,45.0,True
CLS_03394,2,VSCS,Very Severe Cyclonic Storm,2011212N10264,EUGENE,EP,MM,pacific_ocean,eastern_pacific,2011-08-01T21:00:00Z,12.8,-105.6,TS,68.0,VSCS,,,1,68.0,True
CLS_03395,2,VSCS,Very Severe Cyclonic Storm,2011212N10264,EUGENE,EP,MM,pacific_ocean,eastern_pacific,2011-08-05T00:00:00Z,17.2,-120.6,TS,80.0,VSCS,80.0,hurdat_epa,1,80.0,True
CLS_03396,2,VSCS,Very Severe Cyclonic Storm,2011208N09145,MUIFA,WP,MM,pacific_ocean,western_pacific,2011-08-05T03:00:00Z,25.5,127.5,TS,85.0,VSCS,85.0,tokyo,2,85.0,True
CLS_03397,2,VSCS,Very Severe Cyclonic Storm,2011215N24164,MERBOK,WP,MM,pacific_ocean,western_pacific,2011-08-07T06:00:00Z,31.6,154.1,TS,70.0,VSCS,50.0,tokyo,1,50.0,True
CLS_03398,2,VSCS,Very Severe Cyclonic Storm,2011229N14261,GREG,EP,MM,pacific_ocean,eastern_pacific,2011-08-18T00:00:00Z,17.3,-107.5,TS,65.0,VSCS,65.0,hurdat_epa,1,65.0,True
CLS_03399,2,VSCS,Very Severe Cyclonic Storm,2011229N14261,GREG,EP,MM,pacific_ocean,eastern_pacific,2011-08-19T03:00:00Z,18.9,-113.9,TS,68.0,VSCS,,,1,68.0,True
CLS_03400,2,VSCS,Very Severe Cyclonic Storm,2011233N12129,NANMADOL,WP,MM,pacific_ocean,western_pacific,2011-08-28T15:00:00Z,21.8,121.0,TS,73.0,VSCS,,,1,73.0,True
CLS_03401,2,VSCS,Very Severe Cyclonic Storm,2011257N19154,SONCA,WP,MM,pacific_ocean,western_pacific,2011-09-19T06:00:00Z,36.0,146.1,TS,85.0,VSCS,70.0,tokyo,2,70.0,True
CLS_03402,2,VSCS,Very Severe Cyclonic Storm,2011266N13139,NESAT,WP,MM,pacific_ocean,western_pacific,2011-09-25T12:00:00Z,14.7,128.2,TS,65.0,VSCS,55.0,tokyo,1,55.0,True
CLS_03403,2,VSCS,Very Severe Cyclonic Storm,2011264N13264,HILARY,EP,MM,pacific_ocean,eastern_pacific,2011-09-28T06:00:00Z,17.6,-117.8,TS,80.0,VSCS,80.0,hurdat_epa,1,80.0,True
CLS_03404,2,VSCS,Very Severe Cyclonic Storm,2011264N13264,HILARY,EP,MM,pacific_ocean,eastern_pacific,2011-09-28T21:00:00Z,19.0,-119.1,TS,68.0,VSCS,,,1,68.0,True
CLS_03405,2,VSCS,Very Severe Cyclonic Storm,2011270N18139,NALGAE,WP,MM,pacific_ocean,western_pacific,2011-09-29T03:00:00Z,18.0,133.7,TS,65.0,VSCS,,,1,65.0,True
CLS_03406,2,VSCS,Very Severe Cyclonic Storm,2011278N12248,IRWIN,EP,MM,pacific_ocean,eastern_pacific,2011-10-07T21:00:00Z,13.8,-120.7,TS,85.0,VSCS,,,2,85.0,True
CLS_03407,2,VSCS,Very Severe Cyclonic Storm,2011279N10257,JOVA,EP,MM,pacific_ocean,eastern_pacific,2011-10-08T21:00:00Z,15.9,-110.2,TS,68.0,VSCS,,,1,68.0,True
CLS_03408,2,VSCS,Very Severe Cyclonic Storm,2011279N10257,JOVA,EP,MM,pacific_ocean,eastern_pacific,2011-10-12T06:00:00Z,19.6,-105.1,TS,85.0,VSCS,85.0,hurdat_epa,2,85.0,True
CLS_03409,2,VSCS,Very Severe Cyclonic Storm,2011323N09264,KENNETH,EP,MM,pacific_ocean,eastern_pacific,2011-11-23T09:00:00Z,12.6,-116.8,TS,85.0,VSCS,,,2,85.0,True
CLS_03410,2,VSCS,Very Severe Cyclonic Storm,2011336S06098,ALENGA,SI,WA,south_indian_ocean,,2011-12-08T12:00:00Z,-18.5,98.7,TS,80.0,VSCS,70.0,bom,1,70.0,True
CLS_03411,2,VSCS,Very Severe Cyclonic Storm,2011360N09088,THANE,NI,BB,north_indian_ocean,bay_of_bengal,2011-12-28T00:00:00Z,12.2,85.4,TS,65.0,VSCS,45.0,newdelhi,1,45.0,True
CLS_03412,2,VSCS,Very Severe Cyclonic Storm,2011360N09088,THANE,NI,BB,north_indian_ocean,bay_of_bengal,2011-12-28T15:00:00Z,12.3,83.9,TS,75.0,VSCS,65.0,newdelhi,1,65.0,True
CLS_03413,2,VSCS,Very Severe Cyclonic Storm,2011360N09088,THANE,NI,BB,north_indian_ocean,bay_of_bengal,2011-12-29T03:00:00Z,11.9,82.5,TS,88.0,VSCS,75.0,newdelhi,2,75.0,True
CLS_03414,2,VSCS,Very Severe Cyclonic Storm,2011360N09088,THANE,NI,BB,north_indian_ocean,bay_of_bengal,2011-12-29T15:00:00Z,11.9,81.0,TS,78.0,VSCS,75.0,newdelhi,1,75.0,True
CLS_03415,2,VSCS,Very Severe Cyclonic Storm,2011361S09095,BENILDE,SI,MM,south_indian_ocean,,2011-12-31T00:00:00Z,-14.3,77.1,TS,85.0,VSCS,75.0,reunion,2,75.0,True
CLS_03416,2,VSCS,Very Severe Cyclonic Storm,2012009S12118,HEIDI,SI,WA,south_indian_ocean,,2012-01-11T15:00:00Z,-19.9,118.8,TS,65.0,VSCS,70.0,bom,1,70.0,True
CLS_03417,2,VSCS,Very Severe Cyclonic Storm,2012018S16041,FUNSO,SI,MM,south_indian_ocean,,2012-01-20T18:00:00Z,-18.3,38.0,TS,80.0,VSCS,65.0,reunion,1,65.0,True
CLS_03418,2,VSCS,Very Severe Cyclonic Storm,2012017S10074,ETHEL,SI,MM,south_indian_ocean,,2012-01-21T00:00:00Z,-20.7,64.0,TS,70.0,VSCS,57.0,reunion,1,57.0,True
CLS_03419,2,VSCS,Very Severe Cyclonic Storm,2012018S16041,FUNSO,SI,MM,south_indian_ocean,,2012-01-28T03:00:00Z,-27.6,40.8,TS,70.0,VSCS,,,1,70.0,True
CLS_03420,2,VSCS,Very Severe Cyclonic Storm,2012024S15116,IGGY,SI,WA,south_indian_ocean,,2012-02-01T00:00:00Z,-26.1,107.8,TS,65.0,VSCS,55.0,bom,1,55.0,True
CLS_03421,2,VSCS,Very Severe Cyclonic Storm,2012032S15141,JASMINE,SP,MM,pacific_ocean,southern_pacific,2012-02-07T00:00:00Z,-18.1,163.2,TS,85.0,VSCS,70.0,nadi,2,70.0,True
CLS_03422,2,VSCS,Very Severe Cyclonic Storm,2012032S15141,JASMINE,SP,MM,pacific_ocean,southern_pacific,2012-02-10T06:00:00Z,-25.7,172.8,TS,80.0,VSCS,70.0,wellington,1,70.0,True
CLS_03423,2,VSCS,Very Severe Cyclonic Storm,2012032S15141,JASMINE,SP,MM,pacific_ocean,southern_pacific,2012-02-11T03:00:00Z,-26.3,176.0,TS,75.0,VSCS,,,1,75.0,True
CLS_03424,2,VSCS,Very Severe Cyclonic Storm,2012039S14075,GIOVANNA,SI,MM,south_indian_ocean,,2012-02-18T06:00:00Z,-26.4,43.7,TS,65.0,VSCS,65.0,reunion,1,65.0,True
CLS_03425,2,VSCS,Very Severe Cyclonic Storm,2012039S14075,GIOVANNA,SI,MM,south_indian_ocean,,2012-02-19T21:00:00Z,-26.0,52.8,TS,70.0,VSCS,,,1,70.0,True
CLS_03426,2,VSCS,Very Severe Cyclonic Storm,2012066S10101,JONI:KOJI,SI,MM,south_indian_ocean,,2012-03-09T18:00:00Z,-18.3,83.7,TS,65.0,VSCS,53.0,reunion,1,53.0,True
CLS_03427,2,VSCS,Very Severe Cyclonic Storm,2012066S10101,JONI:KOJI,SI,MM,south_indian_ocean,,2012-03-10T18:00:00Z,-20.9,79.8,TS,70.0,VSCS,50.0,reunion,1,50.0,True
CLS_03428,2,VSCS,Very Severe Cyclonic Storm,2012070S17112,LUA,SI,WA,south_indian_ocean,,2012-03-15T09:00:00Z,-15.4,113.4,TS,65.0,VSCS,,,1,65.0,True
CLS_03429,2,VSCS,Very Severe Cyclonic Storm,2012070S17112,LUA,SI,WA,south_indian_ocean,,2012-03-16T06:00:00Z,-16.4,116.8,TS,75.0,VSCS,70.0,bom,1,70.0,True
CLS_03430,2,VSCS,Very Severe Cyclonic Storm,2012142N09262,BUD,EP,MM,pacific_ocean,eastern_pacific,2012-05-24T06:00:00Z,14.6,-107.4,TS,80.0,VSCS,80.0,hurdat_epa,1,80.0,True
CLS_03431,2,VSCS,Very Severe Cyclonic Storm,2012141N11148,SANVU,WP,MM,pacific_ocean,western_pacific,2012-05-25T21:00:00Z,24.3,140.8,TS,75.0,VSCS,,,1,75.0,True
CLS_03432,2,VSCS,Very Severe Cyclonic Storm,2012152N12130,MAWAR,WP,MM,pacific_ocean,western_pacific,2012-06-05T06:00:00Z,27.5,132.2,TS,65.0,VSCS,60.0,tokyo,1,60.0,True
CLS_03433,2,VSCS,Very Severe Cyclonic Storm,2012162N06150,GUCHOL,WP,MM,pacific_ocean,western_pacific,2012-06-15T03:00:00Z,10.4,131.3,TS,85.0,VSCS,,,2,85.0,True
CLS_03434,2,VSCS,Very Severe Cyclonic Storm,2012166N09269,CARLOTTA,EP,MM,pacific_ocean,eastern_pacific,2012-06-15T15:00:00Z,13.9,-95.9,TS,75.0,VSCS,,,1,75.0,True
CLS_03435,2,VSCS,Very Severe Cyclonic Storm,2012166N09269,CARLOTTA,EP,MM,pacific_ocean,eastern_pacific,2012-06-16T06:00:00Z,16.5,-97.9,TS,70.0,VSCS,70.0,hurdat_epa,1,70.0,True
CLS_03436,2,VSCS,Very Severe Cyclonic Storm,2012186N12255,DANIEL,EP,MM,pacific_ocean,eastern_pacific,2012-07-07T03:00:00Z,14.4,-117.0,TS,68.0,VSCS,,,1,68.0,True
CLS_03437,2,VSCS,Very Severe Cyclonic Storm,2012186N12255,DANIEL,EP,MM,pacific_ocean,eastern_pacific,2012-07-07T18:00:00Z,14.7,-119.6,TS,80.0,VSCS,80.0,hurdat_epa,1,80.0,True
CLS_03438,2,VSCS,Very Severe Cyclonic Storm,2012189N10262,EMILIA,EP,MM,pacific_ocean,eastern_pacific,2012-07-09T09:00:00Z,12.2,-109.4,TS,75.0,VSCS,,,1,75.0,True
CLS_03439,2,VSCS,Very Severe Cyclonic Storm,2012189N10262,EMILIA,EP,MM,pacific_ocean,eastern_pacific,2012-07-13T09:00:00Z,15.3,-124.8,TS,65.0,VSCS,,,1,65.0,True
CLS_03440,2,VSCS,Very Severe Cyclonic Storm,2012193N12259,FABIO,EP,MM,pacific_ocean,eastern_pacific,2012-07-14T21:00:00Z,16.2,-115.1,TS,88.0,VSCS,,,2,88.0,True
CLS_03441,2,VSCS,Very Severe Cyclonic Storm,2012193N12259,FABIO,EP,MM,pacific_ocean,eastern_pacific,2012-07-15T21:00:00Z,17.3,-118.2,TS,88.0,VSCS,,,2,88.0,True
CLS_03442,2,VSCS,Very Severe Cyclonic Storm,2012209N11131,SAOLA,WP,MM,pacific_ocean,western_pacific,2012-07-31T06:00:00Z,21.3,124.3,TS,65.0,VSCS,60.0,tokyo,1,60.0,True
CLS_03443,2,VSCS,Very Severe Cyclonic Storm,2012209N25149,DAMREY,WP,MM,pacific_ocean,western_pacific,2012-08-02T12:00:00Z,34.4,120.4,TS,70.0,VSCS,65.0,tokyo,1,65.0,True
CLS_03444,2,VSCS,Very Severe Cyclonic Storm,2012215N23146,HAIKUI,WP,MM,pacific_ocean,western_pacific,2012-08-07T12:00:00Z,28.2,123.0,TS,65.0,VSCS,65.0,tokyo,1,65.0,True
CLS_03445,2,VSCS,Very Severe Cyclonic Storm,2012219N12254,GILMA,EP,MM,pacific_ocean,eastern_pacific,2012-08-09T03:00:00Z,16.2,-118.1,TS,68.0,VSCS,,,1,68.0,True
CLS_03446,2,VSCS,Very Severe Cyclonic Storm,2012225N16133,KAI-TAK,WP,MM,pacific_ocean,western_pacific,2012-08-16T00:00:00Z,19.1,117.1,TS,65.0,VSCS,60.0,tokyo,1,60.0,True
CLS_03447,2,VSCS,Very Severe Cyclonic Storm,2012232N13141,BOLAVEN,WP,MM,pacific_ocean,western_pacific,2012-08-22T00:00:00Z,19.2,138.7,TS,80.0,VSCS,70.0,tokyo,1,70.0,True
CLS_03448,2,VSCS,Very Severe Cyclonic Storm,2012230N21126,TEMBIN,WP,MM,pacific_ocean,western_pacific,2012-08-25T03:00:00Z,22.4,118.1,TS,75.0,VSCS,,,1,75.0,True
CLS_03449,2,VSCS,Very Severe Cyclonic Storm,2012239N11261,ILEANA,EP,MM,pacific_ocean,eastern_pacific,2012-08-30T03:00:00Z,19.1,-113.2,TS,65.0,VSCS,,,1,65.0,True
CLS_03450,2,VSCS,Very Severe Cyclonic Storm,2012239N11261,ILEANA,EP,MM,pacific_ocean,eastern_pacific,2012-08-30T21:00:00Z,20.7,-113.9,TS,75.0,VSCS,,,1,75.0,True
CLS_03451,2,VSCS,Very Severe Cyclonic Storm,2012254N09135,SANBA,WP,MM,pacific_ocean,western_pacific,2012-09-12T09:00:00Z,13.3,130.8,TS,65.0,VSCS,,,1,65.0,True
CLS_03452,2,VSCS,Very Severe Cyclonic Storm,2012260N13237,LANE,EP,MM,pacific_ocean,eastern_pacific,2012-09-17T18:00:00Z,17.2,-126.9,TS,70.0,VSCS,70.0,hurdat_epa,1,70.0,True
CLS_03453,2,VSCS,Very Severe Cyclonic Storm,2012266N14254,MIRIAM,EP,MM,pacific_ocean,eastern_pacific,2012-09-25T15:00:00Z,18.7,-114.6,TS,80.0,VSCS,,,1,80.0,True
CLS_03454,2,VSCS,Very Severe Cyclonic Storm,2012263N15141,JELAWAT,WP,MM,pacific_ocean,western_pacific,2012-09-29T18:00:00Z,29.4,132.4,TS,80.0,VSCS,85.0,tokyo,1,85.0,True
CLS_03455,2,VSCS,Very Severe Cyclonic Storm,2012279N15145,PRAPIROON,WP,MM,pacific_ocean,western_pacific,2012-10-14T06:00:00Z,22.3,130.9,TS,70.0,VSCS,75.0,tokyo,1,75.0,True
CLS_03456,2,VSCS,Very Severe Cyclonic Storm,2012288N14248,PAUL,EP,MM,pacific_ocean,eastern_pacific,2012-10-15T09:00:00Z,16.3,-115.0,TS,73.0,VSCS,,,1,73.0,True
CLS_03457,2,VSCS,Very Severe Cyclonic Storm,2012285S04077,ANAIS,SI,MM,south_indian_ocean,,2012-10-15T21:00:00Z,-13.5,62.5,TS,83.0,VSCS,,,2,83.0,True
CLS_03458,2,VSCS,Very Severe Cyclonic Storm,2012296N06135,SON-TINH,WP,MM,pacific_ocean,western_pacific,2012-10-26T18:00:00Z,16.1,112.3,TS,65.0,VSCS,60.0,tokyo,1,60.0,True
CLS_03459,2,VSCS,Very Severe Cyclonic Storm,2012331N03157,BOPHA,WP,MM,pacific_ocean,western_pacific,2012-12-06T00:00:00Z,12.0,117.0,TS,65.0,VSCS,65.0,tokyo,1,65.0,True
CLS_03460,2,VSCS,Very Severe Cyclonic Storm,2012337S06089,CLAUDIA,SI,MM,south_indian_ocean,,2012-12-08T03:00:00Z,-14.2,75.1,TS,85.0,VSCS,,,2,85.0,True
CLS_03461,2,VSCS,Very Severe Cyclonic Storm,2012337S06089,CLAUDIA,SI,MM,south_indian_ocean,,2012-12-11T09:00:00Z,-19.7,72.9,TS,73.0,VSCS,,,1,73.0,True
CLS_03462,2,VSCS,Very Severe Cyclonic Storm,2012346S14180,EVAN,SP,MM,pacific_ocean,southern_pacific,2012-12-12T15:00:00Z,-14.0,187.5,TS,65.0,VSCS,,,1,65.0,True
CLS_03463,2,VSCS,Very Severe Cyclonic Storm,2012346S14180,EVAN,SP,MM,pacific_ocean,southern_pacific,2012-12-13T09:00:00Z,-13.9,188.6,TS,85.0,VSCS,,,2,85.0,True
CLS_03464,2,VSCS,Very Severe Cyclonic Storm,2012346S14180,EVAN,SP,MM,pacific_ocean,southern_pacific,2012-12-18T03:00:00Z,-20.6,177.3,TS,88.0,VSCS,,,2,88.0,True
CLS_03465,2,VSCS,Very Severe Cyclonic Storm,2012346S14180,EVAN,SP,MM,pacific_ocean,southern_pacific,2012-12-18T18:00:00Z,-22.1,177.5,TS,65.0,VSCS,60.0,nadi,1,60.0,True
CLS_03466,2,VSCS,Very Severe Cyclonic Storm,2012362S08165,FREDA,SP,MM,pacific_ocean,southern_pacific,2012-12-29T15:00:00Z,-13.2,160.4,TS,85.0,VSCS,,,2,85.0,True
CLS_03467,2,VSCS,Very Severe Cyclonic Storm,2012362S08165,FREDA,SP,MM,pacific_ocean,southern_pacific,2012-12-31T15:00:00Z,-17.8,161.6,TS,85.0,VSCS,,,2,85.0,True
CLS_03468,2,VSCS,Very Severe Cyclonic Storm,2012362S08165,FREDA,SP,MM,pacific_ocean,southern_pacific,2013-01-01T03:00:00Z,-18.7,161.4,TS,68.0,VSCS,,,1,68.0,True
CLS_03469,2,VSCS,Very Severe Cyclonic Storm,2012362S08071,DUMILE,SI,MM,south_indian_ocean,,2013-01-03T06:00:00Z,-20.3,54.4,TS,70.0,VSCS,63.0,reunion,1,63.0,True
CLS_03470,2,VSCS,Very Severe Cyclonic Storm,2012362S08071,DUMILE,SI,MM,south_indian_ocean,,2013-01-04T18:00:00Z,-27.7,55.6,TS,65.0,VSCS,57.0,reunion,1,57.0,True
CLS_03471,2,VSCS,Very Severe Cyclonic Storm,2013005S10126,NARELLE,SI,WA,south_indian_ocean,,2013-01-10T18:00:00Z,-16.7,114.4,TS,85.0,VSCS,90.0,bom,2,90.0,True
CLS_03472,2,VSCS,Very Severe Cyclonic Storm,2013005S10126,NARELLE,SI,WA,south_indian_ocean,,2013-01-13T12:00:00Z,-23.3,110.2,TS,75.0,VSCS,50.0,bom,1,50.0,True
CLS_03473,2,VSCS,Very Severe Cyclonic Storm,2013019S12174,GARRY,SP,MM,pacific_ocean,southern_pacific,2013-01-24T06:00:00Z,-13.8,195.2,TS,65.0,VSCS,65.0,nadi,1,65.0,True
CLS_03474,2,VSCS,Very Severe Cyclonic Storm,2013019S12174,GARRY,SP,MM,pacific_ocean,southern_pacific,2013-01-24T21:00:00Z,-15.1,197.8,TS,83.0,VSCS,,,2,83.0,True
CLS_03475,2,VSCS,Very Severe Cyclonic Storm,2013019S12174,GARRY,SP,MM,pacific_ocean,southern_pacific,2013-01-25T15:00:00Z,-16.4,199.4,TS,70.0,VSCS,,,1,70.0,True
CLS_03476,2,VSCS,Very Severe Cyclonic Storm,2013026S13067,FELLENG,SI,MM,south_indian_ocean,,2013-01-29T00:00:00Z,-13.5,56.6,TS,65.0,VSCS,65.0,reunion,1,65.0,True
CLS_03477,2,VSCS,Very Severe Cyclonic Storm,2013041S10087,GINO,SI,MM,south_indian_ocean,,2013-02-13T09:00:00Z,-19.6,79.6,TS,85.0,VSCS,,,2,85.0,True
CLS_03478,2,VSCS,Very Severe Cyclonic Storm,2013046S20042,HARUNA,SI,MM,south_indian_ocean,,2013-02-20T12:00:00Z,-22.1,41.0,TS,70.0,VSCS,68.0,reunion,1,68.0,True
CLS_03479,2,VSCS,Very Severe Cyclonic Storm,2013046S20042,HARUNA,SI,MM,south_indian_ocean,,2013-02-22T21:00:00Z,-24.2,45.7,TS,65.0,VSCS,,,1,65.0,True
CLS_03480,2,VSCS,Very Severe Cyclonic Storm,2013052S13126,RUSTY,SI,WA,south_indian_ocean,,2013-02-25T06:00:00Z,-18.0,119.0,TS,65.0,VSCS,55.0,bom,1,55.0,True
CLS_03481,2,VSCS,Very Severe Cyclonic Storm,2013052S13126,RUSTY,SI,WA,south_indian_ocean,,2013-02-26T03:00:00Z,-19.1,119.1,TS,75.0,VSCS,,,1,75.0,True
CLS_03482,2,VSCS,Very Severe Cyclonic Storm,2013064S18149,SANDRA,SP,EA,pacific_ocean,southern_pacific,2013-03-08T21:00:00Z,-15.2,158.1,TS,65.0,VSCS,,,1,65.0,True
CLS_03483,2,VSCS,Very Severe Cyclonic Storm,2013064S18149,SANDRA,SP,EA,pacific_ocean,southern_pacific,2013-03-09T18:00:00Z,-15.7,160.0,TS,75.0,VSCS,80.0,bom,1,80.0,True
CLS_03484,2,VSCS,Very Severe Cyclonic Storm,2013064S18149,SANDRA,SP,MM,pacific_ocean,southern_pacific,2013-03-11T21:00:00Z,-19.5,161.9,TS,85.0,VSCS,,,2,85.0,True
CLS_03485,2,VSCS,Very Severe Cyclonic Storm,2013064S18149,SANDRA,SP,MM,pacific_ocean,southern_pacific,2013-03-12T15:00:00Z,-22.1,161.9,TS,68.0,VSCS,,,1,68.0,True
CLS_03486,2,VSCS,Very Severe Cyclonic Storm,2013097S06099,VICTORIA,SI,WA,south_indian_ocean,,2013-04-10T09:00:00Z,-15.8,103.9,TS,73.0,VSCS,,,1,73.0,True
CLS_03487,2,VSCS,Very Severe Cyclonic Storm,2013097S06099,VICTORIA,SI,WA,south_indian_ocean,,2013-04-11T00:00:00Z,-17.5,104.5,TS,70.0,VSCS,55.0,bom,1,55.0,True
CLS_03488,2,VSCS,Very Severe Cyclonic Storm,2013093S08074,IMELDA,SI,MM,south_indian_ocean,,2013-04-14T12:00:00Z,-17.8,60.1,TS,80.0,VSCS,75.0,reunion,1,75.0,True
CLS_03489,2,VSCS,Very Severe Cyclonic Storm,2013117S10155,ZANE,SP,EA,pacific_ocean,southern_pacific,2013-04-30T12:00:00Z,-14.1,148.9,TS,65.0,VSCS,65.0,bom,1,65.0,True
CLS_03490,2,VSCS,Very Severe Cyclonic Storm,2013149N14264,BARBARA,EP,MM,pacific_ocean,eastern_pacific,2013-05-29T21:00:00Z,16.2,-93.9,TS,64.0,VSCS,,,1,64.0,True
CLS_03491,2,VSCS,Very Severe Cyclonic Storm,2013175N12256,COSME,EP,MM,pacific_ocean,eastern_pacific,2013-06-26T00:00:00Z,17.8,-112.8,TS,75.0,VSCS,75.0,hurdat_epa,1,75.0,True
CLS_03492,2,VSCS,Very Severe Cyclonic Storm,2013178N09133,RUMBIA,WP,MM,pacific_ocean,western_pacific,2013-07-01T12:00:00Z,19.7,111.7,TS,70.0,VSCS,50.0,tokyo,1,50.0,True
CLS_03493,2,VSCS,Very Severe Cyclonic Storm,2013180N11256,DALILA,EP,MM,pacific_ocean,eastern_pacific,2013-07-02T21:00:00Z,18.4,-107.1,TS,70.0,VSCS,,,1,70.0,True
CLS_03494,2,VSCS,Very Severe Cyclonic Storm,2013180N11256,DALILA,EP,MM,pacific_ocean,eastern_pacific,2013-07-03T09:00:00Z,17.9,-107.5,TS,65.0,VSCS,,,1,65.0,True
CLS_03495,2,VSCS,Very Severe Cyclonic Storm,2013186N13262,ERICK,EP,MM,pacific_ocean,eastern_pacific,2013-07-06T12:00:00Z,17.4,-104.0,TS,70.0,VSCS,70.0,hurdat_epa,1,70.0,True
CLS_03496,2,VSCS,Very Severe Cyclonic Storm,2013186N13262,ERICK,EP,MM,pacific_ocean,eastern_pacific,2013-07-07T06:00:00Z,19.1,-106.1,TS,70.0,VSCS,70.0,hurdat_epa,1,70.0,True
CLS_03497,2,VSCS,Very Severe Cyclonic Storm,2013187N20156,SOULIK,WP,MM,pacific_ocean,western_pacific,2013-07-13T00:00:00Z,24.9,121.0,TS,75.0,VSCS,60.0,tokyo,1,60.0,True
CLS_03498,2,VSCS,Very Severe Cyclonic Storm,2013211N11248,GIL,EP,MM,pacific_ocean,eastern_pacific,2013-08-01T00:00:00Z,13.9,-121.2,TS,70.0,VSCS,70.0,hurdat_epa,1,70.0,True
CLS_03499,2,VSCS,Very Severe Cyclonic Storm,2013214N13243,HENRIETTE,EP,CP,pacific_ocean,eastern_pacific,2013-08-09T06:00:00Z,16.6,-140.8,TS,65.0,VSCS,65.0,hurdat_epa,1,65.0,True
CLS_03500,2,VSCS,Very Severe Cyclonic Storm,2013220N12137,UTOR,WP,MM,pacific_ocean,western_pacific,2013-08-14T09:00:00Z,21.8,111.6,TS,80.0,VSCS,,,1,80.0,True
CLS_03501,2,VSCS,Very Severe Cyclonic Storm,2013242N15245,KIKO,EP,MM,pacific_ocean,eastern_pacific,2013-09-01T06:00:00Z,20.3,-115.6,TS,65.0,VSCS,65.0,hurdat_epa,1,65.0,True
CLS_03502,2,VSCS,Very Severe Cyclonic Storm,2013259N17132,USAGI,WP,MM,pacific_ocean,western_pacific,2013-09-18T15:00:00Z,17.3,129.1,TS,83.0,VSCS,,,2,83.0,True
CLS_03503,2,VSCS,Very Severe Cyclonic Storm,2013257N15259,MANUEL,EP,MM,pacific_ocean,eastern_pacific,2013-09-19T09:00:00Z,24.6,-108.1,TS,65.0,VSCS,,,1,65.0,True
CLS_03504,2,VSCS,Very Severe Cyclonic Storm,2013262N14149,PABUK,WP,MM,pacific_ocean,western_pacific,2013-09-26T18:00:00Z,37.2,149.7,TS,65.0,VSCS,60.0,tokyo,1,60.0,True
CLS_03505,2,VSCS,Very Severe Cyclonic Storm,2013272N10135,FITOW,WP,MM,pacific_ocean,western_pacific,2013-10-03T15:00:00Z,21.4,129.8,TS,75.0,VSCS,,,1,75.0,True
CLS_03506,2,VSCS,Very Severe Cyclonic Storm,2013274N18152,DANAS,WP,MM,pacific_ocean,western_pacific,2013-10-08T03:00:00Z,32.0,127.2,TS,83.0,VSCS,65.0,tokyo,2,65.0,True
CLS_03507,2,VSCS,Very Severe Cyclonic Storm,2013281N12098,PHAILIN,NI,BB,north_indian_ocean,bay_of_bengal,2013-10-10T03:00:00Z,14.6,91.0,TS,78.0,VSCS,55.0,newdelhi,1,55.0,True
CLS_03508,2,VSCS,Very Severe Cyclonic Storm,2013282N14149,WIPHA,WP,MM,pacific_ocean,western_pacific,2013-10-12T21:00:00Z,18.2,137.6,TS,83.0,VSCS,,,2,83.0,True
CLS_03509,2,VSCS,Very Severe Cyclonic Storm,2013282N14132,NARI,WP,MM,pacific_ocean,western_pacific,2013-10-12T21:00:00Z,15.2,115.2,TS,83.0,VSCS,,,2,83.0,True
CLS_03510,2,VSCS,Very Severe Cyclonic Storm,2013281N12098,PHAILIN,NI,BB,north_indian_ocean,bay_of_bengal,2013-10-13T00:00:00Z,20.4,84.5,TS,75.0,VSCS,75.0,newdelhi,1,75.0,True
CLS_03511,2,VSCS,Very Severe Cyclonic Storm,2013289N14149,FRANCISCO,WP,MM,pacific_ocean,western_pacific,2013-10-17T00:00:00Z,11.0,142.8,TS,65.0,VSCS,55.0,tokyo,1,55.0,True
CLS_03512,2,VSCS,Very Severe Cyclonic Storm,2013293N13260,RAYMOND,EP,MM,pacific_ocean,eastern_pacific,2013-10-20T21:00:00Z,15.5,-101.9,TS,70.0,VSCS,,,1,70.0,True
CLS_03513,2,VSCS,Very Severe Cyclonic Storm,2013292N09162,LEKIMA,WP,MM,pacific_ocean,western_pacific,2013-10-26T00:00:00Z,34.4,149.1,TS,75.0,VSCS,75.0,tokyo,1,75.0,True
CLS_03514,2,VSCS,Very Severe Cyclonic Storm,2013293N13260,RAYMOND,EP,MM,pacific_ocean,eastern_pacific,2013-10-27T12:00:00Z,13.8,-115.6,TS,75.0,VSCS,75.0,hurdat_epa,1,75.0,True
CLS_03515,2,VSCS,Very Severe Cyclonic Storm,2013301N13142,KROSA,WP,MM,pacific_ocean,western_pacific,2013-10-31T06:00:00Z,18.0,123.1,TS,80.0,VSCS,65.0,tokyo,1,65.0,True
CLS_03516,2,VSCS,Very Severe Cyclonic Storm,2013306N07162,HAIYAN,WP,MM,pacific_ocean,western_pacific,2013-11-10T09:00:00Z,18.6,108.5,TS,80.0,VSCS,,,1,80.0,True
CLS_03517,2,VSCS,Very Severe Cyclonic Storm,2013322N13090,HELEN,NI,BB,north_indian_ocean,bay_of_bengal,2013-11-21T06:00:00Z,15.9,83.3,TS,70.0,VSCS,55.0,newdelhi,1,55.0,True
CLS_03518,2,VSCS,Very Severe Cyclonic Storm,2013322N13090,HELEN,NI,BB,north_indian_ocean,bay_of_bengal,2013-11-21T18:00:00Z,16.2,82.6,TS,65.0,VSCS,55.0,newdelhi,1,55.0,True
CLS_03519,2,VSCS,Very Severe Cyclonic Storm,2013324N07103,LEHAR,NI,BB,north_indian_ocean,bay_of_bengal,2013-11-25T12:00:00Z,12.3,91.6,TS,70.0,VSCS,60.0,newdelhi,1,60.0,True
CLS_03520,2,VSCS,Very Severe Cyclonic Storm,2013324N07103,LEHAR,NI,BB,north_indian_ocean,bay_of_bengal,2013-11-26T09:00:00Z,12.9,89.1,TS,75.0,VSCS,70.0,newdelhi,1,70.0,True
CLS_03521,2,VSCS,Very Severe Cyclonic Storm,2013324N07103,LEHAR,NI,BB,north_indian_ocean,bay_of_bengal,2013-11-27T00:00:00Z,13.6,87.0,TS,70.0,VSCS,75.0,newdelhi,1,75.0,True
CLS_03522,2,VSCS,Very Severe Cyclonic Storm,2013324N07103,LEHAR,NI,BB,north_indian_ocean,bay_of_bengal,2013-11-27T12:00:00Z,14.2,85.1,TS,65.0,VSCS,55.0,newdelhi,1,55.0,True
CLS_03523,2,VSCS,Very Severe Cyclonic Storm,2013339N09084,MADI,NI,BB,north_indian_ocean,bay_of_bengal,2013-12-08T00:00:00Z,11.9,84.6,TS,65.0,VSCS,60.0,newdelhi,1,60.0,True
CLS_03524,2,VSCS,Very Severe Cyclonic Storm,2013339N09084,MADI,NI,BB,north_indian_ocean,bay_of_bengal,2013-12-08T15:00:00Z,13.2,84.7,TS,65.0,VSCS,65.0,newdelhi,1,65.0,True
CLS_03525,2,VSCS,Very Severe Cyclonic Storm,2013339N09084,MADI,NI,BB,north_indian_ocean,bay_of_bengal,2013-12-09T12:00:00Z,14.6,84.8,TS,65.0,VSCS,60.0,newdelhi,1,60.0,True
CLS_03526,2,VSCS,Very Severe Cyclonic Storm,2013339N09084,MADI,NI,BB,north_indian_ocean,bay_of_bengal,2013-12-10T00:00:00Z,15.0,85.1,TS,70.0,VSCS,60.0,newdelhi,1,60.0,True
CLS_03527,2,VSCS,Very Severe Cyclonic Storm,2013339N09084,MADI,NI,BB,north_indian_ocean,bay_of_bengal,2013-12-10T18:00:00Z,14.9,84.6,TS,65.0,VSCS,50.0,newdelhi,1,50.0,True
CLS_03528,2,VSCS,Very Severe Cyclonic Storm,2013348S10082,AMARA,SI,MM,south_indian_ocean,,2013-12-18T03:00:00Z,-16.0,71.0,TS,70.0,VSCS,,,1,70.0,True
CLS_03529,2,VSCS,Very Severe Cyclonic Storm,2013350S08099,BRUCE,SI,WA,south_indian_ocean,,2013-12-19T00:00:00Z,-11.9,92.8,TS,70.0,VSCS,65.0,bom,1,65.0,True
CLS_03530,2,VSCS,Very Severe Cyclonic Storm,2013348S10082,AMARA,SI,MM,south_indian_ocean,,2013-12-22T12:00:00Z,-22.5,67.4,TS,65.0,VSCS,55.0,reunion,1,55.0,True
CLS_03531,2,VSCS,Very Severe Cyclonic Storm,2013350S08099,BRUCE,SI,MM,south_indian_ocean,,2013-12-23T18:00:00Z,-27.1,78.8,TS,75.0,VSCS,65.0,reunion,1,65.0,True
CLS_03532,2,VSCS,Very Severe Cyclonic Storm,2013360S12124,CHRISTINE,SI,WA,south_indian_ocean,,2013-12-30T00:00:00Z,-18.8,118.7,TS,80.0,VSCS,70.0,bom,1,70.0,True
CLS_03533,2,VSCS,Very Severe Cyclonic Storm,2013362S09053,BEJISA,SI,MM,south_indian_ocean,,2014-01-03T15:00:00Z,-23.8,55.4,TS,65.0,VSCS,,,1,65.0,True
CLS_03534,2,VSCS,Very Severe Cyclonic Storm,2014004S17183,IAN,SP,MM,pacific_ocean,southern_pacific,2014-01-08T15:00:00Z,-16.7,-176.9,TS,65.0,VSCS,,,1,65.0,True
CLS_03535,2,VSCS,Very Severe Cyclonic Storm,2014004S17183,IAN,SP,MM,pacific_ocean,southern_pacific,2014-01-09T03:00:00Z,-16.7,-176.5,TS,85.0,VSCS,,,2,85.0,True
CLS_03536,2,VSCS,Very Severe Cyclonic Storm,2014004S17183,IAN,SP,MM,pacific_ocean,southern_pacific,2014-01-12T15:00:00Z,-26.3,-171.6,TS,88.0,VSCS,,,2,88.0,True
CLS_03537,2,VSCS,Very Severe Cyclonic Storm,2014007S11104,COLIN,SI,MM,south_indian_ocean,,2014-01-12T21:00:00Z,-20.7,76.1,TS,88.0,VSCS,,,2,88.0,True
CLS_03538,2,VSCS,Very Severe Cyclonic Storm,2014004S17183,IAN,SP,MM,pacific_ocean,southern_pacific,2014-01-13T03:00:00Z,-28.4,-170.8,TS,65.0,VSCS,,,1,65.0,True
CLS_03539,2,VSCS,Very Severe Cyclonic Storm,2014048S16039,GUITO,SI,MM,south_indian_ocean,,2014-02-20T06:00:00Z,-24.5,38.8,TS,65.0,VSCS,57.0,reunion,1,57.0,True
CLS_03540,2,VSCS,Very Severe Cyclonic Storm,2014058N09149,FAXAI,WP,MM,pacific_ocean,western_pacific,2014-03-05T00:00:00Z,20.1,152.5,TS,75.0,VSCS,60.0,tokyo,1,60.0,True
CLS_03541,2,VSCS,Very Severe Cyclonic Storm,2014068S16169,LUSI,SP,MM,pacific_ocean,southern_pacific,2014-03-12T21:00:00Z,-21.1,173.7,TS,68.0,VSCS,,,1,68.0,True
CLS_03542,2,VSCS,Very Severe Cyclonic Storm,2014068S16169,LUSI,SP,MM,pacific_ocean,southern_pacific,2014-03-13T09:00:00Z,-24.3,174.1,TS,65.0,VSCS,,,1,65.0,True
CLS_03543,2,VSCS,Very Severe Cyclonic Storm,2014066S09138,GILLIAN,SI,WA,south_indian_ocean,,2014-03-24T21:00:00Z,-18.8,103.9,TS,83.0,VSCS,,,2,83.0,True
CLS_03544,2,VSCS,Very Severe Cyclonic Storm,2014086S10041,HELLEN,SI,MM,south_indian_ocean,,2014-03-31T09:00:00Z,-15.4,45.7,TS,88.0,VSCS,,,2,88.0,True
CLS_03545,2,VSCS,Very Severe Cyclonic Storm,2014092S11159,ITA,SP,EA,pacific_ocean,southern_pacific,2014-04-08T00:00:00Z,-11.7,152.9,TS,65.0,VSCS,55.0,bom,1,55.0,True
CLS_03546,2,VSCS,Very Severe Cyclonic Storm,2014092S11159,ITA,SP,EA,pacific_ocean,southern_pacific,2014-04-08T15:00:00Z,-11.4,152.2,TS,68.0,VSCS,,,1,68.0,True
CLS_03547,2,VSCS,Very Severe Cyclonic Storm,2014092S11159,ITA,SP,EA,pacific_ocean,southern_pacific,2014-04-09T03:00:00Z,-11.3,150.7,TS,78.0,VSCS,,,1,78.0,True
CLS_03548,2,VSCS,Very Severe Cyclonic Storm,2014092S11159,ITA,SP,EA,pacific_ocean,southern_pacific,2014-04-11T15:00:00Z,-15.2,145.1,TS,83.0,VSCS,65.0,bom,2,65.0,True
CLS_03549,2,VSCS,Very Severe Cyclonic Storm,2014106S10099,JACK,SI,WA,south_indian_ocean,,2014-04-19T18:00:00Z,-14.3,90.7,TS,85.0,VSCS,65.0,bom,2,65.0,True
CLS_03550,2,VSCS,Very Severe Cyclonic Storm,2014142N10254,AMANDA,EP,MM,pacific_ocean,eastern_pacific,2014-05-24T12:00:00Z,11.2,-109.8,TS,65.0,VSCS,65.0,hurdat_epa,1,65.0,True
CLS_03551,2,VSCS,Very Severe Cyclonic Storm,2014160N15259,CRISTINA,EP,MM,pacific_ocean,eastern_pacific,2014-06-11T09:00:00Z,15.3,-104.2,TS,68.0,VSCS,,,1,68.0,True
CLS_03552,2,VSCS,Very Severe Cyclonic Storm,2014160N15259,CRISTINA,EP,MM,pacific_ocean,eastern_pacific,2014-06-14T03:00:00Z,18.9,-110.7,TS,75.0,VSCS,,,1,75.0,True
CLS_03553,2,VSCS,Very Severe Cyclonic Storm,2014184N08147,NEOGURI,WP,MM,pacific_ocean,western_pacific,2014-07-04T18:00:00Z,14.5,139.1,TS,65.0,VSCS,70.0,tokyo,1,70.0,True
CLS_03554,2,VSCS,Very Severe Cyclonic Storm,2014190N08154,RAMMASUN,WP,MM,pacific_ocean,western_pacific,2014-07-16T15:00:00Z,15.5,117.3,TS,80.0,VSCS,,,1,80.0,True
CLS_03555,2,VSCS,Very Severe Cyclonic Storm,2014197N10137,MATMO,WP,MM,pacific_ocean,western_pacific,2014-07-21T18:00:00Z,19.4,124.4,TS,80.0,VSCS,70.0,tokyo,1,70.0,True
CLS_03556,2,VSCS,Very Severe Cyclonic Storm,2014207N12255,HERNAN,EP,MM,pacific_ocean,eastern_pacific,2014-07-27T18:00:00Z,18.3,-111.7,TS,65.0,VSCS,65.0,hurdat_epa,1,65.0,True
CLS_03557,2,VSCS,Very Severe Cyclonic Storm,2014204N10239,GENEVIEVE,EP,CP,pacific_ocean,eastern_pacific,2014-08-06T12:00:00Z,12.5,183.8,TS,65.0,VSCS,65.0,hurdat_epa,1,65.0,True
CLS_03558,2,VSCS,Very Severe Cyclonic Storm,2014212N11242,ISELLE,EP,CP,pacific_ocean,eastern_pacific,2014-08-06T12:00:00Z,16.9,-143.8,TS,75.0,VSCS,75.0,hurdat_epa,1,75.0,True
CLS_03559,2,VSCS,Very Severe Cyclonic Storm,2014214N13249,JULIO,EP,MM,pacific_ocean,eastern_pacific,2014-08-06T21:00:00Z,15.9,-131.8,TS,78.0,VSCS,,,1,78.0,True
CLS_03560,2,VSCS,Very Severe Cyclonic Storm,2014209N12152,HALONG,WP,MM,pacific_ocean,western_pacific,2014-08-07T18:00:00Z,26.8,131.5,TS,75.0,VSCS,80.0,tokyo,1,80.0,True
CLS_03561,2,VSCS,Very Severe Cyclonic Storm,2014214N13249,JULIO,EP,CP,pacific_ocean,eastern_pacific,2014-08-10T03:00:00Z,21.8,-150.2,TS,80.0,VSCS,,,1,80.0,True
CLS_03562,2,VSCS,Very Severe Cyclonic Storm,2014204N10239,GENEVIEVE,WP,MM,pacific_ocean,western_pacific,2014-08-10T21:00:00Z,32.3,171.1,TS,65.0,VSCS,,,1,65.0,True
CLS_03563,2,VSCS,Very Severe Cyclonic Storm,2014229N16246,LOWELL,EP,MM,pacific_ocean,eastern_pacific,2014-08-21T18:00:00Z,20.2,-122.1,TS,65.0,VSCS,65.0,hurdat_epa,1,65.0,True
CLS_03564,2,VSCS,Very Severe Cyclonic Storm,2014225N15255,KARINA,EP,MM,pacific_ocean,eastern_pacific,2014-08-22T21:00:00Z,15.7,-135.1,TS,68.0,VSCS,,,1,68.0,True
CLS_03565,2,VSCS,Very Severe Cyclonic Storm,2014225N15255,KARINA,EP,MM,pacific_ocean,eastern_pacific,2014-08-23T15:00:00Z,17.2,-134.1,TS,73.0,VSCS,,,1,73.0,True
CLS_03566,2,VSCS,Very Severe Cyclonic Storm,2014234N12261,MARIE,EP,MM,pacific_ocean,eastern_pacific,2014-08-26T09:00:00Z,20.0,-117.8,TS,88.0,VSCS,,,2,88.0,True
CLS_03567,2,VSCS,Very Severe Cyclonic Storm,2014234N12261,MARIE,EP,MM,pacific_ocean,eastern_pacific,2014-08-26T21:00:00Z,21.1,-120.2,TS,83.0,VSCS,,,2,83.0,True
CLS_03568,2,VSCS,Very Severe Cyclonic Storm,2014246N17254,NORBERT,EP,MM,pacific_ocean,eastern_pacific,2014-09-05T09:00:00Z,22.4,-111.3,TS,80.0,VSCS,,,1,80.0,True
CLS_03569,2,VSCS,Very Severe Cyclonic Storm,2014248N19129,FENGSHEN,WP,MM,pacific_ocean,western_pacific,2014-09-08T18:00:00Z,31.6,140.5,TS,65.0,VSCS,60.0,tokyo,1,60.0,True
CLS_03570,2,VSCS,Very Severe Cyclonic Storm,2014253N13260,ODILE,EP,MM,pacific_ocean,eastern_pacific,2014-09-13T18:00:00Z,16.7,-105.9,TS,80.0,VSCS,80.0,hurdat_epa,1,80.0,True
CLS_03571,2,VSCS,Very Severe Cyclonic Storm,2014259N11262,POLO,EP,MM,pacific_ocean,eastern_pacific,2014-09-18T06:00:00Z,16.4,-104.7,TS,65.0,VSCS,65.0,hurdat_epa,1,65.0,True
CLS_03572,2,VSCS,Very Severe Cyclonic Storm,2014267N15257,RACHEL,EP,MM,pacific_ocean,eastern_pacific,2014-09-28T21:00:00Z,21.9,-117.5,TS,68.0,VSCS,,,1,68.0,True
CLS_03573,2,VSCS,Very Severe Cyclonic Storm,2014271N10160,PHANFONE,WP,MM,pacific_ocean,western_pacific,2014-10-01T06:00:00Z,18.1,142.6,TS,65.0,VSCS,65.0,tokyo,1,65.0,True
CLS_03574,2,VSCS,Very Severe Cyclonic Storm,2014274N15260,SIMON,EP,MM,pacific_ocean,eastern_pacific,2014-10-04T09:00:00Z,19.5,-112.8,TS,83.0,VSCS,,,2,83.0,True
CLS_03575,2,VSCS,Very Severe Cyclonic Storm,2014275N06166,VONGFONG,WP,MM,pacific_ocean,western_pacific,2014-10-04T21:00:00Z,12.2,150.8,TS,70.0,VSCS,,,1,70.0,True
CLS_03576,2,VSCS,Very Severe Cyclonic Storm,2014279N11096,HUDHUD,NI,BB,north_indian_ocean,bay_of_bengal,2014-10-10T00:00:00Z,14.6,87.6,TS,65.0,VSCS,60.0,newdelhi,1,60.0,True
CLS_03577,2,VSCS,Very Severe Cyclonic Storm,2014279N11096,HUDHUD,NI,BB,north_indian_ocean,bay_of_bengal,2014-10-10T18:00:00Z,15.6,86.3,TS,85.0,VSCS,75.0,newdelhi,2,75.0,True
CLS_03578,2,VSCS,Very Severe Cyclonic Storm,2014279N11096,HUDHUD,NI,BB,north_indian_ocean,bay_of_bengal,2014-10-12T18:00:00Z,18.8,82.3,TS,80.0,VSCS,40.0,newdelhi,1,40.0,True
CLS_03579,2,VSCS,Very Severe Cyclonic Storm,2014284N10231,ANA,EP,CP,pacific_ocean,eastern_pacific,2014-10-17T18:00:00Z,16.0,-154.8,TS,65.0,VSCS,65.0,hurdat_epa,1,65.0,True
CLS_03580,2,VSCS,Very Severe Cyclonic Storm,2014284N10231,ANA,EP,CP,pacific_ocean,eastern_pacific,2014-10-25T12:00:00Z,33.4,-164.6,TS,65.0,VSCS,65.0,hurdat_epa,1,65.0,True
CLS_03581,2,VSCS,Very Severe Cyclonic Storm,2014297N11062,NILOFAR,NI,AS,north_indian_ocean,arabian_sea,2014-10-27T03:00:00Z,14.8,62.3,TS,68.0,VSCS,60.0,newdelhi,1,60.0,True
CLS_03582,2,VSCS,Very Severe Cyclonic Storm,2014297N11062,NILOFAR,NI,AS,north_indian_ocean,arabian_sea,2014-10-27T15:00:00Z,15.1,62.1,TS,85.0,VSCS,70.0,newdelhi,2,70.0,True
CLS_03583,2,VSCS,Very Severe Cyclonic Storm,2014297N11062,NILOFAR,NI,AS,north_indian_ocean,arabian_sea,2014-10-29T09:00:00Z,18.8,62.0,TS,88.0,VSCS,90.0,newdelhi,2,90.0,True
CLS_03584,2,VSCS,Very Severe Cyclonic Storm,2014297N11062,NILOFAR,NI,AS,north_indian_ocean,arabian_sea,2014-10-29T21:00:00Z,19.4,63.2,TS,65.0,VSCS,60.0,newdelhi,1,60.0,True
CLS_03585,2,VSCS,Very Severe Cyclonic Storm,2014303N11261,VANCE,EP,MM,pacific_ocean,eastern_pacific,2014-11-02T18:00:00Z,12.2,-108.2,TS,75.0,VSCS,75.0,hurdat_epa,1,75.0,True
CLS_03586,2,VSCS,Very Severe Cyclonic Storm,2014303N11261,VANCE,EP,MM,pacific_ocean,eastern_pacific,2014-11-04T12:00:00Z,18.9,-109.5,TS,85.0,VSCS,85.0,hurdat_epa,2,85.0,True
CLS_03587,2,VSCS,Very Severe Cyclonic Storm,2014303N13141,NURI,WP,MM,pacific_ocean,western_pacific,2014-11-05T12:00:00Z,26.4,138.8,TS,80.0,VSCS,70.0,tokyo,1,70.0,True
CLS_03588,2,VSCS,Very Severe Cyclonic Storm,2014319S06066,ADJALI,SI,MM,south_indian_ocean,,2014-11-17T18:00:00Z,-9.6,68.6,TS,65.0,VSCS,50.0,reunion,1,50.0,True
CLS_03589,2,VSCS,Very Severe Cyclonic Storm,2014334N02156,HAGUPIT,WP,MM,pacific_ocean,western_pacific,2014-12-07T06:00:00Z,12.2,124.1,TS,85.0,VSCS,85.0,tokyo,2,85.0,True
CLS_03590,2,VSCS,Very Severe Cyclonic Storm,2014356S08101,KATE,SI,WA,south_indian_ocean,,2014-12-29T15:00:00Z,-15.4,91.2,TS,73.0,VSCS,,,1,73.0,True
CLS_03591,2,VSCS,Very Severe Cyclonic Storm,2014356S08101,KATE,SI,MM,south_indian_ocean,,2014-12-30T18:00:00Z,-18.7,88.5,TS,80.0,VSCS,72.0,reunion,1,72.0,True
CLS_03592,2,VSCS,Very Severe Cyclonic Storm,2015009S19054,BANSI,SI,MM,south_indian_ocean,,2015-01-11T21:00:00Z,-17.3,55.1,TS,75.0,VSCS,,,1,75.0,True
CLS_03593,2,VSCS,Very Severe Cyclonic Storm,2015012N09146,MEKKHALA,WP,MM,pacific_ocean,western_pacific,2015-01-17T00:00:00Z,11.4,126.7,TS,70.0,VSCS,60.0,tokyo,1,60.0,True
CLS_03594,2,VSCS,Very Severe Cyclonic Storm,2015024S15078,EUNICE,SI,MM,south_indian_ocean,,2015-01-28T12:00:00Z,-14.3,64.9,TS,75.0,VSCS,60.0,reunion,1,60.0,True
CLS_03595,2,VSCS,Very Severe Cyclonic Storm,2015030S16161,OLA,SP,MM,pacific_ocean,southern_pacific,2015-01-31T18:00:00Z,-19.0,162.0,TS,65.0,VSCS,60.0,nadi,1,60.0,True
CLS_03596,2,VSCS,Very Severe Cyclonic Storm,2015030S16161,OLA,SP,MM,pacific_ocean,southern_pacific,2015-02-01T06:00:00Z,-20.5,162.2,TS,75.0,VSCS,70.0,nadi,1,70.0,True
CLS_03597,2,VSCS,Very Severe Cyclonic Storm,2015024S15078,EUNICE,SI,MM,south_indian_ocean,,2015-02-01T15:00:00Z,-21.6,81.4,TS,68.0,VSCS,,,1,68.0,True
CLS_03598,2,VSCS,Very Severe Cyclonic Storm,2015030S16161,OLA,SP,MM,pacific_ocean,southern_pacific,2015-02-01T21:00:00Z,-22.4,162.0,TS,65.0,VSCS,,,1,65.0,True
CLS_03599,2,VSCS,Very Severe Cyclonic Storm,2015038N08158,HIGOS,WP,MM,pacific_ocean,western_pacific,2015-02-09T12:00:00Z,12.6,155.7,TS,75.0,VSCS,60.0,tokyo,1,60.0,True
CLS_03600,2,VSCS,Very Severe Cyclonic Storm,2015047S12142,LAM,SP,EA,pacific_ocean,southern_pacific,2015-02-18T03:00:00Z,-11.0,136.9,TS,68.0,VSCS,,,1,68.0,True
CLS_03601,2,VSCS,Very Severe Cyclonic Storm,2015047S12142,LAM,SP,EA,pacific_ocean,southern_pacific,2015-02-19T00:00:00Z,-11.3,136.0,TS,80.0,VSCS,75.0,bom,1,75.0,True
CLS_03602,2,VSCS,Very Severe Cyclonic Storm,2015047S15152,MARCIA,SP,EA,pacific_ocean,southern_pacific,2015-02-19T00:00:00Z,-20.0,152.1,TS,65.0,VSCS,65.0,bom,1,65.0,True
CLS_03603,2,VSCS,Very Severe Cyclonic Storm,2015047S12142,LAM,SP,EA,pacific_ocean,southern_pacific,2015-02-19T15:00:00Z,-12.1,135.1,TS,83.0,VSCS,,,2,83.0,True
CLS_03604,2,VSCS,Very Severe Cyclonic Storm,2015047S15152,MARCIA,SP,EA,pacific_ocean,southern_pacific,2015-02-20T06:00:00Z,-23.8,150.6,TS,75.0,VSCS,55.0,bom,1,55.0,True
CLS_03605,2,VSCS,Very Severe Cyclonic Storm,2015066S08170,PAM,SP,MM,pacific_ocean,southern_pacific,2015-03-10T09:00:00Z,-10.3,170.4,TS,70.0,VSCS,65.0,nadi,1,65.0,True
CLS_03606,2,VSCS,Very Severe Cyclonic Storm,2015066S08170,PAM,SP,MM,pacific_ocean,southern_pacific,2015-03-10T21:00:00Z,-11.0,169.8,TS,85.0,VSCS,75.0,nadi,2,75.0,True
CLS_03607,2,VSCS,Very Severe Cyclonic Storm,2015068S14113,OLWYN,SI,WA,south_indian_ocean,,2015-03-12T21:00:00Z,-22.9,113.7,TS,85.0,VSCS,,,2,85.0,True
CLS_03608,2,VSCS,Very Severe Cyclonic Storm,2015066S08170,PAM,SP,MM,pacific_ocean,southern_pacific,2015-03-15T03:00:00Z,-30.9,176.2,TS,80.0,VSCS,,,1,80.0,True
CLS_03609,2,VSCS,Very Severe Cyclonic Storm,2015068S12151,NATHAN,SP,EA,pacific_ocean,southern_pacific,2015-03-18T06:00:00Z,-15.0,149.1,TS,65.0,VSCS,65.0,bom,1,65.0,True
CLS_03610,2,VSCS,Very Severe Cyclonic Storm,2015068S12151,NATHAN,SP,EA,pacific_ocean,southern_pacific,2015-03-18T18:00:00Z,-14.7,148.2,TS,80.0,VSCS,75.0,bom,1,75.0,True
CLS_03611,2,VSCS,Very Severe Cyclonic Storm,2015068S12151,NATHAN,SP,EA,pacific_ocean,southern_pacific,2015-03-20T06:00:00Z,-14.4,143.2,TS,65.0,VSCS,45.0,bom,1,45.0,True
CLS_03612,2,VSCS,Very Severe Cyclonic Storm,2015068S12151,NATHAN,SP,EA,pacific_ocean,southern_pacific,2015-03-22T00:00:00Z,-12.7,136.8,TS,65.0,VSCS,70.0,bom,1,70.0,True
CLS_03613,2,VSCS,Very Severe Cyclonic Storm,2015068S12151,NATHAN,SI,WA,south_indian_ocean,,2015-03-23T00:00:00Z,-11.6,134.7,TS,65.0,VSCS,55.0,bom,1,55.0,True
CLS_03614,2,VSCS,Very Severe Cyclonic Storm,2015094S10087,IKOLA,SI,MM,south_indian_ocean,,2015-04-06T09:00:00Z,-14.5,89.8,TS,83.0,VSCS,,,2,83.0,True
CLS_03615,2,VSCS,Very Severe Cyclonic Storm,2015092S18074,JOALANE,SI,MM,south_indian_ocean,,2015-04-08T09:00:00Z,-14.9,64.5,TS,85.0,VSCS,,,2,85.0,True
CLS_03616,2,VSCS,Very Severe Cyclonic Storm,2015117S12115,QUANG,SI,WA,south_indian_ocean,,2015-04-29T12:00:00Z,-15.8,109.1,TS,65.0,VSCS,55.0,bom,1,55.0,True
CLS_03617,2,VSCS,Very Severe Cyclonic Storm,2015117S12115,QUANG,SI,WA,south_indian_ocean,,2015-05-01T03:00:00Z,-21.3,113.6,TS,78.0,VSCS,55.0,bom,1,55.0,True
CLS_03618,2,VSCS,Very Severe Cyclonic Storm,2015122N07144,NOUL,WP,MM,pacific_ocean,western_pacific,2015-05-06T03:00:00Z,9.5,137.3,TS,70.0,VSCS,,,1,70.0,True
CLS_03619,2,VSCS,Very Severe Cyclonic Storm,2015127N04158,DOLPHIN,WP,MM,pacific_ocean,western_pacific,2015-05-13T15:00:00Z,10.7,153.8,TS,88.0,VSCS,,,2,88.0,True
CLS_03620,2,VSCS,Very Severe Cyclonic Storm,2015148N11250,ANDRES,EP,MM,pacific_ocean,eastern_pacific,2015-05-30T09:00:00Z,13.8,-115.5,TS,83.0,VSCS,,,2,83.0,True
CLS_03621,2,VSCS,Very Severe Cyclonic Storm,2015148N11250,ANDRES,EP,MM,pacific_ocean,eastern_pacific,2015-06-02T09:00:00Z,17.1,-122.3,TS,85.0,VSCS,,,2,85.0,True
CLS_03622,2,VSCS,Very Severe Cyclonic Storm,2015152N12258,BLANCA,EP,MM,pacific_ocean,eastern_pacific,2015-06-02T21:00:00Z,12.9,-104.6,TS,70.0,VSCS,,,1,70.0,True
CLS_03623,2,VSCS,Very Severe Cyclonic Storm,2015152N12258,BLANCA,EP,MM,pacific_ocean,eastern_pacific,2015-06-07T15:00:00Z,20.4,-110.8,TS,73.0,VSCS,,,1,73.0,True
CLS_03624,2,VSCS,Very Severe Cyclonic Storm,2015162N12262,CARLOS,EP,MM,pacific_ocean,eastern_pacific,2015-06-13T12:00:00Z,15.0,-99.9,TS,65.0,VSCS,65.0,hurdat_epa,1,65.0,True
CLS_03625,2,VSCS,Very Severe Cyclonic Storm,2015162N12262,CARLOS,EP,MM,pacific_ocean,eastern_pacific,2015-06-16T12:00:00Z,17.4,-104.0,TS,75.0,VSCS,75.0,hurdat_epa,1,75.0,True
CLS_03626,2,VSCS,Very Severe Cyclonic Storm,2015183N13130,LINFA,WP,MM,pacific_ocean,western_pacific,2015-07-09T03:00:00Z,22.8,116.3,TS,65.0,VSCS,,,1,65.0,True
CLS_03627,2,VSCS,Very Severe Cyclonic Storm,2015180N09160,CHAN-HOM,WP,MM,pacific_ocean,western_pacific,2015-07-11T03:00:00Z,29.1,122.6,TS,75.0,VSCS,,,1,75.0,True
CLS_03628,2,VSCS,Very Severe Cyclonic Storm,2015192N11263,DOLORES,EP,MM,pacific_ocean,eastern_pacific,2015-07-14T12:00:00Z,17.5,-107.8,TS,75.0,VSCS,75.0,hurdat_epa,1,75.0,True
CLS_03629,2,VSCS,Very Severe Cyclonic Storm,2015184N08172,NANGKA,WP,MM,pacific_ocean,western_pacific,2015-07-15T09:00:00Z,28.3,135.8,TS,83.0,VSCS,,,2,83.0,True
CLS_03630,2,VSCS,Very Severe Cyclonic Storm,2015188N08194,HALOLA,WP,MM,pacific_ocean,western_pacific,2015-07-21T21:00:00Z,23.1,140.1,TS,80.0,VSCS,,,1,80.0,True
CLS_03631,2,VSCS,Very Severe Cyclonic Storm,2015209N07248,GUILLERMO,EP,CP,pacific_ocean,eastern_pacific,2015-08-03T00:00:00Z,15.4,-144.4,TS,75.0,VSCS,75.0,hurdat_epa,1,75.0,True
CLS_03632,2,VSCS,Very Severe Cyclonic Storm,2015218N12231,HILDA,EP,CP,pacific_ocean,eastern_pacific,2015-08-10T12:00:00Z,15.9,-149.4,TS,85.0,VSCS,85.0,hurdat_epa,2,85.0,True
CLS_03633,2,VSCS,Very Severe Cyclonic Storm,2015226N15164,ATSANI,WP,MM,pacific_ocean,western_pacific,2015-08-16T21:00:00Z,14.4,159.4,TS,75.0,VSCS,,,1,75.0,True
CLS_03634,2,VSCS,Very Severe Cyclonic Storm,2015226N12151,GONI,WP,MM,pacific_ocean,western_pacific,2015-08-22T18:00:00Z,22.3,123.2,TS,70.0,VSCS,80.0,tokyo,1,80.0,True
CLS_03635,2,VSCS,Very Severe Cyclonic Storm,2015231N13183,LOKE,EP,CP,pacific_ocean,eastern_pacific,2015-08-25T00:00:00Z,26.4,-175.4,TS,65.0,VSCS,65.0,hurdat_epa,1,65.0,True
CLS_03636,2,VSCS,Very Severe Cyclonic Storm,2015236N12231,IGNACIO,EP,MM,pacific_ocean,eastern_pacific,2015-08-27T15:00:00Z,12.7,-139.6,TS,80.0,VSCS,,,1,80.0,True
CLS_03637,2,VSCS,Very Severe Cyclonic Storm,2015229N08212,KILO,EP,CP,pacific_ocean,eastern_pacific,2015-08-29T06:00:00Z,17.7,187.1,TS,65.0,VSCS,65.0,hurdat_epa,1,65.0,True
CLS_03638,2,VSCS,Very Severe Cyclonic Storm,2015236N12231,IGNACIO,EP,CP,pacific_ocean,eastern_pacific,2015-09-01T06:00:00Z,22.6,-152.6,TS,80.0,VSCS,80.0,hurdat_epa,1,80.0,True
CLS_03639,2,VSCS,Very Severe Cyclonic Storm,2015229N08212,KILO,WP,MM,pacific_ocean,western_pacific,2015-09-02T18:00:00Z,24.7,178.4,TS,80.0,VSCS,70.0,tokyo,1,70.0,True
CLS_03640,2,VSCS,Very Severe Cyclonic Storm,2015238N10255,JIMENA,EP,CP,pacific_ocean,eastern_pacific,2015-09-04T00:00:00Z,19.2,-144.4,TS,85.0,VSCS,85.0,hurdat_epa,2,85.0,True
CLS_03641,2,VSCS,Very Severe Cyclonic Storm,2015248N10256,LINDA,EP,MM,pacific_ocean,eastern_pacific,2015-09-09T09:00:00Z,23.1,-116.2,TS,83.0,VSCS,,,2,83.0,True
CLS_03642,2,VSCS,Very Severe Cyclonic Storm,2015257N14152,KROVANH,WP,MM,pacific_ocean,western_pacific,2015-09-18T15:00:00Z,26.1,142.4,TS,83.0,VSCS,80.0,tokyo,2,80.0,True
CLS_03643,2,VSCS,Very Severe Cyclonic Storm,2015263N14148,DUJUAN,WP,MM,pacific_ocean,western_pacific,2015-09-25T09:00:00Z,19.6,131.5,TS,78.0,VSCS,,,1,78.0,True
CLS_03644,2,VSCS,Very Severe Cyclonic Storm,2015270N13257,MARTY,EP,MM,pacific_ocean,eastern_pacific,2015-09-28T15:00:00Z,16.5,-102.7,TS,68.0,VSCS,,,1,68.0,True
CLS_03645,2,VSCS,Very Severe Cyclonic Storm,2015273N12130,MUJIGAE,WP,MM,pacific_ocean,western_pacific,2015-10-03T18:00:00Z,19.8,112.2,TS,80.0,VSCS,75.0,tokyo,1,75.0,True
CLS_03646,2,VSCS,Very Severe Cyclonic Storm,2015274N13201,OHO,EP,CP,pacific_ocean,eastern_pacific,2015-10-06T18:00:00Z,15.9,-150.7,TS,75.0,VSCS,75.0,hurdat_epa,1,75.0,True
CLS_03647,2,VSCS,Very Severe Cyclonic Storm,2015274N13201,OHO,EP,CP,pacific_ocean,eastern_pacific,2015-10-07T21:00:00Z,27.0,-145.1,TS,83.0,VSCS,,,2,83.0,True
CLS_03648,2,VSCS,Very Severe Cyclonic Storm,2015285N14151,KOPPU,WP,MM,pacific_ocean,western_pacific,2015-10-15T18:00:00Z,15.5,128.1,TS,70.0,VSCS,70.0,tokyo,1,70.0,True
CLS_03649,2,VSCS,Very Severe Cyclonic Storm,2015286N12163,CHAMPI,WP,MM,pacific_ocean,western_pacific,2015-10-20T15:00:00Z,22.2,139.9,TS,78.0,VSCS,,,1,78.0,True
CLS_03650,2,VSCS,Very Severe Cyclonic Storm,2015293N13266,PATRICIA,EP,MM,pacific_ocean,eastern_pacific,2015-10-22T09:00:00Z,14.3,-102.4,TS,83.0,VSCS,,,2,83.0,True
CLS_03651,2,VSCS,Very Severe Cyclonic Storm,2015288N10243,OLAF,EP,CP,pacific_ocean,eastern_pacific,2015-10-25T09:00:00Z,21.1,-144.1,TS,80.0,VSCS,,,1,80.0,True
CLS_03652,2,VSCS,Very Severe Cyclonic Storm,2015288N10243,OLAF,EP,CP,pacific_ocean,eastern_pacific,2015-10-26T06:00:00Z,23.6,-142.4,TS,65.0,VSCS,65.0,hurdat_epa,1,65.0,True
CLS_03653,2,VSCS,Very Severe Cyclonic Storm,2015301N11065,CHAPALA,NI,AS,north_indian_ocean,arabian_sea,2015-10-29T12:00:00Z,14.2,63.2,TS,65.0,VSCS,55.0,newdelhi,1,55.0,True
CLS_03654,2,VSCS,Very Severe Cyclonic Storm,2015301N11065,CHAPALA,NI,AS,north_indian_ocean,arabian_sea,2015-11-02T21:00:00Z,13.8,49.3,TS,83.0,VSCS,75.0,newdelhi,2,75.0,True
CLS_03655,2,VSCS,Very Severe Cyclonic Storm,2015309N14067,MEGH,NI,AS,north_indian_ocean,arabian_sea,2015-11-07T15:00:00Z,12.7,57.9,TS,85.0,VSCS,65.0,newdelhi,2,65.0,True
CLS_03656,2,VSCS,Very Severe Cyclonic Storm,2015309N14067,MEGH,NI,AS,north_indian_ocean,arabian_sea,2015-11-08T18:00:00Z,12.5,52.3,TS,80.0,VSCS,90.0,newdelhi,1,90.0,True
CLS_03657,2,VSCS,Very Severe Cyclonic Storm,2015321N04164,IN-FA,WP,MM,pacific_ocean,western_pacific,2015-11-24T00:00:00Z,18.5,132.0,TS,85.0,VSCS,75.0,tokyo,2,75.0,True
CLS_03658,2,VSCS,Very Severe Cyclonic Storm,2015328N11260,SANDRA,EP,MM,pacific_ocean,eastern_pacific,2015-11-25T09:00:00Z,12.2,-108.9,TS,78.0,VSCS,,,1,78.0,True
CLS_03659,2,VSCS,Very Severe Cyclonic Storm,2015344N07145,MELOR,WP,MM,pacific_ocean,western_pacific,2015-12-15T18:00:00Z,13.9,120.3,TS,65.0,VSCS,70.0,tokyo,1,70.0,True
CLS_03660,2,VSCS,Very Severe Cyclonic Storm,2015364S09190,ULA,SP,MM,pacific_ocean,southern_pacific,2015-12-31T15:00:00Z,-15.9,190.4,TS,78.0,VSCS,65.0,nadi,1,65.0,True
CLS_03661,2,VSCS,Very Severe Cyclonic Storm,2015364S09190,ULA,SP,MM,pacific_ocean,southern_pacific,2016-01-01T06:00:00Z,-17.5,188.7,TS,75.0,VSCS,80.0,nadi,1,80.0,True
CLS_03662,2,VSCS,Very Severe Cyclonic Storm,2015364S09190,ULA,SP,MM,pacific_ocean,southern_pacific,2016-01-01T21:00:00Z,-18.3,185.3,TS,78.0,VSCS,80.0,nadi,1,80.0,True
CLS_03663,2,VSCS,Very Severe Cyclonic Storm,2015364S09190,ULA,SP,MM,pacific_ocean,southern_pacific,2016-01-04T00:00:00Z,-21.9,179.5,TS,85.0,VSCS,75.0,nadi,2,75.0,True
CLS_03664,2,VSCS,Very Severe Cyclonic Storm,2015364S09190,ULA,SP,MM,pacific_ocean,southern_pacific,2016-01-08T18:00:00Z,-18.4,173.7,TS,80.0,VSCS,70.0,nadi,1,70.0,True
CLS_03665,2,VSCS,Very Severe Cyclonic Storm,2015364S09190,ULA,SP,MM,pacific_ocean,southern_pacific,2016-01-11T09:00:00Z,-24.7,170.2,TS,83.0,VSCS,80.0,nadi,2,80.0,True
CLS_03666,2,VSCS,Very Severe Cyclonic Storm,2016006N02188,PALI,EP,CP,pacific_ocean,eastern_pacific,2016-01-12T12:00:00Z,7.1,-171.4,TS,80.0,VSCS,80.0,hurdat_epa,1,80.0,True
CLS_03667,2,VSCS,Very Severe Cyclonic Storm,2016006N02188,PALI,EP,CP,pacific_ocean,eastern_pacific,2016-01-13T03:00:00Z,5.3,-171.0,TS,78.0,VSCS,,,1,78.0,True
CLS_03668,2,VSCS,Very Severe Cyclonic Storm,2016014S13195,VICTOR,SP,MM,pacific_ocean,southern_pacific,2016-01-15T21:00:00Z,-14.6,-166.2,TS,68.0,VSCS,,,1,68.0,True
CLS_03669,2,VSCS,Very Severe Cyclonic Storm,2016014S13195,VICTOR,SP,MM,pacific_ocean,southern_pacific,2016-01-16T12:00:00Z,-15.1,-166.4,TS,75.0,VSCS,65.0,nadi,1,65.0,True
CLS_03670,2,VSCS,Very Severe Cyclonic Storm,2016014S13195,VICTOR,SP,MM,pacific_ocean,southern_pacific,2016-01-17T09:00:00Z,-16.4,-166.5,TS,70.0,VSCS,,,1,70.0,True
CLS_03671,2,VSCS,Very Severe Cyclonic Storm,2016014S13195,VICTOR,SP,MM,pacific_ocean,southern_pacific,2016-01-17T21:00:00Z,-17.8,-166.2,TS,68.0,VSCS,,,1,68.0,True
CLS_03672,2,VSCS,Very Severe Cyclonic Storm,2016014S13195,VICTOR,SP,MM,pacific_ocean,southern_pacific,2016-01-20T00:00:00Z,-21.5,-168.4,TS,70.0,VSCS,70.0,nadi,1,70.0,True
CLS_03673,2,VSCS,Very Severe Cyclonic Storm,2016014S13195,VICTOR,SP,MM,pacific_ocean,southern_pacific,2016-01-20T15:00:00Z,-21.5,-169.3,TS,70.0,VSCS,65.0,nadi,1,65.0,True
CLS_03674,2,VSCS,Very Severe Cyclonic Storm,2016020S14078,CORENTIN,SI,MM,south_indian_ocean,,2016-01-23T15:00:00Z,-24.3,72.8,TS,68.0,VSCS,,,1,68.0,True
CLS_03675,2,VSCS,Very Severe Cyclonic Storm,2016027S13119,STAN,SI,WA,south_indian_ocean,,2016-01-30T09:00:00Z,-18.9,119.2,TS,65.0,VSCS,,,1,65.0,True
CLS_03676,2,VSCS,Very Severe Cyclonic Storm,2016041S14170,WINSTON,SP,MM,pacific_ocean,southern_pacific,2016-02-12T03:00:00Z,-18.2,171.5,TS,80.0,VSCS,,,1,80.0,True
CLS_03677,2,VSCS,Very Severe Cyclonic Storm,2016041S14170,WINSTON,SP,MM,pacific_ocean,southern_pacific,2016-02-14T09:00:00Z,-25.3,176.9,TS,75.0,VSCS,,,1,75.0,True
CLS_03678,2,VSCS,Very Severe Cyclonic Storm,2016042S10094,URIAH,SI,MM,south_indian_ocean,,2016-02-16T06:00:00Z,-17.8,85.4,TS,65.0,VSCS,55.0,reunion,1,55.0,True
CLS_03679,2,VSCS,Very Severe Cyclonic Storm,2016041S14170,WINSTON,SP,MM,pacific_ocean,southern_pacific,2016-02-16T18:00:00Z,-17.7,187.5,TS,70.0,VSCS,65.0,nadi,1,65.0,True
CLS_03680,2,VSCS,Very Severe Cyclonic Storm,2016041S14170,WINSTON,SP,MM,pacific_ocean,southern_pacific,2016-02-17T06:00:00Z,-17.3,188.9,TS,85.0,VSCS,80.0,nadi,2,80.0,True
CLS_03681,2,VSCS,Very Severe Cyclonic Storm,2016041S14170,WINSTON,SP,MM,pacific_ocean,southern_pacific,2016-02-22T15:00:00Z,-18.5,172.3,TS,88.0,VSCS,,,2,88.0,True
CLS_03682,2,VSCS,Very Severe Cyclonic Storm,2016041S14170,WINSTON,SP,MM,pacific_ocean,southern_pacific,2016-02-23T12:00:00Z,-20.8,174.0,TS,65.0,VSCS,65.0,nadi,1,65.0,True
CLS_03683,2,VSCS,Very Severe Cyclonic Storm,2016075S11087,EMERAUDE,SI,MM,south_indian_ocean,,2016-03-16T12:00:00Z,-10.6,84.6,TS,75.0,VSCS,75.0,reunion,1,75.0,True
CLS_03684,2,VSCS,Very Severe Cyclonic Storm,2016075S11087,EMERAUDE,SI,MM,south_indian_ocean,,2016-03-18T12:00:00Z,-10.3,85.4,TS,65.0,VSCS,45.0,reunion,1,45.0,True
CLS_03685,2,VSCS,Very Severe Cyclonic Storm,2016095S13162,ZENA,SP,MM,pacific_ocean,southern_pacific,2016-04-05T21:00:00Z,-17.1,171.6,TS,78.0,VSCS,55.0,nadi,1,55.0,True
CLS_03686,2,VSCS,Very Severe Cyclonic Storm,2016108S17181,AMOS,SP,MM,pacific_ocean,southern_pacific,2016-04-21T21:00:00Z,-12.6,-177.8,TS,65.0,VSCS,55.0,nadi,1,55.0,True
CLS_03687,2,VSCS,Very Severe Cyclonic Storm,2016108S17181,AMOS,SP,MM,pacific_ocean,southern_pacific,2016-04-22T09:00:00Z,-12.4,-176.7,TS,85.0,VSCS,75.0,nadi,2,75.0,True
CLS_03688,2,VSCS,Very Severe Cyclonic Storm,2016102S12074,FANTALA,SI,MM,south_indian_ocean,,2016-04-22T18:00:00Z,-12.8,57.3,TS,80.0,VSCS,70.0,reunion,1,70.0,True
CLS_03689,2,VSCS,Very Severe Cyclonic Storm,2016108S17181,AMOS,SP,MM,pacific_ocean,southern_pacific,2016-04-23T06:00:00Z,-12.9,-173.2,TS,80.0,VSCS,80.0,nadi,1,80.0,True
CLS_03690,2,VSCS,Very Severe Cyclonic Storm,2016185N11253,BLAS,EP,MM,pacific_ocean,eastern_pacific,2016-07-04T15:00:00Z,13.2,-114.5,TS,68.0,VSCS,,,1,68.0,True
CLS_03691,2,VSCS,Very Severe Cyclonic Storm,2016185N08145,NEPARTAK,WP,MM,pacific_ocean,western_pacific,2016-07-08T03:00:00Z,22.9,120.3,TS,80.0,VSCS,,,1,80.0,True
CLS_03692,2,VSCS,Very Severe Cyclonic Storm,2016185N11253,BLAS,EP,MM,pacific_ocean,eastern_pacific,2016-07-09T03:00:00Z,18.9,-131.1,TS,65.0,VSCS,,,1,65.0,True
CLS_03693,2,VSCS,Very Severe Cyclonic Storm,2016188N12254,CELIA,EP,MM,pacific_ocean,eastern_pacific,2016-07-11T00:00:00Z,14.9,-122.8,TS,70.0,VSCS,70.0,hurdat_epa,1,70.0,True
CLS_03694,2,VSCS,Very Severe Cyclonic Storm,2016188N12254,CELIA,EP,MM,pacific_ocean,eastern_pacific,2016-07-12T00:00:00Z,15.3,-126.6,TS,85.0,VSCS,85.0,hurdat_epa,2,85.0,True
CLS_03695,2,VSCS,Very Severe Cyclonic Storm,2016194N15255,DARBY,EP,MM,pacific_ocean,eastern_pacific,2016-07-18T12:00:00Z,18.5,-130.6,TS,70.0,VSCS,70.0,hurdat_epa,1,70.0,True
CLS_03696,2,VSCS,Very Severe Cyclonic Storm,2016203N10249,GEORGETTE,EP,MM,pacific_ocean,eastern_pacific,2016-07-26T12:00:00Z,18.2,-128.3,TS,65.0,VSCS,65.0,hurdat_epa,1,65.0,True
CLS_03697,2,VSCS,Very Severe Cyclonic Storm,2016203N13259,FRANK,EP,MM,pacific_ocean,eastern_pacific,2016-07-26T18:00:00Z,21.3,-117.2,TS,70.0,VSCS,70.0,hurdat_epa,1,70.0,True
CLS_03698,2,VSCS,Very Severe Cyclonic Storm,2016203N13259,FRANK,EP,MM,pacific_ocean,eastern_pacific,2016-07-27T09:00:00Z,22.2,-119.7,TS,68.0,VSCS,,,1,68.0,True
CLS_03699,2,VSCS,Very Severe Cyclonic Storm,2016207N17116,MIRINAE,WP,MM,pacific_ocean,western_pacific,2016-07-27T18:00:00Z,20.2,106.2,TS,65.0,VSCS,45.0,tokyo,1,45.0,True
CLS_03700,2,VSCS,Very Severe Cyclonic Storm,2016211N11128,NIDA,WP,MM,pacific_ocean,western_pacific,2016-08-01T06:00:00Z,21.1,117.5,TS,70.0,VSCS,55.0,tokyo,1,55.0,True
CLS_03701,2,VSCS,Very Severe Cyclonic Storm,2016216N17149,OMAIS,WP,MM,pacific_ocean,western_pacific,2016-08-06T12:00:00Z,26.2,147.6,TS,65.0,VSCS,60.0,tokyo,1,60.0,True
CLS_03702,2,VSCS,Very Severe Cyclonic Storm,2016230N15138,MINDULLE,WP,MM,pacific_ocean,western_pacific,2016-08-22T00:00:00Z,34.3,139.5,TS,65.0,VSCS,65.0,tokyo,1,65.0,True
CLS_03703,2,VSCS,Very Severe Cyclonic Storm,2016240N13224,MADELINE,EP,CP,pacific_ocean,eastern_pacific,2016-08-29T03:00:00Z,17.4,-142.9,TS,68.0,VSCS,,,1,68.0,True
CLS_03704,2,VSCS,Very Severe Cyclonic Storm,2016230N25160,LIONROCK,WP,MM,pacific_ocean,western_pacific,2016-08-29T09:00:00Z,32.0,143.1,TS,68.0,VSCS,,,1,68.0,True
CLS_03705,2,VSCS,Very Severe Cyclonic Storm,2016240N13224,MADELINE,EP,CP,pacific_ocean,eastern_pacific,2016-08-31T09:00:00Z,19.1,-151.7,TS,75.0,VSCS,,,1,75.0,True
CLS_03706,2,VSCS,Very Severe Cyclonic Storm,2016244N21123,NAMTHEUN,WP,MM,pacific_ocean,western_pacific,2016-09-03T03:00:00Z,29.7,130.2,TS,85.0,VSCS,70.0,tokyo,2,70.0,True
CLS_03707,2,VSCS,Very Severe Cyclonic Storm,2016237N14253,LESTER,EP,CP,pacific_ocean,eastern_pacific,2016-09-03T12:00:00Z,21.5,-153.2,TS,75.0,VSCS,75.0,hurdat_epa,1,75.0,True
CLS_03708,2,VSCS,Very Severe Cyclonic Storm,2016237N14253,LESTER,EP,CP,pacific_ocean,eastern_pacific,2016-09-04T00:00:00Z,22.5,-156.0,TS,65.0,VSCS,65.0,hurdat_epa,1,65.0,True
CLS_03709,2,VSCS,Very Severe Cyclonic Storm,2016248N15255,NEWTON,EP,MM,pacific_ocean,eastern_pacific,2016-09-05T18:00:00Z,19.7,-107.6,TS,65.0,VSCS,65.0,hurdat_epa,1,65.0,True
CLS_03710,2,VSCS,Very Severe Cyclonic Storm,2016253N13144,MERANTI,WP,MM,pacific_ocean,western_pacific,2016-09-11T06:00:00Z,16.7,134.5,TS,75.0,VSCS,65.0,tokyo,1,65.0,True
CLS_03711,2,VSCS,Very Severe Cyclonic Storm,2016256N12146,MALAKAS,WP,MM,pacific_ocean,western_pacific,2016-09-14T03:00:00Z,15.6,132.7,TS,68.0,VSCS,,,1,68.0,True
CLS_03712,2,VSCS,Very Severe Cyclonic Storm,2016255N12247,ORLENE,EP,MM,pacific_ocean,eastern_pacific,2016-09-15T18:00:00Z,19.9,-122.3,TS,65.0,VSCS,65.0,hurdat_epa,1,65.0,True
CLS_03713,2,VSCS,Very Severe Cyclonic Storm,2016262N16251,PAINE,EP,MM,pacific_ocean,eastern_pacific,2016-09-20T00:00:00Z,23.1,-116.6,TS,70.0,VSCS,70.0,hurdat_epa,1,70.0,True
CLS_03714,2,VSCS,Very Severe Cyclonic Storm,2016265N10150,MEGI,WP,MM,pacific_ocean,western_pacific,2016-09-24T15:00:00Z,18.7,133.4,TS,68.0,VSCS,,,1,68.0,True
CLS_03715,2,VSCS,Very Severe Cyclonic Storm,2016270N12223,ULIKA,EP,MM,pacific_ocean,eastern_pacific,2016-09-28T06:00:00Z,13.6,-139.1,TS,65.0,VSCS,65.0,hurdat_epa,1,65.0,True
CLS_03716,2,VSCS,Very Severe Cyclonic Storm,2016269N15165,CHABA,WP,MM,pacific_ocean,western_pacific,2016-10-04T21:00:00Z,33.5,127.2,TS,78.0,VSCS,70.0,tokyo,1,70.0,True
CLS_03717,2,VSCS,Very Severe Cyclonic Storm,2016278N16181,SONGDA,WP,MM,pacific_ocean,western_pacific,2016-10-10T00:00:00Z,24.6,146.4,TS,70.0,VSCS,65.0,tokyo,1,65.0,True
CLS_03718,2,VSCS,Very Severe Cyclonic Storm,2016287N12131,SARIKA,WP,MM,pacific_ocean,western_pacific,2016-10-16T18:00:00Z,16.8,115.6,TS,75.0,VSCS,65.0,tokyo,1,65.0,True
CLS_03719,2,VSCS,Very Severe Cyclonic Storm,2016288N06146,HAIMA,WP,MM,pacific_ocean,western_pacific,2016-10-20T21:00:00Z,21.3,116.1,TS,75.0,VSCS,,,1,75.0,True
CLS_03720,2,VSCS,Very Severe Cyclonic Storm,2016296N11262,SEYMOUR,EP,MM,pacific_ocean,eastern_pacific,2016-10-27T09:00:00Z,19.4,-122.3,TS,73.0,VSCS,,,1,73.0,True
CLS_03721,2,VSCS,Very Severe Cyclonic Storm,2016328N09130,TOKAGE,WP,MM,pacific_ocean,western_pacific,2016-11-27T03:00:00Z,16.1,117.8,TS,78.0,VSCS,,,1,78.0,True
CLS_03722,2,VSCS,Very Severe Cyclonic Storm,2016341N08092,VARDAH,NI,BB,north_indian_ocean,bay_of_bengal,2016-12-10T21:00:00Z,13.0,85.1,TS,73.0,VSCS,65.0,newdelhi,1,65.0,True
CLS_03723,2,VSCS,Very Severe Cyclonic Storm,2016341N08092,VARDAH,NI,BB,north_indian_ocean,bay_of_bengal,2016-12-11T09:00:00Z,13.1,83.4,TS,75.0,VSCS,70.0,newdelhi,1,70.0,True
CLS_03724,2,VSCS,Very Severe Cyclonic Storm,2016341N08092,VARDAH,NI,BB,north_indian_ocean,bay_of_bengal,2016-12-11T21:00:00Z,13.2,82.0,TS,85.0,VSCS,70.0,newdelhi,2,70.0,True
CLS_03725,2,VSCS,Very Severe Cyclonic Storm,2016341N08092,VARDAH,NI,BB,north_indian_ocean,bay_of_bengal,2016-12-12T12:00:00Z,13.1,79.9,TS,65.0,VSCS,50.0,newdelhi,1,50.0,True
CLS_03726,2,VSCS,Very Severe Cyclonic Storm,2016355N07146,NOCK-TEN,WP,MM,pacific_ocean,western_pacific,2016-12-26T06:00:00Z,14.0,119.9,TS,75.0,VSCS,70.0,tokyo,1,70.0,True
CLS_03727,2,VSCS,Very Severe Cyclonic Storm,2017033S14056,CARLOS,SI,MM,south_indian_ocean,,2017-02-09T00:00:00Z,-23.4,53.2,TS,65.0,VSCS,60.0,reunion,1,60.0,True
CLS_03728,2,VSCS,Very Severe Cyclonic Storm,2017033S14056,CARLOS,SI,MM,south_indian_ocean,,2017-02-09T12:00:00Z,-24.4,54.3,TS,65.0,VSCS,65.0,reunion,1,65.0,True
CLS_03729,2,VSCS,Very Severe Cyclonic Storm,2017043S19040,DINEO,SI,MM,south_indian_ocean,,2017-02-15T15:00:00Z,-23.5,35.8,TS,80.0,VSCS,,,1,80.0,True
CLS_03730,2,VSCS,Very Severe Cyclonic Storm,2017061S11063,ENAWO,SI,MM,south_indian_ocean,,2017-03-05T03:00:00Z,-13.5,56.2,TS,78.0,VSCS,,,1,78.0,True
CLS_03731,2,VSCS,Very Severe Cyclonic Storm,2017061S11063,ENAWO,SI,MM,south_indian_ocean,,2017-03-05T15:00:00Z,-13.9,55.3,TS,88.0,VSCS,,,2,88.0,True
CLS_03732,2,VSCS,Very Severe Cyclonic Storm,2017082S14152,DEBBIE,SP,EA,pacific_ocean,southern_pacific,2017-03-25T18:00:00Z,-17.9,151.7,TS,65.0,VSCS,55.0,bom,1,55.0,True
CLS_03733,2,VSCS,Very Severe Cyclonic Storm,2017082S14152,DEBBIE,SP,EA,pacific_ocean,southern_pacific,2017-03-26T06:00:00Z,-18.3,151.2,TS,65.0,VSCS,60.0,bom,1,60.0,True
CLS_03734,2,VSCS,Very Severe Cyclonic Storm,2017082S14152,DEBBIE,SP,EA,pacific_ocean,southern_pacific,2017-03-27T03:00:00Z,-19.3,150.3,TS,88.0,VSCS,,,2,88.0,True
CLS_03735,2,VSCS,Very Severe Cyclonic Storm,2017082S14152,DEBBIE,SP,EA,pacific_ocean,southern_pacific,2017-03-28T09:00:00Z,-20.5,148.1,TS,70.0,VSCS,,,1,70.0,True
CLS_03736,2,VSCS,Very Severe Cyclonic Storm,2017094S10115,ERNIE,SI,WA,south_indian_ocean,,2017-04-07T00:00:00Z,-14.9,110.4,TS,80.0,VSCS,70.0,bom,1,70.0,True
CLS_03737,2,VSCS,Very Severe Cyclonic Storm,2017094S10115,ERNIE,SI,WA,south_indian_ocean,,2017-04-09T09:00:00Z,-17.6,107.1,TS,78.0,VSCS,,,1,78.0,True
CLS_03738,2,VSCS,Very Severe Cyclonic Storm,2017097S12171,COOK,SP,MM,pacific_ocean,southern_pacific,2017-04-09T15:00:00Z,-18.8,166.4,TS,75.0,VSCS,,,1,75.0,True
CLS_03739,2,VSCS,Very Severe Cyclonic Storm,2017097S12171,COOK,SP,MM,pacific_ocean,southern_pacific,2017-04-10T06:00:00Z,-21.6,165.7,TS,85.0,VSCS,85.0,nadi,2,85.0,True
CLS_03740,2,VSCS,Very Severe Cyclonic Storm,2017097S12171,COOK,SP,MM,pacific_ocean,southern_pacific,2017-04-10T18:00:00Z,-23.6,165.5,TS,65.0,VSCS,60.0,nadi,1,60.0,True
CLS_03741,2,VSCS,Very Severe Cyclonic Storm,2017111S09146,FRANCES,SI,WA,south_indian_ocean,,2017-04-28T06:00:00Z,-11.8,125.6,TS,65.0,VSCS,65.0,bom,1,65.0,True
CLS_03742,2,VSCS,Very Severe Cyclonic Storm,2017122S13170,DONNA,SP,MM,pacific_ocean,southern_pacific,2017-05-04T06:00:00Z,-12.5,168.1,TS,80.0,VSCS,60.0,nadi,1,60.0,True
CLS_03743,2,VSCS,Very Severe Cyclonic Storm,2017122S13170,DONNA,SP,MM,pacific_ocean,southern_pacific,2017-05-05T00:00:00Z,-13.0,166.2,TS,80.0,VSCS,75.0,nadi,1,75.0,True
CLS_03744,2,VSCS,Very Severe Cyclonic Storm,2017122S13170,DONNA,SP,MM,pacific_ocean,southern_pacific,2017-05-05T15:00:00Z,-13.4,164.6,TS,88.0,VSCS,,,2,88.0,True
CLS_03745,2,VSCS,Very Severe Cyclonic Storm,2017122S13170,DONNA,SP,MM,pacific_ocean,southern_pacific,2017-05-06T15:00:00Z,-13.3,164.1,TS,88.0,VSCS,,,2,88.0,True
CLS_03746,2,VSCS,Very Severe Cyclonic Storm,2017122S13170,DONNA,SP,MM,pacific_ocean,southern_pacific,2017-05-09T03:00:00Z,-19.8,166.6,TS,85.0,VSCS,,,2,85.0,True
CLS_03747,2,VSCS,Very Severe Cyclonic Storm,2017122S13170,DONNA,SP,MM,pacific_ocean,southern_pacific,2017-05-09T15:00:00Z,-20.6,167.1,TS,65.0,VSCS,,,1,65.0,True
CLS_03748,2,VSCS,Very Severe Cyclonic Storm,2017127S18184,ELLA,SP,MM,pacific_ocean,southern_pacific,2017-05-11T15:00:00Z,-14.1,182.4,TS,65.0,VSCS,,,1,65.0,True
CLS_03749,2,VSCS,Very Severe Cyclonic Storm,2017127S18184,ELLA,SP,MM,pacific_ocean,southern_pacific,2017-05-12T09:00:00Z,-13.6,181.7,TS,70.0,VSCS,,,1,70.0,True
CLS_03750,2,VSCS,Very Severe Cyclonic Storm,2017147N14087,MORA,NI,BB,north_indian_ocean,bay_of_bengal,2017-05-30T00:00:00Z,21.0,91.9,TS,80.0,VSCS,60.0,newdelhi,1,60.0,True
CLS_03751,2,VSCS,Very Severe Cyclonic Storm,2017175N13264,DORA,EP,MM,pacific_ocean,eastern_pacific,2017-06-26T21:00:00Z,17.8,-107.3,TS,88.0,VSCS,,,2,88.0,True
CLS_03752,2,VSCS,Very Severe Cyclonic Storm,2017175N13264,DORA,EP,MM,pacific_ocean,eastern_pacific,2017-06-27T09:00:00Z,18.8,-109.2,TS,70.0,VSCS,,,1,70.0,True
CLS_03753,2,VSCS,Very Severe Cyclonic Storm,2017189N11250,EUGENE,EP,MM,pacific_ocean,eastern_pacific,2017-07-08T21:00:00Z,13.8,-113.2,TS,65.0,VSCS,,,1,65.0,True
CLS_03754,2,VSCS,Very Severe Cyclonic Storm,2017189N11250,EUGENE,EP,MM,pacific_ocean,eastern_pacific,2017-07-10T21:00:00Z,19.3,-117.8,TS,65.0,VSCS,,,1,65.0,True
CLS_03755,2,VSCS,Very Severe Cyclonic Storm,2017193N12252,FERNANDA,EP,MM,pacific_ocean,eastern_pacific,2017-07-13T21:00:00Z,11.2,-116.0,TS,70.0,VSCS,,,1,70.0,True
CLS_03756,2,VSCS,Very Severe Cyclonic Storm,2017202N08274,HILARY,EP,MM,pacific_ocean,eastern_pacific,2017-07-24T09:00:00Z,13.8,-103.7,TS,68.0,VSCS,,,1,68.0,True
CLS_03757,2,VSCS,Very Severe Cyclonic Storm,2017203N14248,IRWIN,EP,MM,pacific_ocean,eastern_pacific,2017-07-25T18:00:00Z,15.8,-119.8,TS,80.0,VSCS,80.0,hurdat_epa,1,80.0,True
CLS_03758,2,VSCS,Very Severe Cyclonic Storm,2017202N08274,HILARY,EP,MM,pacific_ocean,eastern_pacific,2017-07-27T15:00:00Z,17.5,-115.8,TS,68.0,VSCS,,,1,68.0,True
CLS_03759,2,VSCS,Very Severe Cyclonic Storm,2017206N13129,NESAT,WP,MM,pacific_ocean,western_pacific,2017-07-28T18:00:00Z,21.7,123.6,TS,75.0,VSCS,80.0,tokyo,1,80.0,True
CLS_03760,2,VSCS,Very Severe Cyclonic Storm,2017200N26162,NORU,WP,MM,pacific_ocean,western_pacific,2017-07-29T00:00:00Z,27.1,142.8,TS,65.0,VSCS,60.0,tokyo,1,60.0,True
CLS_03761,2,VSCS,Very Severe Cyclonic Storm,2017223N16172,BANYAN,WP,MM,pacific_ocean,western_pacific,2017-08-13T21:00:00Z,22.4,163.5,TS,85.0,VSCS,,,2,85.0,True
CLS_03762,2,VSCS,Very Severe Cyclonic Storm,2017230N13249,KENNETH,EP,MM,pacific_ocean,eastern_pacific,2017-08-20T21:00:00Z,16.4,-128.3,TS,88.0,VSCS,,,2,88.0,True
CLS_03763,2,VSCS,Very Severe Cyclonic Storm,2017232N19130,HATO,WP,MM,pacific_ocean,western_pacific,2017-08-22T12:00:00Z,20.6,117.3,TS,75.0,VSCS,60.0,tokyo,1,60.0,True
CLS_03764,2,VSCS,Very Severe Cyclonic Storm,2017239N18147,SANVU,WP,MM,pacific_ocean,western_pacific,2017-08-31T15:00:00Z,27.9,141.7,TS,78.0,VSCS,65.0,tokyo,1,65.0,True
CLS_03765,2,VSCS,Very Severe Cyclonic Storm,2017252N14147,TALIM,WP,MM,pacific_ocean,western_pacific,2017-09-12T12:00:00Z,22.9,127.9,TS,70.0,VSCS,80.0,tokyo,1,80.0,True
CLS_03766,2,VSCS,Very Severe Cyclonic Storm,2017257N16258,MAX,EP,MM,pacific_ocean,eastern_pacific,2017-09-14T12:00:00Z,16.4,-100.2,TS,70.0,VSCS,70.0,hurdat_epa,1,70.0,True
CLS_03767,2,VSCS,Very Severe Cyclonic Storm,2017257N16251,NORMA,EP,MM,pacific_ocean,eastern_pacific,2017-09-16T00:00:00Z,18.9,-110.1,TS,65.0,VSCS,65.0,hurdat_epa,1,65.0,True
CLS_03768,2,VSCS,Very Severe Cyclonic Storm,2017254N16251,OTIS,EP,MM,pacific_ocean,eastern_pacific,2017-09-17T15:00:00Z,16.5,-127.1,TS,73.0,VSCS,,,1,73.0,True
CLS_03769,2,VSCS,Very Severe Cyclonic Storm,2017284N15134,KHANUN,WP,MM,pacific_ocean,western_pacific,2017-10-14T15:00:00Z,19.0,117.0,TS,68.0,VSCS,,,1,68.0,True
CLS_03770,2,VSCS,Very Severe Cyclonic Storm,2017288N09138,LAN,WP,MM,pacific_ocean,western_pacific,2017-10-19T15:00:00Z,17.4,130.0,TS,83.0,VSCS,,,2,83.0,True
CLS_03771,2,VSCS,Very Severe Cyclonic Storm,2017292N13151,SAOLA,WP,MM,pacific_ocean,western_pacific,2017-10-28T06:00:00Z,27.1,128.4,TS,65.0,VSCS,60.0,tokyo,1,60.0,True
CLS_03772,2,VSCS,Very Severe Cyclonic Storm,2017304N11127,DAMREY,WP,MM,pacific_ocean,western_pacific,2017-11-03T06:00:00Z,12.8,112.7,TS,75.0,VSCS,70.0,tokyo,1,70.0,True
CLS_03773,2,VSCS,Very Severe Cyclonic Storm,2017333N06082,OCKHI,NI,AS,north_indian_ocean,arabian_sea,2017-12-01T00:00:00Z,8.8,74.1,TS,65.0,VSCS,50.0,newdelhi,1,50.0,True
CLS_03774,2,VSCS,Very Severe Cyclonic Storm,2017333N06082,OCKHI,NI,AS,north_indian_ocean,arabian_sea,2017-12-01T12:00:00Z,9.0,72.8,TS,75.0,VSCS,65.0,newdelhi,1,65.0,True
CLS_03775,2,VSCS,Very Severe Cyclonic Storm,2017333N06082,OCKHI,NI,AS,north_indian_ocean,arabian_sea,2017-12-02T03:00:00Z,9.6,71.2,TS,88.0,VSCS,80.0,newdelhi,2,80.0,True
CLS_03776,2,VSCS,Very Severe Cyclonic Storm,2017333N06082,OCKHI,NI,AS,north_indian_ocean,arabian_sea,2017-12-03T06:00:00Z,12.2,68.9,TS,80.0,VSCS,75.0,newdelhi,1,75.0,True
CLS_03777,2,VSCS,Very Severe Cyclonic Storm,2017333N06082,OCKHI,NI,AS,north_indian_ocean,arabian_sea,2017-12-03T18:00:00Z,13.5,68.5,TS,75.0,VSCS,75.0,newdelhi,1,75.0,True
CLS_03778,2,VSCS,Very Severe Cyclonic Storm,2017333N06082,OCKHI,NI,AS,north_indian_ocean,arabian_sea,2017-12-04T12:00:00Z,15.6,69.2,TS,65.0,VSCS,60.0,newdelhi,1,60.0,True
CLS_03779,2,VSCS,Very Severe Cyclonic Storm,2017354N08134,TEMBIN,WP,MM,pacific_ocean,western_pacific,2017-12-23T21:00:00Z,8.1,115.3,TS,75.0,VSCS,,,1,75.0,True
CLS_03780,2,VSCS,Very Severe Cyclonic Storm,2017364S12065,AVA,SI,MM,south_indian_ocean,,2018-01-04T21:00:00Z,-17.1,50.8,TS,70.0,VSCS,,,1,70.0,True
CLS_03781,2,VSCS,Very Severe Cyclonic Storm,2017364S12065,AVA,SI,MM,south_indian_ocean,,2018-01-05T09:00:00Z,-18.0,49.7,TS,88.0,VSCS,,,2,88.0,True
CLS_03782,2,VSCS,Very Severe Cyclonic Storm,2018004S09096,IRVING,SI,MM,south_indian_ocean,,2018-01-07T15:00:00Z,-15.2,83.6,TS,83.0,VSCS,,,2,83.0,True
CLS_03783,2,VSCS,Very Severe Cyclonic Storm,2018004S09096,IRVING,SI,MM,south_indian_ocean,,2018-01-09T00:00:00Z,-20.2,75.2,TS,80.0,VSCS,63.0,reunion,1,63.0,True
CLS_03784,2,VSCS,Very Severe Cyclonic Storm,2018010S10069,BERGUITTA,SI,MM,south_indian_ocean,,2018-01-16T09:00:00Z,-18.0,61.3,TS,83.0,VSCS,,,2,83.0,True
CLS_03785,2,VSCS,Very Severe Cyclonic Storm,2018010S10069,BERGUITTA,SI,MM,south_indian_ocean,,2018-01-17T09:00:00Z,-18.3,60.1,TS,65.0,VSCS,,,1,65.0,True
CLS_03786,2,VSCS,Very Severe Cyclonic Storm,2018025S09080,CEBILE,SI,MM,south_indian_ocean,,2018-01-28T00:00:00Z,-12.5,84.4,TS,65.0,VSCS,57.0,reunion,1,57.0,True
CLS_03787,2,VSCS,Very Severe Cyclonic Storm,2018025S09080,CEBILE,SI,MM,south_indian_ocean,,2018-02-03T18:00:00Z,-19.1,78.6,TS,75.0,VSCS,70.0,reunion,1,70.0,True
CLS_03788,2,VSCS,Very Severe Cyclonic Storm,2018038S15172,GITA,SP,MM,pacific_ocean,southern_pacific,2018-02-10T06:00:00Z,-17.2,191.3,TS,65.0,VSCS,70.0,nadi,1,70.0,True
CLS_03789,2,VSCS,Very Severe Cyclonic Storm,2018038S15172,GITA,SP,MM,pacific_ocean,southern_pacific,2018-02-11T00:00:00Z,-20.4,191.7,TS,85.0,VSCS,80.0,nadi,2,80.0,True
CLS_03790,2,VSCS,Very Severe Cyclonic Storm,2018038S15172,GITA,SP,MM,pacific_ocean,southern_pacific,2018-02-16T15:00:00Z,-24.0,167.6,TS,78.0,VSCS,,,1,78.0,True
CLS_03791,2,VSCS,Very Severe Cyclonic Storm,2018038S15172,GITA,SP,MM,pacific_ocean,southern_pacific,2018-02-17T03:00:00Z,-24.8,166.0,TS,68.0,VSCS,,,1,68.0,True
CLS_03792,2,VSCS,Very Severe Cyclonic Storm,2018044S10133,KELVIN,SI,WA,south_indian_ocean,,2018-02-18T00:00:00Z,-19.3,121.6,TS,70.0,VSCS,80.0,bom,1,80.0,True
CLS_03793,2,VSCS,Very Severe Cyclonic Storm,2018044S10133,KELVIN,SI,WA,south_indian_ocean,,2018-02-18T12:00:00Z,-20.4,122.4,TS,65.0,VSCS,70.0,bom,1,70.0,True
CLS_03794,2,VSCS,Very Severe Cyclonic Storm,2018060S13057,DUMAZILE,SI,MM,south_indian_ocean,,2018-03-04T00:00:00Z,-17.0,51.5,TS,65.0,VSCS,47.0,reunion,1,47.0,True
CLS_03795,2,VSCS,Very Severe Cyclonic Storm,2018064S16172,HOLA,SP,MM,pacific_ocean,southern_pacific,2018-03-07T12:00:00Z,-16.6,166.6,TS,70.0,VSCS,70.0,nadi,1,70.0,True
CLS_03796,2,VSCS,Very Severe Cyclonic Storm,2018064S16172,HOLA,SP,MM,pacific_ocean,southern_pacific,2018-03-08T21:00:00Z,-17.9,165.3,TS,85.0,VSCS,,,2,85.0,True
CLS_03797,2,VSCS,Very Severe Cyclonic Storm,2018064S16172,HOLA,SP,MM,pacific_ocean,southern_pacific,2018-03-09T09:00:00Z,-19.1,166.6,TS,80.0,VSCS,,,1,80.0,True
CLS_03798,2,VSCS,Very Severe Cyclonic Storm,2018064S16172,HOLA,SP,MM,pacific_ocean,southern_pacific,2018-03-10T06:00:00Z,-23.3,170.7,TS,70.0,VSCS,60.0,nadi,1,60.0,True
CLS_03799,2,VSCS,Very Severe Cyclonic Storm,2018073S12057,ELIAKIM,SI,MM,south_indian_ocean,,2018-03-16T06:00:00Z,-15.8,50.6,TS,65.0,VSCS,55.0,reunion,1,55.0,True
CLS_03800,2,VSCS,Very Severe Cyclonic Storm,2018073S09129,MARCUS,SI,WA,south_indian_ocean,,2018-03-18T00:00:00Z,-14.2,127.8,TS,70.0,VSCS,55.0,bom,1,55.0,True
CLS_03801,2,VSCS,Very Severe Cyclonic Storm,2018079S08137,NORA,SP,EA,pacific_ocean,southern_pacific,2018-03-23T06:00:00Z,-10.5,138.0,TS,70.0,VSCS,60.0,bom,1,60.0,True
CLS_03802,2,VSCS,Very Severe Cyclonic Storm,2018073S09129,MARCUS,SI,WA,south_indian_ocean,,2018-03-23T21:00:00Z,-24.7,106.9,TS,65.0,VSCS,,,1,65.0,True
CLS_03803,2,VSCS,Very Severe Cyclonic Storm,2018079S08137,NORA,SP,EA,pacific_ocean,southern_pacific,2018-03-24T09:00:00Z,-13.9,141.2,TS,85.0,VSCS,75.0,bom,2,75.0,True
CLS_03804,2,VSCS,Very Severe Cyclonic Storm,2018096S15172,KENI,SP,MM,pacific_ocean,southern_pacific,2018-04-10T00:00:00Z,-18.7,177.0,TS,75.0,VSCS,85.0,nadi,1,85.0,True
CLS_03805,2,VSCS,Very Severe Cyclonic Storm,2018096S15172,KENI,SP,MM,pacific_ocean,southern_pacific,2018-04-10T15:00:00Z,-22.1,182.5,TS,80.0,VSCS,,,1,80.0,True
CLS_03806,2,VSCS,Very Severe Cyclonic Storm,2018111S07055,FAKIR,SI,MM,south_indian_ocean,,2018-04-24T00:00:00Z,-19.4,55.0,TS,75.0,VSCS,70.0,reunion,1,70.0,True
CLS_03807,2,VSCS,Very Severe Cyclonic Storm,2018117S07098,FLAMBOYAN,SI,MM,south_indian_ocean,,2018-04-30T18:00:00Z,-16.5,84.0,TS,65.0,VSCS,60.0,reunion,1,60.0,True
CLS_03808,2,VSCS,Very Severe Cyclonic Storm,2018136N11054,SAGAR,NI,AS,north_indian_ocean,arabian_sea,2018-05-18T18:00:00Z,11.3,45.1,TS,65.0,VSCS,45.0,newdelhi,1,45.0,True
CLS_03809,2,VSCS,Very Severe Cyclonic Storm,2018141N08059,MEKUNU,NI,AS,north_indian_ocean,arabian_sea,2018-05-23T15:00:00Z,12.3,55.9,TS,70.0,VSCS,70.0,newdelhi,1,70.0,True
CLS_03810,2,VSCS,Very Severe Cyclonic Storm,2018141N08059,MEKUNU,NI,AS,north_indian_ocean,arabian_sea,2018-05-24T12:00:00Z,14.3,55.3,TS,80.0,VSCS,80.0,newdelhi,1,80.0,True
CLS_03811,2,VSCS,Very Severe Cyclonic Storm,2018141N08059,MEKUNU,NI,AS,north_indian_ocean,arabian_sea,2018-05-25T00:00:00Z,15.2,54.6,TS,85.0,VSCS,85.0,newdelhi,2,85.0,True
CLS_03812,2,VSCS,Very Severe Cyclonic Storm,2018141N08059,MEKUNU,NI,AS,north_indian_ocean,arabian_sea,2018-05-26T00:00:00Z,17.2,53.5,TS,85.0,VSCS,75.0,newdelhi,2,75.0,True
CLS_03813,2,VSCS,Very Severe Cyclonic Storm,2018157N14255,ALETTA,EP,MM,pacific_ocean,eastern_pacific,2018-06-07T21:00:00Z,15.2,-109.8,TS,78.0,VSCS,,,1,78.0,True
CLS_03814,2,VSCS,Very Severe Cyclonic Storm,2018157N14255,ALETTA,EP,MM,pacific_ocean,eastern_pacific,2018-06-09T15:00:00Z,16.2,-113.3,TS,80.0,VSCS,,,1,80.0,True
CLS_03815,2,VSCS,Very Severe Cyclonic Storm,2018161N12260,BUD,EP,MM,pacific_ocean,eastern_pacific,2018-06-13T00:00:00Z,18.6,-108.5,TS,85.0,VSCS,85.0,hurdat_epa,2,85.0,True
CLS_03816,2,VSCS,Very Severe Cyclonic Storm,2018179N19134,PRAPIROON,WP,MM,pacific_ocean,western_pacific,2018-07-02T15:00:00Z,30.1,127.8,TS,80.0,VSCS,65.0,tokyo,1,65.0,True
CLS_03817,2,VSCS,Very Severe Cyclonic Storm,2018182N11256,FABIO,EP,MM,pacific_ocean,eastern_pacific,2018-07-04T09:00:00Z,16.8,-119.3,TS,88.0,VSCS,,,2,88.0,True
CLS_03818,2,VSCS,Very Severe Cyclonic Storm,2018184N10147,MARIA,WP,MM,pacific_ocean,western_pacific,2018-07-11T09:00:00Z,26.8,117.5,TS,65.0,VSCS,,,1,65.0,True
CLS_03819,2,VSCS,Very Severe Cyclonic Storm,2018202N21159,WUKONG,WP,MM,pacific_ocean,western_pacific,2018-07-25T06:00:00Z,33.9,157.8,TS,65.0,VSCS,50.0,tokyo,1,50.0,True
CLS_03820,2,VSCS,Very Severe Cyclonic Storm,2018204N15137,JONGDARI,WP,MM,pacific_ocean,western_pacific,2018-07-26T12:00:00Z,23.3,140.2,TS,65.0,VSCS,60.0,tokyo,1,60.0,True
CLS_03821,2,VSCS,Very Severe Cyclonic Storm,2018213N12245,HECTOR,EP,MM,pacific_ocean,eastern_pacific,2018-08-03T09:00:00Z,14.1,232.2,TS,83.0,VSCS,,,2,83.0,True
CLS_03822,2,VSCS,Very Severe Cyclonic Storm,2018214N19153,SHANSHAN,WP,MM,pacific_ocean,western_pacific,2018-08-08T00:00:00Z,33.3,141.9,TS,80.0,VSCS,70.0,tokyo,1,70.0,True
CLS_03823,2,VSCS,Very Severe Cyclonic Storm,2018218N14255,JOHN,EP,MM,pacific_ocean,eastern_pacific,2018-08-08T15:00:00Z,21.0,-112.6,TS,75.0,VSCS,,,1,75.0,True
CLS_03824,2,VSCS,Very Severe Cyclonic Storm,2018218N14255,JOHN,EP,MM,pacific_ocean,eastern_pacific,2018-08-09T03:00:00Z,22.9,-114.7,TS,68.0,VSCS,,,1,68.0,True
CLS_03825,2,VSCS,Very Severe Cyclonic Storm,2018222N16147,LEEPI,WP,MM,pacific_ocean,western_pacific,2018-08-12T12:00:00Z,23.5,141.4,TS,65.0,VSCS,40.0,tokyo,1,40.0,True
CLS_03826,2,VSCS,Very Severe Cyclonic Storm,2018213N12245,HECTOR,EP,CP,pacific_ocean,eastern_pacific,2018-08-12T15:00:00Z,22.9,185.7,TS,70.0,VSCS,,,1,70.0,True
CLS_03827,2,VSCS,Very Severe Cyclonic Storm,2018227N11145,SOULIK,WP,MM,pacific_ocean,western_pacific,2018-08-17T06:00:00Z,23.0,140.3,TS,75.0,VSCS,55.0,tokyo,1,55.0,True
CLS_03828,2,VSCS,Very Severe Cyclonic Storm,2018226N11245,LANE,EP,MM,pacific_ocean,eastern_pacific,2018-08-17T15:00:00Z,11.2,-132.9,TS,88.0,VSCS,,,2,88.0,True
CLS_03829,2,VSCS,Very Severe Cyclonic Storm,2018229N11160,CIMARON,WP,MM,pacific_ocean,western_pacific,2018-08-20T12:00:00Z,18.3,147.3,TS,70.0,VSCS,60.0,tokyo,1,60.0,True
CLS_03830,2,VSCS,Very Severe Cyclonic Storm,2018226N11245,LANE,EP,CP,pacific_ocean,eastern_pacific,2018-08-25T00:00:00Z,18.9,-158.2,TS,65.0,VSCS,65.0,hurdat_epa,1,65.0,True
CLS_03831,2,VSCS,Very Severe Cyclonic Storm,2018238N13239,MIRIAM,EP,CP,pacific_ocean,eastern_pacific,2018-08-30T15:00:00Z,15.2,-141.4,TS,73.0,VSCS,,,1,73.0,True
CLS_03832,2,VSCS,Very Severe Cyclonic Storm,2018238N13239,MIRIAM,EP,CP,pacific_ocean,eastern_pacific,2018-08-31T21:00:00Z,19.2,-141.0,TS,85.0,VSCS,,,2,85.0,True
CLS_03833,2,VSCS,Very Severe Cyclonic Storm,2018244N14252,OLIVIA,EP,MM,pacific_ocean,eastern_pacific,2018-09-06T03:00:00Z,17.6,-124.7,TS,88.0,VSCS,,,2,88.0,True
CLS_03834,2,VSCS,Very Severe Cyclonic Storm,2018240N15251,NORMAN,EP,CP,pacific_ocean,eastern_pacific,2018-09-07T03:00:00Z,21.8,-151.4,TS,80.0,VSCS,,,1,80.0,True
CLS_03835,2,VSCS,Very Severe Cyclonic Storm,2018244N14252,OLIVIA,EP,MM,pacific_ocean,eastern_pacific,2018-09-08T06:00:00Z,21.1,-135.9,TS,80.0,VSCS,80.0,hurdat_epa,1,80.0,True
CLS_03836,2,VSCS,Very Severe Cyclonic Storm,2018268N14253,ROSA,EP,MM,pacific_ocean,eastern_pacific,2018-09-29T12:00:00Z,19.7,-118.4,TS,85.0,VSCS,85.0,hurdat_epa,2,85.0,True
CLS_03837,2,VSCS,Very Severe Cyclonic Storm,2018271N06154,KONG-REY,WP,MM,pacific_ocean,western_pacific,2018-09-30T09:00:00Z,14.7,137.6,TS,83.0,VSCS,,,2,83.0,True
CLS_03838,2,VSCS,Very Severe Cyclonic Storm,2018263N12146,TRAMI,WP,MM,pacific_ocean,western_pacific,2018-09-30T09:00:00Z,33.2,134.4,TS,73.0,VSCS,80.0,tokyo,1,80.0,True
CLS_03839,2,VSCS,Very Severe Cyclonic Storm,2018269N11220,WALAKA,EP,CP,pacific_ocean,eastern_pacific,2018-10-01T00:00:00Z,11.7,-166.0,TS,75.0,VSCS,75.0,hurdat_epa,1,75.0,True
CLS_03840,2,VSCS,Very Severe Cyclonic Storm,2018269N11220,WALAKA,EP,CP,pacific_ocean,eastern_pacific,2018-10-05T00:00:00Z,29.7,-167.5,TS,65.0,VSCS,65.0,hurdat_epa,1,65.0,True
CLS_03841,2,VSCS,Very Severe Cyclonic Storm,2018273N12259,SERGIO,EP,MM,pacific_ocean,eastern_pacific,2018-10-08T18:00:00Z,15.5,-128.6,TS,75.0,VSCS,75.0,hurdat_epa,1,75.0,True
CLS_03842,2,VSCS,Very Severe Cyclonic Storm,2018273N12259,SERGIO,EP,MM,pacific_ocean,eastern_pacific,2018-10-09T06:00:00Z,16.1,-128.2,TS,70.0,VSCS,70.0,hurdat_epa,1,70.0,True
CLS_03843,2,VSCS,Very Severe Cyclonic Storm,2018281N14088,TITLI,NI,BB,north_indian_ocean,bay_of_bengal,2018-10-10T03:00:00Z,16.5,85.9,TS,70.0,VSCS,60.0,newdelhi,1,60.0,True
CLS_03844,2,VSCS,Very Severe Cyclonic Storm,2018279N11069,LUBAN,NI,AS,north_indian_ocean,arabian_sea,2018-10-10T03:00:00Z,14.1,59.1,TS,73.0,VSCS,65.0,newdelhi,1,65.0,True
CLS_03845,2,VSCS,Very Severe Cyclonic Storm,2018279N11069,LUBAN,NI,AS,north_indian_ocean,arabian_sea,2018-10-10T15:00:00Z,14.5,58.5,TS,85.0,VSCS,75.0,newdelhi,2,75.0,True
CLS_03846,2,VSCS,Very Severe Cyclonic Storm,2018279N11069,LUBAN,NI,AS,north_indian_ocean,arabian_sea,2018-10-11T09:00:00Z,14.5,57.9,TS,65.0,VSCS,70.0,newdelhi,1,70.0,True
CLS_03847,2,VSCS,Very Severe Cyclonic Storm,2018281N14088,TITLI,NI,BB,north_indian_ocean,bay_of_bengal,2018-10-11T12:00:00Z,19.7,83.8,TS,65.0,VSCS,45.0,newdelhi,1,45.0,True
CLS_03848,2,VSCS,Very Severe Cyclonic Storm,2018292N14261,WILLA,EP,MM,pacific_ocean,eastern_pacific,2018-10-21T09:00:00Z,16.2,-106.5,TS,78.0,VSCS,,,1,78.0,True
CLS_03849,2,VSCS,Very Severe Cyclonic Storm,2018292N14261,WILLA,EP,MM,pacific_ocean,eastern_pacific,2018-10-24T03:00:00Z,23.0,-105.5,TS,82.0,VSCS,,,1,82.0,True
CLS_03850,2,VSCS,Very Severe Cyclonic Storm,2018309S06068,ALCIDE,SI,MM,south_indian_ocean,,2018-11-07T09:00:00Z,-10.3,56.4,TS,73.0,VSCS,,,1,73.0,True
CLS_03851,2,VSCS,Very Severe Cyclonic Storm,2018309S06068,ALCIDE,SI,MM,south_indian_ocean,,2018-11-08T21:00:00Z,-12.5,53.1,TS,85.0,VSCS,,,2,85.0,True
CLS_03852,2,VSCS,Very Severe Cyclonic Storm,2018314N12093,GAJA,NI,BB,north_indian_ocean,bay_of_bengal,2018-11-15T12:00:00Z,10.9,81.2,TS,70.0,VSCS,60.0,newdelhi,1,60.0,True
CLS_03853,2,VSCS,Very Severe Cyclonic Storm,2018314N12093,GAJA,NI,BB,north_indian_ocean,bay_of_bengal,2018-11-16T00:00:00Z,10.5,79.1,TS,70.0,VSCS,55.0,newdelhi,1,55.0,True
CLS_03854,2,VSCS,Very Severe Cyclonic Storm,2018324N04156,MAN-YI,WP,MM,pacific_ocean,western_pacific,2018-11-23T21:00:00Z,17.7,135.4,TS,88.0,VSCS,,,2,88.0,True
CLS_03855,2,VSCS,Very Severe Cyclonic Storm,2018311N07179,USAGI,WP,MM,pacific_ocean,western_pacific,2018-11-24T18:00:00Z,9.8,107.8,TS,65.0,VSCS,55.0,tokyo,1,55.0,True
CLS_03856,2,VSCS,Very Severe Cyclonic Storm,2018334S09156,OWEN,SP,EA,pacific_ocean,southern_pacific,2018-12-12T15:00:00Z,-14.9,136.4,TS,68.0,VSCS,,,1,68.0,True
CLS_03857,2,VSCS,Very Severe Cyclonic Storm,2018334S09156,OWEN,SP,EA,pacific_ocean,southern_pacific,2018-12-13T03:00:00Z,-15.2,136.0,TS,80.0,VSCS,80.0,bom,1,80.0,True
CLS_03858,2,VSCS,Very Severe Cyclonic Storm,2018334S09156,OWEN,SP,EA,pacific_ocean,southern_pacific,2018-12-13T15:00:00Z,-15.2,137.1,TS,78.0,VSCS,,,1,78.0,True
CLS_03859,2,VSCS,Very Severe Cyclonic Storm,2018334S09156,OWEN,SP,EA,pacific_ocean,southern_pacific,2018-12-14T03:00:00Z,-15.1,138.4,TS,78.0,VSCS,,,1,78.0,True
CLS_03860,2,VSCS,Very Severe Cyclonic Storm,2018334S09156,OWEN,SP,EA,pacific_ocean,southern_pacific,2018-12-14T15:00:00Z,-15.8,141.0,TS,65.0,VSCS,,,1,65.0,True
CLS_03861,2,VSCS,Very Severe Cyclonic Storm,2018348S08093,KENANGA,SI,MM,south_indian_ocean,,2018-12-18T09:00:00Z,-14.5,83.9,TS,83.0,VSCS,,,2,83.0,True
CLS_03862,2,VSCS,Very Severe Cyclonic Storm,2018351S09059,CILIDA,SI,MM,south_indian_ocean,,2018-12-20T06:00:00Z,-12.5,59.6,TS,65.0,VSCS,60.0,reunion,1,60.0,True
CLS_03863,2,VSCS,Very Severe Cyclonic Storm,2018348S08093,KENANGA,SI,MM,south_indian_ocean,,2018-12-21T09:00:00Z,-16.2,79.6,TS,65.0,VSCS,,,1,65.0,True
CLS_03864,2,VSCS,Very Severe Cyclonic Storm,2018351S09059,CILIDA,SI,MM,south_indian_ocean,,2018-12-24T09:00:00Z,-25.8,65.8,TS,70.0,VSCS,,,1,70.0,True
CLS_03865,2,VSCS,Very Severe Cyclonic Storm,2019021S09128,RILEY,SI,WA,south_indian_ocean,,2019-01-27T00:00:00Z,-17.5,114.7,TS,70.0,VSCS,65.0,bom,1,65.0,True
CLS_03866,2,VSCS,Very Severe Cyclonic Storm,2019035S13070,FUNANI,SI,MM,south_indian_ocean,,2019-02-06T06:00:00Z,-16.9,64.3,TS,65.0,VSCS,50.0,reunion,1,50.0,True
CLS_03867,2,VSCS,Very Severe Cyclonic Storm,2019035S11058,GELENA,SI,MM,south_indian_ocean,,2019-02-08T00:00:00Z,-14.5,54.2,TS,80.0,VSCS,70.0,reunion,1,70.0,True
CLS_03868,2,VSCS,Very Severe Cyclonic Storm,2019035S13070,FUNANI,SI,MM,south_indian_ocean,,2019-02-08T21:00:00Z,-26.1,72.7,TS,78.0,VSCS,,,1,78.0,True
CLS_03869,2,VSCS,Very Severe Cyclonic Storm,2019035S11058,GELENA,SI,MM,south_indian_ocean,,2019-02-10T21:00:00Z,-22.8,67.3,TS,78.0,VSCS,,,1,78.0,True
CLS_03870,2,VSCS,Very Severe Cyclonic Storm,2019042S17162,OMA,SP,MM,pacific_ocean,southern_pacific,2019-02-15T12:00:00Z,-15.3,164.6,TS,65.0,VSCS,60.0,nadi,1,60.0,True
CLS_03871,2,VSCS,Very Severe Cyclonic Storm,2019042S17162,OMA,SP,MM,pacific_ocean,southern_pacific,2019-02-16T03:00:00Z,-15.3,164.0,TS,65.0,VSCS,,,1,65.0,True
CLS_03872,2,VSCS,Very Severe Cyclonic Storm,2019042S17162,OMA,SP,MM,pacific_ocean,southern_pacific,2019-02-19T03:00:00Z,-19.8,162.4,TS,75.0,VSCS,,,1,75.0,True
CLS_03873,2,VSCS,Very Severe Cyclonic Storm,2019042S17162,OMA,SP,MM,pacific_ocean,southern_pacific,2019-02-19T15:00:00Z,-20.6,161.8,TS,73.0,VSCS,,,1,73.0,True
CLS_03874,2,VSCS,Very Severe Cyclonic Storm,2019042S17162,OMA,SP,MM,pacific_ocean,southern_pacific,2019-02-20T03:00:00Z,-21.4,161.2,TS,65.0,VSCS,,,1,65.0,True
CLS_03875,2,VSCS,Very Severe Cyclonic Storm,2019057S13184,POLA,SP,MM,pacific_ocean,southern_pacific,2019-02-27T06:00:00Z,-19.9,-177.6,TS,75.0,VSCS,65.0,nadi,1,65.0,True
CLS_03876,2,VSCS,Very Severe Cyclonic Storm,2019057S13184,POLA,SP,MM,pacific_ocean,southern_pacific,2019-02-27T18:00:00Z,-21.3,-178.1,TS,85.0,VSCS,80.0,nadi,2,80.0,True
CLS_03877,2,VSCS,Very Severe Cyclonic Storm,2019057S13184,POLA,SP,MM,pacific_ocean,southern_pacific,2019-03-01T03:00:00Z,-26.8,-178.0,TS,68.0,VSCS,,,1,68.0,True
CLS_03878,2,VSCS,Very Severe Cyclonic Storm,2019060S10078,HALEH,SI,MM,south_indian_ocean,,2019-03-06T03:00:00Z,-22.6,70.5,TS,88.0,VSCS,,,2,88.0,True
CLS_03879,2,VSCS,Very Severe Cyclonic Storm,2019060S10078,HALEH,SI,MM,south_indian_ocean,,2019-03-07T00:00:00Z,-25.1,68.1,TS,75.0,VSCS,60.0,reunion,1,60.0,True
CLS_03880,2,VSCS,Very Severe Cyclonic Storm,2019063S18038,IDAI,SI,MM,south_indian_ocean,,2019-03-10T15:00:00Z,-17.2,43.1,TS,68.0,VSCS,,,1,68.0,True
CLS_03881,2,VSCS,Very Severe Cyclonic Storm,2019063S18038,IDAI,SI,MM,south_indian_ocean,,2019-03-15T06:00:00Z,-19.4,34.2,TS,85.0,VSCS,50.0,reunion,2,50.0,True
CLS_03882,2,VSCS,Very Severe Cyclonic Storm,2019067S11115,SAVANNAH,SI,WA,south_indian_ocean,,2019-03-16T06:00:00Z,-15.1,93.5,TS,65.0,VSCS,70.0,bom,1,70.0,True
CLS_03883,2,VSCS,Very Severe Cyclonic Storm,2019074S08151,TREVOR,SP,EA,pacific_ocean,southern_pacific,2019-03-18T15:00:00Z,-12.8,144.8,TS,78.0,VSCS,,,1,78.0,True
CLS_03884,2,VSCS,Very Severe Cyclonic Storm,2019074S08151,TREVOR,SP,EA,pacific_ocean,southern_pacific,2019-03-19T15:00:00Z,-13.1,142.9,TS,85.0,VSCS,,,2,85.0,True
CLS_03885,2,VSCS,Very Severe Cyclonic Storm,2019077S13123,VERONICA,SI,WA,south_indian_ocean,,2019-03-20T09:00:00Z,-15.6,118.1,TS,68.0,VSCS,,,1,68.0,True
CLS_03886,2,VSCS,Very Severe Cyclonic Storm,2019074S08151,TREVOR,SP,EA,pacific_ocean,southern_pacific,2019-03-21T15:00:00Z,-13.9,140.7,TS,68.0,VSCS,,,1,68.0,True
CLS_03887,2,VSCS,Very Severe Cyclonic Storm,2019074S08151,TREVOR,SP,EA,pacific_ocean,southern_pacific,2019-03-22T03:00:00Z,-14.5,139.5,TS,85.0,VSCS,,,2,85.0,True
CLS_03888,2,VSCS,Very Severe Cyclonic Storm,2019074S08151,TREVOR,SP,EA,pacific_ocean,southern_pacific,2019-03-23T15:00:00Z,-17.9,135.5,TS,68.0,VSCS,,,1,68.0,True
CLS_03889,2,VSCS,Very Severe Cyclonic Storm,2019077S13123,VERONICA,SI,WA,south_indian_ocean,,2019-03-24T21:00:00Z,-20.4,117.6,TS,65.0,VSCS,,,1,65.0,True
CLS_03890,2,VSCS,Very Severe Cyclonic Storm,2019078S13066,JOANINHA,SI,MM,south_indian_ocean,,2019-03-29T15:00:00Z,-23.5,68.6,TS,73.0,VSCS,,,1,73.0,True
CLS_03891,2,VSCS,Very Severe Cyclonic Storm,2019112S10053,KENNETH,SI,MM,south_indian_ocean,,2019-04-24T00:00:00Z,-10.7,46.8,TS,70.0,VSCS,55.0,reunion,1,55.0,True
CLS_03892,2,VSCS,Very Severe Cyclonic Storm,2019112S10053,KENNETH,SI,MM,south_indian_ocean,,2019-04-25T21:00:00Z,-12.3,39.7,TS,68.0,VSCS,,,1,68.0,True
CLS_03893,2,VSCS,Very Severe Cyclonic Storm,2019112S04079,LORNA,SI,WA,south_indian_ocean,,2019-04-28T15:00:00Z,-18.6,90.1,TS,85.0,VSCS,,,2,85.0,True
CLS_03894,2,VSCS,Very Severe Cyclonic Storm,2019116N02090,FANI,NI,BB,north_indian_ocean,bay_of_bengal,2019-04-29T21:00:00Z,11.3,86.6,TS,78.0,VSCS,65.0,newdelhi,1,65.0,True
CLS_03895,2,VSCS,Very Severe Cyclonic Storm,2019116N02090,FANI,NI,BB,north_indian_ocean,bay_of_bengal,2019-05-03T15:00:00Z,21.6,86.9,TS,65.0,VSCS,60.0,newdelhi,1,60.0,True
CLS_03896,2,VSCS,Very Severe Cyclonic Storm,2019160N11073,VAYU,NI,AS,north_indian_ocean,arabian_sea,2019-06-11T18:00:00Z,17.0,70.6,TS,80.0,VSCS,65.0,newdelhi,1,65.0,True
CLS_03897,2,VSCS,Very Severe Cyclonic Storm,2019160N11073,VAYU,NI,AS,north_indian_ocean,arabian_sea,2019-06-12T21:00:00Z,19.9,69.6,TS,85.0,VSCS,80.0,newdelhi,2,80.0,True
CLS_03898,2,VSCS,Very Severe Cyclonic Storm,2019160N11073,VAYU,NI,AS,north_indian_ocean,arabian_sea,2019-06-14T15:00:00Z,20.8,68.1,TS,75.0,VSCS,70.0,newdelhi,1,70.0,True
CLS_03899,2,VSCS,Very Severe Cyclonic Storm,2019160N11073,VAYU,NI,AS,north_indian_ocean,arabian_sea,2019-06-15T03:00:00Z,20.6,67.3,TS,80.0,VSCS,65.0,newdelhi,1,65.0,True
CLS_03900,2,VSCS,Very Severe Cyclonic Storm,2019160N11073,VAYU,NI,AS,north_indian_ocean,arabian_sea,2019-06-16T00:00:00Z,20.8,65.5,TS,65.0,VSCS,60.0,newdelhi,1,60.0,True
CLS_03901,2,VSCS,Very Severe Cyclonic Storm,2019177N15256,ALVIN,EP,MM,pacific_ocean,eastern_pacific,2019-06-28T00:00:00Z,17.0,-114.8,TS,65.0,VSCS,65.0,hurdat_epa,1,65.0,True
CLS_03902,2,VSCS,Very Severe Cyclonic Storm,2019181N10252,BARBARA,EP,MM,pacific_ocean,eastern_pacific,2019-07-01T21:00:00Z,11.5,-118.7,TS,75.0,VSCS,,,1,75.0,True
CLS_03903,2,VSCS,Very Severe Cyclonic Storm,2019209N11237,ERICK,EP,MM,pacific_ocean,eastern_pacific,2019-07-30T00:00:00Z,12.6,220.7,TS,70.0,VSCS,70.0,hurdat_epa,1,70.0,True
CLS_03904,2,VSCS,Very Severe Cyclonic Storm,2019210N11253,FLOSSIE,EP,MM,pacific_ocean,eastern_pacific,2019-07-30T21:00:00Z,12.7,-121.8,TS,68.0,VSCS,,,1,68.0,True
CLS_03905,2,VSCS,Very Severe Cyclonic Storm,2019209N11237,ERICK,EP,CP,pacific_ocean,eastern_pacific,2019-08-01T06:00:00Z,15.3,209.7,TS,80.0,VSCS,80.0,hurdat_epa,1,80.0,True
CLS_03906,2,VSCS,Very Severe Cyclonic Storm,2019213N17155,FRANCISCO,WP,MM,pacific_ocean,western_pacific,2019-08-05T06:00:00Z,30.8,134.5,TS,65.0,VSCS,60.0,tokyo,1,60.0,True
CLS_03907,2,VSCS,Very Severe Cyclonic Storm,2019216N16147,KROSA,WP,MM,pacific_ocean,western_pacific,2019-08-09T21:00:00Z,22.5,141.4,TS,73.0,VSCS,,,1,73.0,True
CLS_03908,2,VSCS,Very Severe Cyclonic Storm,2019244N13253,JULIETTE,EP,MM,pacific_ocean,eastern_pacific,2019-09-05T09:00:00Z,20.1,-119.2,TS,80.0,VSCS,,,1,80.0,True
CLS_03909,2,VSCS,Very Severe Cyclonic Storm,2019243N06136,LINGLING,WP,MM,pacific_ocean,western_pacific,2019-09-07T03:00:00Z,36.8,124.9,TS,70.0,VSCS,,,1,70.0,True
CLS_03910,2,VSCS,Very Severe Cyclonic Storm,2019242N14180,FAXAI,WP,MM,pacific_ocean,western_pacific,2019-09-09T06:00:00Z,37.3,142.5,TS,65.0,VSCS,65.0,tokyo,1,65.0,True
CLS_03911,2,VSCS,Very Severe Cyclonic Storm,2019255N15251,KIKO,EP,MM,pacific_ocean,eastern_pacific,2019-09-16T15:00:00Z,17.3,-123.6,TS,88.0,VSCS,,,2,88.0,True
CLS_03912,2,VSCS,Very Severe Cyclonic Storm,2019255N15251,KIKO,EP,MM,pacific_ocean,eastern_pacific,2019-09-17T06:00:00Z,17.2,-124.4,TS,70.0,VSCS,70.0,hurdat_epa,1,70.0,True
CLS_03913,2,VSCS,Very Severe Cyclonic Storm,2019260N12262,LORENA,EP,MM,pacific_ocean,eastern_pacific,2019-09-20T21:00:00Z,23.4,-109.3,TS,73.0,VSCS,,,1,73.0,True
CLS_03914,2,VSCS,Very Severe Cyclonic Storm,2019260N20129,TAPAH,WP,MM,pacific_ocean,western_pacific,2019-09-21T15:00:00Z,29.0,125.8,TS,65.0,VSCS,65.0,tokyo,1,65.0,True
CLS_03915,2,VSCS,Very Severe Cyclonic Storm,2019264N19071,HIKAA:HIKKA,NI,AS,north_indian_ocean,arabian_sea,2019-09-23T18:00:00Z,20.2,62.3,TS,80.0,VSCS,60.0,newdelhi,1,60.0,True
CLS_03916,2,VSCS,Very Severe Cyclonic Storm,2019264N19071,HIKAA:HIKKA,NI,AS,north_indian_ocean,arabian_sea,2019-09-24T12:00:00Z,19.8,58.3,TS,75.0,VSCS,75.0,newdelhi,1,75.0,True
CLS_03917,2,VSCS,Very Severe Cyclonic Storm,2019268N10155,MITAG,WP,MM,pacific_ocean,western_pacific,2019-09-30T06:00:00Z,22.8,122.9,TS,85.0,VSCS,70.0,tokyo,2,70.0,True
CLS_03918,2,VSCS,Very Severe Cyclonic Storm,2019278N16165,HAGIBIS,WP,MM,pacific_ocean,western_pacific,2019-10-06T21:00:00Z,15.0,150.3,TS,88.0,VSCS,,,2,88.0,True
CLS_03919,2,VSCS,Very Severe Cyclonic Storm,2019290N08169,BUALOI,WP,MM,pacific_ocean,western_pacific,2019-10-20T12:00:00Z,12.7,149.8,TS,70.0,VSCS,65.0,tokyo,1,65.0,True
CLS_03920,2,VSCS,Very Severe Cyclonic Storm,2019288N16136,NEOGURI,WP,MM,pacific_ocean,western_pacific,2019-10-20T12:00:00Z,25.5,130.0,TS,65.0,VSCS,65.0,tokyo,1,65.0,True
CLS_03921,2,VSCS,Very Severe Cyclonic Storm,2019296N15066,KYAAR:KYARR,NI,AS,north_indian_ocean,arabian_sea,2019-10-25T18:00:00Z,16.5,71.5,TS,65.0,VSCS,55.0,newdelhi,1,55.0,True
CLS_03922,2,VSCS,Very Severe Cyclonic Storm,2019296N15066,KYAAR:KYARR,NI,AS,north_indian_ocean,arabian_sea,2019-10-26T09:00:00Z,16.6,69.7,TS,88.0,VSCS,80.0,newdelhi,2,80.0,True
CLS_03923,2,VSCS,Very Severe Cyclonic Storm,2019296N15066,KYAAR:KYARR,NI,AS,north_indian_ocean,arabian_sea,2019-10-30T06:00:00Z,19.3,61.8,TS,70.0,VSCS,75.0,newdelhi,1,75.0,True
CLS_03924,2,VSCS,Very Severe Cyclonic Storm,2019301N05081,MAHA,NI,AS,north_indian_ocean,arabian_sea,2019-11-03T00:00:00Z,17.5,66.6,TS,65.0,VSCS,60.0,newdelhi,1,60.0,True
CLS_03925,2,VSCS,Very Severe Cyclonic Storm,2019301N05081,MAHA,NI,AS,north_indian_ocean,arabian_sea,2019-11-03T15:00:00Z,17.8,65.5,TS,88.0,VSCS,75.0,newdelhi,2,75.0,True
CLS_03926,2,VSCS,Very Severe Cyclonic Storm,2019306N10162,HALONG,WP,MM,pacific_ocean,western_pacific,2019-11-04T09:00:00Z,18.0,153.0,TS,80.0,VSCS,,,1,80.0,True
CLS_03927,2,VSCS,Very Severe Cyclonic Storm,2019301N05081,MAHA,NI,AS,north_indian_ocean,arabian_sea,2019-11-05T15:00:00Z,19.8,64.3,TS,78.0,VSCS,70.0,newdelhi,1,70.0,True
CLS_03928,2,VSCS,Very Severe Cyclonic Storm,2019302N11118,BULBUL:MATMO,NI,BB,north_indian_ocean,bay_of_bengal,2019-11-07T18:00:00Z,16.3,87.8,TS,65.0,VSCS,55.0,newdelhi,1,55.0,True
CLS_03929,2,VSCS,Very Severe Cyclonic Storm,2019308N13114,NAKRI,WP,MM,pacific_ocean,western_pacific,2019-11-08T06:00:00Z,12.6,116.5,TS,65.0,VSCS,65.0,tokyo,1,65.0,True
CLS_03930,2,VSCS,Very Severe Cyclonic Storm,2019302N11118,BULBUL:MATMO,NI,BB,north_indian_ocean,bay_of_bengal,2019-11-08T09:00:00Z,18.2,87.8,TS,80.0,VSCS,70.0,newdelhi,1,70.0,True
CLS_03931,2,VSCS,Very Severe Cyclonic Storm,2019302N11118,BULBUL:MATMO,NI,BB,north_indian_ocean,bay_of_bengal,2019-11-09T00:00:00Z,20.0,87.6,TS,75.0,VSCS,75.0,newdelhi,1,75.0,True
CLS_03932,2,VSCS,Very Severe Cyclonic Storm,2019302N11118,BULBUL:MATMO,NI,BB,north_indian_ocean,bay_of_bengal,2019-11-09T21:00:00Z,21.8,89.1,TS,83.0,VSCS,50.0,newdelhi,2,50.0,True
CLS_03933,2,VSCS,Very Severe Cyclonic Storm,2019314N12172,FENGSHEN,WP,MM,pacific_ocean,western_pacific,2019-11-17T03:00:00Z,26.9,153.8,TS,65.0,VSCS,,,1,65.0,True
CLS_03934,2,VSCS,Very Severe Cyclonic Storm,2019314N14136,KALMAEGI,WP,MM,pacific_ocean,western_pacific,2019-11-19T03:00:00Z,19.3,122.5,TS,88.0,VSCS,,,2,88.0,True
CLS_03935,2,VSCS,Very Severe Cyclonic Storm,2019322N11144,FUNG-WONG,WP,MM,pacific_ocean,western_pacific,2019-11-21T03:00:00Z,20.3,124.5,TS,65.0,VSCS,,,1,65.0,True
CLS_03936,2,VSCS,Very Severe Cyclonic Storm,2019326S08163,RITA,SP,MM,pacific_ocean,southern_pacific,2019-11-25T06:00:00Z,-12.2,170.2,TS,65.0,VSCS,,,1,65.0,True
CLS_03937,2,VSCS,Very Severe Cyclonic Storm,2019329N09160,KAMMURI,WP,MM,pacific_ocean,western_pacific,2019-11-30T18:00:00Z,13.2,132.4,TS,65.0,VSCS,75.0,tokyo,1,75.0,True
CLS_03938,2,VSCS,Very Severe Cyclonic Storm,2019337S04065,AMBALI,SI,MM,south_indian_ocean,,2019-12-05T12:00:00Z,-9.3,62.8,TS,70.0,VSCS,67.0,reunion,1,67.0,True
CLS_03939,2,VSCS,Very Severe Cyclonic Storm,2019336S06055,BELNA,SI,MM,south_indian_ocean,,2019-12-07T00:00:00Z,-9.2,47.8,TS,75.0,VSCS,55.0,reunion,1,55.0,True
CLS_03940,2,VSCS,Very Severe Cyclonic Storm,2019337S04065,AMBALI,SI,MM,south_indian_ocean,,2019-12-07T00:00:00Z,-12.0,63.0,TS,75.0,VSCS,53.0,reunion,1,53.0,True
CLS_03941,2,VSCS,Very Severe Cyclonic Storm,2019336S06055,BELNA,SI,MM,south_indian_ocean,,2019-12-10T00:00:00Z,-17.3,44.6,TS,85.0,VSCS,55.0,reunion,2,55.0,True
CLS_03942,2,VSCS,Very Severe Cyclonic Storm,2019359S08175,SARAI,SP,MM,pacific_ocean,southern_pacific,2019-12-27T15:00:00Z,-19.0,176.4,TS,65.0,VSCS,,,1,65.0,True
CLS_03943,2,VSCS,Very Severe Cyclonic Storm,2019359S08175,SARAI,SP,MM,pacific_ocean,southern_pacific,2019-12-28T12:00:00Z,-20.0,178.2,TS,75.0,VSCS,60.0,nadi,1,60.0,True
CLS_03944,2,VSCS,Very Severe Cyclonic Storm,2019359S08175,SARAI,SP,MM,pacific_ocean,southern_pacific,2019-12-29T00:00:00Z,-20.2,179.1,TS,70.0,VSCS,60.0,nadi,1,60.0,True
CLS_03945,2,VSCS,Very Severe Cyclonic Storm,2019359S08175,SARAI,SP,MM,pacific_ocean,southern_pacific,2019-12-29T12:00:00Z,-20.4,180.4,TS,65.0,VSCS,60.0,nadi,1,60.0,True
CLS_03946,2,VSCS,Very Severe Cyclonic Storm,2019352S14070,CALVINIA,SI,MM,south_indian_ocean,,2020-01-01T00:00:00Z,-25.3,60.0,TS,75.0,VSCS,65.0,reunion,1,65.0,True
CLS_03947,2,VSCS,Very Severe Cyclonic Storm,2020005S08133,CLAUDIA,SI,WA,south_indian_ocean,,2020-01-12T18:00:00Z,-15.7,118.8,TS,65.0,VSCS,70.0,bom,1,70.0,True
CLS_03948,2,VSCS,Very Severe Cyclonic Storm,2020005S08133,CLAUDIA,SI,WA,south_indian_ocean,,2020-01-13T18:00:00Z,-17.6,112.4,TS,85.0,VSCS,75.0,bom,2,75.0,True
CLS_03949,2,VSCS,Very Severe Cyclonic Storm,2020015S12170,TINO,SP,MM,pacific_ocean,southern_pacific,2020-01-17T15:00:00Z,-17.2,182.1,TS,70.0,VSCS,,,1,70.0,True
CLS_03950,2,VSCS,Very Severe Cyclonic Storm,2020015S12170,TINO,SP,MM,pacific_ocean,southern_pacific,2020-01-18T03:00:00Z,-19.6,184.5,TS,85.0,VSCS,,,2,85.0,True
CLS_03951,2,VSCS,Very Severe Cyclonic Storm,2020015S12170,TINO,SP,MM,pacific_ocean,southern_pacific,2020-01-18T15:00:00Z,-22.2,188.1,TS,80.0,VSCS,,,1,80.0,True
CLS_03952,2,VSCS,Very Severe Cyclonic Storm,2020015S12170,TINO,SP,MM,pacific_ocean,southern_pacific,2020-01-19T06:00:00Z,-27.2,192.6,TS,65.0,VSCS,55.0,wellington,1,55.0,True
CLS_03953,2,VSCS,Very Severe Cyclonic Storm,2020034S17129,DAMIEN,SI,WA,south_indian_ocean,,2020-02-07T09:00:00Z,-18.3,116.9,TS,65.0,VSCS,65.0,bom,1,65.0,True
CLS_03954,2,VSCS,Very Severe Cyclonic Storm,2020034S17129,DAMIEN,SI,WA,south_indian_ocean,,2020-02-07T21:00:00Z,-19.4,116.5,TS,88.0,VSCS,80.0,bom,2,80.0,True
CLS_03955,2,VSCS,Very Severe Cyclonic Storm,2020037S13163,UESI,SP,MM,pacific_ocean,southern_pacific,2020-02-10T21:00:00Z,-18.5,162.6,TS,65.0,VSCS,,,1,65.0,True
CLS_03956,2,VSCS,Very Severe Cyclonic Storm,2020037S13163,UESI,SP,MM,pacific_ocean,southern_pacific,2020-02-11T15:00:00Z,-21.1,162.8,TS,75.0,VSCS,,,1,75.0,True
CLS_03957,2,VSCS,Very Severe Cyclonic Storm,2020037S13163,UESI,SP,MM,pacific_ocean,southern_pacific,2020-02-12T03:00:00Z,-23.0,162.4,TS,73.0,VSCS,,,1,73.0,True
CLS_03958,2,VSCS,Very Severe Cyclonic Storm,2020045S15075,GABEKILE,SI,MM,south_indian_ocean,,2020-02-16T12:00:00Z,-20.2,75.0,TS,85.0,VSCS,70.0,reunion,2,70.0,True
CLS_03959,2,VSCS,Very Severe Cyclonic Storm,2020045S15075,GABEKILE,SI,MM,south_indian_ocean,,2020-02-17T00:00:00Z,-20.2,75.3,TS,65.0,VSCS,50.0,reunion,1,50.0,True
CLS_03960,2,VSCS,Very Severe Cyclonic Storm,2020053S12119,FERDINAND,SI,WA,south_indian_ocean,,2020-02-24T21:00:00Z,-15.1,117.3,TS,65.0,VSCS,,,1,65.0,True
CLS_03961,2,VSCS,Very Severe Cyclonic Storm,2020053S12119,FERDINAND,SI,WA,south_indian_ocean,,2020-02-26T18:00:00Z,-16.5,114.7,TS,80.0,VSCS,70.0,bom,1,70.0,True
CLS_03962,2,VSCS,Very Severe Cyclonic Storm,2020073S14149,GRETEL,SP,MM,pacific_ocean,southern_pacific,2020-03-15T06:00:00Z,-21.6,163.5,TS,65.0,VSCS,55.0,nadi,1,55.0,True
CLS_03963,2,VSCS,Very Severe Cyclonic Storm,2020072S14054,HEROLD,SI,MM,south_indian_ocean,,2020-03-16T09:00:00Z,-15.7,54.6,TS,73.0,VSCS,,,1,73.0,True
CLS_03964,2,VSCS,Very Severe Cyclonic Storm,2020092S12069,IRONDRO,SI,MM,south_indian_ocean,,2020-04-03T12:00:00Z,-18.6,74.3,TS,65.0,VSCS,55.0,reunion,1,55.0,True
CLS_03965,2,VSCS,Very Severe Cyclonic Storm,2020092S09155,HAROLD,SP,MM,pacific_ocean,southern_pacific,2020-04-03T15:00:00Z,-13.2,163.5,TS,65.0,VSCS,,,1,65.0,True
CLS_03966,2,VSCS,Very Severe Cyclonic Storm,2020092S12069,IRONDRO,SI,MM,south_indian_ocean,,2020-04-05T12:00:00Z,-24.7,86.3,TS,65.0,VSCS,48.0,reunion,1,48.0,True
CLS_03967,2,VSCS,Very Severe Cyclonic Storm,2020092S09155,HAROLD,SP,MM,pacific_ocean,southern_pacific,2020-04-09T09:00:00Z,-25.3,191.1,TS,88.0,VSCS,,,2,88.0,True
CLS_03968,2,VSCS,Very Severe Cyclonic Storm,2020129N07134,VONGFONG,WP,MM,pacific_ocean,western_pacific,2020-05-15T00:00:00Z,13.3,122.7,TS,65.0,VSCS,65.0,tokyo,1,65.0,True
CLS_03969,2,VSCS,Very Severe Cyclonic Storm,2020136N10088,AMPHAN,NI,BB,north_indian_ocean,bay_of_bengal,2020-05-17T09:00:00Z,11.6,86.2,TS,75.0,VSCS,65.0,newdelhi,1,65.0,True
CLS_03970,2,VSCS,Very Severe Cyclonic Storm,2020136N10088,AMPHAN,NI,BB,north_indian_ocean,bay_of_bengal,2020-05-20T18:00:00Z,23.5,89.1,TS,70.0,VSCS,50.0,newdelhi,1,50.0,True
CLS_03971,2,VSCS,Very Severe Cyclonic Storm,2020153N13072,NISARGA,NI,AS,north_indian_ocean,arabian_sea,2020-06-02T21:00:00Z,17.0,71.9,TS,68.0,VSCS,45.0,newdelhi,1,45.0,True
CLS_03972,2,VSCS,Very Severe Cyclonic Storm,2020153N13072,NISARGA,NI,AS,north_indian_ocean,arabian_sea,2020-06-03T09:00:00Z,18.5,73.2,TS,78.0,VSCS,55.0,newdelhi,1,55.0,True
CLS_03973,2,VSCS,Very Severe Cyclonic Storm,2020202N15241,DOUGLAS,EP,CP,pacific_ocean,eastern_pacific,2020-07-26T06:00:00Z,20.1,-152.1,TS,80.0,VSCS,80.0,hurdat_epa,1,80.0,True
CLS_03974,2,VSCS,Very Severe Cyclonic Storm,2020213N15131,HAGUPIT,WP,MM,pacific_ocean,western_pacific,2020-08-03T03:00:00Z,25.5,123.0,TS,65.0,VSCS,60.0,tokyo,1,60.0,True
CLS_03975,2,VSCS,Very Severe Cyclonic Storm,2020222N15117,MEKKHALA,WP,MM,pacific_ocean,western_pacific,2020-08-10T18:00:00Z,22.9,118.2,TS,65.0,VSCS,50.0,tokyo,1,50.0,True
CLS_03976,2,VSCS,Very Severe Cyclonic Storm,2020221N13262,ELIDA,EP,MM,pacific_ocean,eastern_pacific,2020-08-11T21:00:00Z,22.0,-115.4,TS,85.0,VSCS,,,2,85.0,True
CLS_03977,2,VSCS,Very Severe Cyclonic Storm,2020230N11264,GENEVIEVE,EP,MM,pacific_ocean,eastern_pacific,2020-08-19T21:00:00Z,21.4,-109.9,TS,78.0,VSCS,,,1,78.0,True
CLS_03978,2,VSCS,Very Severe Cyclonic Storm,2020230N11264,GENEVIEVE,EP,MM,pacific_ocean,eastern_pacific,2020-08-20T12:00:00Z,22.9,-111.2,TS,65.0,VSCS,65.0,hurdat_epa,1,65.0,True
CLS_03979,2,VSCS,Very Severe Cyclonic Storm,2020234N19123,BAVI,WP,MM,pacific_ocean,western_pacific,2020-08-24T12:00:00Z,28.3,126.2,TS,85.0,VSCS,70.0,tokyo,2,70.0,True
CLS_03980,2,VSCS,Very Severe Cyclonic Storm,2020239N13134,MAYSAK,WP,MM,pacific_ocean,western_pacific,2020-08-30T00:00:00Z,17.3,129.0,TS,65.0,VSCS,75.0,tokyo,1,75.0,True
CLS_03981,2,VSCS,Very Severe Cyclonic Storm,2020244N25146,HAISHEN,WP,MM,pacific_ocean,western_pacific,2020-09-02T12:00:00Z,19.6,140.4,TS,65.0,VSCS,70.0,tokyo,1,70.0,True
CLS_03982,2,VSCS,Very Severe Cyclonic Storm,2020270N17159,KUJIRA,WP,MM,pacific_ocean,western_pacific,2020-09-29T12:00:00Z,36.6,156.4,TS,65.0,VSCS,60.0,tokyo,1,60.0,True
CLS_03983,2,VSCS,Very Severe Cyclonic Storm,2020272N12257,MARIE,EP,MM,pacific_ocean,eastern_pacific,2020-10-04T15:00:00Z,20.0,-128.8,TS,75.0,VSCS,,,1,75.0,True
CLS_03984,2,VSCS,Very Severe Cyclonic Storm,2020277N21141,CHAN-HOM,WP,MM,pacific_ocean,western_pacific,2020-10-08T06:00:00Z,28.7,132.9,TS,75.0,VSCS,65.0,tokyo,1,65.0,True
CLS_03985,2,VSCS,Very Severe Cyclonic Storm,2020291N06141,SAUDEL,WP,MM,pacific_ocean,western_pacific,2020-10-23T03:00:00Z,17.8,115.1,TS,73.0,VSCS,,,1,73.0,True
CLS_03986,2,VSCS,Very Severe Cyclonic Storm,2020296N09137,MOLAVE,WP,MM,pacific_ocean,western_pacific,2020-10-26T06:00:00Z,13.2,118.9,TS,85.0,VSCS,65.0,tokyo,2,65.0,True
CLS_03987,2,VSCS,Very Severe Cyclonic Storm,2020299N11144,GONI,WP,MM,pacific_ocean,western_pacific,2020-11-01T09:00:00Z,13.9,121.6,TS,68.0,VSCS,,,1,68.0,True
CLS_03988,2,VSCS,Very Severe Cyclonic Storm,2020317S04092,ALICIA,SI,MM,south_indian_ocean,,2020-11-15T21:00:00Z,-14.9,72.9,TS,73.0,VSCS,,,1,73.0,True
CLS_03989,2,VSCS,Very Severe Cyclonic Storm,2020326N11063,GATI,NI,AS,north_indian_ocean,arabian_sea,2020-11-22T03:00:00Z,10.6,53.5,TS,80.0,VSCS,40.0,newdelhi,1,40.0,True
CLS_03990,2,VSCS,Very Severe Cyclonic Storm,2020326N11063,GATI,NI,AS,north_indian_ocean,arabian_sea,2020-11-22T18:00:00Z,10.4,50.6,TS,65.0,VSCS,65.0,newdelhi,1,65.0,True
CLS_03991,2,VSCS,Very Severe Cyclonic Storm,2020327N08086,NIVAR,NI,BB,north_indian_ocean,bay_of_bengal,2020-11-25T09:00:00Z,11.3,81.1,TS,65.0,VSCS,65.0,newdelhi,1,65.0,True
CLS_03992,2,VSCS,Very Severe Cyclonic Storm,2020346S13168,YASA,SP,MM,pacific_ocean,southern_pacific,2020-12-14T21:00:00Z,-15.1,172.3,TS,83.0,VSCS,,,2,83.0,True
CLS_03993,2,VSCS,Very Severe Cyclonic Storm,2020346S13168,YASA,SP,MM,pacific_ocean,southern_pacific,2020-12-17T18:00:00Z,-17.9,180.6,TS,85.0,VSCS,75.0,nadi,2,75.0,True
CLS_03994,2,VSCS,Very Severe Cyclonic Storm,2020346S13168,YASA,SP,MM,pacific_ocean,southern_pacific,2020-12-18T06:00:00Z,-19.1,181.9,TS,75.0,VSCS,75.0,nadi,1,75.0,True
CLS_03995,2,VSCS,Very Severe Cyclonic Storm,2020355S11065,CHALANE,SI,MM,south_indian_ocean,,2020-12-30T00:00:00Z,-19.3,35.9,TS,70.0,VSCS,60.0,reunion,1,60.0,True
CLS_03996,2,VSCS,Very Severe Cyclonic Storm,2021012S12086,ELOISE,SI,MM,south_indian_ocean,,2021-01-22T12:00:00Z,-19.0,37.3,TS,80.0,VSCS,65.0,reunion,1,65.0,True
CLS_03997,2,VSCS,Very Severe Cyclonic Storm,2021012S12086,ELOISE,SI,MM,south_indian_ocean,,2021-01-23T09:00:00Z,-20.7,33.5,TS,65.0,VSCS,,,1,65.0,True
CLS_03998,2,VSCS,Very Severe Cyclonic Storm,2021029S16171,ANA,SP,MM,pacific_ocean,southern_pacific,2021-01-31T03:00:00Z,-18.4,178.5,TS,65.0,VSCS,,,1,65.0,True
CLS_03999,2,VSCS,Very Severe Cyclonic Storm,2021029S16171,ANA,SP,MM,pacific_ocean,southern_pacific,2021-01-31T21:00:00Z,-20.8,178.9,TS,65.0,VSCS,,,1,65.0,True
CLS_04000,2,VSCS,Very Severe Cyclonic Storm,2021025S14138,LUCAS,SP,MM,pacific_ocean,southern_pacific,2021-02-01T12:00:00Z,-15.6,162.6,TS,65.0,VSCS,55.0,nadi,1,55.0,True
CLS_04001,2,VSCS,Very Severe Cyclonic Storm,2021035S11080,FARAJI,SI,MM,south_indian_ocean,,2021-02-10T12:00:00Z,-15.5,85.3,TS,85.0,VSCS,85.0,reunion,2,85.0,True
CLS_04002,2,VSCS,Very Severe Cyclonic Storm,2021035S11080,FARAJI,SI,MM,south_indian_ocean,,2021-02-11T21:00:00Z,-17.6,83.5,TS,78.0,VSCS,,,1,78.0,True
CLS_04003,2,VSCS,Very Severe Cyclonic Storm,2021042S23040,GUAMBE,SI,MM,south_indian_ocean,,2021-02-19T09:00:00Z,-24.6,36.7,TS,83.0,VSCS,,,2,83.0,True
CLS_04004,2,VSCS,Very Severe Cyclonic Storm,2021042S23040,GUAMBE,SI,MM,south_indian_ocean,,2021-02-20T00:00:00Z,-25.4,36.2,TS,70.0,VSCS,60.0,reunion,1,60.0,True
CLS_04005,2,VSCS,Very Severe Cyclonic Storm,2021053S13128,MARIAN,SI,MM,south_indian_ocean,,2021-03-02T09:00:00Z,-18.6,89.8,TS,85.0,VSCS,,,2,85.0,True
CLS_04006,2,VSCS,Very Severe Cyclonic Storm,2021058S14149,NIRAN,SP,EA,pacific_ocean,southern_pacific,2021-03-03T03:00:00Z,-14.8,148.0,TS,65.0,VSCS,,,1,65.0,True
CLS_04007,2,VSCS,Very Severe Cyclonic Storm,2021058S14149,NIRAN,SP,EA,pacific_ocean,southern_pacific,2021-03-03T15:00:00Z,-14.9,148.1,TS,70.0,VSCS,,,1,70.0,True
CLS_04008,2,VSCS,Very Severe Cyclonic Storm,2021058S14149,NIRAN,SP,MM,pacific_ocean,southern_pacific,2021-03-06T18:00:00Z,-26.1,173.0,TS,65.0,VSCS,65.0,wellington,1,65.0,True
CLS_04009,2,VSCS,Very Severe Cyclonic Storm,2021062S14064,HABANA,SI,MM,south_indian_ocean,,2021-03-13T21:00:00Z,-21.6,70.1,TS,75.0,VSCS,,,1,75.0,True
CLS_04010,2,VSCS,Very Severe Cyclonic Storm,2021093S11122,SEROJA,SI,WA,south_indian_ocean,,2021-04-11T03:00:00Z,-25.2,111.1,TS,70.0,VSCS,,,1,70.0,True
CLS_04011,2,VSCS,Very Severe Cyclonic Storm,2021102N06144,SURIGAE,WP,MM,pacific_ocean,western_pacific,2021-04-23T03:00:00Z,22.8,128.6,TS,78.0,VSCS,,,1,78.0,True
CLS_04012,2,VSCS,Very Severe Cyclonic Storm,2021133N10071,TAUKTAE,NI,AS,north_indian_ocean,arabian_sea,2021-05-15T18:00:00Z,14.5,72.8,TS,70.0,VSCS,60.0,newdelhi,1,60.0,True
CLS_04013,2,VSCS,Very Severe Cyclonic Storm,2021133N10071,TAUKTAE,NI,AS,north_indian_ocean,arabian_sea,2021-05-18T06:00:00Z,22.1,71.6,TS,70.0,VSCS,45.0,newdelhi,1,45.0,True
CLS_04014,2,VSCS,Very Severe Cyclonic Storm,2021143N15090,YAAS,NI,BB,north_indian_ocean,bay_of_bengal,2021-05-25T15:00:00Z,19.9,88.0,TS,65.0,VSCS,65.0,newdelhi,1,65.0,True
CLS_04015,2,VSCS,Very Severe Cyclonic Storm,2021171N09152,CHAMPI,WP,MM,pacific_ocean,western_pacific,2021-06-25T06:00:00Z,22.0,139.1,TS,65.0,VSCS,65.0,tokyo,1,65.0,True
CLS_04016,2,VSCS,Very Severe Cyclonic Storm,2021176N15259,ENRIQUE,EP,MM,pacific_ocean,eastern_pacific,2021-06-26T18:00:00Z,16.9,-105.6,TS,75.0,VSCS,75.0,hurdat_epa,1,75.0,True
CLS_04017,2,VSCS,Very Severe Cyclonic Storm,2021176N15259,ENRIQUE,EP,MM,pacific_ocean,eastern_pacific,2021-06-27T21:00:00Z,19.1,-105.8,TS,80.0,VSCS,,,1,80.0,True
CLS_04018,2,VSCS,Very Severe Cyclonic Storm,2021195N13249,FELICIA,EP,MM,pacific_ocean,eastern_pacific,2021-07-15T12:00:00Z,15.2,-118.1,TS,80.0,VSCS,80.0,hurdat_epa,1,80.0,True
CLS_04019,2,VSCS,Very Severe Cyclonic Storm,2021195N13249,FELICIA,EP,MM,pacific_ocean,eastern_pacific,2021-07-19T12:00:00Z,16.3,-131.7,TS,65.0,VSCS,65.0,hurdat_epa,1,65.0,True
CLS_04020,2,VSCS,Very Severe Cyclonic Storm,2021198N19117,CEMPAKA,WP,MM,pacific_ocean,western_pacific,2021-07-20T15:00:00Z,21.8,111.8,TS,65.0,VSCS,,,1,65.0,True
CLS_04021,2,VSCS,Very Severe Cyclonic Storm,2021197N17135,IN-FA,WP,MM,pacific_ocean,western_pacific,2021-07-23T21:00:00Z,26.0,124.8,TS,68.0,VSCS,70.0,tokyo,1,70.0,True
CLS_04022,2,VSCS,Very Severe Cyclonic Storm,2021212N12248,HILDA,EP,MM,pacific_ocean,eastern_pacific,2021-08-02T00:00:00Z,14.8,-121.1,TS,70.0,VSCS,70.0,hurdat_epa,1,70.0,True
CLS_04023,2,VSCS,Very Severe Cyclonic Storm,2021212N12248,HILDA,EP,MM,pacific_ocean,eastern_pacific,2021-08-02T12:00:00Z,15.3,-122.2,TS,70.0,VSCS,70.0,hurdat_epa,1,70.0,True
CLS_04024,2,VSCS,Very Severe Cyclonic Storm,2021222N12262,LINDA,EP,MM,pacific_ocean,eastern_pacific,2021-08-18T21:00:00Z,18.7,-133.2,TS,85.0,VSCS,,,2,85.0,True
CLS_04025,2,VSCS,Very Severe Cyclonic Storm,2021236N12265,NORA,EP,MM,pacific_ocean,eastern_pacific,2021-08-28T12:00:00Z,17.8,-105.2,TS,70.0,VSCS,70.0,hurdat_epa,1,70.0,True
CLS_04026,2,VSCS,Very Severe Cyclonic Storm,2021248N11131,CONSON,WP,MM,pacific_ocean,western_pacific,2021-09-07T21:00:00Z,13.5,121.7,TS,65.0,VSCS,,,1,65.0,True
CLS_04027,2,VSCS,Very Severe Cyclonic Storm,2021250N17254,OLAF,EP,MM,pacific_ocean,eastern_pacific,2021-09-09T15:00:00Z,21.3,-108.3,TS,70.0,VSCS,,,1,70.0,True
CLS_04028,2,VSCS,Very Severe Cyclonic Storm,2021248N12141,CHANTHU,WP,MM,pacific_ocean,western_pacific,2021-09-13T12:00:00Z,31.0,123.3,TS,65.0,VSCS,75.0,tokyo,1,75.0,True
CLS_04029,2,VSCS,Very Severe Cyclonic Storm,2021267N18094,GULAB:SHAHEEN-GU,NI,AS,north_indian_ocean,arabian_sea,2021-10-02T12:00:00Z,24.4,60.9,TS,65.0,VSCS,60.0,newdelhi,1,60.0,True
CLS_04030,2,VSCS,Very Severe Cyclonic Storm,2021267N18094,GULAB:SHAHEEN-GU,NI,AS,north_indian_ocean,arabian_sea,2021-10-03T09:00:00Z,24.1,58.4,TS,65.0,VSCS,60.0,newdelhi,1,60.0,True
CLS_04031,2,VSCS,Very Severe Cyclonic Storm,2021283N14258,PAMELA,EP,MM,pacific_ocean,eastern_pacific,2021-10-13T06:00:00Z,22.3,-108.2,TS,65.0,VSCS,65.0,hurdat_epa,1,65.0,True
CLS_04032,2,VSCS,Very Severe Cyclonic Storm,2021296N13260,RICK,EP,MM,pacific_ocean,eastern_pacific,2021-10-24T03:00:00Z,15.2,-101.7,TS,80.0,VSCS,,,1,80.0,True
CLS_04033,2,VSCS,Very Severe Cyclonic Storm,2021295N09145,MALOU,WP,MM,pacific_ocean,western_pacific,2021-10-28T00:00:00Z,23.6,140.6,TS,80.0,VSCS,75.0,tokyo,1,75.0,True
CLS_04034,2,VSCS,Very Severe Cyclonic Storm,2021343S09155,RUBY,SP,EA,pacific_ocean,southern_pacific,2021-12-12T18:00:00Z,-16.4,158.8,TS,65.0,VSCS,55.0,bom,1,55.0,True
CLS_04035,2,VSCS,Very Severe Cyclonic Storm,2021343S09155,RUBY,SP,MM,pacific_ocean,southern_pacific,2021-12-14T06:00:00Z,-22.3,167.3,TS,65.0,VSCS,55.0,nadi,1,55.0,True
CLS_04036,2,VSCS,Very Severe Cyclonic Storm,2021346N05145,RAI,WP,MM,pacific_ocean,western_pacific,2021-12-14T18:00:00Z,8.7,133.4,TS,65.0,VSCS,70.0,tokyo,1,70.0,True
CLS_04037,2,VSCS,Very Severe Cyclonic Storm,2022024S09090,BATSIRAI,SI,MM,south_indian_ocean,,2022-01-27T15:00:00Z,-18.1,78.7,TS,78.0,VSCS,,,1,78.0,True
CLS_04038,2,VSCS,Very Severe Cyclonic Storm,2022024S09090,BATSIRAI,SI,MM,south_indian_ocean,,2022-02-01T12:00:00Z,-17.2,60.1,TS,80.0,VSCS,80.0,reunion,1,80.0,True
CLS_04039,2,VSCS,Very Severe Cyclonic Storm,2022038S19164,DOVI,SP,MM,pacific_ocean,southern_pacific,2022-02-10T12:00:00Z,-23.1,166.9,TS,75.0,VSCS,75.0,nadi,1,75.0,True
CLS_04040,2,VSCS,Very Severe Cyclonic Storm,2022038S19164,DOVI,SP,MM,pacific_ocean,southern_pacific,2022-02-11T12:00:00Z,-29.1,166.3,TS,70.0,VSCS,80.0,wellington,1,80.0,True
CLS_04041,2,VSCS,Very Severe Cyclonic Storm,2022037S10103,EMNATI,SI,MM,south_indian_ocean,,2022-02-18T15:00:00Z,-14.9,61.1,TS,75.0,VSCS,,,1,75.0,True
CLS_04042,2,VSCS,Very Severe Cyclonic Storm,2022037S10103,EMNATI,SI,MM,south_indian_ocean,,2022-02-19T06:00:00Z,-16.0,58.8,TS,70.0,VSCS,60.0,reunion,1,60.0,True
CLS_04043,2,VSCS,Very Severe Cyclonic Storm,2022054S13100,VERNON,SI,WA,south_indian_ocean,,2022-02-25T12:00:00Z,-14.3,93.5,TS,70.0,VSCS,70.0,bom,1,70.0,True
CLS_04044,2,VSCS,Very Severe Cyclonic Storm,2022065S16055,GOMBE,SI,MM,south_indian_ocean,,2022-03-10T09:00:00Z,-15.8,42.4,TS,73.0,VSCS,,,1,73.0,True
CLS_04045,2,VSCS,Very Severe Cyclonic Storm,2022065S16055,GOMBE,SI,MM,south_indian_ocean,,2022-03-11T06:00:00Z,-15.3,40.1,TS,80.0,VSCS,65.0,reunion,1,65.0,True
CLS_04046,2,VSCS,Very Severe Cyclonic Storm,2022072S11107,BILLY,SI,WA,south_indian_ocean,,2022-03-14T12:00:00Z,-16.2,99.8,TS,65.0,VSCS,50.0,bom,1,50.0,True
CLS_04047,2,VSCS,Very Severe Cyclonic Storm,2022076S10126,CHARLOTTE,SI,WA,south_indian_ocean,,2022-03-21T18:00:00Z,-16.4,110.0,TS,80.0,VSCS,65.0,bom,1,65.0,True
CLS_04048,2,VSCS,Very Severe Cyclonic Storm,2022076S10126,CHARLOTTE,SI,WA,south_indian_ocean,,2022-03-22T15:00:00Z,-17.7,109.0,TS,83.0,VSCS,,,2,83.0,True
CLS_04049,2,VSCS,Very Severe Cyclonic Storm,2022080S09087,HALIMA,SI,MM,south_indian_ocean,,2022-03-24T12:00:00Z,-13.1,74.5,TS,85.0,VSCS,75.0,reunion,2,75.0,True
CLS_04050,2,VSCS,Very Severe Cyclonic Storm,2022080S09087,HALIMA,SI,MM,south_indian_ocean,,2022-03-26T12:00:00Z,-17.3,74.5,TS,65.0,VSCS,60.0,reunion,1,60.0,True
CLS_04051,2,VSCS,Very Severe Cyclonic Storm,2022096N03150,MALAKAS,WP,MM,pacific_ocean,western_pacific,2022-04-12T21:00:00Z,17.0,136.1,TS,85.0,VSCS,,,2,85.0,True
CLS_04052,2,VSCS,Very Severe Cyclonic Storm,2022110S12051,JASMINE,SI,MM,south_indian_ocean,,2022-04-25T18:00:00Z,-22.0,41.1,TS,65.0,VSCS,60.0,reunion,1,60.0,True
CLS_04053,2,VSCS,Very Severe Cyclonic Storm,2022126N07095,ASANI,NI,BB,north_indian_ocean,bay_of_bengal,2022-05-08T06:00:00Z,11.9,88.6,TS,65.0,VSCS,45.0,newdelhi,1,45.0,True
CLS_04054,2,VSCS,Very Severe Cyclonic Storm,2022126N07095,ASANI,NI,BB,north_indian_ocean,bay_of_bengal,2022-05-10T00:00:00Z,15.0,84.1,TS,65.0,VSCS,55.0,newdelhi,1,55.0,True
CLS_04055,2,VSCS,Very Severe Cyclonic Storm,2022148N13263,AGATHA,EP,MM,pacific_ocean,eastern_pacific,2022-05-29T12:00:00Z,14.0,-99.1,TS,75.0,VSCS,75.0,hurdat_epa,1,75.0,True
CLS_04056,2,VSCS,Very Severe Cyclonic Storm,2022148N13263,AGATHA,EP,MM,pacific_ocean,eastern_pacific,2022-05-30T12:00:00Z,15.0,-97.4,TS,85.0,VSCS,85.0,hurdat_epa,2,85.0,True
CLS_04057,2,VSCS,Very Severe Cyclonic Storm,2022165N14258,BLAS,EP,MM,pacific_ocean,eastern_pacific,2022-06-17T03:00:00Z,16.8,-106.4,TS,73.0,VSCS,,,1,73.0,True
CLS_04058,2,VSCS,Very Severe Cyclonic Storm,2022165N14258,BLAS,EP,MM,pacific_ocean,eastern_pacific,2022-06-17T18:00:00Z,17.4,-109.2,TS,75.0,VSCS,75.0,hurdat_epa,1,75.0,True
CLS_04059,2,VSCS,Very Severe Cyclonic Storm,2022180N15117,CHABA,WP,MM,pacific_ocean,western_pacific,2022-07-02T06:00:00Z,21.2,111.2,TS,75.0,VSCS,70.0,tokyo,1,70.0,True
CLS_04060,2,VSCS,Very Severe Cyclonic Storm,2022179N08310,BONNIE,EP,MM,pacific_ocean,eastern_pacific,2022-07-04T12:00:00Z,13.6,-98.2,TS,75.0,VSCS,75.0,hurdat_atl,1,75.0,True
CLS_04061,2,VSCS,Very Severe Cyclonic Storm,2022179N08310,BONNIE,EP,MM,pacific_ocean,eastern_pacific,2022-07-06T06:00:00Z,15.8,-107.6,TS,85.0,VSCS,85.0,hurdat_atl,2,85.0,True
CLS_04062,2,VSCS,Very Severe Cyclonic Storm,2022191N14249,DARBY,EP,MM,pacific_ocean,eastern_pacific,2022-07-11T00:00:00Z,14.5,-119.9,TS,65.0,VSCS,65.0,hurdat_epa,1,65.0,True
CLS_04063,2,VSCS,Very Severe Cyclonic Storm,2022191N14249,DARBY,EP,CP,pacific_ocean,eastern_pacific,2022-07-14T21:00:00Z,17.1,-142.1,TS,80.0,VSCS,,,1,80.0,True
CLS_04064,2,VSCS,Very Severe Cyclonic Storm,2022197N12260,ESTELLE,EP,MM,pacific_ocean,eastern_pacific,2022-07-17T00:00:00Z,14.5,-104.6,TS,65.0,VSCS,65.0,hurdat_epa,1,65.0,True
CLS_04065,2,VSCS,Very Severe Cyclonic Storm,2022207N11262,FRANK,EP,MM,pacific_ocean,eastern_pacific,2022-07-30T15:00:00Z,16.5,-116.2,TS,80.0,VSCS,,,1,80.0,True
CLS_04066,2,VSCS,Very Severe Cyclonic Storm,2022219N14255,HOWARD,EP,MM,pacific_ocean,eastern_pacific,2022-08-08T18:00:00Z,20.3,-113.9,TS,65.0,VSCS,65.0,hurdat_epa,1,65.0,True
CLS_04067,2,VSCS,Very Severe Cyclonic Storm,2022219N14255,HOWARD,EP,MM,pacific_ocean,eastern_pacific,2022-08-09T15:00:00Z,22.1,-116.9,TS,68.0,VSCS,,,1,68.0,True
CLS_04068,2,VSCS,Very Severe Cyclonic Storm,2022232N18131,MA-ON,WP,MM,pacific_ocean,western_pacific,2022-08-23T03:00:00Z,17.5,122.2,TS,65.0,VSCS,,,1,65.0,True
CLS_04069,2,VSCS,Very Severe Cyclonic Storm,2022233N22151,TOKAGE,WP,MM,pacific_ocean,western_pacific,2022-08-25T00:00:00Z,38.7,151.4,TS,65.0,VSCS,65.0,tokyo,1,65.0,True
CLS_04070,2,VSCS,Very Severe Cyclonic Storm,2022239N22150,HINNAMNOR,WP,MM,pacific_ocean,western_pacific,2022-09-05T18:00:00Z,34.2,128.1,TS,80.0,VSCS,70.0,tokyo,1,70.0,True
CLS_04071,2,VSCS,Very Severe Cyclonic Storm,2022248N14259,KAY,EP,MM,pacific_ocean,eastern_pacific,2022-09-08T09:00:00Z,24.5,-113.3,TS,68.0,VSCS,,,1,68.0,True
CLS_04072,2,VSCS,Very Severe Cyclonic Storm,2022247N26147,MUIFA,WP,MM,pacific_ocean,western_pacific,2022-09-10T06:00:00Z,21.2,125.8,TS,70.0,VSCS,70.0,tokyo,1,70.0,True
CLS_04073,2,VSCS,Very Severe Cyclonic Storm,2022254N21158,MERBOK,WP,MM,pacific_ocean,western_pacific,2022-09-14T09:00:00Z,31.0,161.9,TS,70.0,VSCS,,,1,70.0,True
CLS_04074,2,VSCS,Very Severe Cyclonic Storm,2022264N17132,NORU,WP,MM,pacific_ocean,western_pacific,2022-09-26T00:00:00Z,16.0,118.4,TS,80.0,VSCS,70.0,tokyo,1,70.0,True
CLS_04075,2,VSCS,Very Severe Cyclonic Storm,2022270N14136,ROKE,WP,MM,pacific_ocean,western_pacific,2022-09-30T06:00:00Z,29.1,138.1,TS,65.0,VSCS,70.0,tokyo,1,70.0,True
CLS_04076,2,VSCS,Very Severe Cyclonic Storm,2022272N14258,ORLENE,EP,MM,pacific_ocean,eastern_pacific,2022-10-03T09:00:00Z,22.2,-106.4,TS,80.0,VSCS,,,1,80.0,True
CLS_04077,2,VSCS,Very Severe Cyclonic Storm,2022285N17140,NESAT,WP,MM,pacific_ocean,western_pacific,2022-10-18T00:00:00Z,18.2,113.8,TS,85.0,VSCS,75.0,tokyo,2,75.0,True
CLS_04078,2,VSCS,Very Severe Cyclonic Storm,2022293N15259,ROSLYN,EP,MM,pacific_ocean,eastern_pacific,2022-10-21T21:00:00Z,16.5,-105.0,TS,68.0,VSCS,,,1,68.0,True
CLS_04079,2,VSCS,Very Severe Cyclonic Storm,2022299N11134,NALGAE,WP,MM,pacific_ocean,western_pacific,2022-10-31T12:00:00Z,17.8,116.4,TS,65.0,VSCS,60.0,tokyo,1,60.0,True
CLS_04080,2,VSCS,Very Severe Cyclonic Storm,2022346S10098,DARIAN,SI,WA,south_indian_ocean,,2022-12-19T06:00:00Z,-12.4,93.4,TS,65.0,VSCS,55.0,bom,1,55.0,True
CLS_04081,2,VSCS,Very Severe Cyclonic Storm,2022346S10098,DARIAN,SI,MM,south_indian_ocean,,2022-12-27T15:00:00Z,-18.6,81.2,TS,68.0,VSCS,,,1,68.0,True
CLS_04082,2,VSCS,Very Severe Cyclonic Storm,2023013S08081,CHENESO,SI,MM,south_indian_ocean,,2023-01-25T03:00:00Z,-20.2,43.0,TS,68.0,VSCS,,,1,68.0,True
CLS_04083,2,VSCS,Very Severe Cyclonic Storm,2023036S12163,GABRIELLE,SP,EA,pacific_ocean,southern_pacific,2023-02-09T09:00:00Z,-19.3,154.2,TS,65.0,VSCS,,,1,65.0,True
CLS_04084,2,VSCS,Very Severe Cyclonic Storm,2023036S12163,GABRIELLE,SP,EA,pacific_ocean,southern_pacific,2023-02-09T21:00:00Z,-21.3,156.9,TS,83.0,VSCS,,,2,83.0,True
CLS_04085,2,VSCS,Very Severe Cyclonic Storm,2023036S12163,GABRIELLE,SP,MM,pacific_ocean,southern_pacific,2023-02-10T09:00:00Z,-24.1,161.0,TS,83.0,VSCS,,,2,83.0,True
CLS_04086,2,VSCS,Very Severe Cyclonic Storm,2023032S12091,DINGANI,SI,MM,south_indian_ocean,,2023-02-13T09:00:00Z,-19.5,73.4,TS,83.0,VSCS,,,2,83.0,True
CLS_04087,2,VSCS,Very Severe Cyclonic Storm,2023032S12091,DINGANI,SI,MM,south_indian_ocean,,2023-02-13T21:00:00Z,-20.8,72.8,TS,65.0,VSCS,,,1,65.0,True
CLS_04088,2,VSCS,Very Severe Cyclonic Storm,2023050S09094,ENALA,SI,MM,south_indian_ocean,,2023-02-23T09:00:00Z,-18.0,71.6,TS,65.0,VSCS,,,1,65.0,True
CLS_04089,2,VSCS,Very Severe Cyclonic Storm,2023036S12117,FREDDY,SI,MM,south_indian_ocean,,2023-02-24T06:00:00Z,-22.3,36.3,TS,65.0,VSCS,55.0,reunion,1,55.0,True
CLS_04090,2,VSCS,Very Severe Cyclonic Storm,2023050S09094,ENALA,SI,MM,south_indian_ocean,,2023-02-24T15:00:00Z,-23.2,69.7,TS,68.0,VSCS,,,1,68.0,True
CLS_04091,2,VSCS,Very Severe Cyclonic Storm,2023055S14184,JUDY,SP,MM,pacific_ocean,southern_pacific,2023-02-28T12:00:00Z,-15.6,168.2,TS,75.0,VSCS,65.0,nadi,1,65.0,True
CLS_04092,2,VSCS,Very Severe Cyclonic Storm,2023055S14184,JUDY,SP,MM,pacific_ocean,southern_pacific,2023-03-01T21:00:00Z,-21.9,171.9,TS,88.0,VSCS,,,2,88.0,True
CLS_04093,2,VSCS,Very Severe Cyclonic Storm,2023055S14184,JUDY,SP,MM,pacific_ocean,southern_pacific,2023-03-02T12:00:00Z,-24.3,174.9,TS,80.0,VSCS,80.0,nadi,1,80.0,True
CLS_04094,2,VSCS,Very Severe Cyclonic Storm,2023059S15149,KEVIN,SP,MM,pacific_ocean,southern_pacific,2023-03-02T12:00:00Z,-15.6,164.6,TS,65.0,VSCS,60.0,nadi,1,60.0,True
CLS_04095,2,VSCS,Very Severe Cyclonic Storm,2023059S15149,KEVIN,SP,MM,pacific_ocean,southern_pacific,2023-03-03T00:00:00Z,-16.9,166.7,TS,80.0,VSCS,80.0,nadi,1,80.0,True
CLS_04096,2,VSCS,Very Severe Cyclonic Storm,2023055S14184,JUDY,SP,MM,pacific_ocean,southern_pacific,2023-03-03T00:00:00Z,-25.6,177.4,TS,70.0,VSCS,65.0,wellington,1,65.0,True
CLS_04097,2,VSCS,Very Severe Cyclonic Storm,2023059S15149,KEVIN,SP,MM,pacific_ocean,southern_pacific,2023-03-05T09:00:00Z,-27.5,184.3,TS,75.0,VSCS,,,1,75.0,True
CLS_04098,2,VSCS,Very Severe Cyclonic Storm,2023036S12117,FREDDY,SI,MM,south_indian_ocean,,2023-03-12T00:00:00Z,-17.5,37.0,TS,75.0,VSCS,65.0,reunion,1,65.0,True
CLS_04099,2,VSCS,Very Severe Cyclonic Storm,2023087S10096,HERMAN,SI,WA,south_indian_ocean,,2023-03-30T09:00:00Z,-15.5,105.1,TS,80.0,VSCS,,,1,80.0,True
CLS_04100,2,VSCS,Very Severe Cyclonic Storm,2023087S10096,HERMAN,SI,WA,south_indian_ocean,,2023-04-01T15:00:00Z,-19.5,107.0,TS,70.0,VSCS,,,1,70.0,True
CLS_04101,2,VSCS,Very Severe Cyclonic Storm,2023096S07135,ILSA,SI,WA,south_indian_ocean,,2023-04-12T00:00:00Z,-15.6,119.9,TS,70.0,VSCS,65.0,bom,1,65.0,True
CLS_04102,2,VSCS,Very Severe Cyclonic Storm,2023096S07135,ILSA,SI,WA,south_indian_ocean,,2023-04-13T21:00:00Z,-21.0,120.5,TS,88.0,VSCS,,,2,88.0,True
CLS_04103,2,VSCS,Very Severe Cyclonic Storm,2023129N08091,MOCHA,NI,BB,north_indian_ocean,bay_of_bengal,2023-05-12T06:00:00Z,14.0,88.3,TS,80.0,VSCS,75.0,newdelhi,1,75.0,True
CLS_04104,2,VSCS,Very Severe Cyclonic Storm,2023129N08091,MOCHA,NI,BB,north_indian_ocean,bay_of_bengal,2023-05-14T15:00:00Z,22.1,94.1,TS,73.0,VSCS,60.0,newdelhi,1,60.0,True
CLS_04105,2,VSCS,Very Severe Cyclonic Storm,2023132S03090,FABIEN,SI,MM,south_indian_ocean,,2023-05-15T00:00:00Z,-5.1,79.6,TS,70.0,VSCS,60.0,reunion,1,60.0,True
CLS_04106,2,VSCS,Very Severe Cyclonic Storm,2023138N05151,MAWAR,WP,MM,pacific_ocean,western_pacific,2023-05-30T06:00:00Z,20.6,125.0,TS,75.0,VSCS,80.0,tokyo,1,80.0,True
CLS_04107,2,VSCS,Very Severe Cyclonic Storm,2023156N10067,BIPARJOY,NI,AS,north_indian_ocean,arabian_sea,2023-06-08T00:00:00Z,13.8,66.1,TS,75.0,VSCS,75.0,newdelhi,1,75.0,True
CLS_04108,2,VSCS,Very Severe Cyclonic Storm,2023156N12135,GUCHOL,WP,MM,pacific_ocean,western_pacific,2023-06-08T06:00:00Z,16.1,131.2,TS,70.0,VSCS,60.0,tokyo,1,60.0,True
CLS_04109,2,VSCS,Very Severe Cyclonic Storm,2023156N10067,BIPARJOY,NI,AS,north_indian_ocean,arabian_sea,2023-06-08T21:00:00Z,14.6,66.1,TS,68.0,VSCS,75.0,newdelhi,1,75.0,True
CLS_04110,2,VSCS,Very Severe Cyclonic Storm,2023156N10067,BIPARJOY,NI,AS,north_indian_ocean,arabian_sea,2023-06-09T15:00:00Z,15.9,67.3,TS,68.0,VSCS,65.0,newdelhi,1,65.0,True
CLS_04111,2,VSCS,Very Severe Cyclonic Storm,2023156N10067,BIPARJOY,NI,AS,north_indian_ocean,arabian_sea,2023-06-11T15:00:00Z,18.8,67.8,TS,88.0,VSCS,90.0,newdelhi,2,90.0,True
CLS_04112,2,VSCS,Very Severe Cyclonic Storm,2023156N10067,BIPARJOY,NI,AS,north_indian_ocean,arabian_sea,2023-06-12T15:00:00Z,20.0,67.2,TS,88.0,VSCS,90.0,newdelhi,2,90.0,True
CLS_04113,2,VSCS,Very Severe Cyclonic Storm,2023156N10067,BIPARJOY,NI,AS,north_indian_ocean,arabian_sea,2023-06-13T21:00:00Z,21.5,66.3,TS,85.0,VSCS,85.0,newdelhi,2,85.0,True
CLS_04114,2,VSCS,Very Severe Cyclonic Storm,2023179N15256,ADRIAN,EP,MM,pacific_ocean,eastern_pacific,2023-06-28T21:00:00Z,15.3,-108.4,TS,70.0,VSCS,,,1,70.0,True
CLS_04115,2,VSCS,Very Severe Cyclonic Storm,2023179N15256,ADRIAN,EP,MM,pacific_ocean,eastern_pacific,2023-06-30T03:00:00Z,16.6,-111.2,TS,83.0,VSCS,,,2,83.0,True
CLS_04116,2,VSCS,Very Severe Cyclonic Storm,2023180N13264,BEATRIZ,EP,MM,pacific_ocean,eastern_pacific,2023-06-30T12:00:00Z,16.8,-101.8,TS,70.0,VSCS,70.0,hurdat_epa,1,70.0,True
CLS_04117,2,VSCS,Very Severe Cyclonic Storm,2023191N10262,CALVIN,EP,MM,pacific_ocean,eastern_pacific,2023-07-16T09:00:00Z,15.6,-133.3,TS,70.0,VSCS,,,1,70.0,True
CLS_04118,2,VSCS,Very Severe Cyclonic Storm,2023194N16123,TALIM,WP,MM,pacific_ocean,western_pacific,2023-07-16T18:00:00Z,19.8,113.8,TS,65.0,VSCS,55.0,tokyo,1,55.0,True
CLS_04119,2,VSCS,Very Severe Cyclonic Storm,2023213N14257,DORA,EP,MM,pacific_ocean,eastern_pacific,2023-08-02T03:00:00Z,16.0,248.7,TS,73.0,VSCS,,,1,73.0,True
CLS_04120,2,VSCS,Very Severe Cyclonic Storm,2023218N25145,LAN,WP,MM,pacific_ocean,western_pacific,2023-08-09T21:00:00Z,25.1,144.3,TS,70.0,VSCS,,,1,70.0,True
CLS_04121,2,VSCS,Very Severe Cyclonic Storm,2023213N14257,DORA,WP,MM,pacific_ocean,western_pacific,2023-08-12T15:00:00Z,17.4,177.4,TS,75.0,VSCS,,,1,75.0,True
CLS_04122,2,VSCS,Very Severe Cyclonic Storm,2023225N14248,FERNANDA,EP,MM,pacific_ocean,eastern_pacific,2023-08-13T18:00:00Z,15.3,-116.1,TS,65.0,VSCS,65.0,hurdat_epa,1,65.0,True
CLS_04123,2,VSCS,Very Severe Cyclonic Storm,2023225N14248,FERNANDA,EP,MM,pacific_ocean,eastern_pacific,2023-08-16T03:00:00Z,17.2,-124.1,TS,78.0,VSCS,,,1,78.0,True
CLS_04124,2,VSCS,Very Severe Cyclonic Storm,2023228N12259,HILARY,EP,MM,pacific_ocean,eastern_pacific,2023-08-17T15:00:00Z,15.5,-107.8,TS,83.0,VSCS,,,2,83.0,True
CLS_04125,2,VSCS,Very Severe Cyclonic Storm,2023228N12259,HILARY,EP,MM,pacific_ocean,eastern_pacific,2023-08-20T06:00:00Z,26.3,-114.9,TS,65.0,VSCS,65.0,hurdat_epa,1,65.0,True
CLS_04126,2,VSCS,Very Severe Cyclonic Storm,2023241N10158,KIROGI,WP,MM,pacific_ocean,western_pacific,2023-08-31T06:00:00Z,16.7,154.2,TS,70.0,VSCS,45.0,tokyo,1,45.0,True
CLS_04127,2,VSCS,Very Severe Cyclonic Storm,2023234N18128,SAOLA,WP,MM,pacific_ocean,western_pacific,2023-09-02T03:00:00Z,21.7,112.3,TS,68.0,VSCS,,,1,68.0,True
CLS_04128,2,VSCS,Very Severe Cyclonic Storm,2023239N18144,HAIKUI,WP,MM,pacific_ocean,western_pacific,2023-09-02T15:00:00Z,22.7,123.7,TS,85.0,VSCS,,,2,85.0,True
CLS_04129,2,VSCS,Very Severe Cyclonic Storm,2023248N12257,JOVA,EP,MM,pacific_ocean,eastern_pacific,2023-09-06T09:00:00Z,13.6,-109.5,TS,83.0,VSCS,,,2,83.0,True
CLS_04130,2,VSCS,Very Severe Cyclonic Storm,2023271N14144,KOINU,WP,MM,pacific_ocean,western_pacific,2023-10-01T18:00:00Z,18.7,128.0,TS,80.0,VSCS,65.0,tokyo,1,65.0,True
CLS_04131,2,VSCS,Very Severe Cyclonic Storm,2023276N11254,LIDIA,EP,MM,pacific_ocean,eastern_pacific,2023-10-09T18:00:00Z,17.8,-111.4,TS,65.0,VSCS,65.0,hurdat_epa,1,65.0,True
CLS_04132,2,VSCS,Very Severe Cyclonic Storm,2023279N08157,BOLAVEN,WP,MM,pacific_ocean,western_pacific,2023-10-10T00:00:00Z,13.7,146.5,TS,70.0,VSCS,65.0,tokyo,1,65.0,True
CLS_04133,2,VSCS,Very Severe Cyclonic Storm,2023276N11254,LIDIA,EP,MM,pacific_ocean,eastern_pacific,2023-10-10T06:00:00Z,18.4,-109.7,TS,75.0,VSCS,75.0,hurdat_epa,1,75.0,True
CLS_04134,2,VSCS,Very Severe Cyclonic Storm,2023290N12256,NORMA,EP,MM,pacific_ocean,eastern_pacific,2023-10-18T21:00:00Z,15.7,-107.9,TS,73.0,VSCS,,,1,73.0,True
CLS_04135,2,VSCS,Very Severe Cyclonic Storm,2023292N11063,TEJ,NI,AS,north_indian_ocean,arabian_sea,2023-10-21T15:00:00Z,11.1,57.0,TS,88.0,VSCS,65.0,newdelhi,2,65.0,True
CLS_04136,2,VSCS,Very Severe Cyclonic Storm,2023292S03172,LOLA,SP,MM,pacific_ocean,southern_pacific,2023-10-22T18:00:00Z,-12.0,169.2,TS,65.0,VSCS,60.0,nadi,1,60.0,True
CLS_04137,2,VSCS,Very Severe Cyclonic Storm,2023292N11063,TEJ,NI,AS,north_indian_ocean,arabian_sea,2023-10-23T09:00:00Z,15.1,52.7,TS,75.0,VSCS,80.0,newdelhi,1,80.0,True
CLS_04138,2,VSCS,Very Severe Cyclonic Storm,2023293N12089,HAMOON,NI,BB,north_indian_ocean,bay_of_bengal,2023-10-23T21:00:00Z,19.4,88.6,TS,65.0,VSCS,50.0,newdelhi,1,50.0,True
CLS_04139,2,VSCS,Very Severe Cyclonic Storm,2023293N12089,HAMOON,NI,BB,north_indian_ocean,bay_of_bengal,2023-10-24T15:00:00Z,20.9,91.0,TS,75.0,VSCS,55.0,newdelhi,1,55.0,True
CLS_04140,2,VSCS,Very Severe Cyclonic Storm,2023292S03172,LOLA,SP,MM,pacific_ocean,southern_pacific,2023-10-25T03:00:00Z,-16.5,167.5,TS,70.0,VSCS,70.0,nadi,1,70.0,True
CLS_04141,2,VSCS,Very Severe Cyclonic Storm,2023294N09264,OTIS,EP,MM,pacific_ocean,eastern_pacific,2023-10-25T12:00:00Z,17.7,-100.3,TS,85.0,VSCS,85.0,hurdat_epa,2,85.0,True
CLS_04142,2,VSCS,Very Severe Cyclonic Storm,2023316S08168,MAL,SP,MM,pacific_ocean,southern_pacific,2023-11-14T06:00:00Z,-16.1,175.2,TS,65.0,VSCS,65.0,nadi,1,65.0,True
CLS_04143,2,VSCS,Very Severe Cyclonic Storm,2023316S08168,MAL,SP,MM,pacific_ocean,southern_pacific,2023-11-14T18:00:00Z,-18.7,176.6,TS,75.0,VSCS,65.0,nadi,1,65.0,True
CLS_04144,2,VSCS,Very Severe Cyclonic Storm,2023316S08168,MAL,SP,MM,pacific_ocean,southern_pacific,2023-11-15T06:00:00Z,-21.4,178.3,TS,65.0,VSCS,55.0,nadi,1,55.0,True
CLS_04145,2,VSCS,Very Severe Cyclonic Storm,2023334N08088,MICHAUNG,NI,BB,north_indian_ocean,bay_of_bengal,2023-12-04T18:00:00Z,14.4,80.3,TS,65.0,VSCS,55.0,newdelhi,1,55.0,True
CLS_04146,2,VSCS,Very Severe Cyclonic Storm,2023337S08165,JASPER,SP,EA,pacific_ocean,southern_pacific,2023-12-06T09:00:00Z,-11.3,157.2,TS,73.0,VSCS,,,1,73.0,True
CLS_04147,2,VSCS,Very Severe Cyclonic Storm,2023337S08165,JASPER,SP,EA,pacific_ocean,southern_pacific,2023-12-06T21:00:00Z,-11.9,157.0,TS,83.0,VSCS,,,2,83.0,True
CLS_04148,2,VSCS,Very Severe Cyclonic Storm,2023337S08165,JASPER,SP,EA,pacific_ocean,southern_pacific,2023-12-09T03:00:00Z,-15.5,155.7,TS,83.0,VSCS,,,2,83.0,True
CLS_04149,2,VSCS,Very Severe Cyclonic Storm,2023337S08165,JASPER,SP,EA,pacific_ocean,southern_pacific,2023-12-09T15:00:00Z,-15.8,155.0,TS,65.0,VSCS,,,1,65.0,True
CLS_04150,2,VSCS,Very Severe Cyclonic Storm,2023364S19035,ALVARO,SI,MM,south_indian_ocean,,2024-01-01T12:00:00Z,-21.5,42.7,TS,65.0,VSCS,65.0,reunion,1,65.0,True
CLS_04151,2,VSCS,Very Severe Cyclonic Storm,2024012S12059,BELAL,SI,MM,south_indian_ocean,,2024-01-14T12:00:00Z,-19.8,53.5,TS,85.0,VSCS,75.0,reunion,2,75.0,True
CLS_04152,2,VSCS,Very Severe Cyclonic Storm,2024012S12059,BELAL,SI,MM,south_indian_ocean,,2024-01-15T03:00:00Z,-20.6,54.9,TS,83.0,VSCS,,,2,83.0,True
CLS_04153,2,VSCS,Very Severe Cyclonic Storm,2024012S09093,ANGGREK,SI,WA,south_indian_ocean,,2024-01-19T21:00:00Z,-12.4,92.8,TS,68.0,VSCS,,,1,68.0,True
CLS_04154,2,VSCS,Very Severe Cyclonic Storm,2024012S09093,ANGGREK,SI,MM,south_indian_ocean,,2024-01-30T18:00:00Z,-30.8,76.4,TS,85.0,VSCS,75.0,reunion,2,75.0,True
CLS_04155,2,VSCS,Very Severe Cyclonic Storm,2024044S14066,DJOUNGOU,SI,MM,south_indian_ocean,,2024-02-17T06:00:00Z,-16.2,68.8,TS,70.0,VSCS,60.0,reunion,1,60.0,True
CLS_04156,2,VSCS,Very Severe Cyclonic Storm,2024044S14066,DJOUNGOU,SI,MM,south_indian_ocean,,2024-02-19T15:00:00Z,-28.2,89.9,TS,68.0,VSCS,,,1,68.0,True
CLS_04157,2,VSCS,Very Severe Cyclonic Storm,2024073S14128,MEGAN,SP,EA,pacific_ocean,southern_pacific,2024-03-17T03:00:00Z,-15.0,137.3,TS,78.0,VSCS,,,1,78.0,True
CLS_04158,2,VSCS,Very Severe Cyclonic Storm,2024073S14128,MEGAN,SP,EA,pacific_ocean,southern_pacific,2024-03-17T15:00:00Z,-15.1,137.3,TS,88.0,VSCS,,,2,88.0,True
CLS_04159,2,VSCS,Very Severe Cyclonic Storm,2024073S14128,MEGAN,SP,EA,pacific_ocean,southern_pacific,2024-03-18T06:00:00Z,-16.0,136.9,TS,70.0,VSCS,75.0,bom,1,75.0,True
CLS_04160,2,VSCS,Very Severe Cyclonic Storm,2024067S10090,NEVILLE,SI,WA,south_indian_ocean,,2024-03-21T03:00:00Z,-17.9,106.3,TS,73.0,VSCS,,,1,73.0,True
CLS_04161,2,VSCS,Very Severe Cyclonic Storm,2024067S10090,NEVILLE,SI,WA,south_indian_ocean,,2024-03-23T12:00:00Z,-20.5,93.8,TS,70.0,VSCS,65.0,bom,1,65.0,True
CLS_04162,2,VSCS,Very Severe Cyclonic Storm,2024082S08054,GAMANE,SI,MM,south_indian_ocean,,2024-03-27T06:00:00Z,-12.9,49.6,TS,80.0,VSCS,65.0,reunion,1,65.0,True
CLS_04163,2,VSCS,Very Severe Cyclonic Storm,2024096S11120,OLGA,SI,WA,south_indian_ocean,,2024-04-06T21:00:00Z,-14.3,119.6,TS,73.0,VSCS,,,1,73.0,True
CLS_04164,2,VSCS,Very Severe Cyclonic Storm,2024121S07047,HIDAYA,SI,MM,south_indian_ocean,,2024-05-03T12:00:00Z,-8.2,41.7,TS,75.0,VSCS,80.0,reunion,1,80.0,True
CLS_04165,2,VSCS,Very Severe Cyclonic Storm,2024134S07055,IALY,SI,MM,south_indian_ocean,,2024-05-21T06:00:00Z,-4.9,42.5,TS,65.0,VSCS,60.0,reunion,1,60.0,True
CLS_04166,2,VSCS,Very Severe Cyclonic Storm,2024201N12133,GAEMI,WP,MM,pacific_ocean,western_pacific,2024-07-22T12:00:00Z,18.4,125.3,TS,65.0,VSCS,65.0,tokyo,1,65.0,True
CLS_04167,2,VSCS,Very Severe Cyclonic Storm,2024213N14254,CARLOTTA,EP,MM,pacific_ocean,eastern_pacific,2024-08-02T21:00:00Z,18.6,-116.5,TS,78.0,VSCS,,,1,78.0,True
CLS_04168,2,VSCS,Very Severe Cyclonic Storm,2024218N23143,MARIA,WP,MM,pacific_ocean,western_pacific,2024-08-08T12:00:00Z,28.8,145.4,TS,70.0,VSCS,50.0,tokyo,1,50.0,True
CLS_04169,2,VSCS,Very Severe Cyclonic Storm,2024225N22135,AMPIL,WP,MM,pacific_ocean,western_pacific,2024-08-17T06:00:00Z,37.3,145.6,TS,75.0,VSCS,70.0,tokyo,1,70.0,True
CLS_04170,2,VSCS,Very Severe Cyclonic Storm,2024231N14251,GILMA,EP,MM,pacific_ocean,eastern_pacific,2024-08-21T12:00:00Z,16.0,-122.6,TS,75.0,VSCS,75.0,hurdat_epa,1,75.0,True
CLS_04171,2,VSCS,Very Severe Cyclonic Storm,2024235N16223,HONE,EP,CP,pacific_ocean,eastern_pacific,2024-08-25T18:00:00Z,18.6,-156.7,TS,65.0,VSCS,65.0,hurdat_epa,1,65.0,True
CLS_04172,2,VSCS,Very Severe Cyclonic Storm,2024231N14251,GILMA,EP,CP,pacific_ocean,eastern_pacific,2024-08-27T15:00:00Z,18.4,-140.8,TS,65.0,VSCS,,,1,65.0,True
CLS_04173,2,VSCS,Very Severe Cyclonic Storm,2024253N11148,BEBINCA,WP,MM,pacific_ocean,western_pacific,2024-09-15T21:00:00Z,30.7,122.5,TS,70.0,VSCS,,,1,70.0,True
CLS_04174,2,VSCS,Very Severe Cyclonic Storm,2024267N14261,JOHN,EP,MM,pacific_ocean,eastern_pacific,2024-09-23T15:00:00Z,14.9,-98.4,TS,70.0,VSCS,,,1,70.0,True
CLS_04175,2,VSCS,Very Severe Cyclonic Storm,2024267N14261,JOHN,EP,MM,pacific_ocean,eastern_pacific,2024-09-26T15:00:00Z,17.2,-102.6,TS,65.0,VSCS,,,1,65.0,True
CLS_04176,2,VSCS,Very Severe Cyclonic Storm,2024269N14150,JEBI,WP,MM,pacific_ocean,western_pacific,2024-10-01T18:00:00Z,39.2,145.5,TS,70.0,VSCS,65.0,tokyo,1,65.0,True
CLS_04177,2,VSCS,Very Severe Cyclonic Storm,2024295N15092,DANA,NI,BB,north_indian_ocean,bay_of_bengal,2024-10-24T12:00:00Z,19.8,87.5,TS,65.0,VSCS,60.0,newdelhi,1,60.0,True
CLS_04178,2,VSCS,Very Severe Cyclonic Storm,2024293N13141,TRAMI,WP,MM,pacific_ocean,western_pacific,2024-10-26T00:00:00Z,17.0,113.3,TS,65.0,VSCS,55.0,tokyo,1,55.0,True
CLS_04179,2,VSCS,Very Severe Cyclonic Storm,2024296N13260,KRISTY,EP,MM,pacific_ocean,eastern_pacific,2024-10-26T15:00:00Z,19.7,-128.5,TS,65.0,VSCS,,,1,65.0,True
CLS_04180,2,VSCS,Very Severe Cyclonic Storm,2024298N13150,KONG-REY,WP,MM,pacific_ocean,western_pacific,2024-10-28T12:00:00Z,16.7,128.4,TS,65.0,VSCS,60.0,tokyo,1,60.0,True
CLS_04181,2,VSCS,Very Severe Cyclonic Storm,2024307N06143,YINXING,WP,MM,pacific_ocean,western_pacific,2024-11-05T00:00:00Z,16.1,127.5,TS,75.0,VSCS,75.0,tokyo,1,75.0,True
CLS_04182,2,VSCS,Very Severe Cyclonic Storm,2024312N14145,TORAJI,WP,MM,pacific_ocean,western_pacific,2024-11-10T00:00:00Z,15.1,126.9,TS,65.0,VSCS,50.0,tokyo,1,50.0,True
CLS_04183,2,VSCS,Very Severe Cyclonic Storm,2024314N07151,USAGI,WP,MM,pacific_ocean,western_pacific,2024-11-14T15:00:00Z,19.2,121.1,TS,73.0,VSCS,,,1,73.0,True
CLS_04184,2,VSCS,Very Severe Cyclonic Storm,2024313N10169,MAN-YI,WP,MM,pacific_ocean,western_pacific,2024-11-15T03:00:00Z,10.7,131.1,TS,83.0,VSCS,,,2,83.0,True
CLS_04185,2,VSCS,Very Severe Cyclonic Storm,2025159N15258,BARBARA,EP,MM,pacific_ocean,eastern_pacific,2025-06-09T09:00:00Z,17.0,-105.6,TS,65.0,VSCS,,,1,65.0,True
CLS_04186,2,VSCS,Very Severe Cyclonic Storm,2025168N11269,ERICK,EP,MM,pacific_ocean,eastern_pacific,2025-06-18T06:00:00Z,13.1,-95.1,TS,65.0,VSCS,65.0,hurdat_epa,1,65.0,True
CLS_04187,2,VSCS,Very Severe Cyclonic Storm,2025168N11269,ERICK,EP,MM,pacific_ocean,eastern_pacific,2025-06-19T18:00:00Z,17.1,-99.3,TS,65.0,VSCS,65.0,hurdat_epa,1,65.0,True
CLS_04188,2,VSCS,Very Severe Cyclonic Storm,2025180N13261,FLOSSIE,EP,MM,pacific_ocean,eastern_pacific,2025-07-01T06:00:00Z,16.8,-104.7,TS,70.0,VSCS,70.0,hurdat_epa,1,70.0,True
CLS_04189,2,VSCS,Very Severe Cyclonic Storm,2025207N11219,IONA,EP,CP,pacific_ocean,eastern_pacific,2025-07-28T18:00:00Z,10.7,-150.6,TS,65.0,VSCS,65.0,hurdat_epa,1,65.0,True
CLS_04190,2,VSCS,Very Severe Cyclonic Storm,2025207N11219,IONA,EP,CP,pacific_ocean,eastern_pacific,2025-07-30T09:00:00Z,11.3,-158.7,TS,80.0,VSCS,,,1,80.0,True
CLS_04191,2,VSCS,Very Severe Cyclonic Storm,2025212N13247,GIL,EP,MM,pacific_ocean,eastern_pacific,2025-08-02T12:00:00Z,17.7,-127.8,TS,65.0,VSCS,65.0,hurdat_epa,1,65.0,True
CLS_04192,2,VSCS,Very Severe Cyclonic Storm,2025216N13243,HENRIETTE,EP,CP,pacific_ocean,eastern_pacific,2025-08-11T09:00:00Z,27.7,-155.1,TS,73.0,VSCS,,,1,73.0,True
CLS_04193,2,VSCS,Very Severe Cyclonic Storm,2025243N14239,KIKO,EP,MM,pacific_ocean,eastern_pacific,2025-09-02T12:00:00Z,13.8,-128.1,TS,75.0,VSCS,75.0,hurdat_epa,1,75.0,True
CLS_04194,2,VSCS,Very Severe Cyclonic Storm,2025245N17255,LORENA,EP,MM,pacific_ocean,eastern_pacific,2025-09-03T12:00:00Z,21.9,-111.1,TS,70.0,VSCS,70.0,hurdat_epa,1,70.0,True
CLS_04195,2,VSCS,Very Severe Cyclonic Storm,2025243N14239,KIKO,EP,CP,pacific_ocean,eastern_pacific,2025-09-08T15:00:00Z,20.3,-148.8,TS,83.0,VSCS,,,2,83.0,True
CLS_04196,2,VSCS,Very Severe Cyclonic Storm,2025265N14261,NARDA,EP,MM,pacific_ocean,eastern_pacific,2025-09-24T18:00:00Z,15.2,-111.9,TS,85.0,VSCS,85.0,hurdat_epa,2,85.0,True
CLS_04197,2,VSCS,Very Severe Cyclonic Storm,2025265N14261,NARDA,EP,MM,pacific_ocean,eastern_pacific,2025-09-26T12:00:00Z,16.7,-121.3,TS,75.0,VSCS,75.0,hurdat_epa,1,75.0,True
CLS_04198,2,VSCS,Very Severe Cyclonic Storm,2025273N09248,OCTAVE,EP,MM,pacific_ocean,eastern_pacific,2025-10-06T00:00:00Z,16.2,-123.1,TS,80.0,VSCS,80.0,hurdat_epa,1,80.0,True
CLS_04199,2,VSCS,Very Severe Cyclonic Storm,2025278N15254,PRISCILLA,EP,MM,pacific_ocean,eastern_pacific,2025-10-07T03:00:00Z,18.9,-108.6,TS,80.0,VSCS,,,1,80.0,True
CLS_04200,2,VSCS,Very Severe Cyclonic Storm,2025278N15254,PRISCILLA,EP,MM,pacific_ocean,eastern_pacific,2025-10-08T06:00:00Z,20.7,-111.7,TS,80.0,VSCS,80.0,hurdat_epa,1,80.0,True
CLS_04201,3,ESCS-SuCS,Extremely Severe / Super Cyclonic Storm,1999343S11123,JOHN,SI,WA,south_indian_ocean,,1999-12-13T15:00:00Z,-17.4,118.1,TS,100.0,ESCS,,,3,100.0,True
CLS_04202,3,ESCS-SuCS,Extremely Severe / Super Cyclonic Storm,1999343S11123,JOHN,SI,WA,south_indian_ocean,,1999-12-14T03:00:00Z,-18.4,117.6,TS,118.0,ESCS,,,4,118.0,True
CLS_04203,3,ESCS-SuCS,Extremely Severe / Super Cyclonic Storm,1999343S11123,JOHN,SI,WA,south_indian_ocean,,1999-12-14T18:00:00Z,-20.1,117.3,TS,130.0,SuCS,105.0,bom,4,105.0,True
CLS_04204,3,ESCS-SuCS,Extremely Severe / Super Cyclonic Storm,1999343S11123,JOHN,SI,WA,south_indian_ocean,,1999-12-15T06:00:00Z,-21.6,118.0,TS,115.0,ESCS,65.0,bom,4,65.0,True
CLS_04205,3,ESCS-SuCS,Extremely Severe / Super Cyclonic Storm,2000003S13082,BABIOLA,SI,MM,south_indian_ocean,,2000-01-09T18:00:00Z,-19.5,67.6,TS,90.0,ESCS,85.0,reunion,2,85.0,True
CLS_04206,3,ESCS-SuCS,Extremely Severe / Super Cyclonic Storm,2000003S13082,BABIOLA,SI,MM,south_indian_ocean,,2000-01-10T06:00:00Z,-20.9,67.2,TS,90.0,ESCS,85.0,reunion,2,85.0,True
CLS_04207,3,ESCS-SuCS,Extremely Severe / Super Cyclonic Storm,2000025S15056,CONNIE,SI,MM,south_indian_ocean,,2000-01-27T15:00:00Z,-15.8,56.7,TS,100.0,ESCS,,,3,100.0,True
CLS_04208,3,ESCS-SuCS,Extremely Severe / Super Cyclonic Storm,2000025S15056,CONNIE,SI,MM,south_indian_ocean,,2000-01-28T03:00:00Z,-16.5,57.0,TS,115.0,ESCS,,,4,115.0,True
CLS_04209,3,ESCS-SuCS,Extremely Severe / Super Cyclonic Storm,2000025S15056,CONNIE,SI,MM,south_indian_ocean,,2000-01-28T15:00:00Z,-17.4,56.8,TS,108.0,ESCS,,,3,108.0,True
CLS_04210,3,ESCS-SuCS,Extremely Severe / Super Cyclonic Storm,2000025S15056,CONNIE,SI,MM,south_indian_ocean,,2000-01-29T03:00:00Z,-18.5,55.8,TS,93.0,ESCS,,,2,93.0,True
CLS_04211,3,ESCS-SuCS,Extremely Severe / Super Cyclonic Storm,2000032S11116,ELINE:LEONE,SI,MM,south_indian_ocean,,2000-02-21T21:00:00Z,-20.9,35.8,TS,95.0,ESCS,,,2,95.0,True
CLS_04212,3,ESCS-SuCS,Extremely Severe / Super Cyclonic Storm,2000032S11116,ELINE:LEONE,SI,MM,south_indian_ocean,,2000-02-22T12:00:00Z,-20.3,34.0,TS,90.0,ESCS,75.0,reunion,2,75.0,True
CLS_04213,3,ESCS-SuCS,Extremely Severe / Super Cyclonic Storm,2000060S17123,NORMAN,SI,WA,south_indian_ocean,,2000-03-03T03:00:00Z,-19.6,107.1,TS,115.0,ESCS,,,4,115.0,True
CLS_04214,3,ESCS-SuCS,Extremely Severe / Super Cyclonic Storm,2000060S17123,NORMAN,SI,WA,south_indian_ocean,,2000-03-03T18:00:00Z,-20.2,102.4,TS,115.0,ESCS,85.0,bom,4,85.0,True
CLS_04215,3,ESCS-SuCS,Extremely Severe / Super Cyclonic Storm,2000060S17123,NORMAN,SI,WA,south_indian_ocean,,2000-03-04T12:00:00Z,-20.5,97.7,TS,105.0,ESCS,55.0,bom,3,55.0,True
CLS_04216,3,ESCS-SuCS,Extremely Severe / Super Cyclonic Storm,2000083S17102,HUDAH,SI,MM,south_indian_ocean,,2000-03-29T09:00:00Z,-16.6,72.0,TS,93.0,ESCS,,,2,93.0,True
CLS_04217,3,ESCS-SuCS,Extremely Severe / Super Cyclonic Storm,2000083S17102,HUDAH,SI,MM,south_indian_ocean,,2000-03-31T21:00:00Z,-17.0,60.0,TS,110.0,ESCS,,,3,110.0,True
CLS_04218,3,ESCS-SuCS,Extremely Severe / Super Cyclonic Storm,2000083S17102,HUDAH,SI,MM,south_indian_ocean,,2000-04-03T00:00:00Z,-14.9,49.1,TS,100.0,ESCS,,reunion,3,100.0,True
CLS_04219,3,ESCS-SuCS,Extremely Severe / Super Cyclonic Storm,2000083S17102,HUDAH,SI,MM,south_indian_ocean,,2000-04-07T12:00:00Z,-18.6,38.2,TS,100.0,ESCS,85.0,reunion,3,85.0,True
CLS_04220,3,ESCS-SuCS,Extremely Severe / Super Cyclonic Storm,2000102S13128,PAUL,SI,WA,south_indian_ocean,,2000-04-15T12:00:00Z,-13.9,102.9,TS,125.0,SuCS,120.0,bom,4,120.0,True
CLS_04221,3,ESCS-SuCS,Extremely Severe / Super Cyclonic Storm,2000102S13128,PAUL,SI,WA,south_indian_ocean,,2000-04-16T00:00:00Z,-13.7,101.0,TS,125.0,SuCS,110.0,bom,4,110.0,True
CLS_04222,3,ESCS-SuCS,Extremely Severe / Super Cyclonic Storm,2000102S13128,PAUL,SI,WA,south_indian_ocean,,2000-04-17T06:00:00Z,-14.1,97.4,TS,115.0,ESCS,90.0,bom,4,90.0,True
CLS_04223,3,ESCS-SuCS,Extremely Severe / Super Cyclonic Storm,2000102S13128,PAUL,SI,WA,south_indian_ocean,,2000-04-18T09:00:00Z,-14.6,95.7,TS,98.0,ESCS,,,3,98.0,True
CLS_04224,3,ESCS-SuCS,Extremely Severe / Super Cyclonic Storm,2000105S09127,ROSITA,SI,WA,south_indian_ocean,,2000-04-19T15:00:00Z,-18.2,121.8,TS,115.0,ESCS,,,4,115.0,True
CLS_04225,3,ESCS-SuCS,Extremely Severe / Super Cyclonic Storm,2000125N06136,DAMREY,WP,MM,pacific_ocean,western_pacific,2000-05-08T15:00:00Z,14.8,132.7,TS,95.0,ESCS,,,2,95.0,True
CLS_04226,3,ESCS-SuCS,Extremely Severe / Super Cyclonic Storm,2000125N06136,DAMREY,WP,MM,pacific_ocean,western_pacific,2000-05-09T09:00:00Z,16.8,134.8,TS,140.0,SuCS,,,5,140.0,True
CLS_04227,3,ESCS-SuCS,Extremely Severe / Super Cyclonic Storm,2000142N12262,ALETTA,EP,MM,pacific_ocean,eastern_pacific,2000-05-24T21:00:00Z,14.8,-106.3,TS,90.0,ESCS,,,2,90.0,True
CLS_04228,3,ESCS-SuCS,Extremely Severe / Super Cyclonic Storm,2000170N10268,CARLOTTA,EP,MM,pacific_ocean,eastern_pacific,2000-06-20T21:00:00Z,15.0,-102.6,TS,98.0,ESCS,,,3,98.0,True
CLS_04229,3,ESCS-SuCS,Extremely Severe / Super Cyclonic Storm,2000170N10268,CARLOTTA,EP,MM,pacific_ocean,eastern_pacific,2000-06-21T09:00:00Z,15.2,-104.1,TS,135.0,SuCS,,,4,135.0,True
CLS_04230,3,ESCS-SuCS,Extremely Severe / Super Cyclonic Storm,2000170N10268,CARLOTTA,EP,MM,pacific_ocean,eastern_pacific,2000-06-21T21:00:00Z,15.7,-105.6,TS,123.0,SuCS,,,4,123.0,True
CLS_04231,3,ESCS-SuCS,Extremely Severe / Super Cyclonic Storm,2000170N10268,CARLOTTA,EP,MM,pacific_ocean,eastern_pacific,2000-06-22T09:00:00Z,16.5,-106.9,TS,100.0,ESCS,,,3,100.0,True
CLS_04232,3,ESCS-SuCS,Extremely Severe / Super Cyclonic Storm,2000170N10268,CARLOTTA,EP,MM,pacific_ocean,eastern_pacific,2000-06-23T00:00:00Z,17.9,-108.7,TS,100.0,ESCS,100.0,hurdat_epa,3,100.0,True
CLS_04233,3,ESCS-SuCS,Extremely Severe / Super Cyclonic Storm,2000184N13133,KIROGI,WP,MM,pacific_ocean,western_pacific,2000-07-04T18:00:00Z,20.0,131.6,TS,115.0,ESCS,80.0,tokyo,4,80.0,True
CLS_04234,3,ESCS-SuCS,Extremely Severe / Super Cyclonic Storm,2000184N13133,KIROGI,WP,MM,pacific_ocean,western_pacific,2000-07-05T06:00:00Z,21.7,132.5,TS,115.0,ESCS,85.0,tokyo,4,85.0,True
CLS_04235,3,ESCS-SuCS,Extremely Severe / Super Cyclonic Storm,2000184N13133,KIROGI,WP,MM,pacific_ocean,western_pacific,2000-07-05T18:00:00Z,23.3,133.6,TS,100.0,ESCS,80.0,tokyo,3,80.0,True
CLS_04236,3,ESCS-SuCS,Extremely Severe / Super Cyclonic Storm,2000205N10260,DANIEL,EP,MM,pacific_ocean,eastern_pacific,2000-07-25T15:00:00Z,14.2,-120.3,TS,108.0,ESCS,,,3,108.0,True
CLS_04237,3,ESCS-SuCS,Extremely Severe / Super Cyclonic Storm,2000205N10260,DANIEL,EP,MM,pacific_ocean,eastern_pacific,2000-07-26T06:00:00Z,14.9,-123.9,TS,105.0,ESCS,105.0,hurdat_epa,3,105.0,True
CLS_04238,3,ESCS-SuCS,Extremely Severe / Super Cyclonic Storm,2000205N10260,DANIEL,EP,MM,pacific_ocean,eastern_pacific,2000-07-27T06:00:00Z,15.7,-130.1,TS,95.0,ESCS,95.0,hurdat_epa,2,95.0,True
CLS_04239,3,ESCS-SuCS,Extremely Severe / Super Cyclonic Storm,2000205N10260,DANIEL,EP,MM,pacific_ocean,eastern_pacific,2000-07-27T21:00:00Z,16.2,-134.0,TS,95.0,ESCS,,,2,95.0,True
CLS_04240,3,ESCS-SuCS,Extremely Severe / Super Cyclonic Storm,2000205N10260,DANIEL,EP,MM,pacific_ocean,eastern_pacific,2000-07-28T18:00:00Z,17.5,-139.6,TS,90.0,ESCS,90.0,hurdat_epa,2,90.0,True
CLS_04241,3,ESCS-SuCS,Extremely Severe / Super Cyclonic Storm,2000214N22155,JELAWAT,WP,MM,pacific_ocean,western_pacific,2000-08-02T03:00:00Z,22.2,149.0,TS,108.0,ESCS,,,3,108.0,True
CLS_04242,3,ESCS-SuCS,Extremely Severe / Super Cyclonic Storm,2000214N22155,JELAWAT,WP,MM,pacific_ocean,western_pacific,2000-08-05T21:00:00Z,26.0,132.3,TS,90.0,ESCS,80.0,tokyo,2,80.0,True
CLS_04243,3,ESCS-SuCS,Extremely Severe / Super Cyclonic Storm,2000230N08139,BILIS,WP,MM,pacific_ocean,western_pacific,2000-08-21T06:00:00Z,19.3,127.2,TS,125.0,SuCS,90.0,tokyo,4,90.0,True
CLS_04244,3,ESCS-SuCS,Extremely Severe / Super Cyclonic Storm,2000230N08139,BILIS,WP,MM,pacific_ocean,western_pacific,2000-08-22T06:00:00Z,21.6,122.9,TS,140.0,SuCS,110.0,tokyo,5,110.0,True
CLS_04245,3,ESCS-SuCS,Extremely Severe / Super Cyclonic Storm,2000248N17117,WUKONG,WP,MM,pacific_ocean,western_pacific,2000-09-08T18:00:00Z,18.5,111.6,TS,90.0,ESCS,70.0,tokyo,2,70.0,True
CLS_04246,3,ESCS-SuCS,Extremely Severe / Super Cyclonic Storm,2000245N14157,SAOMAI,WP,MM,pacific_ocean,western_pacific,2000-09-09T09:00:00Z,22.0,136.4,TS,95.0,ESCS,,,2,95.0,True
CLS_04247,3,ESCS-SuCS,Extremely Severe / Super Cyclonic Storm,2000245N14157,SAOMAI,WP,MM,pacific_ocean,western_pacific,2000-09-09T21:00:00Z,23.6,134.7,TS,120.0,SuCS,,,4,120.0,True
CLS_04248,3,ESCS-SuCS,Extremely Severe / Super Cyclonic Storm,2000260N15178,SHANSHAN,WP,MM,pacific_ocean,western_pacific,2000-09-21T03:00:00Z,22.0,166.1,TS,128.0,SuCS,,,4,128.0,True
CLS_04249,3,ESCS-SuCS,Extremely Severe / Super Cyclonic Storm,2000260N15178,SHANSHAN,WP,MM,pacific_ocean,western_pacific,2000-09-23T09:00:00Z,29.4,167.6,TS,93.0,ESCS,,,2,93.0,True
CLS_04250,3,ESCS-SuCS,Extremely Severe / Super Cyclonic Storm,2000295N20146,YAGI,WP,MM,pacific_ocean,western_pacific,2000-10-24T21:00:00Z,24.4,125.1,TS,105.0,ESCS,70.0,tokyo,3,70.0,True
CLS_04251,3,ESCS-SuCS,Extremely Severe / Super Cyclonic Storm,2000299N08139,XANGSANE,WP,MM,pacific_ocean,western_pacific,2000-10-30T12:00:00Z,17.2,119.2,TS,90.0,ESCS,75.0,tokyo,2,75.0,True
CLS_04252,3,ESCS-SuCS,Extremely Severe / Super Cyclonic Storm,2000299N08139,XANGSANE,WP,MM,pacific_ocean,western_pacific,2000-10-31T09:00:00Z,20.2,120.3,TS,90.0,ESCS,,,2,90.0,True
CLS_04253,3,ESCS-SuCS,Extremely Severe / Super Cyclonic Storm,2000333S11140,SAM,SI,WA,south_indian_ocean,,2000-12-07T15:00:00Z,-17.7,121.0,TS,98.0,ESCS,,,3,98.0,True
CLS_04254,3,ESCS-SuCS,Extremely Severe / Super Cyclonic Storm,2000333S11140,SAM,SI,WA,south_indian_ocean,,2000-12-08T12:00:00Z,-18.8,121.5,TS,105.0,ESCS,110.0,bom,3,110.0,True
CLS_04255,3,ESCS-SuCS,Extremely Severe / Super Cyclonic Storm,2000366S09068,ANDO,SI,MM,south_indian_ocean,,2001-01-04T12:00:00Z,-14.1,56.9,TS,100.0,ESCS,85.0,reunion,3,85.0,True
CLS_04256,3,ESCS-SuCS,Extremely Severe / Super Cyclonic Storm,2000366S09068,ANDO,SI,MM,south_indian_ocean,,2001-01-05T21:00:00Z,-18.1,54.5,TS,120.0,SuCS,,,4,120.0,True
CLS_04257,3,ESCS-SuCS,Extremely Severe / Super Cyclonic Storm,2000366S09068,ANDO,SI,MM,south_indian_ocean,,2001-01-06T21:00:00Z,-21.3,52.9,TS,118.0,ESCS,,,4,118.0,True
CLS_04258,3,ESCS-SuCS,Extremely Severe / Super Cyclonic Storm,2000366S09068,ANDO,SI,MM,south_indian_ocean,,2001-01-07T09:00:00Z,-22.8,52.2,TS,108.0,ESCS,,,3,108.0,True
CLS_04259,3,ESCS-SuCS,Extremely Severe / Super Cyclonic Storm,2001003S09091,BINDU,SI,MM,south_indian_ocean,,2001-01-09T12:00:00Z,-16.0,72.6,TS,90.0,ESCS,75.0,reunion,2,75.0,True
CLS_04260,3,ESCS-SuCS,Extremely Severe / Super Cyclonic Storm,2001003S09091,BINDU,SI,MM,south_indian_ocean,,2001-01-12T09:00:00Z,-17.5,69.2,TS,90.0,ESCS,,,2,90.0,True
CLS_04261,3,ESCS-SuCS,Extremely Severe / Super Cyclonic Storm,2001003S09091,BINDU,SI,MM,south_indian_ocean,,2001-01-12T21:00:00Z,-18.3,69.0,TS,100.0,ESCS,,,3,100.0,True
CLS_04262,3,ESCS-SuCS,Extremely Severe / Super Cyclonic Storm,2001003S09091,BINDU,SI,MM,south_indian_ocean,,2001-01-13T09:00:00Z,-19.1,68.7,TS,93.0,ESCS,,,2,93.0,True
CLS_04263,3,ESCS-SuCS,Extremely Severe / Super Cyclonic Storm,2001018S12086,CHARLY,SI,MM,south_indian_ocean,,2001-01-22T00:00:00Z,-18.1,75.0,TS,90.0,ESCS,80.0,reunion,2,80.0,True
CLS_04264,3,ESCS-SuCS,Extremely Severe / Super Cyclonic Storm,2001018S12086,CHARLY,SI,MM,south_indian_ocean,,2001-01-22T12:00:00Z,-18.8,72.9,TS,105.0,ESCS,100.0,reunion,3,100.0,True
CLS_04265,3,ESCS-SuCS,Extremely Severe / Super Cyclonic Storm,2001018S12086,CHARLY,SI,MM,south_indian_ocean,,2001-01-23T03:00:00Z,-20.4,70.6,TS,103.0,ESCS,,,3,103.0,True
CLS_04266,3,ESCS-SuCS,Extremely Severe / Super Cyclonic Storm,2001056S11163,PAULA,SP,MM,pacific_ocean,southern_pacific,2001-03-02T00:00:00Z,-21.2,179.1,TS,100.0,ESCS,95.0,nadi,3,95.0,True
CLS_04267,3,ESCS-SuCS,Extremely Severe / Super Cyclonic Storm,2001056S11163,PAULA,SP,MM,pacific_ocean,southern_pacific,2001-03-02T12:00:00Z,-23.0,182.3,TS,105.0,ESCS,90.0,nadi,3,90.0,True
CLS_04268,3,ESCS-SuCS,Extremely Severe / Super Cyclonic Storm,2001064S10052,DERA,SI,MM,south_indian_ocean,,2001-03-12T00:00:00Z,-29.4,41.0,TS,90.0,ESCS,80.0,reunion,2,80.0,True
CLS_04269,3,ESCS-SuCS,Extremely Severe / Super Cyclonic Storm,2001091S11111,WALTER,SI,WA,south_indian_ocean,,2001-04-05T06:00:00Z,-11.7,96.6,TS,90.0,ESCS,80.0,bom,2,80.0,True
CLS_04270,3,ESCS-SuCS,Extremely Severe / Super Cyclonic Storm,2001141N14068,UNNAMED,NI,AS,north_indian_ocean,arabian_sea,2001-05-24T09:00:00Z,16.9,68.5,TS,110.0,ESCS,115.0,newdelhi,3,115.0,True
CLS_04271,3,ESCS-SuCS,Extremely Severe / Super Cyclonic Storm,2001141N14068,UNNAMED,NI,AS,north_indian_ocean,arabian_sea,2001-05-25T00:00:00Z,17.0,67.8,TS,90.0,ESCS,115.0,newdelhi,2,115.0,True
CLS_04272,3,ESCS-SuCS,Extremely Severe / Super Cyclonic Storm,2001146N14259,ADOLPH,EP,MM,pacific_ocean,eastern_pacific,2001-05-28T00:00:00Z,13.9,-99.8,TS,95.0,ESCS,95.0,hurdat_epa,2,95.0,True
CLS_04273,3,ESCS-SuCS,Extremely Severe / Super Cyclonic Storm,2001146N14259,ADOLPH,EP,MM,pacific_ocean,eastern_pacific,2001-05-28T12:00:00Z,14.4,-100.5,TS,110.0,ESCS,110.0,hurdat_epa,3,110.0,True
CLS_04274,3,ESCS-SuCS,Extremely Severe / Super Cyclonic Storm,2001146N14259,ADOLPH,EP,MM,pacific_ocean,eastern_pacific,2001-05-29T06:00:00Z,15.3,-103.2,TS,125.0,SuCS,125.0,hurdat_epa,4,125.0,True
CLS_04275,3,ESCS-SuCS,Extremely Severe / Super Cyclonic Storm,2001146N14259,ADOLPH,EP,MM,pacific_ocean,eastern_pacific,2001-05-30T00:00:00Z,15.9,-106.1,TS,110.0,ESCS,110.0,hurdat_epa,3,110.0,True
CLS_04276,3,ESCS-SuCS,Extremely Severe / Super Cyclonic Storm,2001146N14259,ADOLPH,EP,MM,pacific_ocean,eastern_pacific,2001-05-30T12:00:00Z,16.2,-107.8,TS,95.0,ESCS,95.0,hurdat_epa,2,95.0,True
CLS_04277,3,ESCS-SuCS,Extremely Severe / Super Cyclonic Storm,2001170N11138,CHEBI,WP,MM,pacific_ocean,western_pacific,2001-06-23T12:00:00Z,24.8,119.4,TS,90.0,ESCS,50.0,tokyo,2,50.0,True
CLS_04278,3,ESCS-SuCS,Extremely Severe / Super Cyclonic Storm,2001206N14134,TORAJI,WP,MM,pacific_ocean,western_pacific,2001-07-29T03:00:00Z,21.7,122.6,TS,90.0,ESCS,,,2,90.0,True
CLS_04279,3,ESCS-SuCS,Extremely Severe / Super Cyclonic Storm,2001206N14134,TORAJI,WP,MM,pacific_ocean,western_pacific,2001-07-29T18:00:00Z,23.8,121.3,TS,100.0,ESCS,60.0,tokyo,3,60.0,True
CLS_04280,3,ESCS-SuCS,Extremely Severe / Super Cyclonic Storm,2001212N10158,MAN-YI,WP,MM,pacific_ocean,western_pacific,2001-08-05T03:00:00Z,25.0,143.6,TS,115.0,ESCS,80.0,tokyo,4,80.0,True
CLS_04281,3,ESCS-SuCS,Extremely Severe / Super Cyclonic Storm,2001212N10158,MAN-YI,WP,MM,pacific_ocean,western_pacific,2001-08-07T06:00:00Z,29.0,147.4,TS,100.0,ESCS,70.0,tokyo,3,70.0,True
CLS_04282,3,ESCS-SuCS,Extremely Severe / Super Cyclonic Storm,2001225N18146,PABUK,WP,MM,pacific_ocean,western_pacific,2001-08-19T06:00:00Z,26.3,133.7,TS,90.0,ESCS,70.0,tokyo,2,70.0,True
CLS_04283,3,ESCS-SuCS,Extremely Severe / Super Cyclonic Storm,2001238N16139,WUTIP,WP,MM,pacific_ocean,western_pacific,2001-08-29T03:00:00Z,23.1,145.7,TS,123.0,SuCS,,,4,123.0,True
CLS_04284,3,ESCS-SuCS,Extremely Severe / Super Cyclonic Storm,2001238N19252,FLOSSIE,EP,MM,pacific_ocean,eastern_pacific,2001-08-29T18:00:00Z,20.9,-116.6,TS,90.0,ESCS,90.0,hurdat_epa,2,90.0,True
CLS_04285,3,ESCS-SuCS,Extremely Severe / Super Cyclonic Storm,2001246N19156,DANAS,WP,MM,pacific_ocean,western_pacific,2001-09-07T00:00:00Z,26.3,148.7,TS,100.0,ESCS,80.0,tokyo,3,80.0,True
CLS_04286,3,ESCS-SuCS,Extremely Severe / Super Cyclonic Storm,2001248N23125,NARI,WP,MM,pacific_ocean,western_pacific,2001-09-12T06:00:00Z,26.3,127.0,TS,90.0,ESCS,60.0,tokyo,2,60.0,True
CLS_04287,3,ESCS-SuCS,Extremely Severe / Super Cyclonic Storm,2001248N23125,NARI,WP,MM,pacific_ocean,western_pacific,2001-09-16T03:00:00Z,25.5,122.8,TS,90.0,ESCS,75.0,tokyo,2,75.0,True
CLS_04288,3,ESCS-SuCS,Extremely Severe / Super Cyclonic Storm,2001260N14167,FRANCISCO,WP,MM,pacific_ocean,western_pacific,2001-09-23T09:00:00Z,25.9,147.5,TS,95.0,ESCS,,,2,95.0,True
CLS_04289,3,ESCS-SuCS,Extremely Severe / Super Cyclonic Storm,2001260N14167,FRANCISCO,WP,MM,pacific_ocean,western_pacific,2001-09-23T21:00:00Z,27.8,147.7,TS,100.0,ESCS,,,3,100.0,True
CLS_04290,3,ESCS-SuCS,Extremely Severe / Super Cyclonic Storm,2001264N13269,JULIETTE,EP,MM,pacific_ocean,eastern_pacific,2001-09-23T21:00:00Z,14.8,-103.1,TS,98.0,ESCS,,,3,98.0,True
CLS_04291,3,ESCS-SuCS,Extremely Severe / Super Cyclonic Storm,2001264N13269,JULIETTE,EP,MM,pacific_ocean,eastern_pacific,2001-09-25T03:00:00Z,15.6,-105.0,TS,120.0,SuCS,,,4,120.0,True
CLS_04292,3,ESCS-SuCS,Extremely Severe / Super Cyclonic Storm,2001264N21126,LEKIMA,WP,MM,pacific_ocean,western_pacific,2001-09-25T12:00:00Z,21.1,121.8,TS,90.0,ESCS,65.0,tokyo,2,65.0,True
CLS_04293,3,ESCS-SuCS,Extremely Severe / Super Cyclonic Storm,2001264N13269,JULIETTE,EP,MM,pacific_ocean,eastern_pacific,2001-09-25T18:00:00Z,16.4,-107.2,TS,125.0,SuCS,125.0,hurdat_epa,4,125.0,True
CLS_04294,3,ESCS-SuCS,Extremely Severe / Super Cyclonic Storm,2001264N21126,LEKIMA,WP,MM,pacific_ocean,western_pacific,2001-09-26T06:00:00Z,22.1,121.2,TS,90.0,ESCS,60.0,tokyo,2,60.0,True
CLS_04295,3,ESCS-SuCS,Extremely Severe / Super Cyclonic Storm,2001264N13269,JULIETTE,EP,MM,pacific_ocean,eastern_pacific,2001-09-26T21:00:00Z,19.1,-110.1,TS,98.0,ESCS,,,3,98.0,True
CLS_04296,3,ESCS-SuCS,Extremely Severe / Super Cyclonic Storm,2001276N13146,KROSA,WP,MM,pacific_ocean,western_pacific,2001-10-07T09:00:00Z,25.9,137.2,TS,90.0,ESCS,,,2,90.0,True
CLS_04297,3,ESCS-SuCS,Extremely Severe / Super Cyclonic Storm,2001284N16132,HAIYAN,WP,MM,pacific_ocean,western_pacific,2001-10-15T21:00:00Z,24.2,124.7,TS,90.0,ESCS,70.0,tokyo,2,70.0,True
CLS_04298,3,ESCS-SuCS,Extremely Severe / Super Cyclonic Storm,2001291N05158,PODUL,WP,MM,pacific_ocean,western_pacific,2001-10-22T12:00:00Z,14.6,157.0,TS,90.0,ESCS,70.0,tokyo,2,70.0,True
CLS_04299,3,ESCS-SuCS,Extremely Severe / Super Cyclonic Storm,2001291N05158,PODUL,WP,MM,pacific_ocean,western_pacific,2001-10-27T03:00:00Z,30.1,157.7,TS,95.0,ESCS,,,2,95.0,True
CLS_04300,3,ESCS-SuCS,Extremely Severe / Super Cyclonic Storm,2001309N10130,LINGLING,WP,MM,pacific_ocean,western_pacific,2001-11-10T21:00:00Z,13.6,112.9,TS,115.0,ESCS,,,4,115.0,True
CLS_04301,3,ESCS-SuCS,Extremely Severe / Super Cyclonic Storm,2001347N04162,FAXAI,WP,MM,pacific_ocean,western_pacific,2001-12-23T00:00:00Z,14.8,150.2,TS,155.0,SuCS,105.0,tokyo,5,105.0,True
CLS_04302,3,ESCS-SuCS,Extremely Severe / Super Cyclonic Storm,2001347N04162,FAXAI,WP,MM,pacific_ocean,western_pacific,2001-12-23T21:00:00Z,17.7,146.8,TS,120.0,SuCS,,,4,120.0,True
CLS_04303,3,ESCS-SuCS,Extremely Severe / Super Cyclonic Storm,2001363S10185,WAKA,SP,MM,pacific_ocean,southern_pacific,2001-12-30T21:00:00Z,-15.6,-175.6,TS,95.0,ESCS,,,2,95.0,True
CLS_04304,3,ESCS-SuCS,Extremely Severe / Super Cyclonic Storm,2001363S10185,WAKA,SP,MM,pacific_ocean,southern_pacific,2001-12-31T18:00:00Z,-20.3,-172.8,TS,100.0,ESCS,,nadi,3,100.0,True
CLS_04305,3,ESCS-SuCS,Extremely Severe / Super Cyclonic Storm,2002017S07078,DINA,SI,MM,south_indian_ocean,,2002-01-19T09:00:00Z,-16.7,66.6,TS,93.0,ESCS,,,2,93.0,True
CLS_04306,3,ESCS-SuCS,Extremely Severe / Super Cyclonic Storm,2002017S07078,DINA,SI,MM,south_indian_ocean,,2002-01-21T00:00:00Z,-18.8,61.5,TS,125.0,SuCS,110.0,reunion,4,110.0,True
CLS_04307,3,ESCS-SuCS,Extremely Severe / Super Cyclonic Storm,2002017S07078,DINA,SI,MM,south_indian_ocean,,2002-01-22T21:00:00Z,-20.6,54.5,TS,115.0,ESCS,,,4,115.0,True
CLS_04308,3,ESCS-SuCS,Extremely Severe / Super Cyclonic Storm,2002017S07078,DINA,SI,MM,south_indian_ocean,,2002-01-23T15:00:00Z,-22.4,53.0,TS,108.0,ESCS,,,3,108.0,True
CLS_04309,3,ESCS-SuCS,Extremely Severe / Super Cyclonic Storm,2002030S13093,FRANCESCA,SI,MM,south_indian_ocean,,2002-02-04T12:00:00Z,-15.1,77.7,TS,100.0,ESCS,90.0,reunion,3,90.0,True
CLS_04310,3,ESCS-SuCS,Extremely Severe / Super Cyclonic Storm,2002033S13121,CHRIS,SI,WA,south_indian_ocean,,2002-02-05T00:00:00Z,-18.3,120.2,TS,115.0,ESCS,105.0,bom,4,105.0,True
CLS_04311,3,ESCS-SuCS,Extremely Severe / Super Cyclonic Storm,2002030S13093,FRANCESCA,SI,MM,south_indian_ocean,,2002-02-05T06:00:00Z,-16.1,78.7,TS,110.0,ESCS,100.0,reunion,3,100.0,True
CLS_04312,3,ESCS-SuCS,Extremely Severe / Super Cyclonic Storm,2002033S13121,CHRIS,SI,WA,south_indian_ocean,,2002-02-05T12:00:00Z,-19.2,120.3,TS,125.0,SuCS,110.0,bom,4,110.0,True
CLS_04313,3,ESCS-SuCS,Extremely Severe / Super Cyclonic Storm,2002033S13121,CHRIS,SI,WA,south_indian_ocean,,2002-02-06T00:00:00Z,-20.4,119.8,TS,110.0,ESCS,95.0,bom,3,95.0,True
CLS_04314,3,ESCS-SuCS,Extremely Severe / Super Cyclonic Storm,2002030S13093,FRANCESCA,SI,MM,south_indian_ocean,,2002-02-08T00:00:00Z,-19.1,83.3,TS,95.0,ESCS,80.0,reunion,2,80.0,True
CLS_04315,3,ESCS-SuCS,Extremely Severe / Super Cyclonic Storm,2002030S13093,FRANCESCA,SI,MM,south_indian_ocean,,2002-02-08T21:00:00Z,-20.5,84.5,TS,90.0,ESCS,,,2,90.0,True
CLS_04316,3,ESCS-SuCS,Extremely Severe / Super Cyclonic Storm,2002045S18049,GUILLAUME,SI,MM,south_indian_ocean,,2002-02-17T09:00:00Z,-14.7,56.8,TS,90.0,ESCS,,,2,90.0,True
CLS_04317,3,ESCS-SuCS,Extremely Severe / Super Cyclonic Storm,2002045S18049,GUILLAUME,SI,MM,south_indian_ocean,,2002-02-17T21:00:00Z,-15.8,58.4,TS,93.0,ESCS,,,2,93.0,True
CLS_04318,3,ESCS-SuCS,Extremely Severe / Super Cyclonic Storm,2002045S18049,GUILLAUME,SI,MM,south_indian_ocean,,2002-02-18T12:00:00Z,-17.5,59.5,TS,115.0,ESCS,110.0,reunion,4,110.0,True
CLS_04319,3,ESCS-SuCS,Extremely Severe / Super Cyclonic Storm,2002045S18049,GUILLAUME,SI,MM,south_indian_ocean,,2002-02-19T15:00:00Z,-20.2,58.9,TS,115.0,ESCS,,,4,115.0,True
CLS_04320,3,ESCS-SuCS,Extremely Severe / Super Cyclonic Storm,2002045S18049,GUILLAUME,SI,MM,south_indian_ocean,,2002-02-20T15:00:00Z,-22.0,59.5,TS,113.0,ESCS,,,4,113.0,True
CLS_04321,3,ESCS-SuCS,Extremely Severe / Super Cyclonic Storm,2002057N06156,MITAG,WP,MM,pacific_ocean,western_pacific,2002-03-04T12:00:00Z,11.9,132.0,TS,120.0,SuCS,85.0,tokyo,4,85.0,True
CLS_04322,3,ESCS-SuCS,Extremely Severe / Super Cyclonic Storm,2002057N06156,MITAG,WP,MM,pacific_ocean,western_pacific,2002-03-05T15:00:00Z,14.6,129.9,TS,140.0,SuCS,,,5,140.0,True
CLS_04323,3,ESCS-SuCS,Extremely Severe / Super Cyclonic Storm,2002063S11066,HARY,SI,MM,south_indian_ocean,,2002-03-09T06:00:00Z,-12.4,52.3,TS,125.0,SuCS,105.0,reunion,4,105.0,True
CLS_04324,3,ESCS-SuCS,Extremely Severe / Super Cyclonic Storm,2002063S11066,HARY,SI,MM,south_indian_ocean,,2002-03-09T18:00:00Z,-14.0,51.2,TS,130.0,SuCS,115.0,reunion,4,115.0,True
CLS_04325,3,ESCS-SuCS,Extremely Severe / Super Cyclonic Storm,2002063S11066,HARY,SI,MM,south_indian_ocean,,2002-03-11T03:00:00Z,-18.8,50.8,TS,115.0,ESCS,,,4,115.0,True
CLS_04326,3,ESCS-SuCS,Extremely Severe / Super Cyclonic Storm,2002063S11066,HARY,SI,MM,south_indian_ocean,,2002-03-11T21:00:00Z,-22.9,52.6,TS,100.0,ESCS,,,3,100.0,True
CLS_04327,3,ESCS-SuCS,Extremely Severe / Super Cyclonic Storm,2002081S08084,IKALA,SI,MM,south_indian_ocean,,2002-03-26T21:00:00Z,-15.3,74.7,TS,98.0,ESCS,,,3,98.0,True
CLS_04328,3,ESCS-SuCS,Extremely Severe / Super Cyclonic Storm,2002081S08084,IKALA,SI,MM,south_indian_ocean,,2002-03-27T09:00:00Z,-16.7,75.8,TS,108.0,ESCS,,,3,108.0,True
CLS_04329,3,ESCS-SuCS,Extremely Severe / Super Cyclonic Storm,2002081S08084,IKALA,SI,MM,south_indian_ocean,,2002-03-27T21:00:00Z,-18.0,77.2,TS,98.0,ESCS,,,3,98.0,True
CLS_04330,3,ESCS-SuCS,Extremely Severe / Super Cyclonic Storm,2002096S10103,DIANNE:JERY,SI,MM,south_indian_ocean,,2002-04-09T03:00:00Z,-16.9,88.9,TS,90.0,ESCS,,,2,90.0,True
CLS_04331,3,ESCS-SuCS,Extremely Severe / Super Cyclonic Storm,2002096S10103,DIANNE:JERY,SI,MM,south_indian_ocean,,2002-04-09T18:00:00Z,-18.3,88.0,TS,100.0,ESCS,80.0,reunion,3,80.0,True
CLS_04332,3,ESCS-SuCS,Extremely Severe / Super Cyclonic Storm,2002133N03150,HAGIBIS,WP,MM,pacific_ocean,western_pacific,2002-05-18T18:00:00Z,17.2,140.0,TS,90.0,ESCS,80.0,tokyo,2,80.0,True
CLS_04333,3,ESCS-SuCS,Extremely Severe / Super Cyclonic Storm,2002133N03150,HAGIBIS,WP,MM,pacific_ocean,western_pacific,2002-05-19T12:00:00Z,19.3,142.1,TS,140.0,SuCS,95.0,tokyo,5,95.0,True
CLS_04334,3,ESCS-SuCS,Extremely Severe / Super Cyclonic Storm,2002145N11259,ALMA,EP,MM,pacific_ocean,eastern_pacific,2002-05-30T03:00:00Z,14.9,-115.4,TS,95.0,ESCS,,,2,95.0,True
CLS_04335,3,ESCS-SuCS,Extremely Severe / Super Cyclonic Storm,2002178N10139,RAMMASUN,WP,MM,pacific_ocean,western_pacific,2002-07-03T06:00:00Z,23.8,125.7,TS,110.0,ESCS,85.0,tokyo,3,85.0,True
CLS_04336,3,ESCS-SuCS,Extremely Severe / Super Cyclonic Storm,2002178N04155,CHATAAN,WP,MM,pacific_ocean,western_pacific,2002-07-05T00:00:00Z,13.8,144.5,TS,95.0,ESCS,75.0,tokyo,2,75.0,True
CLS_04337,3,ESCS-SuCS,Extremely Severe / Super Cyclonic Storm,2002178N04155,CHATAAN,WP,MM,pacific_ocean,western_pacific,2002-07-07T12:00:00Z,20.1,134.9,TS,120.0,SuCS,90.0,tokyo,4,90.0,True
CLS_04338,3,ESCS-SuCS,Extremely Severe / Super Cyclonic Storm,2002187N11160,HALONG,WP,MM,pacific_ocean,western_pacific,2002-07-10T03:00:00Z,12.1,144.7,TS,93.0,ESCS,,,2,93.0,True
CLS_04339,3,ESCS-SuCS,Extremely Severe / Super Cyclonic Storm,2002187N11160,HALONG,WP,MM,pacific_ocean,western_pacific,2002-07-10T15:00:00Z,12.3,142.8,TS,95.0,ESCS,,,2,95.0,True
CLS_04340,3,ESCS-SuCS,Extremely Severe / Super Cyclonic Storm,2002195N11172,FENGSHEN,WP,MM,pacific_ocean,western_pacific,2002-07-16T15:00:00Z,14.5,168.7,TS,120.0,SuCS,,,4,120.0,True
CLS_04341,3,ESCS-SuCS,Extremely Severe / Super Cyclonic Storm,2002195N11172,FENGSHEN,WP,MM,pacific_ocean,western_pacific,2002-07-19T15:00:00Z,15.7,159.4,TS,140.0,SuCS,,,5,140.0,True
CLS_04342,3,ESCS-SuCS,Extremely Severe / Super Cyclonic Storm,2002202N13254,DOUGLAS,EP,MM,pacific_ocean,eastern_pacific,2002-07-23T06:00:00Z,17.4,-114.0,TS,90.0,ESCS,90.0,hurdat_epa,2,90.0,True
CLS_04343,3,ESCS-SuCS,Extremely Severe / Super Cyclonic Storm,2002204N12263,ELIDA,EP,MM,pacific_ocean,eastern_pacific,2002-07-24T09:00:00Z,12.5,-104.4,TS,90.0,ESCS,,,2,90.0,True
CLS_04344,3,ESCS-SuCS,Extremely Severe / Super Cyclonic Storm,2002204N12263,ELIDA,EP,MM,pacific_ocean,eastern_pacific,2002-07-24T21:00:00Z,13.5,-107.3,TS,125.0,SuCS,,,4,125.0,True
CLS_04345,3,ESCS-SuCS,Extremely Severe / Super Cyclonic Storm,2002204N12263,ELIDA,EP,MM,pacific_ocean,eastern_pacific,2002-07-25T15:00:00Z,14.9,-111.8,TS,123.0,SuCS,,,4,123.0,True
CLS_04346,3,ESCS-SuCS,Extremely Severe / Super Cyclonic Storm,2002204N12263,ELIDA,EP,MM,pacific_ocean,eastern_pacific,2002-07-26T09:00:00Z,15.3,-115.5,TS,100.0,ESCS,,,3,100.0,True
CLS_04347,3,ESCS-SuCS,Extremely Severe / Super Cyclonic Storm,2002222N09163,PHANFONE,WP,MM,pacific_ocean,western_pacific,2002-08-14T18:00:00Z,20.2,148.2,TS,90.0,ESCS,70.0,tokyo,2,70.0,True
CLS_04348,3,ESCS-SuCS,Extremely Severe / Super Cyclonic Storm,2002222N09163,PHANFONE,WP,MM,pacific_ocean,western_pacific,2002-08-16T15:00:00Z,26.4,139.8,TS,125.0,SuCS,85.0,tokyo,4,85.0,True
CLS_04349,3,ESCS-SuCS,Extremely Severe / Super Cyclonic Storm,2002234N13253,FAUSTO,EP,MM,pacific_ocean,eastern_pacific,2002-08-23T12:00:00Z,14.7,-116.5,TS,90.0,ESCS,90.0,hurdat_epa,2,90.0,True
CLS_04350,3,ESCS-SuCS,Extremely Severe / Super Cyclonic Storm,2002234N13253,FAUSTO,EP,MM,pacific_ocean,eastern_pacific,2002-08-24T03:00:00Z,15.2,-119.9,TS,115.0,ESCS,,,4,115.0,True
CLS_04351,3,ESCS-SuCS,Extremely Severe / Super Cyclonic Storm,2002234N13253,FAUSTO,EP,MM,pacific_ocean,eastern_pacific,2002-08-24T18:00:00Z,16.1,-122.9,TS,125.0,SuCS,125.0,hurdat_epa,4,125.0,True
CLS_04352,3,ESCS-SuCS,Extremely Severe / Super Cyclonic Storm,2002234N13253,FAUSTO,EP,MM,pacific_ocean,eastern_pacific,2002-08-25T15:00:00Z,18.1,-127.2,TS,93.0,ESCS,,,2,93.0,True
CLS_04353,3,ESCS-SuCS,Extremely Severe / Super Cyclonic Storm,2002234N14164,RUSA,WP,MM,pacific_ocean,western_pacific,2002-08-25T18:00:00Z,21.8,148.0,TS,90.0,ESCS,65.0,tokyo,2,65.0,True
CLS_04354,3,ESCS-SuCS,Extremely Severe / Super Cyclonic Storm,2002234N14164,RUSA,WP,MM,pacific_ocean,western_pacific,2002-08-27T15:00:00Z,24.4,138.6,TS,93.0,ESCS,,,2,93.0,True
CLS_04355,3,ESCS-SuCS,Extremely Severe / Super Cyclonic Storm,2002237N10202,ELE,EP,CP,pacific_ocean,eastern_pacific,2002-08-29T09:00:00Z,11.0,181.8,TS,90.0,ESCS,,,2,90.0,True
CLS_04356,3,ESCS-SuCS,Extremely Severe / Super Cyclonic Storm,2002237N10202,ELE,EP,CP,pacific_ocean,eastern_pacific,2002-08-29T21:00:00Z,11.9,180.4,TS,105.0,ESCS,,,3,105.0,True
CLS_04357,3,ESCS-SuCS,Extremely Severe / Super Cyclonic Storm,2002240N16155,SINLAKU,WP,MM,pacific_ocean,western_pacific,2002-08-31T06:00:00Z,23.7,149.7,TS,110.0,ESCS,80.0,tokyo,3,80.0,True
CLS_04358,3,ESCS-SuCS,Extremely Severe / Super Cyclonic Storm,2002242N14257,HERNAN,EP,MM,pacific_ocean,eastern_pacific,2002-08-31T18:00:00Z,15.7,-107.8,TS,100.0,ESCS,100.0,hurdat_epa,3,100.0,True
CLS_04359,3,ESCS-SuCS,Extremely Severe / Super Cyclonic Storm,2002237N10202,ELE,WP,MM,pacific_ocean,western_pacific,2002-09-01T03:00:00Z,18.4,176.6,TS,113.0,ESCS,,,4,113.0,True
CLS_04360,3,ESCS-SuCS,Extremely Severe / Super Cyclonic Storm,2002242N14257,HERNAN,EP,MM,pacific_ocean,eastern_pacific,2002-09-01T06:00:00Z,16.7,-110.1,TS,130.0,SuCS,130.0,hurdat_epa,4,130.0,True
CLS_04361,3,ESCS-SuCS,Extremely Severe / Super Cyclonic Storm,2002240N16155,SINLAKU,WP,MM,pacific_ocean,western_pacific,2002-09-01T09:00:00Z,24.1,145.1,TS,110.0,ESCS,,,3,110.0,True
CLS_04362,3,ESCS-SuCS,Extremely Severe / Super Cyclonic Storm,2002242N14257,HERNAN,EP,MM,pacific_ocean,eastern_pacific,2002-09-01T18:00:00Z,17.7,-112.2,TS,140.0,SuCS,140.0,hurdat_epa,5,140.0,True
CLS_04363,3,ESCS-SuCS,Extremely Severe / Super Cyclonic Storm,2002237N10202,ELE,WP,MM,pacific_ocean,western_pacific,2002-09-02T06:00:00Z,22.7,175.0,TS,110.0,ESCS,90.0,tokyo,3,90.0,True
CLS_04364,3,ESCS-SuCS,Extremely Severe / Super Cyclonic Storm,2002242N14257,HERNAN,EP,MM,pacific_ocean,eastern_pacific,2002-09-02T18:00:00Z,18.6,-116.3,TS,105.0,ESCS,105.0,hurdat_epa,3,105.0,True
CLS_04365,3,ESCS-SuCS,Extremely Severe / Super Cyclonic Storm,2002242N14257,HERNAN,EP,MM,pacific_ocean,eastern_pacific,2002-09-03T06:00:00Z,18.8,-118.3,TS,90.0,ESCS,90.0,hurdat_epa,2,90.0,True
CLS_04366,3,ESCS-SuCS,Extremely Severe / Super Cyclonic Storm,2002268N15163,HIGOS,WP,MM,pacific_ocean,western_pacific,2002-10-01T00:00:00Z,29.6,137.5,TS,110.0,ESCS,80.0,tokyo,3,80.0,True
CLS_04367,3,ESCS-SuCS,Extremely Severe / Super Cyclonic Storm,2002295N11261,KENNA,EP,MM,pacific_ocean,eastern_pacific,2002-10-24T12:00:00Z,16.4,-108.8,TS,125.0,SuCS,125.0,hurdat_epa,4,125.0,True
CLS_04368,3,ESCS-SuCS,Extremely Severe / Super Cyclonic Storm,2002295N11261,KENNA,EP,MM,pacific_ocean,eastern_pacific,2002-10-25T06:00:00Z,19.3,-107.5,TS,145.0,SuCS,145.0,hurdat_epa,5,145.0,True
CLS_04369,3,ESCS-SuCS,Extremely Severe / Super Cyclonic Storm,2002323N09155,HAISHEN,WP,MM,pacific_ocean,western_pacific,2002-11-24T00:00:00Z,22.9,137.5,TS,95.0,ESCS,80.0,tokyo,2,80.0,True
CLS_04370,3,ESCS-SuCS,Extremely Severe / Super Cyclonic Storm,2002335N05166,PONGSONA,WP,MM,pacific_ocean,western_pacific,2002-12-09T09:00:00Z,17.5,143.6,TS,120.0,SuCS,,,4,120.0,True
CLS_04371,3,ESCS-SuCS,Extremely Severe / Super Cyclonic Storm,2002356S07070,CRYSTAL,SI,MM,south_indian_ocean,,2002-12-27T03:00:00Z,-20.3,59.5,TS,90.0,ESCS,,,2,90.0,True
CLS_04372,3,ESCS-SuCS,Extremely Severe / Super Cyclonic Storm,2002358S08185,ZOE,SP,MM,pacific_ocean,southern_pacific,2002-12-27T06:00:00Z,-11.5,171.5,TS,120.0,SuCS,100.0,nadi,4,100.0,True
CLS_04373,3,ESCS-SuCS,Extremely Severe / Super Cyclonic Storm,2002358S08185,ZOE,SP,MM,pacific_ocean,southern_pacific,2002-12-28T03:00:00Z,-12.3,169.7,TS,155.0,SuCS,,,5,155.0,True
CLS_04374,3,ESCS-SuCS,Extremely Severe / Super Cyclonic Storm,2002358S08185,ZOE,SP,MM,pacific_ocean,southern_pacific,2002-12-28T15:00:00Z,-12.4,169.2,TS,138.0,SuCS,,,5,138.0,True
CLS_04375,3,ESCS-SuCS,Extremely Severe / Super Cyclonic Storm,2002358S08185,ZOE,SP,MM,pacific_ocean,southern_pacific,2002-12-29T18:00:00Z,-13.9,171.0,TS,100.0,ESCS,95.0,nadi,3,95.0,True
CLS_04376,3,ESCS-SuCS,Extremely Severe / Super Cyclonic Storm,2003011S09182,AMI,SP,MM,pacific_ocean,southern_pacific,2003-01-14T00:00:00Z,-19.2,180.8,TS,110.0,ESCS,80.0,nadi,3,80.0,True
CLS_04377,3,ESCS-SuCS,Extremely Severe / Super Cyclonic Storm,2003011S09182,AMI,SP,MM,pacific_ocean,southern_pacific,2003-01-14T12:00:00Z,-23.2,183.9,TS,105.0,ESCS,80.0,nadi,3,80.0,True
CLS_04378,3,ESCS-SuCS,Extremely Severe / Super Cyclonic Storm,2003021S10163,BENI,SP,MM,pacific_ocean,southern_pacific,2003-01-28T21:00:00Z,-16.2,162.2,TS,120.0,SuCS,,,4,120.0,True
CLS_04379,3,ESCS-SuCS,Extremely Severe / Super Cyclonic Storm,2003021S10163,BENI,SP,MM,pacific_ocean,southern_pacific,2003-01-29T09:00:00Z,-17.4,164.2,TS,125.0,SuCS,,,4,125.0,True
CLS_04380,3,ESCS-SuCS,Extremely Severe / Super Cyclonic Storm,2003021S10163,BENI,SP,MM,pacific_ocean,southern_pacific,2003-01-29T21:00:00Z,-18.7,166.9,TS,110.0,ESCS,,,3,110.0,True
CLS_04381,3,ESCS-SuCS,Extremely Severe / Super Cyclonic Storm,2003036S10197,DOVI,SP,MM,pacific_ocean,southern_pacific,2003-02-08T06:00:00Z,-18.4,-166.7,TS,130.0,SuCS,100.0,nadi,4,100.0,True
CLS_04382,3,ESCS-SuCS,Extremely Severe / Super Cyclonic Storm,2003034S12117,FIONA,SI,WA,south_indian_ocean,,2003-02-08T15:00:00Z,-14.6,101.4,TS,100.0,ESCS,,,3,100.0,True
CLS_04383,3,ESCS-SuCS,Extremely Severe / Super Cyclonic Storm,2003036S10197,DOVI,SP,MM,pacific_ocean,southern_pacific,2003-02-09T03:00:00Z,-20.4,-168.6,TS,128.0,SuCS,,,4,128.0,True
CLS_04384,3,ESCS-SuCS,Extremely Severe / Super Cyclonic Storm,2003034S12117,FIONA,SI,WA,south_indian_ocean,,2003-02-09T09:00:00Z,-16.2,98.3,TS,105.0,ESCS,,,3,105.0,True
CLS_04385,3,ESCS-SuCS,Extremely Severe / Super Cyclonic Storm,2003036S10197,DOVI,SP,MM,pacific_ocean,southern_pacific,2003-02-09T18:00:00Z,-22.3,-169.3,TS,105.0,ESCS,85.0,nadi,3,85.0,True
CLS_04386,3,ESCS-SuCS,Extremely Severe / Super Cyclonic Storm,2003034S12117,FIONA,SI,WA,south_indian_ocean,,2003-02-10T06:00:00Z,-16.7,94.2,TS,100.0,ESCS,90.0,bom,3,90.0,True
CLS_04387,3,ESCS-SuCS,Extremely Severe / Super Cyclonic Storm,2003037S12061,GERRY,SI,MM,south_indian_ocean,,2003-02-13T06:00:00Z,-19.4,58.5,TS,105.0,ESCS,90.0,reunion,3,90.0,True
CLS_04388,3,ESCS-SuCS,Extremely Severe / Super Cyclonic Storm,2003037S12061,GERRY,SI,MM,south_indian_ocean,,2003-02-13T21:00:00Z,-22.1,61.3,TS,100.0,ESCS,,,3,100.0,True
CLS_04389,3,ESCS-SuCS,Extremely Severe / Super Cyclonic Storm,2003056S21042,JAPHET,SI,MM,south_indian_ocean,,2003-03-01T00:00:00Z,-23.9,37.6,TS,115.0,ESCS,95.0,reunion,4,95.0,True
CLS_04390,3,ESCS-SuCS,Extremely Severe / Super Cyclonic Storm,2003056S21042,JAPHET,SI,MM,south_indian_ocean,,2003-03-01T12:00:00Z,-23.6,37.6,TS,115.0,ESCS,95.0,reunion,4,95.0,True
CLS_04391,3,ESCS-SuCS,Extremely Severe / Super Cyclonic Storm,2003056S21042,JAPHET,SI,MM,south_indian_ocean,,2003-03-02T00:00:00Z,-23.0,36.9,TS,105.0,ESCS,88.0,reunion,3,88.0,True
CLS_04392,3,ESCS-SuCS,Extremely Severe / Super Cyclonic Storm,2003062S10080,KALUNDE,SI,MM,south_indian_ocean,,2003-03-08T03:00:00Z,-13.9,70.8,TS,135.0,SuCS,,,4,135.0,True
CLS_04393,3,ESCS-SuCS,Extremely Severe / Super Cyclonic Storm,2003062S10080,KALUNDE,SI,MM,south_indian_ocean,,2003-03-10T18:00:00Z,-17.7,66.0,TS,100.0,ESCS,90.0,reunion,3,90.0,True
CLS_04394,3,ESCS-SuCS,Extremely Severe / Super Cyclonic Storm,2003062S10080,KALUNDE,SI,MM,south_indian_ocean,,2003-03-11T09:00:00Z,-18.3,65.0,TS,100.0,ESCS,,,3,100.0,True
CLS_04395,3,ESCS-SuCS,Extremely Severe / Super Cyclonic Storm,2003061S21148,ERICA,SP,MM,pacific_ocean,southern_pacific,2003-03-13T00:00:00Z,-19.5,161.3,TS,130.0,SuCS,110.0,nadi,4,110.0,True
CLS_04396,3,ESCS-SuCS,Extremely Severe / Super Cyclonic Storm,2003062S10080,KALUNDE,SI,MM,south_indian_ocean,,2003-03-13T03:00:00Z,-20.7,64.1,TS,90.0,ESCS,,,2,90.0,True
CLS_04397,3,ESCS-SuCS,Extremely Severe / Super Cyclonic Storm,2003068S14172,ESETA,SP,MM,pacific_ocean,southern_pacific,2003-03-13T06:00:00Z,-22.3,184.8,TS,100.0,ESCS,100.0,nadi,3,100.0,True
CLS_04398,3,ESCS-SuCS,Extremely Severe / Super Cyclonic Storm,2003061S21148,ERICA,SP,MM,pacific_ocean,southern_pacific,2003-03-13T18:00:00Z,-21.1,164.3,TS,125.0,SuCS,100.0,nadi,4,100.0,True
CLS_04399,3,ESCS-SuCS,Extremely Severe / Super Cyclonic Storm,2003088S07131,INIGO,SI,WA,south_indian_ocean,,2003-04-04T00:00:00Z,-12.6,115.8,TS,140.0,SuCS,120.0,bom,5,120.0,True
CLS_04400,3,ESCS-SuCS,Extremely Severe / Super Cyclonic Storm,2003088S07131,INIGO,SI,WA,south_indian_ocean,,2003-04-04T18:00:00Z,-13.9,114.1,TS,140.0,SuCS,125.0,bom,5,125.0,True
CLS_04401,3,ESCS-SuCS,Extremely Severe / Super Cyclonic Storm,2003088S07131,INIGO,SI,WA,south_indian_ocean,,2003-04-05T06:00:00Z,-14.5,113.2,TS,125.0,SuCS,115.0,bom,4,115.0,True
CLS_04402,3,ESCS-SuCS,Extremely Severe / Super Cyclonic Storm,2003088S07131,INIGO,SI,WA,south_indian_ocean,,2003-04-05T18:00:00Z,-14.9,112.8,TS,115.0,ESCS,95.0,bom,4,95.0,True
CLS_04403,3,ESCS-SuCS,Extremely Severe / Super Cyclonic Storm,2003088S07131,INIGO,SI,WA,south_indian_ocean,,2003-04-06T09:00:00Z,-15.5,112.7,TS,95.0,ESCS,,,2,95.0,True
CLS_04404,3,ESCS-SuCS,Extremely Severe / Super Cyclonic Storm,2003098N03159,KUJIRA,WP,MM,pacific_ocean,western_pacific,2003-04-19T12:00:00Z,15.1,127.9,TS,95.0,ESCS,80.0,tokyo,2,80.0,True
CLS_04405,3,ESCS-SuCS,Extremely Severe / Super Cyclonic Storm,2003098N03159,KUJIRA,WP,MM,pacific_ocean,western_pacific,2003-04-21T09:00:00Z,19.0,124.3,TS,90.0,ESCS,,,2,90.0,True
CLS_04406,3,ESCS-SuCS,Extremely Severe / Super Cyclonic Storm,2003138N04148,CHAN-HOM,WP,MM,pacific_ocean,western_pacific,2003-05-24T09:00:00Z,19.6,152.3,TS,115.0,ESCS,,,4,115.0,True
CLS_04407,3,ESCS-SuCS,Extremely Severe / Super Cyclonic Storm,2003138N04148,CHAN-HOM,WP,MM,pacific_ocean,western_pacific,2003-05-25T06:00:00Z,23.8,155.8,TS,90.0,ESCS,70.0,tokyo,2,70.0,True
CLS_04408,3,ESCS-SuCS,Extremely Severe / Super Cyclonic Storm,2003158N08156,SOUDELOR,WP,MM,pacific_ocean,western_pacific,2003-06-18T12:00:00Z,27.8,125.5,TS,115.0,ESCS,75.0,tokyo,4,75.0,True
CLS_04409,3,ESCS-SuCS,Extremely Severe / Super Cyclonic Storm,2003196N05150,IMBUDO,WP,MM,pacific_ocean,western_pacific,2003-07-19T21:00:00Z,11.2,133.0,TS,95.0,ESCS,,,2,95.0,True
CLS_04410,3,ESCS-SuCS,Extremely Severe / Super Cyclonic Storm,2003196N05150,IMBUDO,WP,MM,pacific_ocean,western_pacific,2003-07-21T00:00:00Z,13.6,128.2,TS,130.0,SuCS,85.0,tokyo,4,85.0,True
CLS_04411,3,ESCS-SuCS,Extremely Severe / Super Cyclonic Storm,2003212N09150,ETAU,WP,MM,pacific_ocean,western_pacific,2003-08-06T00:00:00Z,21.6,129.5,TS,95.0,ESCS,75.0,tokyo,2,75.0,True
CLS_04412,3,ESCS-SuCS,Extremely Severe / Super Cyclonic Storm,2003212N09150,ETAU,WP,MM,pacific_ocean,western_pacific,2003-08-07T09:00:00Z,27.9,128.9,TS,110.0,ESCS,85.0,tokyo,3,85.0,True
CLS_04413,3,ESCS-SuCS,Extremely Severe / Super Cyclonic Storm,2003212N09150,ETAU,WP,MM,pacific_ocean,western_pacific,2003-08-08T12:00:00Z,33.2,134.0,TS,90.0,ESCS,75.0,tokyo,2,75.0,True
CLS_04414,3,ESCS-SuCS,Extremely Severe / Super Cyclonic Storm,2003235N20253,IGNACIO,EP,MM,pacific_ocean,eastern_pacific,2003-08-24T15:00:00Z,23.3,-108.9,TS,90.0,ESCS,,,2,90.0,True
CLS_04415,3,ESCS-SuCS,Extremely Severe / Super Cyclonic Storm,2003226N07156,KROVANH,WP,MM,pacific_ocean,western_pacific,2003-08-25T09:00:00Z,21.1,108.5,TS,90.0,ESCS,,,2,90.0,True
CLS_04416,3,ESCS-SuCS,Extremely Severe / Super Cyclonic Storm,2003240N14230,JIMENA,EP,CP,pacific_ocean,eastern_pacific,2003-08-31T06:00:00Z,17.8,213.9,TS,90.0,ESCS,90.0,hurdat_epa,2,90.0,True
CLS_04417,3,ESCS-SuCS,Extremely Severe / Super Cyclonic Storm,2003240N20139,DUJUAN,WP,MM,pacific_ocean,western_pacific,2003-08-31T15:00:00Z,20.3,127.5,TS,98.0,ESCS,,,3,98.0,True
CLS_04418,3,ESCS-SuCS,Extremely Severe / Super Cyclonic Storm,2003240N20139,DUJUAN,WP,MM,pacific_ocean,western_pacific,2003-09-01T18:00:00Z,21.6,120.1,TS,120.0,SuCS,80.0,tokyo,4,80.0,True
CLS_04419,3,ESCS-SuCS,Extremely Severe / Super Cyclonic Storm,2003247N10153,MAEMI,WP,MM,pacific_ocean,western_pacific,2003-09-11T00:00:00Z,25.2,125.2,TS,125.0,SuCS,105.0,tokyo,4,105.0,True
CLS_04420,3,ESCS-SuCS,Extremely Severe / Super Cyclonic Storm,2003259N13133,CHOI-WAN,WP,MM,pacific_ocean,western_pacific,2003-09-21T03:00:00Z,30.5,136.4,TS,95.0,ESCS,70.0,tokyo,2,70.0,True
CLS_04421,3,ESCS-SuCS,Extremely Severe / Super Cyclonic Storm,2003275N16252,NORA,EP,MM,pacific_ocean,eastern_pacific,2003-10-04T18:00:00Z,17.4,-112.0,TS,90.0,ESCS,90.0,hurdat_epa,2,90.0,True
CLS_04422,3,ESCS-SuCS,Extremely Severe / Super Cyclonic Storm,2003275N16252,NORA,EP,MM,pacific_ocean,eastern_pacific,2003-10-05T06:00:00Z,18.5,-113.0,TS,90.0,ESCS,90.0,hurdat_epa,2,90.0,True
CLS_04423,3,ESCS-SuCS,Extremely Severe / Super Cyclonic Storm,2003290N15132,KETSANA,WP,MM,pacific_ocean,western_pacific,2003-10-21T18:00:00Z,17.2,131.2,TS,125.0,SuCS,85.0,tokyo,4,85.0,True
CLS_04424,3,ESCS-SuCS,Extremely Severe / Super Cyclonic Storm,2003290N15132,KETSANA,WP,MM,pacific_ocean,western_pacific,2003-10-22T18:00:00Z,18.5,131.6,TS,115.0,ESCS,85.0,tokyo,4,85.0,True
CLS_04425,3,ESCS-SuCS,Extremely Severe / Super Cyclonic Storm,2003291N17147,PARMA,WP,MM,pacific_ocean,western_pacific,2003-10-23T12:00:00Z,27.1,150.8,TS,110.0,ESCS,85.0,tokyo,3,85.0,True
CLS_04426,3,ESCS-SuCS,Extremely Severe / Super Cyclonic Storm,2003291N17147,PARMA,WP,MM,pacific_ocean,western_pacific,2003-10-24T00:00:00Z,29.2,154.1,TS,115.0,ESCS,95.0,tokyo,4,95.0,True
CLS_04427,3,ESCS-SuCS,Extremely Severe / Super Cyclonic Storm,2003313S05079,BENI,SI,MM,south_indian_ocean,,2003-11-13T03:00:00Z,-10.8,75.1,TS,90.0,ESCS,,,2,90.0,True
CLS_04428,3,ESCS-SuCS,Extremely Severe / Super Cyclonic Storm,2003313S05079,BENI,SI,MM,south_indian_ocean,,2003-11-13T15:00:00Z,-11.3,76.0,TS,100.0,ESCS,,,3,100.0,True
CLS_04429,3,ESCS-SuCS,Extremely Severe / Super Cyclonic Storm,2003319N13172,LUPIT,WP,MM,pacific_ocean,western_pacific,2003-11-23T18:00:00Z,7.8,144.5,TS,95.0,ESCS,75.0,tokyo,2,75.0,True
CLS_04430,3,ESCS-SuCS,Extremely Severe / Super Cyclonic Storm,2003319N13172,LUPIT,WP,MM,pacific_ocean,western_pacific,2003-11-27T00:00:00Z,14.1,134.9,TS,140.0,SuCS,100.0,tokyo,5,100.0,True
CLS_04431,3,ESCS-SuCS,Extremely Severe / Super Cyclonic Storm,2003359S15177,HETA,SP,MM,pacific_ocean,southern_pacific,2004-01-05T09:00:00Z,-15.1,186.8,TS,140.0,SuCS,,,5,140.0,True
CLS_04432,3,ESCS-SuCS,Extremely Severe / Super Cyclonic Storm,2003359S15177,HETA,SP,MM,pacific_ocean,southern_pacific,2004-01-05T21:00:00Z,-17.4,188.5,TS,130.0,SuCS,,,4,130.0,True
CLS_04433,3,ESCS-SuCS,Extremely Severe / Super Cyclonic Storm,2003359S15177,HETA,SP,MM,pacific_ocean,southern_pacific,2004-01-06T15:00:00Z,-22.1,192.2,TS,110.0,ESCS,,,3,110.0,True
CLS_04434,3,ESCS-SuCS,Extremely Severe / Super Cyclonic Storm,2004026S12063,FRANK,SI,MM,south_indian_ocean,,2004-01-29T15:00:00Z,-16.3,63.3,TS,90.0,ESCS,,,2,90.0,True
CLS_04435,3,ESCS-SuCS,Extremely Severe / Super Cyclonic Storm,2004026S12063,FRANK,SI,MM,south_indian_ocean,,2004-02-01T06:00:00Z,-16.1,63.1,TS,105.0,ESCS,80.0,reunion,3,80.0,True
CLS_04436,3,ESCS-SuCS,Extremely Severe / Super Cyclonic Storm,2004026S12063,FRANK,SI,MM,south_indian_ocean,,2004-02-02T00:00:00Z,-16.9,66.1,TS,120.0,SuCS,100.0,reunion,4,100.0,True
CLS_04437,3,ESCS-SuCS,Extremely Severe / Super Cyclonic Storm,2004026S12063,FRANK,SI,MM,south_indian_ocean,,2004-02-02T12:00:00Z,-17.2,68.1,TS,125.0,SuCS,100.0,reunion,4,100.0,True
CLS_04438,3,ESCS-SuCS,Extremely Severe / Super Cyclonic Storm,2004026S12063,FRANK,SI,MM,south_indian_ocean,,2004-02-03T09:00:00Z,-17.7,70.8,TS,95.0,ESCS,,,2,95.0,True
CLS_04439,3,ESCS-SuCS,Extremely Severe / Super Cyclonic Storm,2004052S15172,IVY,SP,MM,pacific_ocean,southern_pacific,2004-02-25T18:00:00Z,-16.3,167.8,TS,105.0,ESCS,90.0,nadi,3,90.0,True
CLS_04440,3,ESCS-SuCS,Extremely Severe / Super Cyclonic Storm,2004052S15172,IVY,SP,MM,pacific_ocean,southern_pacific,2004-02-26T12:00:00Z,-18.6,168.6,TS,100.0,ESCS,90.0,nadi,3,90.0,True
CLS_04441,3,ESCS-SuCS,Extremely Severe / Super Cyclonic Storm,2004056S18125,MONTY,SI,WA,south_indian_ocean,,2004-02-29T03:00:00Z,-19.4,116.0,TS,98.0,ESCS,90.0,bom,3,90.0,True
CLS_04442,3,ESCS-SuCS,Extremely Severe / Super Cyclonic Storm,2004056S18125,MONTY,SI,WA,south_indian_ocean,,2004-02-29T18:00:00Z,-20.1,115.1,TS,105.0,ESCS,95.0,bom,3,95.0,True
CLS_04443,3,ESCS-SuCS,Extremely Severe / Super Cyclonic Storm,2004061S12072,GAFILO,SI,MM,south_indian_ocean,,2004-03-05T21:00:00Z,-14.4,54.7,TS,130.0,SuCS,,,4,130.0,True
CLS_04444,3,ESCS-SuCS,Extremely Severe / Super Cyclonic Storm,2004061S12072,GAFILO,SI,MM,south_indian_ocean,,2004-03-06T09:00:00Z,-14.8,53.0,TS,140.0,SuCS,,,5,140.0,True
CLS_04445,3,ESCS-SuCS,Extremely Severe / Super Cyclonic Storm,2004061S12072,GAFILO,SI,MM,south_indian_ocean,,2004-03-06T21:00:00Z,-15.0,51.1,TS,135.0,SuCS,,,4,135.0,True
CLS_04446,3,ESCS-SuCS,Extremely Severe / Super Cyclonic Storm,2004061S12072,GAFILO,SI,MM,south_indian_ocean,,2004-03-07T09:00:00Z,-15.5,48.6,TS,103.0,ESCS,,,3,103.0,True
CLS_04447,3,ESCS-SuCS,Extremely Severe / Super Cyclonic Storm,2004072S11146,FAY,SI,WA,south_indian_ocean,,2004-03-20T21:00:00Z,-13.5,123.3,TS,100.0,ESCS,,,3,100.0,True
CLS_04448,3,ESCS-SuCS,Extremely Severe / Super Cyclonic Storm,2004072S11146,FAY,SI,WA,south_indian_ocean,,2004-03-21T12:00:00Z,-13.9,122.2,TS,120.0,SuCS,115.0,bom,4,115.0,True
CLS_04449,3,ESCS-SuCS,Extremely Severe / Super Cyclonic Storm,2004072S11146,FAY,SI,WA,south_indian_ocean,,2004-03-22T09:00:00Z,-13.9,120.8,TS,115.0,ESCS,,,4,115.0,True
CLS_04450,3,ESCS-SuCS,Extremely Severe / Super Cyclonic Storm,2004072S11146,FAY,SI,WA,south_indian_ocean,,2004-03-23T12:00:00Z,-14.5,121.2,TS,90.0,ESCS,65.0,bom,2,65.0,True
CLS_04451,3,ESCS-SuCS,Extremely Severe / Super Cyclonic Storm,2004081S12103,ITSANG:ITSENG:OSCAR,SI,WA,south_indian_ocean,,2004-03-25T15:00:00Z,-16.4,92.7,TS,93.0,ESCS,,,2,93.0,True
CLS_04452,3,ESCS-SuCS,Extremely Severe / Super Cyclonic Storm,2004081S12103,ITSANG:ITSENG:OSCAR,SI,WA,south_indian_ocean,,2004-03-26T03:00:00Z,-17.0,92.3,TS,115.0,ESCS,,,4,115.0,True
CLS_04453,3,ESCS-SuCS,Extremely Severe / Super Cyclonic Storm,2004072S11146,FAY,SI,WA,south_indian_ocean,,2004-03-26T12:00:00Z,-18.9,120.0,TS,100.0,ESCS,100.0,bom,3,100.0,True
CLS_04454,3,ESCS-SuCS,Extremely Severe / Super Cyclonic Storm,2004081S12103,ITSANG:ITSENG:OSCAR,SI,WA,south_indian_ocean,,2004-03-26T18:00:00Z,-17.7,91.7,TS,100.0,ESCS,85.0,bom,3,85.0,True
CLS_04455,3,ESCS-SuCS,Extremely Severe / Super Cyclonic Storm,2004093N07154,SUDAL,WP,MM,pacific_ocean,western_pacific,2004-04-08T12:00:00Z,8.8,139.1,TS,115.0,ESCS,80.0,tokyo,4,80.0,True
CLS_04456,3,ESCS-SuCS,Extremely Severe / Super Cyclonic Storm,2004093N07154,SUDAL,WP,MM,pacific_ocean,western_pacific,2004-04-13T21:00:00Z,20.0,133.5,TS,110.0,ESCS,,,3,110.0,True
CLS_04457,3,ESCS-SuCS,Extremely Severe / Super Cyclonic Storm,2004134N07132,NIDA,WP,MM,pacific_ocean,western_pacific,2004-05-16T18:00:00Z,13.5,124.8,TS,140.0,SuCS,95.0,tokyo,5,95.0,True
CLS_04458,3,ESCS-SuCS,Extremely Severe / Super Cyclonic Storm,2004134N07132,NIDA,WP,MM,pacific_ocean,western_pacific,2004-05-18T15:00:00Z,18.8,124.2,TS,118.0,ESCS,,,4,118.0,True
CLS_04459,3,ESCS-SuCS,Extremely Severe / Super Cyclonic Storm,2004156N16117,CONSON,WP,MM,pacific_ocean,western_pacific,2004-06-09T09:00:00Z,23.0,123.1,TS,95.0,ESCS,75.0,tokyo,2,75.0,True
CLS_04460,3,ESCS-SuCS,Extremely Severe / Super Cyclonic Storm,2004156N16117,CONSON,WP,MM,pacific_ocean,western_pacific,2004-06-09T21:00:00Z,25.3,125.5,TS,100.0,ESCS,80.0,tokyo,3,80.0,True
CLS_04461,3,ESCS-SuCS,Extremely Severe / Super Cyclonic Storm,2004164N06139,DIANMU,WP,MM,pacific_ocean,western_pacific,2004-06-16T00:00:00Z,14.3,136.5,TS,150.0,SuCS,100.0,tokyo,5,100.0,True
CLS_04462,3,ESCS-SuCS,Extremely Severe / Super Cyclonic Storm,2004164N06139,DIANMU,WP,MM,pacific_ocean,western_pacific,2004-06-17T09:00:00Z,17.6,133.2,TS,135.0,SuCS,,,4,135.0,True
CLS_04463,3,ESCS-SuCS,Extremely Severe / Super Cyclonic Storm,2004174N14146,MINDULLE,WP,MM,pacific_ocean,western_pacific,2004-06-28T06:00:00Z,18.4,125.6,TS,115.0,ESCS,85.0,tokyo,4,85.0,True
CLS_04464,3,ESCS-SuCS,Extremely Severe / Super Cyclonic Storm,2004174N14146,MINDULLE,WP,MM,pacific_ocean,western_pacific,2004-06-29T18:00:00Z,19.0,122.7,TS,125.0,SuCS,90.0,tokyo,4,90.0,True
CLS_04465,3,ESCS-SuCS,Extremely Severe / Super Cyclonic Storm,2004206N20151,NAMTHEUN,WP,MM,pacific_ocean,western_pacific,2004-07-27T21:00:00Z,30.7,143.2,TS,90.0,ESCS,,,2,90.0,True
CLS_04466,3,ESCS-SuCS,Extremely Severe / Super Cyclonic Storm,2004209N12247,DARBY,EP,MM,pacific_ocean,eastern_pacific,2004-07-29T06:00:00Z,16.8,-126.2,TS,105.0,ESCS,105.0,hurdat_epa,3,105.0,True
CLS_04467,3,ESCS-SuCS,Extremely Severe / Super Cyclonic Storm,2004209N12247,DARBY,EP,MM,pacific_ocean,eastern_pacific,2004-07-29T18:00:00Z,17.8,-128.2,TS,95.0,ESCS,95.0,hurdat_epa,2,95.0,True
CLS_04468,3,ESCS-SuCS,Extremely Severe / Super Cyclonic Storm,2004216N16166,MERANTI,WP,MM,pacific_ocean,western_pacific,2004-08-06T00:00:00Z,28.7,168.0,TS,90.0,ESCS,75.0,tokyo,2,75.0,True
CLS_04469,3,ESCS-SuCS,Extremely Severe / Super Cyclonic Storm,2004219N15137,RANANIM,WP,MM,pacific_ocean,western_pacific,2004-08-12T03:00:00Z,26.9,123.2,TS,90.0,ESCS,,,2,90.0,True
CLS_04470,3,ESCS-SuCS,Extremely Severe / Super Cyclonic Storm,2004230N09172,CHABA,WP,MM,pacific_ocean,western_pacific,2004-08-21T18:00:00Z,14.2,148.7,TS,90.0,ESCS,75.0,tokyo,2,75.0,True
CLS_04471,3,ESCS-SuCS,Extremely Severe / Super Cyclonic Storm,2004230N09172,CHABA,WP,MM,pacific_ocean,western_pacific,2004-08-24T03:00:00Z,17.7,139.9,TS,153.0,SuCS,,,5,153.0,True
CLS_04472,3,ESCS-SuCS,Extremely Severe / Super Cyclonic Storm,2004231N09147,AERE,WP,MM,pacific_ocean,western_pacific,2004-08-24T18:00:00Z,25.5,122.1,TS,90.0,ESCS,75.0,tokyo,2,75.0,True
CLS_04473,3,ESCS-SuCS,Extremely Severe / Super Cyclonic Storm,2004239N11171,SONGDA,WP,MM,pacific_ocean,western_pacific,2004-09-02T03:00:00Z,21.4,140.4,TS,118.0,ESCS,,,4,118.0,True
CLS_04474,3,ESCS-SuCS,Extremely Severe / Super Cyclonic Storm,2004244N12257,HOWARD,EP,MM,pacific_ocean,eastern_pacific,2004-09-02T03:00:00Z,17.0,-112.3,TS,90.0,ESCS,,,2,90.0,True
CLS_04475,3,ESCS-SuCS,Extremely Severe / Super Cyclonic Storm,2004244N12257,HOWARD,EP,MM,pacific_ocean,eastern_pacific,2004-09-02T15:00:00Z,18.0,-113.6,TS,120.0,SuCS,,,4,120.0,True
CLS_04476,3,ESCS-SuCS,Extremely Severe / Super Cyclonic Storm,2004244N12257,HOWARD,EP,MM,pacific_ocean,eastern_pacific,2004-09-03T09:00:00Z,19.5,-115.1,TS,95.0,ESCS,,,2,95.0,True
CLS_04477,3,ESCS-SuCS,Extremely Severe / Super Cyclonic Storm,2004239N11171,SONGDA,WP,MM,pacific_ocean,western_pacific,2004-09-05T06:00:00Z,26.3,128.3,TS,115.0,ESCS,95.0,tokyo,4,95.0,True
CLS_04478,3,ESCS-SuCS,Extremely Severe / Super Cyclonic Storm,2004255N11267,JAVIER,EP,MM,pacific_ocean,eastern_pacific,2004-09-13T06:00:00Z,14.1,-104.8,TS,90.0,ESCS,90.0,hurdat_epa,2,90.0,True
CLS_04479,3,ESCS-SuCS,Extremely Severe / Super Cyclonic Storm,2004255N11267,JAVIER,EP,MM,pacific_ocean,eastern_pacific,2004-09-14T15:00:00Z,16.8,-107.6,TS,125.0,SuCS,,,4,125.0,True
CLS_04480,3,ESCS-SuCS,Extremely Severe / Super Cyclonic Storm,2004255N11267,JAVIER,EP,MM,pacific_ocean,eastern_pacific,2004-09-16T03:00:00Z,19.0,-109.8,TS,105.0,ESCS,,,3,105.0,True
CLS_04481,3,ESCS-SuCS,Extremely Severe / Super Cyclonic Storm,2004255N11267,JAVIER,EP,MM,pacific_ocean,eastern_pacific,2004-09-16T18:00:00Z,19.8,-110.9,TS,100.0,ESCS,100.0,hurdat_epa,3,100.0,True
CLS_04482,3,ESCS-SuCS,Extremely Severe / Super Cyclonic Storm,2004255N11267,JAVIER,EP,MM,pacific_ocean,eastern_pacific,2004-09-17T06:00:00Z,21.0,-111.6,TS,100.0,ESCS,100.0,hurdat_epa,3,100.0,True
CLS_04483,3,ESCS-SuCS,Extremely Severe / Super Cyclonic Storm,2004263N13153,MEARI,WP,MM,pacific_ocean,western_pacific,2004-09-24T03:00:00Z,19.7,133.8,TS,123.0,SuCS,,,4,123.0,True
CLS_04484,3,ESCS-SuCS,Extremely Severe / Super Cyclonic Storm,2004263N13153,MEARI,WP,MM,pacific_ocean,western_pacific,2004-09-24T21:00:00Z,21.8,131.5,TS,120.0,SuCS,,,4,120.0,True
CLS_04485,3,ESCS-SuCS,Extremely Severe / Super Cyclonic Storm,2004275N14139,MA-ON,WP,MM,pacific_ocean,western_pacific,2004-10-07T09:00:00Z,22.4,130.6,TS,103.0,ESCS,,,3,103.0,True
CLS_04486,3,ESCS-SuCS,Extremely Severe / Super Cyclonic Storm,2004275N14139,MA-ON,WP,MM,pacific_ocean,western_pacific,2004-10-08T15:00:00Z,27.9,133.8,TS,138.0,SuCS,100.0,tokyo,5,100.0,True
CLS_04487,3,ESCS-SuCS,Extremely Severe / Super Cyclonic Storm,2004284N07157,TOKAGE,WP,MM,pacific_ocean,western_pacific,2004-10-16T00:00:00Z,16.6,134.0,TS,105.0,ESCS,75.0,tokyo,3,75.0,True
CLS_04488,3,ESCS-SuCS,Extremely Severe / Super Cyclonic Storm,2004284N07157,TOKAGE,WP,MM,pacific_ocean,western_pacific,2004-10-16T15:00:00Z,18.5,132.7,TS,120.0,SuCS,,,4,120.0,True
CLS_04489,3,ESCS-SuCS,Extremely Severe / Super Cyclonic Storm,2004288N09164,NOCK-TEN,WP,MM,pacific_ocean,western_pacific,2004-10-21T06:00:00Z,13.8,139.2,TS,95.0,ESCS,70.0,tokyo,2,70.0,True
CLS_04490,3,ESCS-SuCS,Extremely Severe / Super Cyclonic Storm,2004288N09164,NOCK-TEN,WP,MM,pacific_ocean,western_pacific,2004-10-22T09:00:00Z,16.1,135.2,TS,100.0,ESCS,,,3,100.0,True
CLS_04491,3,ESCS-SuCS,Extremely Severe / Super Cyclonic Storm,2004319N10134,MUIFA,WP,MM,pacific_ocean,western_pacific,2004-11-18T06:00:00Z,15.8,123.9,TS,115.0,ESCS,80.0,tokyo,4,80.0,True
CLS_04492,3,ESCS-SuCS,Extremely Severe / Super Cyclonic Storm,2004325S06078,BENTOJANA,SI,MM,south_indian_ocean,,2004-11-22T18:00:00Z,-8.3,76.7,TS,100.0,ESCS,85.0,reunion,3,85.0,True
CLS_04493,3,ESCS-SuCS,Extremely Severe / Super Cyclonic Storm,2004325S06078,BENTOJANA,SI,MM,south_indian_ocean,,2004-11-23T18:00:00Z,-8.5,74.7,TS,140.0,SuCS,115.0,reunion,5,115.0,True
CLS_04494,3,ESCS-SuCS,Extremely Severe / Super Cyclonic Storm,2004325S06078,BENTOJANA,SI,MM,south_indian_ocean,,2004-11-24T12:00:00Z,-9.5,73.4,TS,130.0,SuCS,105.0,reunion,4,105.0,True
CLS_04495,3,ESCS-SuCS,Extremely Severe / Super Cyclonic Storm,2004325S06078,BENTOJANA,SI,MM,south_indian_ocean,,2004-11-25T03:00:00Z,-10.4,73.4,TS,105.0,ESCS,,,3,105.0,True
CLS_04496,3,ESCS-SuCS,Extremely Severe / Super Cyclonic Storm,2004333N06154,NANMADOL,WP,MM,pacific_ocean,western_pacific,2004-12-01T18:00:00Z,13.7,126.8,TS,130.0,SuCS,90.0,tokyo,4,90.0,True
CLS_04497,3,ESCS-SuCS,Extremely Severe / Super Cyclonic Storm,2004357S06095,CHAMBO,SI,MM,south_indian_ocean,,2004-12-25T21:00:00Z,-14.8,80.3,TS,90.0,ESCS,,,2,90.0,True
CLS_04498,3,ESCS-SuCS,Extremely Severe / Super Cyclonic Storm,2004357S06095,CHAMBO,SI,MM,south_indian_ocean,,2004-12-26T18:00:00Z,-16.9,79.1,TS,100.0,ESCS,85.0,reunion,3,85.0,True
CLS_04499,3,ESCS-SuCS,Extremely Severe / Super Cyclonic Storm,2004357S06095,CHAMBO,SI,MM,south_indian_ocean,,2004-12-27T06:00:00Z,-17.9,78.3,TS,95.0,ESCS,80.0,reunion,2,80.0,True
CLS_04500,3,ESCS-SuCS,Extremely Severe / Super Cyclonic Storm,2005003S09177,KERRY,SP,EA,pacific_ocean,southern_pacific,2005-01-09T21:00:00Z,-18.2,159.1,TS,90.0,ESCS,,,2,90.0,True
CLS_04501,3,ESCS-SuCS,Extremely Severe / Super Cyclonic Storm,2005003S09177,KERRY,SP,EA,pacific_ocean,southern_pacific,2005-01-10T09:00:00Z,-18.6,159.1,TS,90.0,ESCS,,,2,90.0,True
CLS_04502,3,ESCS-SuCS,Extremely Severe / Super Cyclonic Storm,2005017S09061,ERNEST,SI,MM,south_indian_ocean,,2005-01-22T00:00:00Z,-19.5,41.9,TS,90.0,ESCS,80.0,reunion,2,80.0,True
CLS_04503,3,ESCS-SuCS,Extremely Severe / Super Cyclonic Storm,2005017S09061,ERNEST,SI,MM,south_indian_ocean,,2005-01-22T18:00:00Z,-22.9,42.6,TS,100.0,ESCS,85.0,reunion,3,85.0,True
CLS_04504,3,ESCS-SuCS,Extremely Severe / Super Cyclonic Storm,2005032S14195,MEENA,SP,MM,pacific_ocean,southern_pacific,2005-02-06T00:00:00Z,-17.4,-162.2,TS,125.0,SuCS,100.0,nadi,4,100.0,True
CLS_04505,3,ESCS-SuCS,Extremely Severe / Super Cyclonic Storm,2005032S14195,MEENA,SP,MM,pacific_ocean,southern_pacific,2005-02-06T18:00:00Z,-21.2,-159.4,TS,120.0,SuCS,115.0,nadi,4,115.0,True
CLS_04506,3,ESCS-SuCS,Extremely Severe / Super Cyclonic Storm,2005042S12190,NANCY,SP,MM,pacific_ocean,southern_pacific,2005-02-14T15:00:00Z,-14.7,-161.5,TS,123.0,SuCS,,,4,123.0,True
CLS_04507,3,ESCS-SuCS,Extremely Severe / Super Cyclonic Storm,2005041S13181,OLAF,SP,MM,pacific_ocean,southern_pacific,2005-02-14T18:00:00Z,-10.0,-175.9,TS,120.0,SuCS,90.0,nadi,4,90.0,True
CLS_04508,3,ESCS-SuCS,Extremely Severe / Super Cyclonic Storm,2005042S12190,NANCY,SP,MM,pacific_ocean,southern_pacific,2005-02-15T09:00:00Z,-18.6,-158.9,TS,100.0,ESCS,,,3,100.0,True
CLS_04509,3,ESCS-SuCS,Extremely Severe / Super Cyclonic Storm,2005041S13181,OLAF,SP,MM,pacific_ocean,southern_pacific,2005-02-15T18:00:00Z,-12.1,-173.4,TS,135.0,SuCS,95.0,nadi,4,95.0,True
CLS_04510,3,ESCS-SuCS,Extremely Severe / Super Cyclonic Storm,2005041S13181,OLAF,SP,MM,pacific_ocean,southern_pacific,2005-02-16T06:00:00Z,-12.8,-171.2,TS,145.0,SuCS,110.0,nadi,5,110.0,True
CLS_04511,3,ESCS-SuCS,Extremely Severe / Super Cyclonic Storm,2005041S13181,OLAF,SP,MM,pacific_ocean,southern_pacific,2005-02-17T12:00:00Z,-17.7,-166.5,TS,125.0,SuCS,110.0,nadi,4,110.0,True
CLS_04512,3,ESCS-SuCS,Extremely Severe / Super Cyclonic Storm,2005054S09173,PERCY,SP,MM,pacific_ocean,southern_pacific,2005-02-26T06:00:00Z,-9.8,187.2,TS,90.0,ESCS,80.0,nadi,2,80.0,True
CLS_04513,3,ESCS-SuCS,Extremely Severe / Super Cyclonic Storm,2005054S09173,PERCY,SP,MM,pacific_ocean,southern_pacific,2005-02-27T03:00:00Z,-10.8,190.8,TS,113.0,ESCS,,,4,113.0,True
CLS_04514,3,ESCS-SuCS,Extremely Severe / Super Cyclonic Storm,2005054S09173,PERCY,SP,MM,pacific_ocean,southern_pacific,2005-03-02T03:00:00Z,-16.0,194.7,TS,140.0,SuCS,,,5,140.0,True
CLS_04515,3,ESCS-SuCS,Extremely Severe / Super Cyclonic Storm,2005054S09173,PERCY,SP,MM,pacific_ocean,southern_pacific,2005-03-02T21:00:00Z,-19.1,195.2,TS,128.0,SuCS,,,4,128.0,True
CLS_04516,3,ESCS-SuCS,Extremely Severe / Super Cyclonic Storm,2005067S12120,WILLY,SI,WA,south_indian_ocean,,2005-03-11T18:00:00Z,-18.0,111.5,TS,90.0,ESCS,75.0,bom,2,75.0,True
CLS_04517,3,ESCS-SuCS,Extremely Severe / Super Cyclonic Storm,2005092S11102,ADELINE:JULIET,SI,MM,south_indian_ocean,,2005-04-06T06:00:00Z,-13.1,87.5,TS,105.0,ESCS,100.0,reunion,3,100.0,True
CLS_04518,3,ESCS-SuCS,Extremely Severe / Super Cyclonic Storm,2005092S11102,ADELINE:JULIET,SI,MM,south_indian_ocean,,2005-04-07T00:00:00Z,-14.1,84.0,TS,100.0,ESCS,85.0,reunion,3,85.0,True
CLS_04519,3,ESCS-SuCS,Extremely Severe / Super Cyclonic Storm,2005092S11102,ADELINE:JULIET,SI,MM,south_indian_ocean,,2005-04-08T09:00:00Z,-15.8,76.0,TS,90.0,ESCS,,,2,90.0,True
CLS_04520,3,ESCS-SuCS,Extremely Severe / Super Cyclonic Storm,2005092S11102,ADELINE:JULIET,SI,MM,south_indian_ocean,,2005-04-09T12:00:00Z,-17.8,68.6,TS,120.0,SuCS,120.0,reunion,4,120.0,True
CLS_04521,3,ESCS-SuCS,Extremely Severe / Super Cyclonic Storm,2005107N07151,SONCA,WP,MM,pacific_ocean,western_pacific,2005-04-24T03:00:00Z,13.8,130.8,TS,100.0,ESCS,,,3,100.0,True
CLS_04522,3,ESCS-SuCS,Extremely Severe / Super Cyclonic Storm,2005107N07151,SONCA,WP,MM,pacific_ocean,western_pacific,2005-04-25T18:00:00Z,18.7,132.9,TS,105.0,ESCS,85.0,tokyo,3,85.0,True
CLS_04523,3,ESCS-SuCS,Extremely Severe / Super Cyclonic Storm,2005148N06156,NESAT,WP,MM,pacific_ocean,western_pacific,2005-06-06T09:00:00Z,21.6,133.7,TS,115.0,ESCS,,,4,115.0,True
CLS_04524,3,ESCS-SuCS,Extremely Severe / Super Cyclonic Storm,2005148N06156,NESAT,WP,MM,pacific_ocean,western_pacific,2005-06-07T06:00:00Z,23.5,134.1,TS,100.0,ESCS,80.0,tokyo,3,80.0,True
CLS_04525,3,ESCS-SuCS,Extremely Severe / Super Cyclonic Storm,2005192N22155,HAITANG,WP,MM,pacific_ocean,western_pacific,2005-07-16T15:00:00Z,20.8,127.1,TS,140.0,SuCS,,,5,140.0,True
CLS_04526,3,ESCS-SuCS,Extremely Severe / Super Cyclonic Storm,2005192N22155,HAITANG,WP,MM,pacific_ocean,western_pacific,2005-07-17T03:00:00Z,21.8,125.4,TS,133.0,SuCS,100.0,tokyo,4,100.0,True
CLS_04527,3,ESCS-SuCS,Extremely Severe / Super Cyclonic Storm,2005211N09141,MATSA,WP,MM,pacific_ocean,western_pacific,2005-08-04T18:00:00Z,25.2,123.7,TS,90.0,ESCS,80.0,tokyo,2,80.0,True
CLS_04528,3,ESCS-SuCS,Extremely Severe / Super Cyclonic Storm,2005232N13263,HILARY,EP,MM,pacific_ocean,eastern_pacific,2005-08-22T03:00:00Z,17.5,-109.2,TS,90.0,ESCS,,,2,90.0,True
CLS_04529,3,ESCS-SuCS,Extremely Severe / Super Cyclonic Storm,2005230N20144,MAWAR,WP,MM,pacific_ocean,western_pacific,2005-08-22T06:00:00Z,23.7,139.1,TS,125.0,SuCS,90.0,tokyo,4,90.0,True
CLS_04530,3,ESCS-SuCS,Extremely Severe / Super Cyclonic Storm,2005230N20144,MAWAR,WP,MM,pacific_ocean,western_pacific,2005-08-23T21:00:00Z,28.3,136.9,TS,100.0,ESCS,,,3,100.0,True
CLS_04531,3,ESCS-SuCS,Extremely Severe / Super Cyclonic Storm,2005237N14148,TALIM,WP,MM,pacific_ocean,western_pacific,2005-08-29T21:00:00Z,21.3,130.1,TS,125.0,SuCS,,,4,125.0,True
CLS_04532,3,ESCS-SuCS,Extremely Severe / Super Cyclonic Storm,2005237N14148,TALIM,WP,MM,pacific_ocean,western_pacific,2005-08-31T12:00:00Z,23.8,122.9,TS,110.0,ESCS,90.0,tokyo,3,90.0,True
CLS_04533,3,ESCS-SuCS,Extremely Severe / Super Cyclonic Storm,2005241N15155,NABI,WP,MM,pacific_ocean,western_pacific,2005-09-02T03:00:00Z,19.4,137.1,TS,140.0,SuCS,,,5,140.0,True
CLS_04534,3,ESCS-SuCS,Extremely Severe / Super Cyclonic Storm,2005241N15155,NABI,WP,MM,pacific_ocean,western_pacific,2005-09-02T18:00:00Z,20.8,135.3,TS,130.0,SuCS,95.0,tokyo,4,95.0,True
CLS_04535,3,ESCS-SuCS,Extremely Severe / Super Cyclonic Storm,2005241N15155,NABI,WP,MM,pacific_ocean,western_pacific,2005-09-03T21:00:00Z,24.4,132.4,TS,105.0,ESCS,85.0,tokyo,3,85.0,True
CLS_04536,3,ESCS-SuCS,Extremely Severe / Super Cyclonic Storm,2005248N08142,KHANUN,WP,MM,pacific_ocean,western_pacific,2005-09-10T18:00:00Z,26.1,123.5,TS,115.0,ESCS,85.0,tokyo,4,85.0,True
CLS_04537,3,ESCS-SuCS,Extremely Severe / Super Cyclonic Storm,2005258N12242,KENNETH,EP,MM,pacific_ocean,eastern_pacific,2005-09-17T03:00:00Z,13.4,-125.1,TS,95.0,ESCS,,,2,95.0,True
CLS_04538,3,ESCS-SuCS,Extremely Severe / Super Cyclonic Storm,2005258N12242,KENNETH,EP,MM,pacific_ocean,eastern_pacific,2005-09-17T15:00:00Z,13.7,-126.8,TS,110.0,ESCS,,,3,110.0,True
CLS_04539,3,ESCS-SuCS,Extremely Severe / Super Cyclonic Storm,2005258N12242,KENNETH,EP,MM,pacific_ocean,eastern_pacific,2005-09-18T15:00:00Z,14.2,-129.4,TS,115.0,ESCS,,,4,115.0,True
CLS_04540,3,ESCS-SuCS,Extremely Severe / Super Cyclonic Storm,2005258N12242,KENNETH,EP,MM,pacific_ocean,eastern_pacific,2005-09-19T03:00:00Z,13.9,-130.3,TS,113.0,ESCS,,,4,113.0,True
CLS_04541,3,ESCS-SuCS,Extremely Severe / Super Cyclonic Storm,2005258N12242,KENNETH,EP,MM,pacific_ocean,eastern_pacific,2005-09-19T15:00:00Z,13.4,-130.5,TS,98.0,ESCS,,,3,98.0,True
CLS_04542,3,ESCS-SuCS,Extremely Severe / Super Cyclonic Storm,2005255N15246,JOVA,EP,CP,pacific_ocean,eastern_pacific,2005-09-19T21:00:00Z,15.8,-143.0,TS,108.0,ESCS,,,3,108.0,True
CLS_04543,3,ESCS-SuCS,Extremely Severe / Super Cyclonic Storm,2005255N15246,JOVA,EP,CP,pacific_ocean,eastern_pacific,2005-09-20T18:00:00Z,16.5,-145.1,TS,105.0,ESCS,105.0,hurdat_epa,3,105.0,True
CLS_04544,3,ESCS-SuCS,Extremely Severe / Super Cyclonic Storm,2005255N15246,JOVA,EP,CP,pacific_ocean,eastern_pacific,2005-09-21T12:00:00Z,17.3,-146.6,TS,100.0,ESCS,100.0,hurdat_epa,3,100.0,True
CLS_04545,3,ESCS-SuCS,Extremely Severe / Super Cyclonic Storm,2005255N15246,JOVA,EP,CP,pacific_ocean,eastern_pacific,2005-09-22T00:00:00Z,18.1,-147.3,TS,95.0,ESCS,95.0,hurdat_epa,2,95.0,True
CLS_04546,3,ESCS-SuCS,Extremely Severe / Super Cyclonic Storm,2005262N20155,SAOLA,WP,MM,pacific_ocean,western_pacific,2005-09-23T15:00:00Z,28.7,138.5,TS,100.0,ESCS,80.0,tokyo,3,80.0,True
CLS_04547,3,ESCS-SuCS,Extremely Severe / Super Cyclonic Storm,2005262N20155,SAOLA,WP,MM,pacific_ocean,western_pacific,2005-09-24T12:00:00Z,31.5,138.4,TS,100.0,ESCS,80.0,tokyo,3,80.0,True
CLS_04548,3,ESCS-SuCS,Extremely Severe / Super Cyclonic Storm,2005262N13127,DAMREY,WP,MM,pacific_ocean,western_pacific,2005-09-25T06:00:00Z,19.0,112.4,TS,90.0,ESCS,80.0,tokyo,2,80.0,True
CLS_04549,3,ESCS-SuCS,Extremely Severe / Super Cyclonic Storm,2005268N19146,LONGWANG,WP,MM,pacific_ocean,western_pacific,2005-09-29T18:00:00Z,22.2,133.0,TS,125.0,SuCS,90.0,tokyo,4,90.0,True
CLS_04550,3,ESCS-SuCS,Extremely Severe / Super Cyclonic Storm,2005271N17255,OTIS,EP,MM,pacific_ocean,eastern_pacific,2005-10-01T06:00:00Z,21.6,-111.5,TS,90.0,ESCS,90.0,hurdat_epa,2,90.0,True
CLS_04551,3,ESCS-SuCS,Extremely Severe / Super Cyclonic Storm,2005282N22138,KIROGI,WP,MM,pacific_ocean,western_pacific,2005-10-11T18:00:00Z,20.5,132.7,TS,100.0,ESCS,85.0,tokyo,3,85.0,True
CLS_04552,3,ESCS-SuCS,Extremely Severe / Super Cyclonic Storm,2005282N22138,KIROGI,WP,MM,pacific_ocean,western_pacific,2005-10-16T12:00:00Z,25.2,134.0,TS,115.0,ESCS,85.0,tokyo,4,85.0,True
CLS_04553,3,ESCS-SuCS,Extremely Severe / Super Cyclonic Storm,2005322S04095,ALVIN:BERTIE,SI,WA,south_indian_ocean,,2005-11-22T15:00:00Z,-12.0,90.4,TS,98.0,ESCS,,,3,98.0,True
CLS_04554,3,ESCS-SuCS,Extremely Severe / Super Cyclonic Storm,2005322S04095,ALVIN:BERTIE,SI,WA,south_indian_ocean,,2005-11-23T03:00:00Z,-12.7,90.3,TS,115.0,ESCS,,,4,115.0,True
CLS_04555,3,ESCS-SuCS,Extremely Severe / Super Cyclonic Storm,2005322S04095,ALVIN:BERTIE,SI,WA,south_indian_ocean,,2005-11-23T21:00:00Z,-14.1,90.0,TS,105.0,ESCS,,,3,105.0,True
CLS_04556,3,ESCS-SuCS,Extremely Severe / Super Cyclonic Storm,2005322S04095,ALVIN:BERTIE,SI,MM,south_indian_ocean,,2005-11-24T09:00:00Z,-14.7,89.8,TS,103.0,ESCS,,,3,103.0,True
CLS_04557,3,ESCS-SuCS,Extremely Severe / Super Cyclonic Storm,2006021S11053,BOLOETSE,SI,MM,south_indian_ocean,,2006-02-03T06:00:00Z,-20.9,39.9,TS,90.0,ESCS,75.0,reunion,2,75.0,True
CLS_04558,3,ESCS-SuCS,Extremely Severe / Super Cyclonic Storm,2006021S11053,BOLOETSE,SI,MM,south_indian_ocean,,2006-02-03T18:00:00Z,-22.5,41.8,TS,100.0,ESCS,85.0,reunion,3,85.0,True
CLS_04559,3,ESCS-SuCS,Extremely Severe / Super Cyclonic Storm,2006021S11053,BOLOETSE,SI,MM,south_indian_ocean,,2006-02-04T06:00:00Z,-24.1,43.0,TS,90.0,ESCS,85.0,reunion,2,85.0,True
CLS_04560,3,ESCS-SuCS,Extremely Severe / Super Cyclonic Storm,2006054S09082,CARINA,SI,MM,south_indian_ocean,,2006-02-27T03:00:00Z,-14.7,79.8,TS,98.0,ESCS,,,3,98.0,True
CLS_04561,3,ESCS-SuCS,Extremely Severe / Super Cyclonic Storm,2006054S09082,CARINA,SI,MM,south_indian_ocean,,2006-02-27T21:00:00Z,-16.1,79.3,TS,123.0,SuCS,,,4,123.0,True
CLS_04562,3,ESCS-SuCS,Extremely Severe / Super Cyclonic Storm,2006054S09082,CARINA,SI,MM,south_indian_ocean,,2006-02-28T09:00:00Z,-16.5,78.4,TS,130.0,SuCS,,,4,130.0,True
CLS_04563,3,ESCS-SuCS,Extremely Severe / Super Cyclonic Storm,2006054S09082,CARINA,SI,MM,south_indian_ocean,,2006-03-01T06:00:00Z,-17.3,77.3,TS,115.0,ESCS,90.0,reunion,4,90.0,True
CLS_04564,3,ESCS-SuCS,Extremely Severe / Super Cyclonic Storm,2006078S12119,FLOYD,SI,WA,south_indian_ocean,,2006-03-23T18:00:00Z,-14.7,108.5,TS,105.0,ESCS,100.0,bom,3,100.0,True
CLS_04565,3,ESCS-SuCS,Extremely Severe / Super Cyclonic Storm,2006078S12119,FLOYD,SI,WA,south_indian_ocean,,2006-03-24T12:00:00Z,-16.5,108.5,TS,115.0,ESCS,100.0,bom,4,100.0,True
CLS_04566,3,ESCS-SuCS,Extremely Severe / Super Cyclonic Storm,2006078S12119,FLOYD,SI,WA,south_indian_ocean,,2006-03-25T00:00:00Z,-17.6,109.3,TS,90.0,ESCS,90.0,bom,2,90.0,True
CLS_04567,3,ESCS-SuCS,Extremely Severe / Super Cyclonic Storm,2006081S14129,GLENDA,SI,WA,south_indian_ocean,,2006-03-28T12:00:00Z,-16.7,120.4,TS,120.0,SuCS,110.0,bom,4,110.0,True
CLS_04568,3,ESCS-SuCS,Extremely Severe / Super Cyclonic Storm,2006081S14129,GLENDA,SI,WA,south_indian_ocean,,2006-03-29T03:00:00Z,-17.6,118.2,TS,118.0,ESCS,105.0,bom,4,105.0,True
CLS_04569,3,ESCS-SuCS,Extremely Severe / Super Cyclonic Storm,2006081S14129,GLENDA,SI,WA,south_indian_ocean,,2006-03-29T21:00:00Z,-19.1,116.6,TS,105.0,ESCS,100.0,bom,3,100.0,True
CLS_04570,3,ESCS-SuCS,Extremely Severe / Super Cyclonic Storm,2006081S14129,GLENDA,SI,WA,south_indian_ocean,,2006-03-30T09:00:00Z,-21.2,115.5,TS,95.0,ESCS,80.0,bom,2,80.0,True
CLS_04571,3,ESCS-SuCS,Extremely Severe / Super Cyclonic Storm,2006106S10153,MONICA,SP,EA,pacific_ocean,southern_pacific,2006-04-23T09:00:00Z,-11.3,137.1,TS,153.0,SuCS,,,5,153.0,True
CLS_04572,3,ESCS-SuCS,Extremely Severe / Super Cyclonic Storm,2006114N08090,MALA,NI,BB,north_indian_ocean,bay_of_bengal,2006-04-28T09:00:00Z,15.3,92.4,TS,118.0,ESCS,100.0,newdelhi,4,100.0,True
CLS_04573,3,ESCS-SuCS,Extremely Severe / Super Cyclonic Storm,2006114N08090,MALA,NI,BB,north_indian_ocean,bay_of_bengal,2006-04-28T21:00:00Z,16.5,93.6,TS,113.0,ESCS,100.0,newdelhi,4,100.0,True
CLS_04574,3,ESCS-SuCS,Extremely Severe / Super Cyclonic Storm,2006128N09138,CHANCHU,WP,MM,pacific_ocean,western_pacific,2006-05-14T18:00:00Z,13.9,115.5,TS,120.0,SuCS,90.0,tokyo,4,90.0,True
CLS_04575,3,ESCS-SuCS,Extremely Severe / Super Cyclonic Storm,2006128N09138,CHANCHU,WP,MM,pacific_ocean,western_pacific,2006-05-16T09:00:00Z,18.3,115.0,TS,108.0,ESCS,,,3,108.0,True
CLS_04576,3,ESCS-SuCS,Extremely Severe / Super Cyclonic Storm,2006180N06140,EWINIAR,WP,MM,pacific_ocean,western_pacific,2006-07-04T18:00:00Z,17.4,131.5,TS,125.0,SuCS,100.0,tokyo,4,100.0,True
CLS_04577,3,ESCS-SuCS,Extremely Severe / Super Cyclonic Storm,2006180N06140,EWINIAR,WP,MM,pacific_ocean,western_pacific,2006-07-05T15:00:00Z,18.6,129.4,TS,110.0,ESCS,,,3,110.0,True
CLS_04578,3,ESCS-SuCS,Extremely Severe / Super Cyclonic Storm,2006192N13250,BUD,EP,MM,pacific_ocean,eastern_pacific,2006-07-12T21:00:00Z,16.3,-117.5,TS,95.0,ESCS,,,2,95.0,True
CLS_04579,3,ESCS-SuCS,Extremely Severe / Super Cyclonic Storm,2006192N13250,BUD,EP,MM,pacific_ocean,eastern_pacific,2006-07-13T09:00:00Z,17.5,-120.6,TS,105.0,ESCS,,,3,105.0,True
CLS_04580,3,ESCS-SuCS,Extremely Severe / Super Cyclonic Storm,2006198N12252,DANIEL,EP,MM,pacific_ocean,eastern_pacific,2006-07-20T00:00:00Z,11.9,-120.7,TS,95.0,ESCS,95.0,hurdat_epa,2,95.0,True
CLS_04581,3,ESCS-SuCS,Extremely Severe / Super Cyclonic Storm,2006198N12252,DANIEL,EP,MM,pacific_ocean,eastern_pacific,2006-07-20T18:00:00Z,12.6,-123.0,TS,115.0,ESCS,115.0,hurdat_epa,4,115.0,True
CLS_04582,3,ESCS-SuCS,Extremely Severe / Super Cyclonic Storm,2006198N12252,DANIEL,EP,MM,pacific_ocean,eastern_pacific,2006-07-21T06:00:00Z,13.1,-124.9,TS,115.0,ESCS,115.0,hurdat_epa,4,115.0,True
CLS_04583,3,ESCS-SuCS,Extremely Severe / Super Cyclonic Storm,2006198N12252,DANIEL,EP,MM,pacific_ocean,eastern_pacific,2006-07-23T12:00:00Z,14.7,-135.2,TS,115.0,ESCS,115.0,hurdat_epa,4,115.0,True
CLS_04584,3,ESCS-SuCS,Extremely Severe / Super Cyclonic Storm,2006216N07151,SAOMAI,WP,MM,pacific_ocean,western_pacific,2006-08-10T00:00:00Z,26.5,122.5,TS,140.0,SuCS,100.0,tokyo,5,100.0,True
CLS_04585,3,ESCS-SuCS,Extremely Severe / Super Cyclonic Storm,2006228N13247,HECTOR,EP,MM,pacific_ocean,eastern_pacific,2006-08-18T12:00:00Z,16.0,-125.2,TS,90.0,ESCS,90.0,hurdat_epa,2,90.0,True
CLS_04586,3,ESCS-SuCS,Extremely Severe / Super Cyclonic Storm,2006228N13247,HECTOR,EP,MM,pacific_ocean,eastern_pacific,2006-08-19T00:00:00Z,16.8,-127.5,TS,90.0,ESCS,90.0,hurdat_epa,2,90.0,True
CLS_04587,3,ESCS-SuCS,Extremely Severe / Super Cyclonic Storm,2006234N12258,ILEANA,EP,MM,pacific_ocean,eastern_pacific,2006-08-23T06:00:00Z,17.1,-109.8,TS,95.0,ESCS,95.0,hurdat_epa,2,95.0,True
CLS_04588,3,ESCS-SuCS,Extremely Severe / Super Cyclonic Storm,2006234N12258,ILEANA,EP,MM,pacific_ocean,eastern_pacific,2006-08-23T18:00:00Z,18.5,-112.1,TS,105.0,ESCS,105.0,hurdat_epa,3,105.0,True
CLS_04589,3,ESCS-SuCS,Extremely Severe / Super Cyclonic Storm,2006234N12258,ILEANA,EP,MM,pacific_ocean,eastern_pacific,2006-08-24T09:00:00Z,20.0,-114.2,TS,93.0,ESCS,,,2,93.0,True
CLS_04590,3,ESCS-SuCS,Extremely Severe / Super Cyclonic Storm,2006228N10218,IOKE,EP,CP,pacific_ocean,eastern_pacific,2006-08-24T21:00:00Z,18.9,186.8,TS,125.0,SuCS,,,4,125.0,True
CLS_04591,3,ESCS-SuCS,Extremely Severe / Super Cyclonic Storm,2006228N10218,IOKE,EP,CP,pacific_ocean,eastern_pacific,2006-08-25T21:00:00Z,19.3,184.6,TS,135.0,SuCS,,,4,135.0,True
CLS_04592,3,ESCS-SuCS,Extremely Severe / Super Cyclonic Storm,2006228N10218,IOKE,EP,CP,pacific_ocean,eastern_pacific,2006-08-26T21:00:00Z,18.1,181.6,TS,140.0,SuCS,,,5,140.0,True
CLS_04593,3,ESCS-SuCS,Extremely Severe / Super Cyclonic Storm,2006240N12265,JOHN,EP,MM,pacific_ocean,eastern_pacific,2006-08-30T03:00:00Z,15.1,-100.4,TS,103.0,ESCS,,,3,103.0,True
CLS_04594,3,ESCS-SuCS,Extremely Severe / Super Cyclonic Storm,2006240N12265,JOHN,EP,MM,pacific_ocean,eastern_pacific,2006-08-30T18:00:00Z,16.9,-102.7,TS,115.0,ESCS,115.0,hurdat_epa,4,115.0,True
CLS_04595,3,ESCS-SuCS,Extremely Severe / Super Cyclonic Storm,2006228N10218,IOKE,WP,MM,pacific_ocean,western_pacific,2006-08-31T15:00:00Z,19.9,165.8,TS,135.0,SuCS,,,4,135.0,True
CLS_04596,3,ESCS-SuCS,Extremely Severe / Super Cyclonic Storm,2006240N12265,JOHN,EP,MM,pacific_ocean,eastern_pacific,2006-08-31T15:00:00Z,19.6,-106.2,TS,95.0,ESCS,,,2,95.0,True
CLS_04597,3,ESCS-SuCS,Extremely Severe / Super Cyclonic Storm,2006240N12265,JOHN,EP,MM,pacific_ocean,eastern_pacific,2006-09-01T03:00:00Z,21.2,-108.0,TS,95.0,ESCS,,,2,95.0,True
CLS_04598,3,ESCS-SuCS,Extremely Severe / Super Cyclonic Storm,2006252N13139,SHANSHAN,WP,MM,pacific_ocean,western_pacific,2006-09-12T09:00:00Z,19.9,131.3,TS,90.0,ESCS,,,2,90.0,True
CLS_04599,3,ESCS-SuCS,Extremely Severe / Super Cyclonic Storm,2006252N13139,SHANSHAN,WP,MM,pacific_ocean,western_pacific,2006-09-15T12:00:00Z,23.1,123.8,TS,120.0,SuCS,105.0,tokyo,4,105.0,True
CLS_04600,3,ESCS-SuCS,Extremely Severe / Super Cyclonic Storm,2006257N16259,LANE,EP,MM,pacific_ocean,eastern_pacific,2006-09-16T06:00:00Z,22.2,-106.9,TS,100.0,ESCS,100.0,hurdat_epa,3,100.0,True
CLS_04601,3,ESCS-SuCS,Extremely Severe / Super Cyclonic Storm,2006257N16259,LANE,EP,MM,pacific_ocean,eastern_pacific,2006-09-16T18:00:00Z,24.0,-107.2,TS,110.0,ESCS,110.0,hurdat_epa,3,110.0,True
CLS_04602,3,ESCS-SuCS,Extremely Severe / Super Cyclonic Storm,2006259N19155,YAGI,WP,MM,pacific_ocean,western_pacific,2006-09-19T12:00:00Z,20.0,157.8,TS,90.0,ESCS,75.0,tokyo,2,75.0,True
CLS_04603,3,ESCS-SuCS,Extremely Severe / Super Cyclonic Storm,2006259N19155,YAGI,WP,MM,pacific_ocean,western_pacific,2006-09-22T09:00:00Z,25.6,142.3,TS,130.0,SuCS,100.0,tokyo,4,100.0,True
CLS_04604,3,ESCS-SuCS,Extremely Severe / Super Cyclonic Storm,2006268N12129,XANGSANE,WP,MM,pacific_ocean,western_pacific,2006-09-27T06:00:00Z,12.9,124.6,TS,115.0,ESCS,85.0,tokyo,4,85.0,True
CLS_04605,3,ESCS-SuCS,Extremely Severe / Super Cyclonic Storm,2006268N12129,XANGSANE,WP,MM,pacific_ocean,western_pacific,2006-09-30T00:00:00Z,15.6,112.5,TS,115.0,ESCS,80.0,tokyo,4,80.0,True
CLS_04606,3,ESCS-SuCS,Extremely Severe / Super Cyclonic Storm,2006282N13160,SOULIK,WP,MM,pacific_ocean,western_pacific,2006-10-13T09:00:00Z,23.8,141.0,TS,90.0,ESCS,,,2,90.0,True
CLS_04607,3,ESCS-SuCS,Extremely Severe / Super Cyclonic Storm,2006294S10168,XAVIER,SP,MM,pacific_ocean,southern_pacific,2006-10-24T12:00:00Z,-14.4,170.3,TS,105.0,ESCS,95.0,nadi,3,95.0,True
CLS_04608,3,ESCS-SuCS,Extremely Severe / Super Cyclonic Storm,2006298N12143,CIMARON,WP,MM,pacific_ocean,western_pacific,2006-10-29T12:00:00Z,16.5,122.6,TS,140.0,SuCS,100.0,tokyo,5,100.0,True
CLS_04609,3,ESCS-SuCS,Extremely Severe / Super Cyclonic Storm,2006298N12143,CIMARON,WP,MM,pacific_ocean,western_pacific,2006-10-30T18:00:00Z,17.0,118.0,TS,90.0,ESCS,80.0,tokyo,2,80.0,True
CLS_04610,3,ESCS-SuCS,Extremely Severe / Super Cyclonic Storm,2006311N16143,CHEBI,WP,MM,pacific_ocean,western_pacific,2006-11-10T03:00:00Z,16.1,126.4,TS,90.0,ESCS,,,2,90.0,True
CLS_04611,3,ESCS-SuCS,Extremely Severe / Super Cyclonic Storm,2006311N16143,CHEBI,WP,MM,pacific_ocean,western_pacific,2006-11-11T03:00:00Z,16.0,121.0,TS,93.0,ESCS,,,2,93.0,True
CLS_04612,3,ESCS-SuCS,Extremely Severe / Super Cyclonic Storm,2006329N06150,DURIAN,WP,MM,pacific_ocean,western_pacific,2006-11-29T09:00:00Z,13.2,126.8,TS,130.0,SuCS,,,4,130.0,True
CLS_04613,3,ESCS-SuCS,Extremely Severe / Super Cyclonic Storm,2006329N06150,DURIAN,WP,MM,pacific_ocean,western_pacific,2006-12-03T06:00:00Z,13.7,113.3,TS,90.0,ESCS,75.0,tokyo,2,75.0,True
CLS_04614,3,ESCS-SuCS,Extremely Severe / Super Cyclonic Storm,2006340N08142,UTOR,WP,MM,pacific_ocean,western_pacific,2006-12-10T03:00:00Z,12.3,121.1,TS,95.0,ESCS,,,2,95.0,True
CLS_04615,3,ESCS-SuCS,Extremely Severe / Super Cyclonic Storm,2006340N08142,UTOR,WP,MM,pacific_ocean,western_pacific,2006-12-12T21:00:00Z,16.2,112.9,TS,93.0,ESCS,,,2,93.0,True
CLS_04616,3,ESCS-SuCS,Extremely Severe / Super Cyclonic Storm,2006350S07071,BONDO,SI,MM,south_indian_ocean,,2006-12-19T18:00:00Z,-10.7,57.4,TS,135.0,SuCS,105.0,reunion,4,105.0,True
CLS_04617,3,ESCS-SuCS,Extremely Severe / Super Cyclonic Storm,2006350S07071,BONDO,SI,MM,south_indian_ocean,,2006-12-20T21:00:00Z,-9.8,52.6,TS,110.0,ESCS,,,3,110.0,True
CLS_04618,3,ESCS-SuCS,Extremely Severe / Super Cyclonic Storm,2006350S07071,BONDO,SI,MM,south_indian_ocean,,2006-12-24T00:00:00Z,-12.2,48.6,TS,115.0,ESCS,70.0,reunion,4,70.0,True
CLS_04619,3,ESCS-SuCS,Extremely Severe / Super Cyclonic Storm,2006350S07071,BONDO,SI,MM,south_indian_ocean,,2006-12-24T15:00:00Z,-13.4,47.6,TS,105.0,ESCS,,,3,105.0,True
CLS_04620,3,ESCS-SuCS,Extremely Severe / Super Cyclonic Storm,2007027S07069,DORA,SI,MM,south_indian_ocean,,2007-02-01T18:00:00Z,-16.2,68.2,TS,90.0,ESCS,85.0,reunion,2,85.0,True
CLS_04621,3,ESCS-SuCS,Extremely Severe / Super Cyclonic Storm,2007027S07069,DORA,SI,MM,south_indian_ocean,,2007-02-02T21:00:00Z,-18.3,67.8,TS,110.0,ESCS,,,3,110.0,True
CLS_04622,3,ESCS-SuCS,Extremely Severe / Super Cyclonic Storm,2007027S07069,DORA,SI,MM,south_indian_ocean,,2007-02-03T12:00:00Z,-18.7,67.2,TS,115.0,ESCS,100.0,reunion,4,100.0,True
CLS_04623,3,ESCS-SuCS,Extremely Severe / Super Cyclonic Storm,2007027S07069,DORA,SI,MM,south_indian_ocean,,2007-02-04T03:00:00Z,-18.8,66.9,TS,103.0,ESCS,,,3,103.0,True
CLS_04624,3,ESCS-SuCS,Extremely Severe / Super Cyclonic Storm,2007043S11071,FAVIO,SI,MM,south_indian_ocean,,2007-02-20T06:00:00Z,-25.5,42.8,TS,100.0,ESCS,90.0,reunion,3,90.0,True
CLS_04625,3,ESCS-SuCS,Extremely Severe / Super Cyclonic Storm,2007043S11071,FAVIO,SI,MM,south_indian_ocean,,2007-02-20T21:00:00Z,-24.6,40.4,TS,118.0,ESCS,,,4,118.0,True
CLS_04626,3,ESCS-SuCS,Extremely Severe / Super Cyclonic Storm,2007043S11071,FAVIO,SI,MM,south_indian_ocean,,2007-02-21T12:00:00Z,-23.7,38.1,TS,105.0,ESCS,90.0,reunion,3,90.0,True
CLS_04627,3,ESCS-SuCS,Extremely Severe / Super Cyclonic Storm,2007043S11071,FAVIO,SI,MM,south_indian_ocean,,2007-02-22T03:00:00Z,-22.6,36.0,TS,100.0,ESCS,,,3,100.0,True
CLS_04628,3,ESCS-SuCS,Extremely Severe / Super Cyclonic Storm,2007050S16079,GAMEDE,SI,MM,south_indian_ocean,,2007-02-23T06:00:00Z,-16.2,60.8,TS,90.0,ESCS,65.0,reunion,2,65.0,True
CLS_04629,3,ESCS-SuCS,Extremely Severe / Super Cyclonic Storm,2007050S16079,GAMEDE,SI,MM,south_indian_ocean,,2007-02-24T09:00:00Z,-17.8,56.9,TS,95.0,ESCS,,,2,95.0,True
CLS_04630,3,ESCS-SuCS,Extremely Severe / Super Cyclonic Storm,2007050S16079,GAMEDE,SI,MM,south_indian_ocean,,2007-02-25T00:00:00Z,-18.9,55.1,TS,90.0,ESCS,80.0,reunion,2,80.0,True
CLS_04631,3,ESCS-SuCS,Extremely Severe / Super Cyclonic Storm,2007050S16079,GAMEDE,SI,MM,south_indian_ocean,,2007-02-26T03:00:00Z,-18.4,53.3,TS,105.0,ESCS,,,3,105.0,True
CLS_04632,3,ESCS-SuCS,Extremely Severe / Super Cyclonic Storm,2007050S16079,GAMEDE,SI,MM,south_indian_ocean,,2007-02-26T15:00:00Z,-18.2,52.9,TS,90.0,ESCS,,,2,90.0,True
CLS_04633,3,ESCS-SuCS,Extremely Severe / Super Cyclonic Storm,2007066S12066,INDLALA,SI,MM,south_indian_ocean,,2007-03-14T00:00:00Z,-13.7,52.8,TS,90.0,ESCS,80.0,reunion,2,80.0,True
CLS_04634,3,ESCS-SuCS,Extremely Severe / Super Cyclonic Storm,2007066S12066,INDLALA,SI,MM,south_indian_ocean,,2007-03-14T21:00:00Z,-14.8,50.7,TS,115.0,ESCS,,,4,115.0,True
CLS_04635,3,ESCS-SuCS,Extremely Severe / Super Cyclonic Storm,2007066S12066,INDLALA,SI,MM,south_indian_ocean,,2007-03-15T09:00:00Z,-15.2,49.9,TS,93.0,ESCS,,,2,93.0,True
CLS_04636,3,ESCS-SuCS,Extremely Severe / Super Cyclonic Storm,2007082S16125,KARA,SI,WA,south_indian_ocean,,2007-03-26T21:00:00Z,-18.5,116.4,TS,98.0,ESCS,95.0,bom,3,95.0,True
CLS_04637,3,ESCS-SuCS,Extremely Severe / Super Cyclonic Storm,2007085S11085,JAYA,SI,MM,south_indian_ocean,,2007-03-31T09:00:00Z,-14.4,63.2,TS,95.0,ESCS,,,2,95.0,True
CLS_04638,3,ESCS-SuCS,Extremely Severe / Super Cyclonic Storm,2007085S11085,JAYA,SI,MM,south_indian_ocean,,2007-03-31T21:00:00Z,-14.7,60.9,TS,108.0,ESCS,,,3,108.0,True
CLS_04639,3,ESCS-SuCS,Extremely Severe / Super Cyclonic Storm,2007085S11085,JAYA,SI,MM,south_indian_ocean,,2007-04-01T21:00:00Z,-15.1,56.2,TS,95.0,ESCS,,,2,95.0,True
CLS_04640,3,ESCS-SuCS,Extremely Severe / Super Cyclonic Storm,2007085S11085,JAYA,SI,MM,south_indian_ocean,,2007-04-02T12:00:00Z,-15.3,53.6,TS,105.0,ESCS,85.0,reunion,3,85.0,True
CLS_04641,3,ESCS-SuCS,Extremely Severe / Super Cyclonic Storm,2007085S11085,JAYA,SI,MM,south_indian_ocean,,2007-04-03T00:00:00Z,-14.9,51.6,TS,95.0,ESCS,85.0,reunion,2,85.0,True
CLS_04642,3,ESCS-SuCS,Extremely Severe / Super Cyclonic Storm,2007090N06158,KONG-REY,WP,MM,pacific_ocean,western_pacific,2007-04-03T09:00:00Z,17.3,144.4,TS,90.0,ESCS,,,2,90.0,True
CLS_04643,3,ESCS-SuCS,Extremely Severe / Super Cyclonic Storm,2007135N08147,YUTU,WP,MM,pacific_ocean,western_pacific,2007-05-19T21:00:00Z,18.0,133.1,TS,105.0,ESCS,,,3,105.0,True
CLS_04644,3,ESCS-SuCS,Extremely Severe / Super Cyclonic Storm,2007135N08147,YUTU,WP,MM,pacific_ocean,western_pacific,2007-05-21T09:00:00Z,23.4,139.9,TS,118.0,ESCS,,,4,118.0,True
CLS_04645,3,ESCS-SuCS,Extremely Severe / Super Cyclonic Storm,2007151N14072,GONU,NI,AS,north_indian_ocean,arabian_sea,2007-06-04T03:00:00Z,18.7,65.1,TS,128.0,SuCS,90.0,newdelhi,4,90.0,True
CLS_04646,3,ESCS-SuCS,Extremely Severe / Super Cyclonic Storm,2007151N14072,GONU,NI,AS,north_indian_ocean,arabian_sea,2007-06-04T15:00:00Z,20.1,63.8,TS,143.0,SuCS,127.0,newdelhi,5,127.0,True
CLS_04647,3,ESCS-SuCS,Extremely Severe / Super Cyclonic Storm,2007151N14072,GONU,NI,AS,north_indian_ocean,arabian_sea,2007-06-05T09:00:00Z,21.4,61.2,TS,120.0,SuCS,102.0,newdelhi,4,102.0,True
CLS_04648,3,ESCS-SuCS,Extremely Severe / Super Cyclonic Storm,2007151N14072,GONU,NI,AS,north_indian_ocean,arabian_sea,2007-06-06T00:00:00Z,22.6,59.8,TS,90.0,ESCS,77.0,newdelhi,2,77.0,True
CLS_04649,3,ESCS-SuCS,Extremely Severe / Super Cyclonic Storm,2007188N04148,MAN-YI,WP,MM,pacific_ocean,western_pacific,2007-07-11T09:00:00Z,18.1,132.2,TS,95.0,ESCS,,,2,95.0,True
CLS_04650,3,ESCS-SuCS,Extremely Severe / Super Cyclonic Storm,2007188N04148,MAN-YI,WP,MM,pacific_ocean,western_pacific,2007-07-13T03:00:00Z,26.7,127.5,TS,120.0,SuCS,90.0,tokyo,4,90.0,True
CLS_04651,3,ESCS-SuCS,Extremely Severe / Super Cyclonic Storm,2007208N20155,USAGI,WP,MM,pacific_ocean,western_pacific,2007-07-31T18:00:00Z,24.2,137.8,TS,115.0,ESCS,85.0,tokyo,4,85.0,True
CLS_04652,3,ESCS-SuCS,Extremely Severe / Super Cyclonic Storm,2007221N13234,FLOSSIE,EP,MM,pacific_ocean,eastern_pacific,2007-08-11T00:00:00Z,12.6,-137.7,TS,90.0,ESCS,90.0,hurdat_epa,2,90.0,True
CLS_04653,3,ESCS-SuCS,Extremely Severe / Super Cyclonic Storm,2007221N13234,FLOSSIE,EP,CP,pacific_ocean,eastern_pacific,2007-08-11T15:00:00Z,12.8,-140.1,TS,115.0,ESCS,,,4,115.0,True
CLS_04654,3,ESCS-SuCS,Extremely Severe / Super Cyclonic Storm,2007221N13234,FLOSSIE,EP,CP,pacific_ocean,eastern_pacific,2007-08-12T06:00:00Z,13.4,-143.0,TS,120.0,SuCS,120.0,hurdat_epa,4,120.0,True
CLS_04655,3,ESCS-SuCS,Extremely Severe / Super Cyclonic Storm,2007221N13234,FLOSSIE,EP,CP,pacific_ocean,eastern_pacific,2007-08-12T18:00:00Z,13.7,-145.2,TS,120.0,SuCS,120.0,hurdat_epa,4,120.0,True
CLS_04656,3,ESCS-SuCS,Extremely Severe / Super Cyclonic Storm,2007221N13234,FLOSSIE,EP,CP,pacific_ocean,eastern_pacific,2007-08-13T12:00:00Z,14.6,-148.9,TS,120.0,SuCS,120.0,hurdat_epa,4,120.0,True
CLS_04657,3,ESCS-SuCS,Extremely Severe / Super Cyclonic Storm,2007223N19136,SEPAT,WP,MM,pacific_ocean,western_pacific,2007-08-15T06:00:00Z,15.8,128.1,TS,130.0,SuCS,95.0,tokyo,4,95.0,True
CLS_04658,3,ESCS-SuCS,Extremely Severe / Super Cyclonic Storm,2007223N19136,SEPAT,WP,MM,pacific_ocean,western_pacific,2007-08-17T12:00:00Z,21.8,122.9,TS,115.0,ESCS,95.0,tokyo,4,95.0,True
CLS_04659,3,ESCS-SuCS,Extremely Severe / Super Cyclonic Storm,2007254N18140,NARI,WP,MM,pacific_ocean,western_pacific,2007-09-14T12:00:00Z,25.7,127.2,TS,115.0,ESCS,100.0,tokyo,4,100.0,True
CLS_04660,3,ESCS-SuCS,Extremely Severe / Super Cyclonic Storm,2007254N18140,NARI,WP,MM,pacific_ocean,western_pacific,2007-09-15T12:00:00Z,30.0,126.2,TS,95.0,ESCS,90.0,tokyo,2,90.0,True
CLS_04661,3,ESCS-SuCS,Extremely Severe / Super Cyclonic Storm,2007257N16134,WIPHA,WP,MM,pacific_ocean,western_pacific,2007-09-17T15:00:00Z,23.6,125.1,TS,120.0,SuCS,95.0,tokyo,4,95.0,True
CLS_04662,3,ESCS-SuCS,Extremely Severe / Super Cyclonic Storm,2007257N16134,WIPHA,WP,MM,pacific_ocean,western_pacific,2007-09-18T09:00:00Z,25.9,122.0,TS,125.0,SuCS,95.0,tokyo,4,95.0,True
CLS_04663,3,ESCS-SuCS,Extremely Severe / Super Cyclonic Storm,2007274N18131,KROSA,WP,MM,pacific_ocean,western_pacific,2007-10-04T06:00:00Z,19.2,127.4,TS,120.0,SuCS,90.0,tokyo,4,90.0,True
CLS_04664,3,ESCS-SuCS,Extremely Severe / Super Cyclonic Storm,2007274N18131,KROSA,WP,MM,pacific_ocean,western_pacific,2007-10-05T21:00:00Z,23.3,123.8,TS,128.0,SuCS,105.0,tokyo,4,105.0,True
CLS_04665,3,ESCS-SuCS,Extremely Severe / Super Cyclonic Storm,2007291N19148,KAJIKI,WP,MM,pacific_ocean,western_pacific,2007-10-20T18:00:00Z,26.0,142.1,TS,115.0,ESCS,90.0,tokyo,4,90.0,True
CLS_04666,3,ESCS-SuCS,Extremely Severe / Super Cyclonic Storm,2007314N10093,SIDR,NI,BB,north_indian_ocean,bay_of_bengal,2007-11-12T21:00:00Z,11.6,90.0,TS,108.0,ESCS,80.0,newdelhi,3,80.0,True
CLS_04667,3,ESCS-SuCS,Extremely Severe / Super Cyclonic Storm,2007314N10093,SIDR,NI,BB,north_indian_ocean,bay_of_bengal,2007-11-14T06:00:00Z,15.0,89.4,TS,120.0,SuCS,90.0,newdelhi,4,90.0,True
CLS_04668,3,ESCS-SuCS,Extremely Severe / Super Cyclonic Storm,2007314N10093,SIDR,NI,BB,north_indian_ocean,bay_of_bengal,2007-11-14T18:00:00Z,16.6,89.1,TS,140.0,SuCS,105.0,newdelhi,5,105.0,True
CLS_04669,3,ESCS-SuCS,Extremely Severe / Super Cyclonic Storm,2007314N10093,SIDR,NI,BB,north_indian_ocean,bay_of_bengal,2007-11-15T09:00:00Z,20.1,89.1,TS,135.0,SuCS,115.0,newdelhi,4,115.0,True
CLS_04670,3,ESCS-SuCS,Extremely Severe / Super Cyclonic Storm,2007324N10140,MITAG,WP,MM,pacific_ocean,western_pacific,2007-11-23T15:00:00Z,14.1,126.5,TS,93.0,ESCS,,,2,93.0,True
CLS_04671,3,ESCS-SuCS,Extremely Severe / Super Cyclonic Storm,2007337S12186,DAMAN,SP,MM,pacific_ocean,southern_pacific,2007-12-07T03:00:00Z,-15.5,178.2,TS,110.0,ESCS,,,3,110.0,True
CLS_04672,3,ESCS-SuCS,Extremely Severe / Super Cyclonic Storm,2007337S12186,DAMAN,SP,MM,pacific_ocean,southern_pacific,2007-12-07T21:00:00Z,-16.1,181.1,TS,95.0,ESCS,,,2,95.0,True
CLS_04673,3,ESCS-SuCS,Extremely Severe / Super Cyclonic Storm,2008015S16162,FUNA,SP,MM,pacific_ocean,southern_pacific,2008-01-18T15:00:00Z,-19.4,174.0,TS,98.0,ESCS,,,3,98.0,True
CLS_04674,3,ESCS-SuCS,Extremely Severe / Super Cyclonic Storm,2008015S16162,FUNA,SP,MM,pacific_ocean,southern_pacific,2008-01-19T03:00:00Z,-21.4,174.9,TS,105.0,ESCS,,,3,105.0,True
CLS_04675,3,ESCS-SuCS,Extremely Severe / Super Cyclonic Storm,2008026S11064,GULA,SI,MM,south_indian_ocean,,2008-01-29T09:00:00Z,-14.7,61.2,TS,90.0,ESCS,,,2,90.0,True
CLS_04676,3,ESCS-SuCS,Extremely Severe / Super Cyclonic Storm,2008026S12179,GENE,SP,MM,pacific_ocean,southern_pacific,2008-01-31T12:00:00Z,-19.5,170.9,TS,95.0,ESCS,80.0,nadi,2,80.0,True
CLS_04677,3,ESCS-SuCS,Extremely Severe / Super Cyclonic Storm,2008026S12179,GENE,SP,MM,pacific_ocean,southern_pacific,2008-02-01T06:00:00Z,-20.3,170.8,TS,90.0,ESCS,85.0,nadi,2,85.0,True
CLS_04678,3,ESCS-SuCS,Extremely Severe / Super Cyclonic Storm,2008033S11083,HONDO,SI,MM,south_indian_ocean,,2008-02-06T18:00:00Z,-14.4,82.1,TS,120.0,SuCS,95.0,reunion,4,95.0,True
CLS_04679,3,ESCS-SuCS,Extremely Severe / Super Cyclonic Storm,2008033S11083,HONDO,SI,MM,south_indian_ocean,,2008-02-07T09:00:00Z,-14.8,82.6,TS,128.0,SuCS,,,4,128.0,True
CLS_04680,3,ESCS-SuCS,Extremely Severe / Super Cyclonic Storm,2008033S11083,HONDO,SI,MM,south_indian_ocean,,2008-02-08T00:00:00Z,-15.1,83.2,TS,125.0,SuCS,115.0,reunion,4,115.0,True
CLS_04681,3,ESCS-SuCS,Extremely Severe / Super Cyclonic Storm,2008033S11083,HONDO,SI,MM,south_indian_ocean,,2008-02-09T03:00:00Z,-16.3,85.1,TS,120.0,SuCS,,,4,120.0,True
CLS_04682,3,ESCS-SuCS,Extremely Severe / Super Cyclonic Storm,2008037S10055,IVAN,SI,MM,south_indian_ocean,,2008-02-15T15:00:00Z,-15.9,54.4,TS,90.0,ESCS,,,2,90.0,True
CLS_04683,3,ESCS-SuCS,Extremely Severe / Super Cyclonic Storm,2008037S10055,IVAN,SI,MM,south_indian_ocean,,2008-02-16T12:00:00Z,-16.6,51.9,TS,125.0,SuCS,95.0,reunion,4,95.0,True
CLS_04684,3,ESCS-SuCS,Extremely Severe / Super Cyclonic Storm,2008037S10055,IVAN,SI,MM,south_indian_ocean,,2008-02-17T03:00:00Z,-17.1,50.1,TS,110.0,ESCS,,,3,110.0,True
CLS_04685,3,ESCS-SuCS,Extremely Severe / Super Cyclonic Storm,2008062S10064,JOKWE,SI,MM,south_indian_ocean,,2008-03-07T15:00:00Z,-14.6,42.5,TS,95.0,ESCS,,,2,95.0,True
CLS_04686,3,ESCS-SuCS,Extremely Severe / Super Cyclonic Storm,2008062S10064,JOKWE,SI,MM,south_indian_ocean,,2008-03-08T12:00:00Z,-15.9,40.3,TS,100.0,ESCS,85.0,reunion,3,85.0,True
CLS_04687,3,ESCS-SuCS,Extremely Severe / Super Cyclonic Storm,2008062S10064,JOKWE,SI,MM,south_indian_ocean,,2008-03-10T00:00:00Z,-19.6,39.3,TS,90.0,ESCS,75.0,reunion,2,75.0,True
CLS_04688,3,ESCS-SuCS,Extremely Severe / Super Cyclonic Storm,2008065S12096,KAMBA,SI,MM,south_indian_ocean,,2008-03-10T15:00:00Z,-18.8,78.3,TS,113.0,ESCS,,,4,113.0,True
CLS_04689,3,ESCS-SuCS,Extremely Severe / Super Cyclonic Storm,2008062S10064,JOKWE,SI,MM,south_indian_ocean,,2008-03-10T21:00:00Z,-22.3,40.8,TS,100.0,ESCS,,,3,100.0,True
CLS_04690,3,ESCS-SuCS,Extremely Severe / Super Cyclonic Storm,2008065S12096,KAMBA,SI,MM,south_indian_ocean,,2008-03-11T06:00:00Z,-22.1,78.1,TS,100.0,ESCS,90.0,reunion,3,90.0,True
CLS_04691,3,ESCS-SuCS,Extremely Severe / Super Cyclonic Storm,2008083S12102,PANCHO,SI,WA,south_indian_ocean,,2008-03-27T00:00:00Z,-19.3,105.9,TS,100.0,ESCS,95.0,bom,3,95.0,True
CLS_04692,3,ESCS-SuCS,Extremely Severe / Super Cyclonic Storm,2008083S12102,PANCHO,SI,WA,south_indian_ocean,,2008-03-27T12:00:00Z,-21.6,106.9,TS,90.0,ESCS,85.0,bom,2,85.0,True
CLS_04693,3,ESCS-SuCS,Extremely Severe / Super Cyclonic Storm,2008104N08128,NEOGURI,WP,MM,pacific_ocean,western_pacific,2008-04-17T09:00:00Z,16.2,111.9,TS,90.0,ESCS,,,2,90.0,True
CLS_04694,3,ESCS-SuCS,Extremely Severe / Super Cyclonic Storm,2008104N08128,NEOGURI,WP,MM,pacific_ocean,western_pacific,2008-04-17T21:00:00Z,17.5,111.6,TS,98.0,ESCS,,,3,98.0,True
CLS_04695,3,ESCS-SuCS,Extremely Severe / Super Cyclonic Storm,2008128N07134,RAMMASUN,WP,MM,pacific_ocean,western_pacific,2008-05-11T03:00:00Z,20.1,131.9,TS,128.0,SuCS,,,4,128.0,True
CLS_04696,3,ESCS-SuCS,Extremely Severe / Super Cyclonic Storm,2008147N10141,NAKRI,WP,MM,pacific_ocean,western_pacific,2008-05-29T00:00:00Z,16.1,136.3,TS,100.0,ESCS,85.0,tokyo,3,85.0,True
CLS_04697,3,ESCS-SuCS,Extremely Severe / Super Cyclonic Storm,2008169N08135,FENGSHEN,WP,MM,pacific_ocean,western_pacific,2008-06-21T00:00:00Z,11.9,122.7,TS,110.0,ESCS,90.0,tokyo,3,90.0,True
CLS_04698,3,ESCS-SuCS,Extremely Severe / Super Cyclonic Storm,2008193N20126,KALMAEGI,WP,MM,pacific_ocean,western_pacific,2008-07-17T09:00:00Z,23.7,122.3,TS,90.0,ESCS,65.0,tokyo,2,65.0,True
CLS_04699,3,ESCS-SuCS,Extremely Severe / Super Cyclonic Storm,2008206N22133,FUNG-WONG,WP,MM,pacific_ocean,western_pacific,2008-07-27T15:00:00Z,22.8,122.7,TS,93.0,ESCS,75.0,tokyo,2,75.0,True
CLS_04700,3,ESCS-SuCS,Extremely Severe / Super Cyclonic Storm,2008220N12250,HERNAN,EP,MM,pacific_ocean,eastern_pacific,2008-08-09T06:00:00Z,15.2,-122.1,TS,90.0,ESCS,90.0,hurdat_epa,2,90.0,True
CLS_04701,3,ESCS-SuCS,Extremely Severe / Super Cyclonic Storm,2008220N12250,HERNAN,EP,MM,pacific_ocean,eastern_pacific,2008-08-09T18:00:00Z,16.0,-123.6,TS,105.0,ESCS,105.0,hurdat_epa,3,105.0,True
CLS_04702,3,ESCS-SuCS,Extremely Severe / Super Cyclonic Storm,2008220N12250,HERNAN,EP,MM,pacific_ocean,eastern_pacific,2008-08-10T06:00:00Z,17.0,-125.3,TS,90.0,ESCS,90.0,hurdat_epa,2,90.0,True
CLS_04703,3,ESCS-SuCS,Extremely Severe / Super Cyclonic Storm,2008229N13147,NURI,WP,MM,pacific_ocean,western_pacific,2008-08-19T21:00:00Z,18.6,122.5,TS,98.0,ESCS,,,3,98.0,True
CLS_04704,3,ESCS-SuCS,Extremely Severe / Super Cyclonic Storm,2008252N16128,SINLAKU,WP,MM,pacific_ocean,western_pacific,2008-09-12T15:00:00Z,23.8,123.3,TS,108.0,ESCS,90.0,tokyo,3,90.0,True
CLS_04705,3,ESCS-SuCS,Extremely Severe / Super Cyclonic Storm,2008262N16142,HAGUPIT,WP,MM,pacific_ocean,western_pacific,2008-09-22T18:00:00Z,19.9,119.1,TS,100.0,ESCS,80.0,tokyo,3,80.0,True
CLS_04706,3,ESCS-SuCS,Extremely Severe / Super Cyclonic Storm,2008262N16142,HAGUPIT,WP,MM,pacific_ocean,western_pacific,2008-09-23T18:00:00Z,21.1,112.6,TS,120.0,SuCS,90.0,tokyo,4,90.0,True
CLS_04707,3,ESCS-SuCS,Extremely Severe / Super Cyclonic Storm,2008268N12140,JANGMI,WP,MM,pacific_ocean,western_pacific,2008-09-26T18:00:00Z,18.7,127.2,TS,120.0,SuCS,100.0,tokyo,4,100.0,True
CLS_04708,3,ESCS-SuCS,Extremely Severe / Super Cyclonic Storm,2008268N12140,JANGMI,WP,MM,pacific_ocean,western_pacific,2008-09-27T21:00:00Z,22.2,123.5,TS,133.0,SuCS,115.0,tokyo,4,115.0,True
CLS_04709,3,ESCS-SuCS,Extremely Severe / Super Cyclonic Storm,2008278N13261,NORBERT,EP,MM,pacific_ocean,eastern_pacific,2008-10-08T12:00:00Z,16.1,-110.2,TS,110.0,ESCS,110.0,hurdat_epa,3,110.0,True
CLS_04710,3,ESCS-SuCS,Extremely Severe / Super Cyclonic Storm,2008278N13261,NORBERT,EP,MM,pacific_ocean,eastern_pacific,2008-10-09T09:00:00Z,17.4,-112.3,TS,93.0,ESCS,,,2,93.0,True
CLS_04711,3,ESCS-SuCS,Extremely Severe / Super Cyclonic Storm,2008278N13261,NORBERT,EP,MM,pacific_ocean,eastern_pacific,2008-10-11T06:00:00Z,22.8,-112.8,TS,100.0,ESCS,100.0,hurdat_epa,3,100.0,True
CLS_04712,3,ESCS-SuCS,Extremely Severe / Super Cyclonic Storm,2008278N13261,NORBERT,EP,MM,pacific_ocean,eastern_pacific,2008-10-11T18:00:00Z,24.6,-111.4,TS,90.0,ESCS,90.0,hurdat_epa,2,90.0,True
CLS_04713,3,ESCS-SuCS,Extremely Severe / Super Cyclonic Storm,2008351S11128,BILLY,SI,WA,south_indian_ocean,,2008-12-24T15:00:00Z,-17.7,118.3,TS,108.0,ESCS,,,3,108.0,True
CLS_04714,3,ESCS-SuCS,Extremely Severe / Super Cyclonic Storm,2008351S11128,BILLY,SI,WA,south_indian_ocean,,2008-12-25T09:00:00Z,-17.1,116.3,TS,105.0,ESCS,,,3,105.0,True
CLS_04715,3,ESCS-SuCS,Extremely Severe / Super Cyclonic Storm,2009017S20043,FANELE,SI,MM,south_indian_ocean,,2009-01-20T12:00:00Z,-20.2,42.6,TS,115.0,ESCS,100.0,reunion,4,100.0,True
CLS_04716,3,ESCS-SuCS,Extremely Severe / Super Cyclonic Storm,2009017S20043,FANELE,SI,MM,south_indian_ocean,,2009-01-21T00:00:00Z,-20.6,43.7,TS,100.0,ESCS,90.0,reunion,3,90.0,True
CLS_04717,3,ESCS-SuCS,Extremely Severe / Super Cyclonic Storm,2009032S15071,GAEL,SI,MM,south_indian_ocean,,2009-02-06T06:00:00Z,-18.5,53.2,TS,90.0,ESCS,75.0,reunion,2,75.0,True
CLS_04718,3,ESCS-SuCS,Extremely Severe / Super Cyclonic Storm,2009032S15071,GAEL,SI,MM,south_indian_ocean,,2009-02-07T03:00:00Z,-19.8,51.7,TS,118.0,ESCS,,,4,118.0,True
CLS_04719,3,ESCS-SuCS,Extremely Severe / Super Cyclonic Storm,2009032S15071,GAEL,SI,MM,south_indian_ocean,,2009-02-07T18:00:00Z,-21.2,52.1,TS,105.0,ESCS,90.0,reunion,3,90.0,True
CLS_04720,3,ESCS-SuCS,Extremely Severe / Super Cyclonic Storm,2009032S15071,GAEL,SI,MM,south_indian_ocean,,2009-02-08T12:00:00Z,-24.3,53.3,TS,105.0,ESCS,85.0,reunion,3,85.0,True
CLS_04721,3,ESCS-SuCS,Extremely Severe / Super Cyclonic Storm,2009032S15071,GAEL,SI,MM,south_indian_ocean,,2009-02-09T06:00:00Z,-28.3,56.3,TS,95.0,ESCS,80.0,reunion,2,80.0,True
CLS_04722,3,ESCS-SuCS,Extremely Severe / Super Cyclonic Storm,2009064S13148,HAMISH,SP,EA,pacific_ocean,southern_pacific,2009-03-08T00:00:00Z,-20.0,150.5,TS,135.0,SuCS,115.0,bom,4,115.0,True
CLS_04723,3,ESCS-SuCS,Extremely Severe / Super Cyclonic Storm,2009064S13148,HAMISH,SP,EA,pacific_ocean,southern_pacific,2009-03-08T15:00:00Z,-21.4,151.8,TS,118.0,ESCS,,,4,118.0,True
CLS_04724,3,ESCS-SuCS,Extremely Severe / Super Cyclonic Storm,2009064S13148,HAMISH,SP,EA,pacific_ocean,southern_pacific,2009-03-09T09:00:00Z,-23.0,153.5,TS,115.0,ESCS,,,4,115.0,True
CLS_04725,3,ESCS-SuCS,Extremely Severe / Super Cyclonic Storm,2009074S10129,ILSA,SI,WA,south_indian_ocean,,2009-03-19T09:00:00Z,-16.2,107.2,TS,93.0,ESCS,,,2,93.0,True
CLS_04726,3,ESCS-SuCS,Extremely Severe / Super Cyclonic Storm,2009074S10129,ILSA,SI,WA,south_indian_ocean,,2009-03-19T21:00:00Z,-16.2,105.5,TS,98.0,ESCS,,,3,98.0,True
CLS_04727,3,ESCS-SuCS,Extremely Severe / Super Cyclonic Storm,2009074S10129,ILSA,SI,WA,south_indian_ocean,,2009-03-20T09:00:00Z,-16.0,104.1,TS,93.0,ESCS,,,2,93.0,True
CLS_04728,3,ESCS-SuCS,Extremely Severe / Super Cyclonic Storm,2009074S10129,ILSA,SI,WA,south_indian_ocean,,2009-03-20T21:00:00Z,-15.9,102.8,TS,90.0,ESCS,,,2,90.0,True
CLS_04729,3,ESCS-SuCS,Extremely Severe / Super Cyclonic Storm,2009121N13124,KUJIRA,WP,MM,pacific_ocean,western_pacific,2009-05-05T06:00:00Z,18.3,134.0,TS,110.0,ESCS,85.0,tokyo,3,85.0,True
CLS_04730,3,ESCS-SuCS,Extremely Severe / Super Cyclonic Storm,2009123N10111,CHAN-HOM,WP,MM,pacific_ocean,western_pacific,2009-05-07T06:00:00Z,15.8,118.8,TS,90.0,ESCS,65.0,tokyo,2,65.0,True
CLS_04731,3,ESCS-SuCS,Extremely Severe / Super Cyclonic Storm,2009190N09254,CARLOS,EP,MM,pacific_ocean,eastern_pacific,2009-07-15T03:00:00Z,10.1,-128.6,TS,90.0,ESCS,,,2,90.0,True
CLS_04732,3,ESCS-SuCS,Extremely Severe / Super Cyclonic Storm,2009215N10242,FELICIA,EP,MM,pacific_ocean,eastern_pacific,2009-08-05T09:00:00Z,13.5,-128.0,TS,93.0,ESCS,,,2,93.0,True
CLS_04733,3,ESCS-SuCS,Extremely Severe / Super Cyclonic Storm,2009215N10242,FELICIA,EP,MM,pacific_ocean,eastern_pacific,2009-08-05T21:00:00Z,14.5,-129.7,TS,120.0,SuCS,,,4,120.0,True
CLS_04734,3,ESCS-SuCS,Extremely Severe / Super Cyclonic Storm,2009215N10242,FELICIA,EP,MM,pacific_ocean,eastern_pacific,2009-08-06T15:00:00Z,16.0,-131.9,TS,118.0,ESCS,,,4,118.0,True
CLS_04735,3,ESCS-SuCS,Extremely Severe / Super Cyclonic Storm,2009215N10242,FELICIA,EP,MM,pacific_ocean,eastern_pacific,2009-08-07T03:00:00Z,17.0,-133.6,TS,110.0,ESCS,,,3,110.0,True
CLS_04736,3,ESCS-SuCS,Extremely Severe / Super Cyclonic Storm,2009215N10242,FELICIA,EP,MM,pacific_ocean,eastern_pacific,2009-08-07T15:00:00Z,17.9,-135.8,TS,98.0,ESCS,,,3,98.0,True
CLS_04737,3,ESCS-SuCS,Extremely Severe / Super Cyclonic Storm,2009222N09262,GUILLERMO,EP,MM,pacific_ocean,eastern_pacific,2009-08-15T06:00:00Z,18.5,-131.2,TS,100.0,ESCS,100.0,hurdat_epa,3,100.0,True
CLS_04738,3,ESCS-SuCS,Extremely Severe / Super Cyclonic Storm,2009222N09262,GUILLERMO,EP,MM,pacific_ocean,eastern_pacific,2009-08-15T21:00:00Z,19.2,-134.6,TS,98.0,ESCS,,,3,98.0,True
CLS_04739,3,ESCS-SuCS,Extremely Severe / Super Cyclonic Storm,2009228N11163,VAMCO,WP,MM,pacific_ocean,western_pacific,2009-08-21T12:00:00Z,21.1,156.7,TS,120.0,SuCS,90.0,tokyo,4,90.0,True
CLS_04740,3,ESCS-SuCS,Extremely Severe / Super Cyclonic Storm,2009228N11163,VAMCO,WP,MM,pacific_ocean,western_pacific,2009-08-23T09:00:00Z,28.9,154.7,TS,90.0,ESCS,,,2,90.0,True
CLS_04741,3,ESCS-SuCS,Extremely Severe / Super Cyclonic Storm,2009228N11163,VAMCO,WP,MM,pacific_ocean,western_pacific,2009-08-24T18:00:00Z,35.5,155.9,TS,90.0,ESCS,75.0,tokyo,2,75.0,True
CLS_04742,3,ESCS-SuCS,Extremely Severe / Super Cyclonic Storm,2009239N12270,JIMENA,EP,MM,pacific_ocean,eastern_pacific,2009-08-30T18:00:00Z,16.3,-106.6,TS,120.0,SuCS,120.0,hurdat_epa,4,120.0,True
CLS_04743,3,ESCS-SuCS,Extremely Severe / Super Cyclonic Storm,2009239N12270,JIMENA,EP,MM,pacific_ocean,eastern_pacific,2009-08-31T09:00:00Z,17.5,-107.9,TS,120.0,SuCS,,,4,120.0,True
CLS_04744,3,ESCS-SuCS,Extremely Severe / Super Cyclonic Storm,2009239N12270,JIMENA,EP,MM,pacific_ocean,eastern_pacific,2009-09-01T03:00:00Z,19.3,-109.6,TS,133.0,SuCS,,,4,133.0,True
CLS_04745,3,ESCS-SuCS,Extremely Severe / Super Cyclonic Storm,2009239N12270,JIMENA,EP,MM,pacific_ocean,eastern_pacific,2009-09-01T18:00:00Z,21.5,-111.0,TS,115.0,ESCS,115.0,hurdat_epa,4,115.0,True
CLS_04746,3,ESCS-SuCS,Extremely Severe / Super Cyclonic Storm,2009239N12270,JIMENA,EP,MM,pacific_ocean,eastern_pacific,2009-09-02T06:00:00Z,23.4,-111.7,TS,95.0,ESCS,95.0,hurdat_epa,2,95.0,True
CLS_04747,3,ESCS-SuCS,Extremely Severe / Super Cyclonic Storm,2009255N13155,CHOI-WAN,WP,MM,pacific_ocean,western_pacific,2009-09-16T18:00:00Z,19.6,141.4,TS,140.0,SuCS,105.0,tokyo,5,105.0,True
CLS_04748,3,ESCS-SuCS,Extremely Severe / Super Cyclonic Storm,2009255N13155,CHOI-WAN,WP,MM,pacific_ocean,western_pacific,2009-09-18T12:00:00Z,25.2,139.1,TS,100.0,ESCS,75.0,tokyo,3,75.0,True
CLS_04749,3,ESCS-SuCS,Extremely Severe / Super Cyclonic Storm,2009268N14128,KETSANA,WP,MM,pacific_ocean,western_pacific,2009-09-28T18:00:00Z,16.0,110.3,TS,90.0,ESCS,70.0,tokyo,2,70.0,True
CLS_04750,3,ESCS-SuCS,Extremely Severe / Super Cyclonic Storm,2009270N10148,PARMA,WP,MM,pacific_ocean,western_pacific,2009-09-30T15:00:00Z,10.9,133.2,TS,98.0,ESCS,,,3,98.0,True
CLS_04751,3,ESCS-SuCS,Extremely Severe / Super Cyclonic Storm,2009270N10148,PARMA,WP,MM,pacific_ocean,western_pacific,2009-10-02T21:00:00Z,16.9,123.4,TS,90.0,ESCS,,,2,90.0,True
CLS_04752,3,ESCS-SuCS,Extremely Severe / Super Cyclonic Storm,2009272N07164,MELOR,WP,MM,pacific_ocean,western_pacific,2009-10-03T03:00:00Z,15.9,147.3,TS,115.0,ESCS,,,4,115.0,True
CLS_04753,3,ESCS-SuCS,Extremely Severe / Super Cyclonic Storm,2009272N07164,MELOR,WP,MM,pacific_ocean,western_pacific,2009-10-05T06:00:00Z,19.2,134.8,TS,140.0,SuCS,105.0,tokyo,5,105.0,True
CLS_04754,3,ESCS-SuCS,Extremely Severe / Super Cyclonic Storm,2009287N10154,LUPIT,WP,MM,pacific_ocean,western_pacific,2009-10-17T12:00:00Z,16.1,132.3,TS,105.0,ESCS,85.0,tokyo,3,85.0,True
CLS_04755,3,ESCS-SuCS,Extremely Severe / Super Cyclonic Storm,2009288N07267,RICK,EP,MM,pacific_ocean,eastern_pacific,2009-10-17T12:00:00Z,14.1,-102.5,TS,120.0,SuCS,120.0,hurdat_epa,4,120.0,True
CLS_04756,3,ESCS-SuCS,Extremely Severe / Super Cyclonic Storm,2009288N07267,RICK,EP,MM,pacific_ocean,eastern_pacific,2009-10-18T03:00:00Z,15.0,-106.0,TS,153.0,SuCS,,,5,153.0,True
CLS_04757,3,ESCS-SuCS,Extremely Severe / Super Cyclonic Storm,2009287N10154,LUPIT,WP,MM,pacific_ocean,western_pacific,2009-10-18T09:00:00Z,17.5,133.8,TS,128.0,SuCS,,,4,128.0,True
CLS_04758,3,ESCS-SuCS,Extremely Severe / Super Cyclonic Storm,2009288N07267,RICK,EP,MM,pacific_ocean,eastern_pacific,2009-10-18T15:00:00Z,15.9,-108.4,TS,148.0,SuCS,,,5,148.0,True
CLS_04759,3,ESCS-SuCS,Extremely Severe / Super Cyclonic Storm,2009288N07267,RICK,EP,MM,pacific_ocean,eastern_pacific,2009-10-19T03:00:00Z,16.9,-110.4,TS,118.0,ESCS,,,4,118.0,True
CLS_04760,3,ESCS-SuCS,Extremely Severe / Super Cyclonic Storm,2009287N10154,LUPIT,WP,MM,pacific_ocean,western_pacific,2009-10-19T06:00:00Z,19.0,133.2,TS,130.0,SuCS,95.0,tokyo,4,95.0,True
CLS_04761,3,ESCS-SuCS,Extremely Severe / Super Cyclonic Storm,2009289N12230,NEKI,EP,CP,pacific_ocean,eastern_pacific,2009-10-21T15:00:00Z,17.1,-166.5,TS,95.0,ESCS,,,2,95.0,True
CLS_04762,3,ESCS-SuCS,Extremely Severe / Super Cyclonic Storm,2009289N12230,NEKI,EP,CP,pacific_ocean,eastern_pacific,2009-10-22T03:00:00Z,18.6,-166.7,TS,108.0,ESCS,,,3,108.0,True
CLS_04763,3,ESCS-SuCS,Extremely Severe / Super Cyclonic Storm,2009289N12230,NEKI,EP,CP,pacific_ocean,eastern_pacific,2009-10-22T18:00:00Z,20.4,-166.4,TS,90.0,ESCS,90.0,hurdat_epa,2,90.0,True
CLS_04764,3,ESCS-SuCS,Extremely Severe / Super Cyclonic Storm,2009299N12153,MIRINAE,WP,MM,pacific_ocean,western_pacific,2009-10-29T00:00:00Z,16.0,132.2,TS,90.0,ESCS,80.0,tokyo,2,80.0,True
CLS_04765,3,ESCS-SuCS,Extremely Severe / Super Cyclonic Storm,2009317S10073,ANJA,SI,MM,south_indian_ocean,,2009-11-15T18:00:00Z,-13.3,69.5,TS,105.0,ESCS,85.0,reunion,3,85.0,True
CLS_04766,3,ESCS-SuCS,Extremely Severe / Super Cyclonic Storm,2009317S10073,ANJA,SI,MM,south_indian_ocean,,2009-11-16T06:00:00Z,-14.1,68.9,TS,105.0,ESCS,85.0,reunion,3,85.0,True
CLS_04767,3,ESCS-SuCS,Extremely Severe / Super Cyclonic Storm,2009317S10073,ANJA,SI,MM,south_indian_ocean,,2009-11-17T00:00:00Z,-16.4,67.3,TS,105.0,ESCS,85.0,reunion,3,85.0,True
CLS_04768,3,ESCS-SuCS,Extremely Severe / Super Cyclonic Storm,2009325N06148,NIDA,WP,MM,pacific_ocean,western_pacific,2009-11-29T21:00:00Z,19.5,139.4,TS,103.0,ESCS,,,3,103.0,True
CLS_04769,3,ESCS-SuCS,Extremely Severe / Super Cyclonic Storm,2009337S07096,CLEO,SI,MM,south_indian_ocean,,2009-12-08T15:00:00Z,-11.2,75.2,TS,115.0,ESCS,,,4,115.0,True
CLS_04770,3,ESCS-SuCS,Extremely Severe / Super Cyclonic Storm,2009337S07096,CLEO,SI,MM,south_indian_ocean,,2009-12-09T09:00:00Z,-11.9,72.8,TS,95.0,ESCS,,,2,95.0,True
CLS_04771,3,ESCS-SuCS,Extremely Severe / Super Cyclonic Storm,2009342S09140,LAURENCE,SI,WA,south_indian_ocean,,2009-12-15T12:00:00Z,-14.6,125.0,TS,90.0,ESCS,95.0,bom,2,95.0,True
CLS_04772,3,ESCS-SuCS,Extremely Severe / Super Cyclonic Storm,2009342S09140,LAURENCE,SI,WA,south_indian_ocean,,2009-12-16T00:00:00Z,-15.4,124.2,TS,115.0,ESCS,110.0,bom,4,110.0,True
CLS_04773,3,ESCS-SuCS,Extremely Severe / Super Cyclonic Storm,2009342S09140,LAURENCE,SI,WA,south_indian_ocean,,2009-12-21T12:00:00Z,-20.0,120.9,TS,120.0,SuCS,80.0,bom,4,80.0,True
CLS_04774,3,ESCS-SuCS,Extremely Severe / Super Cyclonic Storm,2010002S09096,EDZANI,SI,MM,south_indian_ocean,,2010-01-07T09:00:00Z,-14.3,79.8,TS,93.0,ESCS,,,2,93.0,True
CLS_04775,3,ESCS-SuCS,Extremely Severe / Super Cyclonic Storm,2010002S09096,EDZANI,SI,MM,south_indian_ocean,,2010-01-08T06:00:00Z,-15.6,77.8,TS,125.0,SuCS,115.0,reunion,4,115.0,True
CLS_04776,3,ESCS-SuCS,Extremely Severe / Super Cyclonic Storm,2010002S09096,EDZANI,SI,MM,south_indian_ocean,,2010-01-08T18:00:00Z,-16.4,76.2,TS,140.0,SuCS,120.0,reunion,5,120.0,True
CLS_04777,3,ESCS-SuCS,Extremely Severe / Super Cyclonic Storm,2010002S09096,EDZANI,SI,MM,south_indian_ocean,,2010-01-09T12:00:00Z,-18.3,73.6,TS,115.0,ESCS,95.0,reunion,4,95.0,True
CLS_04778,3,ESCS-SuCS,Extremely Severe / Super Cyclonic Storm,2010002S09096,EDZANI,SI,MM,south_indian_ocean,,2010-01-10T00:00:00Z,-20.1,72.2,TS,105.0,ESCS,85.0,reunion,3,85.0,True
CLS_04779,3,ESCS-SuCS,Extremely Severe / Super Cyclonic Storm,2010029S12177,OLI,SP,MM,pacific_ocean,southern_pacific,2010-02-04T12:00:00Z,-18.6,207.7,TS,115.0,ESCS,100.0,nadi,4,100.0,True
CLS_04780,3,ESCS-SuCS,Extremely Severe / Super Cyclonic Storm,2010029S12177,OLI,SP,MM,pacific_ocean,southern_pacific,2010-02-05T03:00:00Z,-21.0,209.0,TS,113.0,ESCS,,,4,113.0,True
CLS_04781,3,ESCS-SuCS,Extremely Severe / Super Cyclonic Storm,2010029S12177,OLI,SP,MM,pacific_ocean,southern_pacific,2010-02-05T15:00:00Z,-23.4,210.6,TS,98.0,ESCS,,,3,98.0,True
CLS_04782,3,ESCS-SuCS,Extremely Severe / Super Cyclonic Storm,2010040S11185,RENE,SP,MM,pacific_ocean,southern_pacific,2010-02-14T03:00:00Z,-17.0,188.3,TS,98.0,ESCS,,,3,98.0,True
CLS_04783,3,ESCS-SuCS,Extremely Severe / Super Cyclonic Storm,2010040S11185,RENE,SP,MM,pacific_ocean,southern_pacific,2010-02-14T15:00:00Z,-18.2,186.6,TS,90.0,ESCS,,,2,90.0,True
CLS_04784,3,ESCS-SuCS,Extremely Severe / Super Cyclonic Storm,2010046S10058,GELANE,SI,MM,south_indian_ocean,,2010-02-19T00:00:00Z,-16.3,62.2,TS,100.0,ESCS,80.0,reunion,3,80.0,True
CLS_04785,3,ESCS-SuCS,Extremely Severe / Super Cyclonic Storm,2010046S10058,GELANE,SI,MM,south_indian_ocean,,2010-02-19T21:00:00Z,-18.2,61.8,TS,115.0,ESCS,,,4,115.0,True
CLS_04786,3,ESCS-SuCS,Extremely Severe / Super Cyclonic Storm,2010070S15168,ULUI,SP,MM,pacific_ocean,southern_pacific,2010-03-13T21:00:00Z,-12.8,162.0,TS,135.0,SuCS,,,4,135.0,True
CLS_04787,3,ESCS-SuCS,Extremely Severe / Super Cyclonic Storm,2010069S12188,TOMAS,SP,MM,pacific_ocean,southern_pacific,2010-03-15T18:00:00Z,-17.7,-179.5,TS,105.0,ESCS,90.0,nadi,3,90.0,True
CLS_04788,3,ESCS-SuCS,Extremely Severe / Super Cyclonic Storm,2010070S15168,ULUI,SP,EA,pacific_ocean,southern_pacific,2010-03-16T03:00:00Z,-13.3,158.0,TS,113.0,ESCS,,,4,113.0,True
CLS_04789,3,ESCS-SuCS,Extremely Severe / Super Cyclonic Storm,2010069S12188,TOMAS,SP,MM,pacific_ocean,southern_pacific,2010-03-16T21:00:00Z,-24.2,-177.3,TS,103.0,ESCS,,,3,103.0,True
CLS_04790,3,ESCS-SuCS,Extremely Severe / Super Cyclonic Storm,2010151N14065,PHET,NI,AS,north_indian_ocean,arabian_sea,2010-06-02T15:00:00Z,18.4,59.9,TS,123.0,SuCS,85.0,newdelhi,4,85.0,True
CLS_04791,3,ESCS-SuCS,Extremely Severe / Super Cyclonic Storm,2010151N14065,PHET,NI,AS,north_indian_ocean,arabian_sea,2010-06-03T03:00:00Z,18.6,59.5,TS,118.0,ESCS,75.0,newdelhi,4,75.0,True
CLS_04792,3,ESCS-SuCS,Extremely Severe / Super Cyclonic Storm,2010151N14065,PHET,NI,AS,north_indian_ocean,arabian_sea,2010-06-03T18:00:00Z,20.7,59.4,TS,105.0,ESCS,65.0,newdelhi,3,65.0,True
CLS_04793,3,ESCS-SuCS,Extremely Severe / Super Cyclonic Storm,2010169N13266,CELIA,EP,MM,pacific_ocean,eastern_pacific,2010-06-23T15:00:00Z,12.1,-109.2,TS,90.0,ESCS,,,2,90.0,True
CLS_04794,3,ESCS-SuCS,Extremely Severe / Super Cyclonic Storm,2010169N13266,CELIA,EP,MM,pacific_ocean,eastern_pacific,2010-06-24T03:00:00Z,12.3,-111.5,TS,90.0,ESCS,,,2,90.0,True
CLS_04795,3,ESCS-SuCS,Extremely Severe / Super Cyclonic Storm,2010169N13266,CELIA,EP,MM,pacific_ocean,eastern_pacific,2010-06-24T15:00:00Z,12.4,-113.8,TS,108.0,ESCS,,,3,108.0,True
CLS_04796,3,ESCS-SuCS,Extremely Severe / Super Cyclonic Storm,2010169N13266,CELIA,EP,MM,pacific_ocean,eastern_pacific,2010-06-25T06:00:00Z,13.2,-116.5,TS,140.0,SuCS,140.0,hurdat_epa,5,140.0,True
CLS_04797,3,ESCS-SuCS,Extremely Severe / Super Cyclonic Storm,2010172N08272,DARBY,EP,MM,pacific_ocean,eastern_pacific,2010-06-25T09:00:00Z,13.3,-100.7,TS,95.0,ESCS,,,2,95.0,True
CLS_04798,3,ESCS-SuCS,Extremely Severe / Super Cyclonic Storm,2010169N13266,CELIA,EP,MM,pacific_ocean,eastern_pacific,2010-06-25T18:00:00Z,14.0,-118.5,TS,110.0,ESCS,110.0,hurdat_epa,3,110.0,True
CLS_04799,3,ESCS-SuCS,Extremely Severe / Super Cyclonic Storm,2010172N08272,DARBY,EP,MM,pacific_ocean,eastern_pacific,2010-06-25T21:00:00Z,13.7,-101.6,TS,105.0,ESCS,105.0,hurdat_epa,3,105.0,True
CLS_04800,3,ESCS-SuCS,Extremely Severe / Super Cyclonic Storm,2010172N08272,DARBY,EP,MM,pacific_ocean,eastern_pacific,2010-06-26T09:00:00Z,13.5,-102.4,TS,98.0,ESCS,,,3,98.0,True
CLS_04801,3,ESCS-SuCS,Extremely Severe / Super Cyclonic Storm,2010240N15142,KOMPASU,WP,MM,pacific_ocean,western_pacific,2010-08-31T18:00:00Z,28.7,126.2,TS,100.0,ESCS,80.0,tokyo,3,80.0,True
CLS_04802,3,ESCS-SuCS,Extremely Severe / Super Cyclonic Storm,2010256N17137,FANAPI,WP,MM,pacific_ocean,western_pacific,2010-09-18T09:00:00Z,23.8,124.8,TS,105.0,ESCS,85.0,tokyo,3,85.0,True
CLS_04803,3,ESCS-SuCS,Extremely Severe / Super Cyclonic Storm,2010263N15149,MALAKAS,WP,MM,pacific_ocean,western_pacific,2010-09-24T00:00:00Z,24.3,140.8,TS,90.0,ESCS,70.0,tokyo,2,70.0,True
CLS_04804,3,ESCS-SuCS,Extremely Severe / Super Cyclonic Storm,2010285N13145,MEGI,WP,MM,pacific_ocean,western_pacific,2010-10-15T21:00:00Z,17.1,133.7,TS,90.0,ESCS,,,2,90.0,True
CLS_04805,3,ESCS-SuCS,Extremely Severe / Super Cyclonic Storm,2010285N13145,MEGI,WP,MM,pacific_ocean,western_pacific,2010-10-19T00:00:00Z,16.4,119.0,TS,95.0,ESCS,80.0,tokyo,2,80.0,True
CLS_04806,3,ESCS-SuCS,Extremely Severe / Super Cyclonic Storm,2010293N17093,GIRI,NI,BB,north_indian_ocean,bay_of_bengal,2010-10-22T03:00:00Z,18.9,92.9,TS,108.0,ESCS,80.0,newdelhi,3,80.0,True
CLS_04807,3,ESCS-SuCS,Extremely Severe / Super Cyclonic Storm,2010293N16147,CHABA,WP,MM,pacific_ocean,western_pacific,2010-10-27T09:00:00Z,22.0,127.9,TS,105.0,ESCS,,,3,105.0,True
CLS_04808,3,ESCS-SuCS,Extremely Severe / Super Cyclonic Storm,2011020S13182,WILMA,SP,MM,pacific_ocean,southern_pacific,2011-01-25T18:00:00Z,-22.7,178.5,TS,95.0,ESCS,85.0,nadi,2,85.0,True
CLS_04809,3,ESCS-SuCS,Extremely Severe / Super Cyclonic Storm,2011020S13182,WILMA,SP,MM,pacific_ocean,southern_pacific,2011-01-26T06:00:00Z,-23.3,175.9,TS,115.0,ESCS,100.0,nadi,4,100.0,True
CLS_04810,3,ESCS-SuCS,Extremely Severe / Super Cyclonic Storm,2011020S13182,WILMA,SP,MM,pacific_ocean,southern_pacific,2011-01-27T00:00:00Z,-25.3,173.3,TS,100.0,ESCS,90.0,wellington,3,90.0,True
CLS_04811,3,ESCS-SuCS,Extremely Severe / Super Cyclonic Storm,2011021S16129,BIANCA,SI,WA,south_indian_ocean,,2011-01-28T03:00:00Z,-23.3,109.5,TS,95.0,ESCS,,,2,95.0,True
CLS_04812,3,ESCS-SuCS,Extremely Severe / Super Cyclonic Storm,2011028S13180,YASI,SP,EA,pacific_ocean,southern_pacific,2011-01-31T18:00:00Z,-13.7,158.6,TS,90.0,ESCS,75.0,bom,2,75.0,True
CLS_04813,3,ESCS-SuCS,Extremely Severe / Super Cyclonic Storm,2011028S13180,YASI,SP,EA,pacific_ocean,southern_pacific,2011-02-01T15:00:00Z,-15.3,152.5,TS,123.0,SuCS,,,4,123.0,True
CLS_04814,3,ESCS-SuCS,Extremely Severe / Super Cyclonic Storm,2011028S13180,YASI,SP,EA,pacific_ocean,southern_pacific,2011-02-02T03:00:00Z,-16.8,148.9,TS,133.0,SuCS,,,4,133.0,True
CLS_04815,3,ESCS-SuCS,Extremely Severe / Super Cyclonic Storm,2011038S11062,BINGIZA,SI,MM,south_indian_ocean,,2011-02-13T03:00:00Z,-15.6,52.8,TS,98.0,ESCS,,,3,98.0,True
CLS_04816,3,ESCS-SuCS,Extremely Severe / Super Cyclonic Storm,2011038S11062,BINGIZA,SI,MM,south_indian_ocean,,2011-02-13T18:00:00Z,-16.0,51.5,TS,100.0,ESCS,80.0,reunion,3,80.0,True
CLS_04817,3,ESCS-SuCS,Extremely Severe / Super Cyclonic Storm,2011048S14171,ATU,SP,MM,pacific_ocean,southern_pacific,2011-02-20T15:00:00Z,-17.3,169.6,TS,108.0,ESCS,,,3,108.0,True
CLS_04818,3,ESCS-SuCS,Extremely Severe / Super Cyclonic Storm,2011048S14171,ATU,SP,MM,pacific_ocean,southern_pacific,2011-02-21T09:00:00Z,-18.7,170.4,TS,103.0,ESCS,,,3,103.0,True
CLS_04819,3,ESCS-SuCS,Extremely Severe / Super Cyclonic Storm,2011048S14171,ATU,SP,MM,pacific_ocean,southern_pacific,2011-02-22T06:00:00Z,-22.6,172.2,TS,95.0,ESCS,90.0,nadi,2,90.0,True
CLS_04820,3,ESCS-SuCS,Extremely Severe / Super Cyclonic Storm,2011140N08142,SONGDA,WP,MM,pacific_ocean,western_pacific,2011-05-25T00:00:00Z,12.3,128.2,TS,90.0,ESCS,70.0,tokyo,2,70.0,True
CLS_04821,3,ESCS-SuCS,Extremely Severe / Super Cyclonic Storm,2011140N08142,SONGDA,WP,MM,pacific_ocean,western_pacific,2011-05-27T09:00:00Z,19.9,123.2,TS,130.0,SuCS,,,4,130.0,True
CLS_04822,3,ESCS-SuCS,Extremely Severe / Super Cyclonic Storm,2011140N08142,SONGDA,WP,MM,pacific_ocean,western_pacific,2011-05-27T21:00:00Z,22.2,123.5,TS,108.0,ESCS,90.0,tokyo,3,90.0,True
CLS_04823,3,ESCS-SuCS,Extremely Severe / Super Cyclonic Storm,2011158N11260,ADRIAN,EP,MM,pacific_ocean,eastern_pacific,2011-06-09T15:00:00Z,14.2,-104.0,TS,98.0,ESCS,,,3,98.0,True
CLS_04824,3,ESCS-SuCS,Extremely Severe / Super Cyclonic Storm,2011158N11260,ADRIAN,EP,MM,pacific_ocean,eastern_pacific,2011-06-10T03:00:00Z,14.6,-105.8,TS,120.0,SuCS,,,4,120.0,True
CLS_04825,3,ESCS-SuCS,Extremely Severe / Super Cyclonic Storm,2011158N11260,ADRIAN,EP,MM,pacific_ocean,eastern_pacific,2011-06-11T00:00:00Z,15.5,-109.1,TS,100.0,ESCS,100.0,hurdat_epa,3,100.0,True
CLS_04826,3,ESCS-SuCS,Extremely Severe / Super Cyclonic Storm,2011192N18158,MA-ON,WP,MM,pacific_ocean,western_pacific,2011-07-15T00:00:00Z,20.4,142.5,TS,110.0,ESCS,80.0,tokyo,3,80.0,True
CLS_04827,3,ESCS-SuCS,Extremely Severe / Super Cyclonic Storm,2011192N18158,MA-ON,WP,MM,pacific_ocean,western_pacific,2011-07-17T09:00:00Z,24.9,134.2,TS,103.0,ESCS,85.0,tokyo,3,85.0,True
CLS_04828,3,ESCS-SuCS,Extremely Severe / Super Cyclonic Storm,2011199N10271,DORA,EP,MM,pacific_ocean,eastern_pacific,2011-07-20T18:00:00Z,15.1,-103.6,TS,105.0,ESCS,105.0,hurdat_epa,3,105.0,True
CLS_04829,3,ESCS-SuCS,Extremely Severe / Super Cyclonic Storm,2011199N10271,DORA,EP,MM,pacific_ocean,eastern_pacific,2011-07-21T09:00:00Z,16.6,-106.1,TS,130.0,SuCS,,,4,130.0,True
CLS_04830,3,ESCS-SuCS,Extremely Severe / Super Cyclonic Storm,2011199N10271,DORA,EP,MM,pacific_ocean,eastern_pacific,2011-07-21T21:00:00Z,17.7,-107.4,TS,123.0,SuCS,,,4,123.0,True
CLS_04831,3,ESCS-SuCS,Extremely Severe / Super Cyclonic Storm,2011208N09145,MUIFA,WP,MM,pacific_ocean,western_pacific,2011-08-01T06:00:00Z,19.8,134.1,TS,110.0,ESCS,85.0,tokyo,3,85.0,True
CLS_04832,3,ESCS-SuCS,Extremely Severe / Super Cyclonic Storm,2011208N09145,MUIFA,WP,MM,pacific_ocean,western_pacific,2011-08-02T21:00:00Z,24.0,133.0,TS,105.0,ESCS,,,3,105.0,True
CLS_04833,3,ESCS-SuCS,Extremely Severe / Super Cyclonic Storm,2011212N10264,EUGENE,EP,MM,pacific_ocean,eastern_pacific,2011-08-03T03:00:00Z,14.8,-111.8,TS,98.0,ESCS,,,3,98.0,True
CLS_04834,3,ESCS-SuCS,Extremely Severe / Super Cyclonic Storm,2011212N10264,EUGENE,EP,MM,pacific_ocean,eastern_pacific,2011-08-03T18:00:00Z,15.7,-114.7,TS,115.0,ESCS,115.0,hurdat_epa,4,115.0,True
CLS_04835,3,ESCS-SuCS,Extremely Severe / Super Cyclonic Storm,2011212N10264,EUGENE,EP,MM,pacific_ocean,eastern_pacific,2011-08-04T06:00:00Z,16.5,-117.1,TS,105.0,ESCS,105.0,hurdat_epa,3,105.0,True
CLS_04836,3,ESCS-SuCS,Extremely Severe / Super Cyclonic Storm,2011208N09145,MUIFA,WP,MM,pacific_ocean,western_pacific,2011-08-04T15:00:00Z,25.0,128.4,TS,90.0,ESCS,85.0,tokyo,2,85.0,True
CLS_04837,3,ESCS-SuCS,Extremely Severe / Super Cyclonic Storm,2011233N12129,NANMADOL,WP,MM,pacific_ocean,western_pacific,2011-08-25T21:00:00Z,16.5,124.0,TS,130.0,SuCS,,,4,130.0,True
CLS_04838,3,ESCS-SuCS,Extremely Severe / Super Cyclonic Storm,2011233N12129,NANMADOL,WP,MM,pacific_ocean,western_pacific,2011-08-26T21:00:00Z,18.0,122.6,TS,133.0,SuCS,,,4,133.0,True
CLS_04839,3,ESCS-SuCS,Extremely Severe / Super Cyclonic Storm,2011257N19154,SONCA,WP,MM,pacific_ocean,western_pacific,2011-09-18T12:00:00Z,31.7,142.5,TS,90.0,ESCS,65.0,tokyo,2,65.0,True
CLS_04840,3,ESCS-SuCS,Extremely Severe / Super Cyclonic Storm,2011253N20145,ROKE,WP,MM,pacific_ocean,western_pacific,2011-09-19T12:00:00Z,28.2,130.2,TS,90.0,ESCS,65.0,tokyo,2,65.0,True
CLS_04841,3,ESCS-SuCS,Extremely Severe / Super Cyclonic Storm,2011253N20145,ROKE,WP,MM,pacific_ocean,western_pacific,2011-09-20T09:00:00Z,29.7,133.0,TS,113.0,ESCS,80.0,tokyo,4,80.0,True
CLS_04842,3,ESCS-SuCS,Extremely Severe / Super Cyclonic Storm,2011264N13264,HILARY,EP,MM,pacific_ocean,eastern_pacific,2011-09-22T21:00:00Z,15.7,-99.8,TS,98.0,ESCS,,,3,98.0,True
CLS_04843,3,ESCS-SuCS,Extremely Severe / Super Cyclonic Storm,2011264N13264,HILARY,EP,MM,pacific_ocean,eastern_pacific,2011-09-24T12:00:00Z,16.8,-105.7,TS,120.0,SuCS,120.0,hurdat_epa,4,120.0,True
CLS_04844,3,ESCS-SuCS,Extremely Severe / Super Cyclonic Storm,2011264N13264,HILARY,EP,MM,pacific_ocean,eastern_pacific,2011-09-25T12:00:00Z,17.1,-108.9,TS,110.0,ESCS,110.0,hurdat_epa,3,110.0,True
CLS_04845,3,ESCS-SuCS,Extremely Severe / Super Cyclonic Storm,2011266N13139,NESAT,WP,MM,pacific_ocean,western_pacific,2011-09-26T15:00:00Z,16.0,123.5,TS,103.0,ESCS,,,3,103.0,True
CLS_04846,3,ESCS-SuCS,Extremely Severe / Super Cyclonic Storm,2011264N13264,HILARY,EP,MM,pacific_ocean,eastern_pacific,2011-09-27T00:00:00Z,16.6,-114.4,TS,115.0,ESCS,115.0,hurdat_epa,4,115.0,True
CLS_04847,3,ESCS-SuCS,Extremely Severe / Super Cyclonic Storm,2011270N18139,NALGAE,WP,MM,pacific_ocean,western_pacific,2011-09-30T00:00:00Z,17.8,128.9,TS,90.0,ESCS,80.0,tokyo,2,80.0,True
CLS_04848,3,ESCS-SuCS,Extremely Severe / Super Cyclonic Storm,2011270N18139,NALGAE,WP,MM,pacific_ocean,western_pacific,2011-09-30T21:00:00Z,16.9,123.4,TS,123.0,SuCS,,,4,123.0,True
CLS_04849,3,ESCS-SuCS,Extremely Severe / Super Cyclonic Storm,2011279N10257,JOVA,EP,MM,pacific_ocean,eastern_pacific,2011-10-10T09:00:00Z,16.3,-107.0,TS,103.0,ESCS,,,3,103.0,True
CLS_04850,3,ESCS-SuCS,Extremely Severe / Super Cyclonic Storm,2011279N10257,JOVA,EP,MM,pacific_ocean,eastern_pacific,2011-10-10T21:00:00Z,16.6,-106.4,TS,108.0,ESCS,,,3,108.0,True
CLS_04851,3,ESCS-SuCS,Extremely Severe / Super Cyclonic Storm,2011279N10257,JOVA,EP,MM,pacific_ocean,eastern_pacific,2011-10-11T15:00:00Z,17.7,-105.6,TS,90.0,ESCS,,,2,90.0,True
CLS_04852,3,ESCS-SuCS,Extremely Severe / Super Cyclonic Storm,2011323N09264,KENNETH,EP,MM,pacific_ocean,eastern_pacific,2011-11-22T09:00:00Z,13.0,-112.9,TS,118.0,ESCS,,,4,118.0,True
CLS_04853,3,ESCS-SuCS,Extremely Severe / Super Cyclonic Storm,2011323N09264,KENNETH,EP,MM,pacific_ocean,eastern_pacific,2011-11-22T21:00:00Z,12.5,-114.8,TS,120.0,SuCS,,,4,120.0,True
CLS_04854,3,ESCS-SuCS,Extremely Severe / Super Cyclonic Storm,2011336S06098,ALENGA,SI,WA,south_indian_ocean,,2011-12-08T00:00:00Z,-16.3,94.9,TS,90.0,ESCS,70.0,bom,2,70.0,True
CLS_04855,3,ESCS-SuCS,Extremely Severe / Super Cyclonic Storm,2011361S09095,BENILDE,SI,MM,south_indian_ocean,,2011-12-31T21:00:00Z,-16.1,75.4,TS,90.0,ESCS,,,2,90.0,True
CLS_04856,3,ESCS-SuCS,Extremely Severe / Super Cyclonic Storm,2011361S09095,BENILDE,SI,MM,south_indian_ocean,,2012-01-01T09:00:00Z,-17.5,74.9,TS,90.0,ESCS,,,2,90.0,True
CLS_04857,3,ESCS-SuCS,Extremely Severe / Super Cyclonic Storm,2012018S16041,FUNSO,SI,MM,south_indian_ocean,,2012-01-22T00:00:00Z,-17.8,38.2,TS,90.0,ESCS,60.0,reunion,2,60.0,True
CLS_04858,3,ESCS-SuCS,Extremely Severe / Super Cyclonic Storm,2012018S16041,FUNSO,SI,MM,south_indian_ocean,,2012-01-22T12:00:00Z,-17.7,38.7,TS,90.0,ESCS,60.0,reunion,2,60.0,True
CLS_04859,3,ESCS-SuCS,Extremely Severe / Super Cyclonic Storm,2012018S16041,FUNSO,SI,MM,south_indian_ocean,,2012-01-23T12:00:00Z,-18.7,39.4,TS,100.0,ESCS,85.0,reunion,3,85.0,True
CLS_04860,3,ESCS-SuCS,Extremely Severe / Super Cyclonic Storm,2012018S16041,FUNSO,SI,MM,south_indian_ocean,,2012-01-25T12:00:00Z,-22.9,38.9,TS,110.0,ESCS,90.0,reunion,3,90.0,True
CLS_04861,3,ESCS-SuCS,Extremely Severe / Super Cyclonic Storm,2012032S15141,JASMINE,SP,MM,pacific_ocean,southern_pacific,2012-02-08T03:00:00Z,-20.2,168.8,TS,110.0,ESCS,,,3,110.0,True
CLS_04862,3,ESCS-SuCS,Extremely Severe / Super Cyclonic Storm,2012032S15141,JASMINE,SP,MM,pacific_ocean,southern_pacific,2012-02-09T03:00:00Z,-22.9,171.0,TS,105.0,ESCS,,,3,105.0,True
CLS_04863,3,ESCS-SuCS,Extremely Severe / Super Cyclonic Storm,2012032S15141,JASMINE,SP,MM,pacific_ocean,southern_pacific,2012-02-09T18:00:00Z,-24.6,171.7,TS,90.0,ESCS,80.0,nadi,2,80.0,True
CLS_04864,3,ESCS-SuCS,Extremely Severe / Super Cyclonic Storm,2012039S14075,GIOVANNA,SI,MM,south_indian_ocean,,2012-02-11T09:00:00Z,-17.1,59.2,TS,108.0,ESCS,,,3,108.0,True
CLS_04865,3,ESCS-SuCS,Extremely Severe / Super Cyclonic Storm,2012039S14075,GIOVANNA,SI,MM,south_indian_ocean,,2012-02-12T09:00:00Z,-17.6,57.2,TS,100.0,ESCS,,,3,100.0,True
CLS_04866,3,ESCS-SuCS,Extremely Severe / Super Cyclonic Storm,2012039S14075,GIOVANNA,SI,MM,south_indian_ocean,,2012-02-13T09:00:00Z,-18.5,52.1,TS,118.0,ESCS,,,4,118.0,True
CLS_04867,3,ESCS-SuCS,Extremely Severe / Super Cyclonic Storm,2012039S14075,GIOVANNA,SI,MM,south_indian_ocean,,2012-02-19T06:00:00Z,-25.9,49.1,TS,90.0,ESCS,85.0,reunion,2,85.0,True
CLS_04868,3,ESCS-SuCS,Extremely Severe / Super Cyclonic Storm,2012070S17112,LUA,SI,WA,south_indian_ocean,,2012-03-17T00:00:00Z,-18.6,119.6,TS,95.0,ESCS,85.0,bom,2,85.0,True
CLS_04869,3,ESCS-SuCS,Extremely Severe / Super Cyclonic Storm,2012142N09262,BUD,EP,MM,pacific_ocean,eastern_pacific,2012-05-25T00:00:00Z,16.8,-106.1,TS,100.0,ESCS,100.0,hurdat_epa,3,100.0,True
CLS_04870,3,ESCS-SuCS,Extremely Severe / Super Cyclonic Storm,2012152N12130,MAWAR,WP,MM,pacific_ocean,western_pacific,2012-06-03T15:00:00Z,20.5,125.7,TS,93.0,ESCS,,,2,93.0,True
CLS_04871,3,ESCS-SuCS,Extremely Severe / Super Cyclonic Storm,2012152N12130,MAWAR,WP,MM,pacific_ocean,western_pacific,2012-06-04T09:00:00Z,23.0,127.1,TS,100.0,ESCS,,,3,100.0,True
CLS_04872,3,ESCS-SuCS,Extremely Severe / Super Cyclonic Storm,2012162N06150,GUCHOL,WP,MM,pacific_ocean,western_pacific,2012-06-15T21:00:00Z,12.4,130.4,TS,100.0,ESCS,,,3,100.0,True
CLS_04873,3,ESCS-SuCS,Extremely Severe / Super Cyclonic Storm,2012162N06150,GUCHOL,WP,MM,pacific_ocean,western_pacific,2012-06-17T18:00:00Z,20.9,127.1,TS,120.0,SuCS,85.0,tokyo,4,85.0,True
CLS_04874,3,ESCS-SuCS,Extremely Severe / Super Cyclonic Storm,2012186N12255,DANIEL,EP,MM,pacific_ocean,eastern_pacific,2012-07-08T12:00:00Z,15.0,-123.1,TS,90.0,ESCS,90.0,hurdat_epa,2,90.0,True
CLS_04875,3,ESCS-SuCS,Extremely Severe / Super Cyclonic Storm,2012189N10262,EMILIA,EP,MM,pacific_ocean,eastern_pacific,2012-07-09T21:00:00Z,13.0,-111.4,TS,103.0,ESCS,,,3,103.0,True
CLS_04876,3,ESCS-SuCS,Extremely Severe / Super Cyclonic Storm,2012189N10262,EMILIA,EP,MM,pacific_ocean,eastern_pacific,2012-07-10T15:00:00Z,14.1,-114.2,TS,110.0,ESCS,,,3,110.0,True
CLS_04877,3,ESCS-SuCS,Extremely Severe / Super Cyclonic Storm,2012189N10262,EMILIA,EP,MM,pacific_ocean,eastern_pacific,2012-07-11T12:00:00Z,14.6,-117.2,TS,95.0,ESCS,95.0,hurdat_epa,2,95.0,True
CLS_04878,3,ESCS-SuCS,Extremely Severe / Super Cyclonic Storm,2012189N10262,EMILIA,EP,MM,pacific_ocean,eastern_pacific,2012-07-12T15:00:00Z,15.0,-121.4,TS,95.0,ESCS,,,2,95.0,True
CLS_04879,3,ESCS-SuCS,Extremely Severe / Super Cyclonic Storm,2012193N12259,FABIO,EP,MM,pacific_ocean,eastern_pacific,2012-07-15T09:00:00Z,16.6,-116.7,TS,95.0,ESCS,,,2,95.0,True
CLS_04880,3,ESCS-SuCS,Extremely Severe / Super Cyclonic Storm,2012201N15129,VICENTE,WP,MM,pacific_ocean,western_pacific,2012-07-23T15:00:00Z,21.4,113.8,TS,115.0,ESCS,,,4,115.0,True
CLS_04881,3,ESCS-SuCS,Extremely Severe / Super Cyclonic Storm,2012209N11131,SAOLA,WP,MM,pacific_ocean,western_pacific,2012-08-01T06:00:00Z,23.4,123.4,TS,90.0,ESCS,70.0,tokyo,2,70.0,True
CLS_04882,3,ESCS-SuCS,Extremely Severe / Super Cyclonic Storm,2012209N11131,SAOLA,WP,MM,pacific_ocean,western_pacific,2012-08-01T18:00:00Z,24.1,122.1,TS,90.0,ESCS,70.0,tokyo,2,70.0,True
CLS_04883,3,ESCS-SuCS,Extremely Severe / Super Cyclonic Storm,2012230N21126,TEMBIN,WP,MM,pacific_ocean,western_pacific,2012-08-20T15:00:00Z,19.2,125.2,TS,115.0,ESCS,,,4,115.0,True
CLS_04884,3,ESCS-SuCS,Extremely Severe / Super Cyclonic Storm,2012230N21126,TEMBIN,WP,MM,pacific_ocean,western_pacific,2012-08-21T18:00:00Z,22.1,125.0,TS,95.0,ESCS,75.0,tokyo,2,75.0,True
CLS_04885,3,ESCS-SuCS,Extremely Severe / Super Cyclonic Storm,2012232N13141,BOLAVEN,WP,MM,pacific_ocean,western_pacific,2012-08-25T18:00:00Z,24.8,130.1,TS,120.0,SuCS,95.0,tokyo,4,95.0,True
CLS_04886,3,ESCS-SuCS,Extremely Severe / Super Cyclonic Storm,2012232N13141,BOLAVEN,WP,MM,pacific_ocean,western_pacific,2012-08-26T12:00:00Z,26.6,128.0,TS,105.0,ESCS,85.0,tokyo,3,85.0,True
CLS_04887,3,ESCS-SuCS,Extremely Severe / Super Cyclonic Storm,2012254N09135,SANBA,WP,MM,pacific_ocean,western_pacific,2012-09-13T18:00:00Z,17.2,129.7,TS,155.0,SuCS,110.0,tokyo,5,110.0,True
CLS_04888,3,ESCS-SuCS,Extremely Severe / Super Cyclonic Storm,2012254N09135,SANBA,WP,MM,pacific_ocean,western_pacific,2012-09-14T12:00:00Z,20.2,129.8,TS,135.0,SuCS,100.0,tokyo,4,100.0,True
CLS_04889,3,ESCS-SuCS,Extremely Severe / Super Cyclonic Storm,2012263N15141,JELAWAT,WP,MM,pacific_ocean,western_pacific,2012-09-23T15:00:00Z,12.8,128.7,TS,130.0,SuCS,,,4,130.0,True
CLS_04890,3,ESCS-SuCS,Extremely Severe / Super Cyclonic Storm,2012266N14254,MIRIAM,EP,MM,pacific_ocean,eastern_pacific,2012-09-24T09:00:00Z,17.3,-112.1,TS,98.0,ESCS,,,3,98.0,True
CLS_04891,3,ESCS-SuCS,Extremely Severe / Super Cyclonic Storm,2012266N14254,MIRIAM,EP,MM,pacific_ocean,eastern_pacific,2012-09-25T00:00:00Z,18.2,-113.7,TS,100.0,ESCS,100.0,hurdat_epa,3,100.0,True
CLS_04892,3,ESCS-SuCS,Extremely Severe / Super Cyclonic Storm,2012263N15141,JELAWAT,WP,MM,pacific_ocean,western_pacific,2012-09-28T06:00:00Z,23.4,124.5,TS,115.0,ESCS,95.0,tokyo,4,95.0,True
CLS_04893,3,ESCS-SuCS,Extremely Severe / Super Cyclonic Storm,2012279N15145,PRAPIROON,WP,MM,pacific_ocean,western_pacific,2012-10-10T12:00:00Z,18.7,130.0,TS,90.0,ESCS,80.0,tokyo,2,80.0,True
CLS_04894,3,ESCS-SuCS,Extremely Severe / Super Cyclonic Storm,2012279N15145,PRAPIROON,WP,MM,pacific_ocean,western_pacific,2012-10-12T00:00:00Z,19.7,128.6,TS,105.0,ESCS,90.0,tokyo,3,90.0,True
CLS_04895,3,ESCS-SuCS,Extremely Severe / Super Cyclonic Storm,2012285S04077,ANAIS,SI,MM,south_indian_ocean,,2012-10-14T12:00:00Z,-11.4,65.8,TS,105.0,ESCS,100.0,reunion,3,100.0,True
CLS_04896,3,ESCS-SuCS,Extremely Severe / Super Cyclonic Storm,2012285S04077,ANAIS,SI,MM,south_indian_ocean,,2012-10-15T00:00:00Z,-12.3,64.9,TS,115.0,ESCS,95.0,reunion,4,95.0,True
CLS_04897,3,ESCS-SuCS,Extremely Severe / Super Cyclonic Storm,2012288N14248,PAUL,EP,MM,pacific_ocean,eastern_pacific,2012-10-15T21:00:00Z,18.5,-114.1,TS,103.0,ESCS,,,3,103.0,True
CLS_04898,3,ESCS-SuCS,Extremely Severe / Super Cyclonic Storm,2012288N14248,PAUL,EP,MM,pacific_ocean,eastern_pacific,2012-10-16T09:00:00Z,21.7,-112.8,TS,93.0,ESCS,,,2,93.0,True
CLS_04899,3,ESCS-SuCS,Extremely Severe / Super Cyclonic Storm,2012296N06135,SON-TINH,WP,MM,pacific_ocean,western_pacific,2012-10-28T00:00:00Z,18.4,107.4,TS,105.0,ESCS,75.0,tokyo,3,75.0,True
CLS_04900,3,ESCS-SuCS,Extremely Severe / Super Cyclonic Storm,2012331N03157,BOPHA,WP,MM,pacific_ocean,western_pacific,2012-12-01T00:00:00Z,4.7,142.0,TS,115.0,ESCS,90.0,tokyo,4,90.0,True
CLS_04901,3,ESCS-SuCS,Extremely Severe / Super Cyclonic Storm,2012331N03157,BOPHA,WP,MM,pacific_ocean,western_pacific,2012-12-01T12:00:00Z,5.4,140.0,TS,120.0,SuCS,90.0,tokyo,4,90.0,True
CLS_04902,3,ESCS-SuCS,Extremely Severe / Super Cyclonic Storm,2012337S06089,CLAUDIA,SI,MM,south_indian_ocean,,2012-12-08T18:00:00Z,-14.6,74.5,TS,115.0,ESCS,85.0,reunion,4,85.0,True
CLS_04903,3,ESCS-SuCS,Extremely Severe / Super Cyclonic Storm,2012337S06089,CLAUDIA,SI,MM,south_indian_ocean,,2012-12-09T12:00:00Z,-15.4,74.3,TS,105.0,ESCS,85.0,reunion,3,85.0,True
CLS_04904,3,ESCS-SuCS,Extremely Severe / Super Cyclonic Storm,2012337S06089,CLAUDIA,SI,MM,south_indian_ocean,,2012-12-10T00:00:00Z,-16.3,74.3,TS,115.0,ESCS,90.0,reunion,4,90.0,True
CLS_04905,3,ESCS-SuCS,Extremely Severe / Super Cyclonic Storm,2012337S06089,CLAUDIA,SI,MM,south_indian_ocean,,2012-12-10T18:00:00Z,-18.0,73.6,TS,105.0,ESCS,80.0,reunion,3,80.0,True
CLS_04906,3,ESCS-SuCS,Extremely Severe / Super Cyclonic Storm,2012346S14180,EVAN,SP,MM,pacific_ocean,southern_pacific,2012-12-14T06:00:00Z,-12.7,187.7,TS,100.0,ESCS,90.0,nadi,3,90.0,True
CLS_04907,3,ESCS-SuCS,Extremely Severe / Super Cyclonic Storm,2012346S14180,EVAN,SP,MM,pacific_ocean,southern_pacific,2012-12-14T21:00:00Z,-12.5,185.9,TS,93.0,ESCS,,,2,93.0,True
CLS_04908,3,ESCS-SuCS,Extremely Severe / Super Cyclonic Storm,2012362S08165,FREDA,SP,MM,pacific_ocean,southern_pacific,2012-12-30T03:00:00Z,-14.3,160.8,TS,100.0,ESCS,,,3,100.0,True
CLS_04909,3,ESCS-SuCS,Extremely Severe / Super Cyclonic Storm,2012362S08165,FREDA,SP,MM,pacific_ocean,southern_pacific,2012-12-30T15:00:00Z,-15.5,161.0,TS,108.0,ESCS,,,3,108.0,True
CLS_04910,3,ESCS-SuCS,Extremely Severe / Super Cyclonic Storm,2012362S08165,FREDA,SP,MM,pacific_ocean,southern_pacific,2012-12-31T03:00:00Z,-16.6,161.2,TS,100.0,ESCS,,,3,100.0,True
CLS_04911,3,ESCS-SuCS,Extremely Severe / Super Cyclonic Storm,2013005S10126,NARELLE,SI,WA,south_indian_ocean,,2013-01-11T12:00:00Z,-18.0,112.7,TS,115.0,ESCS,105.0,bom,4,105.0,True
CLS_04912,3,ESCS-SuCS,Extremely Severe / Super Cyclonic Storm,2013005S10126,NARELLE,SI,WA,south_indian_ocean,,2013-01-12T00:00:00Z,-18.7,112.1,TS,120.0,SuCS,105.0,bom,4,105.0,True
CLS_04913,3,ESCS-SuCS,Extremely Severe / Super Cyclonic Storm,2013005S10126,NARELLE,SI,WA,south_indian_ocean,,2013-01-12T12:00:00Z,-20.0,111.7,TS,105.0,ESCS,95.0,bom,3,95.0,True
CLS_04914,3,ESCS-SuCS,Extremely Severe / Super Cyclonic Storm,2013026S13067,FELLENG,SI,MM,south_indian_ocean,,2013-01-29T12:00:00Z,-14.1,55.1,TS,90.0,ESCS,80.0,reunion,2,80.0,True
CLS_04915,3,ESCS-SuCS,Extremely Severe / Super Cyclonic Storm,2013026S13067,FELLENG,SI,MM,south_indian_ocean,,2013-01-30T06:00:00Z,-15.3,53.4,TS,110.0,ESCS,90.0,reunion,3,90.0,True
CLS_04916,3,ESCS-SuCS,Extremely Severe / Super Cyclonic Storm,2013026S13067,FELLENG,SI,MM,south_indian_ocean,,2013-01-30T21:00:00Z,-17.4,51.8,TS,100.0,ESCS,,,3,100.0,True
CLS_04917,3,ESCS-SuCS,Extremely Severe / Super Cyclonic Storm,2013041S10087,GINO,SI,MM,south_indian_ocean,,2013-02-14T03:00:00Z,-22.3,80.4,TS,90.0,ESCS,,,2,90.0,True
CLS_04918,3,ESCS-SuCS,Extremely Severe / Super Cyclonic Storm,2013046S20042,HARUNA,SI,MM,south_indian_ocean,,2013-02-21T00:00:00Z,-22.4,41.3,TS,95.0,ESCS,80.0,reunion,2,80.0,True
CLS_04919,3,ESCS-SuCS,Extremely Severe / Super Cyclonic Storm,2013046S20042,HARUNA,SI,MM,south_indian_ocean,,2013-02-21T21:00:00Z,-22.1,42.7,TS,90.0,ESCS,,,2,90.0,True
CLS_04920,3,ESCS-SuCS,Extremely Severe / Super Cyclonic Storm,2013052S13126,RUSTY,SI,WA,south_indian_ocean,,2013-02-27T00:00:00Z,-19.3,119.3,TS,95.0,ESCS,90.0,bom,2,90.0,True
CLS_04921,3,ESCS-SuCS,Extremely Severe / Super Cyclonic Storm,2013064S18149,SANDRA,SP,MM,pacific_ocean,southern_pacific,2013-03-10T06:00:00Z,-16.2,160.9,TS,95.0,ESCS,90.0,nadi,2,90.0,True
CLS_04922,3,ESCS-SuCS,Extremely Severe / Super Cyclonic Storm,2013064S18149,SANDRA,SP,MM,pacific_ocean,southern_pacific,2013-03-11T09:00:00Z,-18.0,161.9,TS,103.0,ESCS,,,3,103.0,True
CLS_04923,3,ESCS-SuCS,Extremely Severe / Super Cyclonic Storm,2013187N20156,SOULIK,WP,MM,pacific_ocean,western_pacific,2013-07-09T15:00:00Z,20.5,137.6,TS,108.0,ESCS,,,3,108.0,True
CLS_04924,3,ESCS-SuCS,Extremely Severe / Super Cyclonic Storm,2013187N20156,SOULIK,WP,MM,pacific_ocean,western_pacific,2013-07-10T09:00:00Z,21.7,134.2,TS,125.0,SuCS,,,4,125.0,True
CLS_04925,3,ESCS-SuCS,Extremely Severe / Super Cyclonic Storm,2013214N13243,HENRIETTE,EP,MM,pacific_ocean,eastern_pacific,2013-08-08T18:00:00Z,17.2,-138.9,TS,90.0,ESCS,90.0,hurdat_epa,2,90.0,True
CLS_04926,3,ESCS-SuCS,Extremely Severe / Super Cyclonic Storm,2013220N12137,UTOR,WP,MM,pacific_ocean,western_pacific,2013-08-13T00:00:00Z,18.3,115.2,TS,95.0,ESCS,70.0,tokyo,2,70.0,True
CLS_04927,3,ESCS-SuCS,Extremely Severe / Super Cyclonic Storm,2013259N17132,USAGI,WP,MM,pacific_ocean,western_pacific,2013-09-20T09:00:00Z,20.0,124.2,TS,130.0,SuCS,,,4,130.0,True
CLS_04928,3,ESCS-SuCS,Extremely Severe / Super Cyclonic Storm,2013259N17132,USAGI,WP,MM,pacific_ocean,western_pacific,2013-09-21T06:00:00Z,20.8,120.8,TS,105.0,ESCS,90.0,tokyo,3,90.0,True
CLS_04929,3,ESCS-SuCS,Extremely Severe / Super Cyclonic Storm,2013262N14149,PABUK,WP,MM,pacific_ocean,western_pacific,2013-09-25T00:00:00Z,28.4,138.7,TS,90.0,ESCS,60.0,tokyo,2,60.0,True
CLS_04930,3,ESCS-SuCS,Extremely Severe / Super Cyclonic Storm,2013269N15118,WUTIP,WP,MM,pacific_ocean,western_pacific,2013-09-29T09:00:00Z,16.7,111.4,TS,95.0,ESCS,,,2,95.0,True
CLS_04931,3,ESCS-SuCS,Extremely Severe / Super Cyclonic Storm,2013269N15118,WUTIP,WP,MM,pacific_ocean,western_pacific,2013-09-30T00:00:00Z,17.2,108.7,TS,90.0,ESCS,65.0,tokyo,2,65.0,True
CLS_04932,3,ESCS-SuCS,Extremely Severe / Super Cyclonic Storm,2013272N10135,FITOW,WP,MM,pacific_ocean,western_pacific,2013-10-05T00:00:00Z,24.4,127.7,TS,90.0,ESCS,75.0,tokyo,2,75.0,True
CLS_04933,3,ESCS-SuCS,Extremely Severe / Super Cyclonic Storm,2013274N18152,DANAS,WP,MM,pacific_ocean,western_pacific,2013-10-06T09:00:00Z,22.3,134.2,TS,95.0,ESCS,,,2,95.0,True
CLS_04934,3,ESCS-SuCS,Extremely Severe / Super Cyclonic Storm,2013274N18152,DANAS,WP,MM,pacific_ocean,western_pacific,2013-10-07T09:00:00Z,27.4,128.1,TS,115.0,ESCS,90.0,tokyo,4,90.0,True
CLS_04935,3,ESCS-SuCS,Extremely Severe / Super Cyclonic Storm,2013281N12098,PHAILIN,NI,BB,north_indian_ocean,bay_of_bengal,2013-10-10T18:00:00Z,15.6,89.5,TS,130.0,SuCS,95.0,newdelhi,4,95.0,True
CLS_04936,3,ESCS-SuCS,Extremely Severe / Super Cyclonic Storm,2013282N14132,NARI,WP,MM,pacific_ocean,western_pacific,2013-10-11T06:00:00Z,15.4,123.4,TS,95.0,ESCS,70.0,tokyo,2,70.0,True
CLS_04937,3,ESCS-SuCS,Extremely Severe / Super Cyclonic Storm,2013281N12098,PHAILIN,NI,BB,north_indian_ocean,bay_of_bengal,2013-10-11T15:00:00Z,16.8,87.3,TS,140.0,SuCS,115.0,newdelhi,5,115.0,True
CLS_04938,3,ESCS-SuCS,Extremely Severe / Super Cyclonic Storm,2013281N12098,PHAILIN,NI,BB,north_indian_ocean,bay_of_bengal,2013-10-12T12:00:00Z,18.7,85.2,TS,125.0,SuCS,115.0,newdelhi,4,115.0,True
CLS_04939,3,ESCS-SuCS,Extremely Severe / Super Cyclonic Storm,2013282N14149,WIPHA,WP,MM,pacific_ocean,western_pacific,2013-10-14T15:00:00Z,24.9,134.1,TS,100.0,ESCS,,,3,100.0,True
CLS_04940,3,ESCS-SuCS,Extremely Severe / Super Cyclonic Storm,2013289N14149,FRANCISCO,WP,MM,pacific_ocean,western_pacific,2013-10-17T12:00:00Z,12.0,142.9,TS,95.0,ESCS,70.0,tokyo,2,70.0,True
CLS_04941,3,ESCS-SuCS,Extremely Severe / Super Cyclonic Storm,2013289N14149,FRANCISCO,WP,MM,pacific_ocean,western_pacific,2013-10-19T15:00:00Z,17.3,138.7,TS,140.0,SuCS,,,5,140.0,True
CLS_04942,3,ESCS-SuCS,Extremely Severe / Super Cyclonic Storm,2013293N13260,RAYMOND,EP,MM,pacific_ocean,eastern_pacific,2013-10-21T09:00:00Z,16.1,-102.2,TS,100.0,ESCS,,,3,100.0,True
CLS_04943,3,ESCS-SuCS,Extremely Severe / Super Cyclonic Storm,2013293N13260,RAYMOND,EP,MM,pacific_ocean,eastern_pacific,2013-10-22T03:00:00Z,16.4,-101.9,TS,100.0,ESCS,,,3,100.0,True
CLS_04944,3,ESCS-SuCS,Extremely Severe / Super Cyclonic Storm,2013292N09162,LEKIMA,WP,MM,pacific_ocean,western_pacific,2013-10-24T06:00:00Z,21.4,146.5,TS,130.0,SuCS,115.0,tokyo,4,115.0,True
CLS_04945,3,ESCS-SuCS,Extremely Severe / Super Cyclonic Storm,2013292N09162,LEKIMA,WP,MM,pacific_ocean,western_pacific,2013-10-24T18:00:00Z,23.6,144.7,TS,120.0,SuCS,105.0,tokyo,4,105.0,True
CLS_04946,3,ESCS-SuCS,Extremely Severe / Super Cyclonic Storm,2013293N13260,RAYMOND,EP,MM,pacific_ocean,eastern_pacific,2013-10-28T06:00:00Z,15.4,-117.0,TS,90.0,ESCS,90.0,hurdat_epa,2,90.0,True
CLS_04947,3,ESCS-SuCS,Extremely Severe / Super Cyclonic Storm,2013301N13142,KROSA,WP,MM,pacific_ocean,western_pacific,2013-11-02T12:00:00Z,20.1,115.1,TS,95.0,ESCS,70.0,tokyo,2,70.0,True
CLS_04948,3,ESCS-SuCS,Extremely Severe / Super Cyclonic Storm,2013306N07162,HAIYAN,WP,MM,pacific_ocean,western_pacific,2013-11-07T03:00:00Z,9.0,132.0,TS,158.0,SuCS,,,5,158.0,True
CLS_04949,3,ESCS-SuCS,Extremely Severe / Super Cyclonic Storm,2013306N07162,HAIYAN,WP,MM,pacific_ocean,western_pacific,2013-11-08T12:00:00Z,11.9,120.5,TS,130.0,SuCS,90.0,tokyo,4,90.0,True
CLS_04950,3,ESCS-SuCS,Extremely Severe / Super Cyclonic Storm,2013348S10082,AMARA,SI,MM,south_indian_ocean,,2013-12-18T18:00:00Z,-16.8,69.9,TS,100.0,ESCS,85.0,reunion,3,85.0,True
CLS_04951,3,ESCS-SuCS,Extremely Severe / Super Cyclonic Storm,2013348S10082,AMARA,SI,MM,south_indian_ocean,,2013-12-19T09:00:00Z,-17.5,67.9,TS,113.0,ESCS,,,4,113.0,True
CLS_04952,3,ESCS-SuCS,Extremely Severe / Super Cyclonic Storm,2013350S08099,BRUCE,SI,MM,south_indian_ocean,,2013-12-20T03:00:00Z,-13.4,89.0,TS,115.0,ESCS,,,4,115.0,True
CLS_04953,3,ESCS-SuCS,Extremely Severe / Super Cyclonic Storm,2013348S10082,AMARA,SI,MM,south_indian_ocean,,2013-12-20T06:00:00Z,-18.3,65.3,TS,115.0,ESCS,95.0,reunion,4,95.0,True
CLS_04954,3,ESCS-SuCS,Extremely Severe / Super Cyclonic Storm,2013350S08099,BRUCE,SI,MM,south_indian_ocean,,2013-12-20T18:00:00Z,-14.1,86.3,TS,130.0,SuCS,120.0,reunion,4,120.0,True
CLS_04955,3,ESCS-SuCS,Extremely Severe / Super Cyclonic Storm,2013348S10082,AMARA,SI,MM,south_indian_ocean,,2013-12-21T18:00:00Z,-21.2,65.5,TS,125.0,SuCS,100.0,reunion,4,100.0,True
CLS_04956,3,ESCS-SuCS,Extremely Severe / Super Cyclonic Storm,2013350S08099,BRUCE,SI,MM,south_indian_ocean,,2013-12-22T03:00:00Z,-17.4,79.3,TS,138.0,SuCS,,,5,138.0,True
CLS_04957,3,ESCS-SuCS,Extremely Severe / Super Cyclonic Storm,2013350S08099,BRUCE,SI,MM,south_indian_ocean,,2013-12-22T15:00:00Z,-19.6,77.9,TS,113.0,ESCS,,,4,113.0,True
CLS_04958,3,ESCS-SuCS,Extremely Severe / Super Cyclonic Storm,2013360S12124,CHRISTINE,SI,WA,south_indian_ocean,,2013-12-30T15:00:00Z,-20.7,117.4,TS,93.0,ESCS,90.0,bom,2,90.0,True
CLS_04959,3,ESCS-SuCS,Extremely Severe / Super Cyclonic Storm,2013362S09053,BEJISA,SI,MM,south_indian_ocean,,2013-12-30T18:00:00Z,-12.3,52.8,TS,90.0,ESCS,90.0,reunion,2,90.0,True
CLS_04960,3,ESCS-SuCS,Extremely Severe / Super Cyclonic Storm,2013362S09053,BEJISA,SI,MM,south_indian_ocean,,2013-12-31T09:00:00Z,-13.8,53.4,TS,100.0,ESCS,,,3,100.0,True
CLS_04961,3,ESCS-SuCS,Extremely Severe / Super Cyclonic Storm,2013362S09053,BEJISA,SI,MM,south_indian_ocean,,2014-01-01T06:00:00Z,-17.2,53.3,TS,95.0,ESCS,75.0,reunion,2,75.0,True
CLS_04962,3,ESCS-SuCS,Extremely Severe / Super Cyclonic Storm,2013362S09053,BEJISA,SI,MM,south_indian_ocean,,2014-01-02T00:00:00Z,-19.8,53.9,TS,105.0,ESCS,70.0,reunion,3,70.0,True
CLS_04963,3,ESCS-SuCS,Extremely Severe / Super Cyclonic Storm,2013362S09053,BEJISA,SI,MM,south_indian_ocean,,2014-01-02T18:00:00Z,-21.8,55.2,TS,105.0,ESCS,75.0,reunion,3,75.0,True
CLS_04964,3,ESCS-SuCS,Extremely Severe / Super Cyclonic Storm,2014004S17183,IAN,SP,MM,pacific_ocean,southern_pacific,2014-01-10T06:00:00Z,-17.9,-175.1,TS,100.0,ESCS,90.0,nadi,3,90.0,True
CLS_04965,3,ESCS-SuCS,Extremely Severe / Super Cyclonic Storm,2014007S11104,COLIN,SI,MM,south_indian_ocean,,2014-01-11T12:00:00Z,-16.6,79.7,TS,90.0,ESCS,95.0,reunion,2,95.0,True
CLS_04966,3,ESCS-SuCS,Extremely Severe / Super Cyclonic Storm,2014004S17183,IAN,SP,MM,pacific_ocean,southern_pacific,2014-01-12T03:00:00Z,-24.0,-172.5,TS,120.0,SuCS,,,4,120.0,True
CLS_04967,3,ESCS-SuCS,Extremely Severe / Super Cyclonic Storm,2014007S11104,COLIN,SI,MM,south_indian_ocean,,2014-01-12T03:00:00Z,-18.0,78.4,TS,118.0,ESCS,,,4,118.0,True
CLS_04968,3,ESCS-SuCS,Extremely Severe / Super Cyclonic Storm,2014066S09138,GILLIAN,SI,WA,south_indian_ocean,,2014-03-23T03:00:00Z,-13.4,103.9,TS,110.0,ESCS,,,3,110.0,True
CLS_04969,3,ESCS-SuCS,Extremely Severe / Super Cyclonic Storm,2014066S09138,GILLIAN,SI,WA,south_indian_ocean,,2014-03-23T15:00:00Z,-15.0,103.6,TS,133.0,SuCS,,,4,133.0,True
CLS_04970,3,ESCS-SuCS,Extremely Severe / Super Cyclonic Storm,2014066S09138,GILLIAN,SI,WA,south_indian_ocean,,2014-03-24T06:00:00Z,-17.1,103.6,TS,125.0,SuCS,105.0,bom,4,105.0,True
CLS_04971,3,ESCS-SuCS,Extremely Severe / Super Cyclonic Storm,2014086S10041,HELLEN,SI,MM,south_indian_ocean,,2014-03-30T00:00:00Z,-14.1,44.0,TS,90.0,ESCS,85.0,reunion,2,85.0,True
CLS_04972,3,ESCS-SuCS,Extremely Severe / Super Cyclonic Storm,2014086S10041,HELLEN,SI,MM,south_indian_ocean,,2014-03-30T15:00:00Z,-14.9,44.8,TS,130.0,SuCS,,,4,130.0,True
CLS_04973,3,ESCS-SuCS,Extremely Severe / Super Cyclonic Storm,2014092S11159,ITA,SP,EA,pacific_ocean,southern_pacific,2014-04-09T21:00:00Z,-11.9,148.3,TS,100.0,ESCS,,,3,100.0,True
CLS_04974,3,ESCS-SuCS,Extremely Severe / Super Cyclonic Storm,2014092S11159,ITA,SP,EA,pacific_ocean,southern_pacific,2014-04-10T21:00:00Z,-13.5,145.9,TS,138.0,SuCS,,,5,138.0,True
CLS_04975,3,ESCS-SuCS,Extremely Severe / Super Cyclonic Storm,2014106S10099,JACK,SI,WA,south_indian_ocean,,2014-04-20T06:00:00Z,-14.8,90.7,TS,90.0,ESCS,75.0,bom,2,75.0,True
CLS_04976,3,ESCS-SuCS,Extremely Severe / Super Cyclonic Storm,2014142N10254,AMANDA,EP,MM,pacific_ocean,eastern_pacific,2014-05-25T06:00:00Z,11.6,-110.8,TS,120.0,SuCS,120.0,hurdat_epa,4,120.0,True
CLS_04977,3,ESCS-SuCS,Extremely Severe / Super Cyclonic Storm,2014142N10254,AMANDA,EP,MM,pacific_ocean,eastern_pacific,2014-05-25T21:00:00Z,12.1,-111.2,TS,130.0,SuCS,,,4,130.0,True
CLS_04978,3,ESCS-SuCS,Extremely Severe / Super Cyclonic Storm,2014142N10254,AMANDA,EP,MM,pacific_ocean,eastern_pacific,2014-05-26T12:00:00Z,12.9,-111.6,TS,115.0,ESCS,115.0,hurdat_epa,4,115.0,True
CLS_04979,3,ESCS-SuCS,Extremely Severe / Super Cyclonic Storm,2014142N10254,AMANDA,EP,MM,pacific_ocean,eastern_pacific,2014-05-27T00:00:00Z,13.5,-111.9,TS,105.0,ESCS,105.0,hurdat_epa,3,105.0,True
CLS_04980,3,ESCS-SuCS,Extremely Severe / Super Cyclonic Storm,2014142N10254,AMANDA,EP,MM,pacific_ocean,eastern_pacific,2014-05-27T12:00:00Z,14.2,-112.4,TS,95.0,ESCS,95.0,hurdat_epa,2,95.0,True
CLS_04981,3,ESCS-SuCS,Extremely Severe / Super Cyclonic Storm,2014160N15259,CRISTINA,EP,MM,pacific_ocean,eastern_pacific,2014-06-12T09:00:00Z,16.2,-106.5,TS,118.0,ESCS,,,4,118.0,True
CLS_04982,3,ESCS-SuCS,Extremely Severe / Super Cyclonic Storm,2014160N15259,CRISTINA,EP,MM,pacific_ocean,eastern_pacific,2014-06-12T21:00:00Z,16.8,-107.8,TS,118.0,ESCS,,,4,118.0,True
CLS_04983,3,ESCS-SuCS,Extremely Severe / Super Cyclonic Storm,2014160N15259,CRISTINA,EP,MM,pacific_ocean,eastern_pacific,2014-06-13T09:00:00Z,17.6,-109.2,TS,90.0,ESCS,,,2,90.0,True
CLS_04984,3,ESCS-SuCS,Extremely Severe / Super Cyclonic Storm,2014184N08147,NEOGURI,WP,MM,pacific_ocean,western_pacific,2014-07-05T21:00:00Z,17.7,133.7,TS,120.0,SuCS,,,4,120.0,True
CLS_04985,3,ESCS-SuCS,Extremely Severe / Super Cyclonic Storm,2014184N08147,NEOGURI,WP,MM,pacific_ocean,western_pacific,2014-07-07T12:00:00Z,22.4,126.8,TS,120.0,SuCS,90.0,tokyo,4,90.0,True
CLS_04986,3,ESCS-SuCS,Extremely Severe / Super Cyclonic Storm,2014190N08154,RAMMASUN,WP,MM,pacific_ocean,western_pacific,2014-07-15T06:00:00Z,13.0,124.7,TS,100.0,ESCS,80.0,tokyo,3,80.0,True
CLS_04987,3,ESCS-SuCS,Extremely Severe / Super Cyclonic Storm,2014190N08154,RAMMASUN,WP,MM,pacific_ocean,western_pacific,2014-07-18T21:00:00Z,21.4,108.8,TS,108.0,ESCS,,,3,108.0,True
CLS_04988,3,ESCS-SuCS,Extremely Severe / Super Cyclonic Storm,2014209N12152,HALONG,WP,MM,pacific_ocean,western_pacific,2014-08-02T09:00:00Z,14.9,135.4,TS,130.0,SuCS,,,4,130.0,True
CLS_04989,3,ESCS-SuCS,Extremely Severe / Super Cyclonic Storm,2014212N11242,ISELLE,EP,MM,pacific_ocean,eastern_pacific,2014-08-03T00:00:00Z,15.1,-130.5,TS,95.0,ESCS,95.0,hurdat_epa,2,95.0,True
CLS_04990,3,ESCS-SuCS,Extremely Severe / Super Cyclonic Storm,2014209N12152,HALONG,WP,MM,pacific_ocean,western_pacific,2014-08-03T09:00:00Z,15.7,132.7,TS,133.0,SuCS,,,4,133.0,True
CLS_04991,3,ESCS-SuCS,Extremely Severe / Super Cyclonic Storm,2014212N11242,ISELLE,EP,MM,pacific_ocean,eastern_pacific,2014-08-03T12:00:00Z,15.4,-132.3,TS,100.0,ESCS,100.0,hurdat_epa,3,100.0,True
CLS_04992,3,ESCS-SuCS,Extremely Severe / Super Cyclonic Storm,2014212N11242,ISELLE,EP,MM,pacific_ocean,eastern_pacific,2014-08-04T09:00:00Z,16.1,-135.7,TS,113.0,ESCS,,,4,113.0,True
CLS_04993,3,ESCS-SuCS,Extremely Severe / Super Cyclonic Storm,2014212N11242,ISELLE,EP,MM,pacific_ocean,eastern_pacific,2014-08-05T00:00:00Z,16.0,-137.6,TS,115.0,ESCS,115.0,hurdat_epa,4,115.0,True
CLS_04994,3,ESCS-SuCS,Extremely Severe / Super Cyclonic Storm,2014212N11242,ISELLE,EP,CP,pacific_ocean,eastern_pacific,2014-08-06T00:00:00Z,16.5,-141.0,TS,95.0,ESCS,95.0,hurdat_epa,2,95.0,True
CLS_04995,3,ESCS-SuCS,Extremely Severe / Super Cyclonic Storm,2014204N10239,GENEVIEVE,EP,CP,pacific_ocean,eastern_pacific,2014-08-07T00:00:00Z,13.8,180.9,TS,100.0,ESCS,100.0,hurdat_epa,3,100.0,True
CLS_04996,3,ESCS-SuCS,Extremely Severe / Super Cyclonic Storm,2014214N13249,JULIO,EP,MM,pacific_ocean,eastern_pacific,2014-08-07T18:00:00Z,17.0,-137.0,TS,95.0,ESCS,95.0,hurdat_epa,2,95.0,True
CLS_04997,3,ESCS-SuCS,Extremely Severe / Super Cyclonic Storm,2014204N10239,GENEVIEVE,WP,MM,pacific_ocean,western_pacific,2014-08-07T21:00:00Z,15.9,177.0,TS,140.0,SuCS,,,5,140.0,True
CLS_04998,3,ESCS-SuCS,Extremely Severe / Super Cyclonic Storm,2014214N13249,JULIO,EP,MM,pacific_ocean,eastern_pacific,2014-08-08T06:00:00Z,17.6,-139.8,TS,105.0,ESCS,105.0,hurdat_epa,3,105.0,True
CLS_04999,3,ESCS-SuCS,Extremely Severe / Super Cyclonic Storm,2014214N13249,JULIO,EP,CP,pacific_ocean,eastern_pacific,2014-08-08T18:00:00Z,18.3,-142.6,TS,95.0,ESCS,95.0,hurdat_epa,2,95.0,True
CLS_05000,3,ESCS-SuCS,Extremely Severe / Super Cyclonic Storm,2014204N10239,GENEVIEVE,WP,MM,pacific_ocean,western_pacific,2014-08-09T03:00:00Z,20.3,176.6,TS,118.0,ESCS,,,4,118.0,True
CLS_05001,3,ESCS-SuCS,Extremely Severe / Super Cyclonic Storm,2014234N12261,MARIE,EP,MM,pacific_ocean,eastern_pacific,2014-08-24T00:00:00Z,15.5,-108.2,TS,90.0,ESCS,90.0,hurdat_epa,2,90.0,True
CLS_05002,3,ESCS-SuCS,Extremely Severe / Super Cyclonic Storm,2014234N12261,MARIE,EP,MM,pacific_ocean,eastern_pacific,2014-08-24T15:00:00Z,15.9,-111.4,TS,135.0,SuCS,,,4,135.0,True
CLS_05003,3,ESCS-SuCS,Extremely Severe / Super Cyclonic Storm,2014234N12261,MARIE,EP,MM,pacific_ocean,eastern_pacific,2014-08-25T03:00:00Z,16.6,-112.9,TS,133.0,SuCS,,,4,133.0,True
CLS_05004,3,ESCS-SuCS,Extremely Severe / Super Cyclonic Storm,2014234N12261,MARIE,EP,MM,pacific_ocean,eastern_pacific,2014-08-25T21:00:00Z,18.4,-115.8,TS,108.0,ESCS,,,3,108.0,True
CLS_05005,3,ESCS-SuCS,Extremely Severe / Super Cyclonic Storm,2014246N17254,NORBERT,EP,MM,pacific_ocean,eastern_pacific,2014-09-06T00:00:00Z,24.0,-112.6,TS,95.0,ESCS,95.0,hurdat_epa,2,95.0,True
CLS_05006,3,ESCS-SuCS,Extremely Severe / Super Cyclonic Storm,2014246N17254,NORBERT,EP,MM,pacific_ocean,eastern_pacific,2014-09-06T15:00:00Z,25.0,-114.2,TS,95.0,ESCS,,,2,95.0,True
CLS_05007,3,ESCS-SuCS,Extremely Severe / Super Cyclonic Storm,2014253N13260,ODILE,EP,MM,pacific_ocean,eastern_pacific,2014-09-14T06:00:00Z,18.5,-107.0,TS,120.0,SuCS,120.0,hurdat_epa,4,120.0,True
CLS_05008,3,ESCS-SuCS,Extremely Severe / Super Cyclonic Storm,2014253N13260,ODILE,EP,MM,pacific_ocean,eastern_pacific,2014-09-14T21:00:00Z,21.4,-108.9,TS,110.0,ESCS,,,3,110.0,True
CLS_05009,3,ESCS-SuCS,Extremely Severe / Super Cyclonic Storm,2014253N13260,ODILE,EP,MM,pacific_ocean,eastern_pacific,2014-09-15T09:00:00Z,23.9,-110.5,TS,98.0,ESCS,,,3,98.0,True
CLS_05010,3,ESCS-SuCS,Extremely Severe / Super Cyclonic Storm,2014271N10160,PHANFONE,WP,MM,pacific_ocean,western_pacific,2014-10-02T18:00:00Z,21.4,136.4,TS,110.0,ESCS,95.0,tokyo,3,95.0,True
CLS_05011,3,ESCS-SuCS,Extremely Severe / Super Cyclonic Storm,2014274N15260,SIMON,EP,MM,pacific_ocean,eastern_pacific,2014-10-05T00:00:00Z,21.0,-115.6,TS,115.0,ESCS,115.0,hurdat_epa,4,115.0,True
CLS_05012,3,ESCS-SuCS,Extremely Severe / Super Cyclonic Storm,2014271N10160,PHANFONE,WP,MM,pacific_ocean,western_pacific,2014-10-05T06:00:00Z,30.2,131.8,TS,90.0,ESCS,85.0,tokyo,2,85.0,True
CLS_05013,3,ESCS-SuCS,Extremely Severe / Super Cyclonic Storm,2014274N15260,SIMON,EP,MM,pacific_ocean,eastern_pacific,2014-10-05T12:00:00Z,22.4,-117.0,TS,90.0,ESCS,90.0,hurdat_epa,2,90.0,True
CLS_05014,3,ESCS-SuCS,Extremely Severe / Super Cyclonic Storm,2014275N06166,VONGFONG,WP,MM,pacific_ocean,western_pacific,2014-10-07T15:00:00Z,17.5,133.7,TS,148.0,SuCS,,,5,148.0,True
CLS_05015,3,ESCS-SuCS,Extremely Severe / Super Cyclonic Storm,2014275N06166,VONGFONG,WP,MM,pacific_ocean,western_pacific,2014-10-10T12:00:00Z,23.2,129.3,TS,115.0,ESCS,95.0,tokyo,4,95.0,True
CLS_05016,3,ESCS-SuCS,Extremely Severe / Super Cyclonic Storm,2014279N11096,HUDHUD,NI,BB,north_indian_ocean,bay_of_bengal,2014-10-11T06:00:00Z,16.1,85.1,TS,105.0,ESCS,90.0,newdelhi,3,90.0,True
CLS_05017,3,ESCS-SuCS,Extremely Severe / Super Cyclonic Storm,2014279N11096,HUDHUD,NI,BB,north_indian_ocean,bay_of_bengal,2014-10-12T03:00:00Z,17.4,83.8,TS,115.0,ESCS,100.0,newdelhi,4,100.0,True
CLS_05018,3,ESCS-SuCS,Extremely Severe / Super Cyclonic Storm,2014297N11062,NILOFAR,NI,AS,north_indian_ocean,arabian_sea,2014-10-28T03:00:00Z,15.8,61.7,TS,98.0,ESCS,75.0,newdelhi,3,75.0,True
CLS_05019,3,ESCS-SuCS,Extremely Severe / Super Cyclonic Storm,2014297N11062,NILOFAR,NI,AS,north_indian_ocean,arabian_sea,2014-10-28T15:00:00Z,17.2,61.8,TS,115.0,ESCS,105.0,newdelhi,4,105.0,True
CLS_05020,3,ESCS-SuCS,Extremely Severe / Super Cyclonic Storm,2014303N13141,NURI,WP,MM,pacific_ocean,western_pacific,2014-11-03T03:00:00Z,18.7,132.6,TS,155.0,SuCS,,,5,155.0,True
CLS_05021,3,ESCS-SuCS,Extremely Severe / Super Cyclonic Storm,2014303N11261,VANCE,EP,MM,pacific_ocean,eastern_pacific,2014-11-03T06:00:00Z,14.0,-110.0,TS,90.0,ESCS,90.0,hurdat_epa,2,90.0,True
CLS_05022,3,ESCS-SuCS,Extremely Severe / Super Cyclonic Storm,2014303N11261,VANCE,EP,MM,pacific_ocean,eastern_pacific,2014-11-04T00:00:00Z,16.9,-110.8,TS,95.0,ESCS,95.0,hurdat_epa,2,95.0,True
CLS_05023,3,ESCS-SuCS,Extremely Severe / Super Cyclonic Storm,2014303N13141,NURI,WP,MM,pacific_ocean,western_pacific,2014-11-04T18:00:00Z,23.9,136.8,TS,105.0,ESCS,85.0,tokyo,3,85.0,True
CLS_05024,3,ESCS-SuCS,Extremely Severe / Super Cyclonic Storm,2014334N02156,HAGUPIT,WP,MM,pacific_ocean,western_pacific,2014-12-06T15:00:00Z,11.9,125.6,TS,105.0,ESCS,,,3,105.0,True
CLS_05025,3,ESCS-SuCS,Extremely Severe / Super Cyclonic Storm,2014356S08101,KATE,SI,WA,south_indian_ocean,,2014-12-26T18:00:00Z,-12.5,94.0,TS,105.0,ESCS,90.0,bom,3,90.0,True
CLS_05026,3,ESCS-SuCS,Extremely Severe / Super Cyclonic Storm,2014356S08101,KATE,SI,WA,south_indian_ocean,,2014-12-27T06:00:00Z,-12.9,93.6,TS,105.0,ESCS,90.0,bom,3,90.0,True
CLS_05027,3,ESCS-SuCS,Extremely Severe / Super Cyclonic Storm,2014356S08101,KATE,SI,WA,south_indian_ocean,,2014-12-28T00:00:00Z,-13.3,92.8,TS,95.0,ESCS,80.0,bom,2,80.0,True
CLS_05028,3,ESCS-SuCS,Extremely Severe / Super Cyclonic Storm,2014356S08101,KATE,SI,MM,south_indian_ocean,,2014-12-30T06:00:00Z,-17.1,89.8,TS,105.0,ESCS,90.0,reunion,3,90.0,True
CLS_05029,3,ESCS-SuCS,Extremely Severe / Super Cyclonic Storm,2015009S19054,BANSI,SI,MM,south_indian_ocean,,2015-01-13T00:00:00Z,-17.5,57.3,TS,140.0,SuCS,120.0,reunion,5,120.0,True
CLS_05030,3,ESCS-SuCS,Extremely Severe / Super Cyclonic Storm,2015009S19054,BANSI,SI,MM,south_indian_ocean,,2015-01-14T09:00:00Z,-17.2,58.9,TS,90.0,ESCS,,,2,90.0,True
CLS_05031,3,ESCS-SuCS,Extremely Severe / Super Cyclonic Storm,2015009S19054,BANSI,SI,MM,south_indian_ocean,,2015-01-15T03:00:00Z,-17.8,60.5,TS,110.0,ESCS,,,3,110.0,True
CLS_05032,3,ESCS-SuCS,Extremely Severe / Super Cyclonic Storm,2015009S19054,BANSI,SI,MM,south_indian_ocean,,2015-01-15T18:00:00Z,-18.3,63.0,TS,115.0,ESCS,100.0,reunion,4,100.0,True
CLS_05033,3,ESCS-SuCS,Extremely Severe / Super Cyclonic Storm,2015009S19054,BANSI,SI,MM,south_indian_ocean,,2015-01-16T15:00:00Z,-22.1,66.7,TS,120.0,SuCS,,,4,120.0,True
CLS_05034,3,ESCS-SuCS,Extremely Severe / Super Cyclonic Storm,2015024S15078,EUNICE,SI,MM,south_indian_ocean,,2015-01-29T06:00:00Z,-15.4,66.4,TS,100.0,ESCS,83.0,reunion,3,83.0,True
CLS_05035,3,ESCS-SuCS,Extremely Severe / Super Cyclonic Storm,2015024S15078,EUNICE,SI,MM,south_indian_ocean,,2015-01-30T00:00:00Z,-17.8,67.7,TS,140.0,SuCS,120.0,reunion,5,120.0,True
CLS_05036,3,ESCS-SuCS,Extremely Severe / Super Cyclonic Storm,2015024S15078,EUNICE,SI,MM,south_indian_ocean,,2015-01-30T12:00:00Z,-19.2,68.5,TS,140.0,SuCS,120.0,reunion,5,120.0,True
CLS_05037,3,ESCS-SuCS,Extremely Severe / Super Cyclonic Storm,2015024S15078,EUNICE,SI,MM,south_indian_ocean,,2015-01-31T09:00:00Z,-20.4,71.8,TS,118.0,ESCS,,,4,118.0,True
CLS_05038,3,ESCS-SuCS,Extremely Severe / Super Cyclonic Storm,2015038N08158,HIGOS,WP,MM,pacific_ocean,western_pacific,2015-02-10T09:00:00Z,14.5,154.1,TS,120.0,SuCS,,,4,120.0,True
CLS_05039,3,ESCS-SuCS,Extremely Severe / Super Cyclonic Storm,2015047S15152,MARCIA,SP,EA,pacific_ocean,southern_pacific,2015-02-19T18:00:00Z,-21.7,150.5,TS,125.0,SuCS,110.0,bom,4,110.0,True
CLS_05040,3,ESCS-SuCS,Extremely Severe / Super Cyclonic Storm,2015066S08170,PAM,SP,MM,pacific_ocean,southern_pacific,2015-03-12T00:00:00Z,-12.6,170.2,TS,120.0,SuCS,100.0,nadi,4,100.0,True
CLS_05041,3,ESCS-SuCS,Extremely Severe / Super Cyclonic Storm,2015066S08170,PAM,SP,MM,pacific_ocean,southern_pacific,2015-03-12T12:00:00Z,-14.3,169.8,TS,135.0,SuCS,120.0,nadi,4,120.0,True
CLS_05042,3,ESCS-SuCS,Extremely Severe / Super Cyclonic Storm,2015066S08170,PAM,SP,MM,pacific_ocean,southern_pacific,2015-03-13T06:00:00Z,-16.6,168.8,TS,150.0,SuCS,,,5,150.0,True
CLS_05043,3,ESCS-SuCS,Extremely Severe / Super Cyclonic Storm,2015068S12151,NATHAN,SP,EA,pacific_ocean,southern_pacific,2015-03-19T18:00:00Z,-14.7,145.1,TS,100.0,ESCS,80.0,bom,3,80.0,True
CLS_05044,3,ESCS-SuCS,Extremely Severe / Super Cyclonic Storm,2015085N06162,MAYSAK,WP,MM,pacific_ocean,western_pacific,2015-03-31T06:00:00Z,10.0,141.3,TS,135.0,SuCS,105.0,tokyo,4,105.0,True
CLS_05045,3,ESCS-SuCS,Extremely Severe / Super Cyclonic Storm,2015094S10087,IKOLA,SI,WA,south_indian_ocean,,2015-04-06T21:00:00Z,-16.3,91.6,TS,110.0,ESCS,,,3,110.0,True
CLS_05046,3,ESCS-SuCS,Extremely Severe / Super Cyclonic Storm,2015094S10087,IKOLA,SI,WA,south_indian_ocean,,2015-04-07T09:00:00Z,-18.6,94.1,TS,90.0,ESCS,,,2,90.0,True
CLS_05047,3,ESCS-SuCS,Extremely Severe / Super Cyclonic Storm,2015092S18074,JOALANE,SI,MM,south_indian_ocean,,2015-04-07T18:00:00Z,-14.6,63.2,TS,90.0,ESCS,70.0,reunion,2,70.0,True
CLS_05048,3,ESCS-SuCS,Extremely Severe / Super Cyclonic Storm,2015117S12115,QUANG,SI,WA,south_indian_ocean,,2015-04-30T03:00:00Z,-17.3,109.5,TS,118.0,ESCS,,bom,4,118.0,True
CLS_05049,3,ESCS-SuCS,Extremely Severe / Super Cyclonic Storm,2015117S12115,QUANG,SI,WA,south_indian_ocean,,2015-04-30T15:00:00Z,-19.4,111.3,TS,110.0,ESCS,,,3,110.0,True
CLS_05050,3,ESCS-SuCS,Extremely Severe / Super Cyclonic Storm,2015122N07144,NOUL,WP,MM,pacific_ocean,western_pacific,2015-05-07T03:00:00Z,11.0,133.7,TS,93.0,ESCS,,,2,93.0,True
CLS_05051,3,ESCS-SuCS,Extremely Severe / Super Cyclonic Storm,2015122N07144,NOUL,WP,MM,pacific_ocean,western_pacific,2015-05-11T00:00:00Z,20.6,122.0,TS,105.0,ESCS,90.0,tokyo,3,90.0,True
CLS_05052,3,ESCS-SuCS,Extremely Severe / Super Cyclonic Storm,2015127N04158,DOLPHIN,WP,MM,pacific_ocean,western_pacific,2015-05-16T21:00:00Z,17.5,139.4,TS,133.0,SuCS,,,4,133.0,True
CLS_05053,3,ESCS-SuCS,Extremely Severe / Super Cyclonic Storm,2015148N11250,ANDRES,EP,MM,pacific_ocean,eastern_pacific,2015-05-31T06:00:00Z,15.2,-117.1,TS,100.0,ESCS,100.0,hurdat_epa,3,100.0,True
CLS_05054,3,ESCS-SuCS,Extremely Severe / Super Cyclonic Storm,2015148N11250,ANDRES,EP,MM,pacific_ocean,eastern_pacific,2015-05-31T18:00:00Z,15.3,-118.5,TS,110.0,ESCS,110.0,hurdat_epa,3,110.0,True
CLS_05055,3,ESCS-SuCS,Extremely Severe / Super Cyclonic Storm,2015148N11250,ANDRES,EP,MM,pacific_ocean,eastern_pacific,2015-06-01T15:00:00Z,15.6,-120.3,TS,120.0,SuCS,,,4,120.0,True
CLS_05056,3,ESCS-SuCS,Extremely Severe / Super Cyclonic Storm,2015152N12258,BLANCA,EP,MM,pacific_ocean,eastern_pacific,2015-06-03T18:00:00Z,12.3,-104.6,TS,125.0,SuCS,125.0,hurdat_epa,4,125.0,True
CLS_05057,3,ESCS-SuCS,Extremely Severe / Super Cyclonic Storm,2015152N12258,BLANCA,EP,MM,pacific_ocean,eastern_pacific,2015-06-04T09:00:00Z,12.1,-104.9,TS,103.0,ESCS,,,3,103.0,True
CLS_05058,3,ESCS-SuCS,Extremely Severe / Super Cyclonic Storm,2015152N12258,BLANCA,EP,MM,pacific_ocean,eastern_pacific,2015-06-06T03:00:00Z,16.0,-108.2,TS,95.0,ESCS,,,2,95.0,True
CLS_05059,3,ESCS-SuCS,Extremely Severe / Super Cyclonic Storm,2015152N12258,BLANCA,EP,MM,pacific_ocean,eastern_pacific,2015-06-06T15:00:00Z,17.4,-109.4,TS,110.0,ESCS,,,3,110.0,True
CLS_05060,3,ESCS-SuCS,Extremely Severe / Super Cyclonic Storm,2015184N08172,NANGKA,WP,MM,pacific_ocean,western_pacific,2015-07-06T18:00:00Z,12.6,156.8,TS,90.0,ESCS,75.0,tokyo,2,75.0,True
CLS_05061,3,ESCS-SuCS,Extremely Severe / Super Cyclonic Storm,2015180N09160,CHAN-HOM,WP,MM,pacific_ocean,western_pacific,2015-07-08T09:00:00Z,20.7,132.2,TS,90.0,ESCS,,,2,90.0,True
CLS_05062,3,ESCS-SuCS,Extremely Severe / Super Cyclonic Storm,2015184N08172,NANGKA,WP,MM,pacific_ocean,western_pacific,2015-07-09T06:00:00Z,17.6,145.9,TS,130.0,SuCS,100.0,tokyo,4,100.0,True
CLS_05063,3,ESCS-SuCS,Extremely Severe / Super Cyclonic Storm,2015180N09160,CHAN-HOM,WP,MM,pacific_ocean,western_pacific,2015-07-10T09:00:00Z,26.9,124.3,TS,113.0,ESCS,90.0,tokyo,4,90.0,True
CLS_05064,3,ESCS-SuCS,Extremely Severe / Super Cyclonic Storm,2015192N11263,DOLORES,EP,MM,pacific_ocean,eastern_pacific,2015-07-15T06:00:00Z,18.1,-109.4,TS,115.0,ESCS,115.0,hurdat_epa,4,115.0,True
CLS_05065,3,ESCS-SuCS,Extremely Severe / Super Cyclonic Storm,2015192N11263,DOLORES,EP,MM,pacific_ocean,eastern_pacific,2015-07-15T18:00:00Z,18.5,-110.3,TS,105.0,ESCS,105.0,hurdat_epa,3,105.0,True
CLS_05066,3,ESCS-SuCS,Extremely Severe / Super Cyclonic Storm,2015192N11263,DOLORES,EP,MM,pacific_ocean,eastern_pacific,2015-07-16T06:00:00Z,19.3,-111.1,TS,90.0,ESCS,90.0,hurdat_epa,2,90.0,True
CLS_05067,3,ESCS-SuCS,Extremely Severe / Super Cyclonic Storm,2015209N07248,GUILLERMO,EP,MM,pacific_ocean,eastern_pacific,2015-07-31T15:00:00Z,12.3,-132.9,TS,90.0,ESCS,,,2,90.0,True
CLS_05068,3,ESCS-SuCS,Extremely Severe / Super Cyclonic Storm,2015209N07248,GUILLERMO,EP,MM,pacific_ocean,eastern_pacific,2015-08-01T09:00:00Z,13.2,-137.7,TS,90.0,ESCS,,,2,90.0,True
CLS_05069,3,ESCS-SuCS,Extremely Severe / Super Cyclonic Storm,2015209N07248,GUILLERMO,EP,MM,pacific_ocean,eastern_pacific,2015-08-01T21:00:00Z,13.7,-139.9,TS,90.0,ESCS,,,2,90.0,True
CLS_05070,3,ESCS-SuCS,Extremely Severe / Super Cyclonic Storm,2015209N07248,GUILLERMO,EP,CP,pacific_ocean,eastern_pacific,2015-08-02T12:00:00Z,14.5,-142.8,TS,90.0,ESCS,90.0,hurdat_epa,2,90.0,True
CLS_05071,3,ESCS-SuCS,Extremely Severe / Super Cyclonic Storm,2015211N13162,SOUDELOR,WP,MM,pacific_ocean,western_pacific,2015-08-03T00:00:00Z,16.2,144.0,TS,110.0,ESCS,90.0,tokyo,3,90.0,True
CLS_05072,3,ESCS-SuCS,Extremely Severe / Super Cyclonic Storm,2015211N13162,SOUDELOR,WP,MM,pacific_ocean,western_pacific,2015-08-07T21:00:00Z,24.0,121.7,TS,98.0,ESCS,80.0,tokyo,3,80.0,True
CLS_05073,3,ESCS-SuCS,Extremely Severe / Super Cyclonic Storm,2015218N12231,HILDA,EP,CP,pacific_ocean,eastern_pacific,2015-08-08T06:00:00Z,13.1,-140.3,TS,100.0,ESCS,100.0,hurdat_epa,3,100.0,True
CLS_05074,3,ESCS-SuCS,Extremely Severe / Super Cyclonic Storm,2015218N12231,HILDA,EP,CP,pacific_ocean,eastern_pacific,2015-08-08T21:00:00Z,13.7,-143.4,TS,123.0,SuCS,,,4,123.0,True
CLS_05075,3,ESCS-SuCS,Extremely Severe / Super Cyclonic Storm,2015218N12231,HILDA,EP,CP,pacific_ocean,eastern_pacific,2015-08-09T09:00:00Z,14.3,-145.7,TS,108.0,ESCS,,,3,108.0,True
CLS_05076,3,ESCS-SuCS,Extremely Severe / Super Cyclonic Storm,2015218N12231,HILDA,EP,CP,pacific_ocean,eastern_pacific,2015-08-10T00:00:00Z,15.1,-147.9,TS,90.0,ESCS,90.0,hurdat_epa,2,90.0,True
CLS_05077,3,ESCS-SuCS,Extremely Severe / Super Cyclonic Storm,2015226N15164,ATSANI,WP,MM,pacific_ocean,western_pacific,2015-08-17T21:00:00Z,15.8,156.6,TS,113.0,ESCS,,,4,113.0,True
CLS_05078,3,ESCS-SuCS,Extremely Severe / Super Cyclonic Storm,2015226N12151,GONI,WP,MM,pacific_ocean,western_pacific,2015-08-18T03:00:00Z,18.4,135.3,TS,105.0,ESCS,,,3,105.0,True
CLS_05079,3,ESCS-SuCS,Extremely Severe / Super Cyclonic Storm,2015226N15164,ATSANI,WP,MM,pacific_ocean,western_pacific,2015-08-20T18:00:00Z,23.3,147.1,TS,115.0,ESCS,90.0,tokyo,4,90.0,True
CLS_05080,3,ESCS-SuCS,Extremely Severe / Super Cyclonic Storm,2015226N12151,GONI,WP,MM,pacific_ocean,western_pacific,2015-08-23T12:00:00Z,24.5,124.0,TS,105.0,ESCS,95.0,tokyo,3,95.0,True
CLS_05081,3,ESCS-SuCS,Extremely Severe / Super Cyclonic Storm,2015236N12231,IGNACIO,EP,CP,pacific_ocean,eastern_pacific,2015-08-29T18:00:00Z,16.1,-146.6,TS,120.0,SuCS,120.0,hurdat_epa,4,120.0,True
CLS_05082,3,ESCS-SuCS,Extremely Severe / Super Cyclonic Storm,2015238N10255,JIMENA,EP,MM,pacific_ocean,eastern_pacific,2015-08-30T00:00:00Z,13.0,-126.9,TS,120.0,SuCS,120.0,hurdat_epa,4,120.0,True
CLS_05083,3,ESCS-SuCS,Extremely Severe / Super Cyclonic Storm,2015236N12231,IGNACIO,EP,CP,pacific_ocean,eastern_pacific,2015-08-30T06:00:00Z,17.1,-147.7,TS,125.0,SuCS,125.0,hurdat_epa,4,125.0,True
CLS_05084,3,ESCS-SuCS,Extremely Severe / Super Cyclonic Storm,2015229N08212,KILO,EP,CP,pacific_ocean,eastern_pacific,2015-08-30T12:00:00Z,18.6,182.9,TS,115.0,ESCS,115.0,hurdat_epa,4,115.0,True
CLS_05085,3,ESCS-SuCS,Extremely Severe / Super Cyclonic Storm,2015236N12231,IGNACIO,EP,CP,pacific_ocean,eastern_pacific,2015-08-30T18:00:00Z,18.6,-148.7,TS,105.0,ESCS,105.0,hurdat_epa,3,105.0,True
CLS_05086,3,ESCS-SuCS,Extremely Severe / Super Cyclonic Storm,2015238N10255,JIMENA,EP,MM,pacific_ocean,eastern_pacific,2015-08-31T03:00:00Z,15.1,-132.6,TS,130.0,SuCS,,,4,130.0,True
CLS_05087,3,ESCS-SuCS,Extremely Severe / Super Cyclonic Storm,2015236N12231,IGNACIO,EP,CP,pacific_ocean,eastern_pacific,2015-08-31T09:00:00Z,20.3,-150.1,TS,95.0,ESCS,,,2,95.0,True
CLS_05088,3,ESCS-SuCS,Extremely Severe / Super Cyclonic Storm,2015229N08212,KILO,EP,CP,pacific_ocean,eastern_pacific,2015-08-31T15:00:00Z,21.4,180.8,TS,100.0,ESCS,,,3,100.0,True
CLS_05089,3,ESCS-SuCS,Extremely Severe / Super Cyclonic Storm,2015238N10255,JIMENA,EP,MM,pacific_ocean,eastern_pacific,2015-08-31T18:00:00Z,15.8,-136.2,TS,125.0,SuCS,125.0,hurdat_epa,4,125.0,True
CLS_05090,3,ESCS-SuCS,Extremely Severe / Super Cyclonic Storm,2015238N10255,JIMENA,EP,CP,pacific_ocean,eastern_pacific,2015-09-01T15:00:00Z,16.7,-140.0,TS,105.0,ESCS,,,3,105.0,True
CLS_05091,3,ESCS-SuCS,Extremely Severe / Super Cyclonic Storm,2015238N10255,JIMENA,EP,CP,pacific_ocean,eastern_pacific,2015-09-02T15:00:00Z,17.7,-142.7,TS,93.0,ESCS,,,2,93.0,True
CLS_05092,3,ESCS-SuCS,Extremely Severe / Super Cyclonic Storm,2015229N08212,KILO,WP,MM,pacific_ocean,western_pacific,2015-09-03T06:00:00Z,24.6,178.0,TS,90.0,ESCS,70.0,tokyo,2,70.0,True
CLS_05093,3,ESCS-SuCS,Extremely Severe / Super Cyclonic Storm,2015229N08212,KILO,WP,MM,pacific_ocean,western_pacific,2015-09-05T21:00:00Z,23.8,170.0,TS,93.0,ESCS,,,2,93.0,True
CLS_05094,3,ESCS-SuCS,Extremely Severe / Super Cyclonic Storm,2015248N10256,LINDA,EP,MM,pacific_ocean,eastern_pacific,2015-09-08T09:00:00Z,20.1,-113.3,TS,100.0,ESCS,,,3,100.0,True
CLS_05095,3,ESCS-SuCS,Extremely Severe / Super Cyclonic Storm,2015248N10256,LINDA,EP,MM,pacific_ocean,eastern_pacific,2015-09-08T21:00:00Z,21.9,-114.9,TS,108.0,ESCS,,,3,108.0,True
CLS_05096,3,ESCS-SuCS,Extremely Severe / Super Cyclonic Storm,2015257N14152,KROVANH,WP,MM,pacific_ocean,western_pacific,2015-09-17T18:00:00Z,22.9,142.8,TS,100.0,ESCS,85.0,tokyo,3,85.0,True
CLS_05097,3,ESCS-SuCS,Extremely Severe / Super Cyclonic Storm,2015263N14148,DUJUAN,WP,MM,pacific_ocean,western_pacific,2015-09-28T00:00:00Z,23.3,123.9,TS,125.0,SuCS,110.0,tokyo,4,110.0,True
CLS_05098,3,ESCS-SuCS,Extremely Severe / Super Cyclonic Storm,2015273N12130,MUJIGAE,WP,MM,pacific_ocean,western_pacific,2015-10-04T09:00:00Z,21.5,110.0,TS,93.0,ESCS,,,2,93.0,True
CLS_05099,3,ESCS-SuCS,Extremely Severe / Super Cyclonic Storm,2015274N13201,OHO,EP,CP,pacific_ocean,eastern_pacific,2015-10-07T09:00:00Z,20.4,-147.2,TS,93.0,ESCS,,,2,93.0,True
CLS_05100,3,ESCS-SuCS,Extremely Severe / Super Cyclonic Storm,2015285N14151,KOPPU,WP,MM,pacific_ocean,western_pacific,2015-10-17T00:00:00Z,15.7,124.5,TS,105.0,ESCS,90.0,tokyo,3,90.0,True
CLS_05101,3,ESCS-SuCS,Extremely Severe / Super Cyclonic Storm,2015286N12163,CHAMPI,WP,MM,pacific_ocean,western_pacific,2015-10-17T15:00:00Z,18.6,140.5,TS,90.0,ESCS,,,2,90.0,True
CLS_05102,3,ESCS-SuCS,Extremely Severe / Super Cyclonic Storm,2015286N12163,CHAMPI,WP,MM,pacific_ocean,western_pacific,2015-10-19T21:00:00Z,21.3,140.1,TS,93.0,ESCS,,,2,93.0,True
CLS_05103,3,ESCS-SuCS,Extremely Severe / Super Cyclonic Storm,2015288N10243,OLAF,EP,CP,pacific_ocean,eastern_pacific,2015-10-21T00:00:00Z,10.9,-142.6,TS,125.0,SuCS,125.0,hurdat_epa,4,125.0,True
CLS_05104,3,ESCS-SuCS,Extremely Severe / Super Cyclonic Storm,2015288N10243,OLAF,EP,CP,pacific_ocean,eastern_pacific,2015-10-21T12:00:00Z,11.6,-144.1,TS,105.0,ESCS,105.0,hurdat_epa,3,105.0,True
CLS_05105,3,ESCS-SuCS,Extremely Severe / Super Cyclonic Storm,2015293N13266,PATRICIA,EP,MM,pacific_ocean,eastern_pacific,2015-10-22T21:00:00Z,15.5,-104.6,TS,133.0,SuCS,,,4,133.0,True
CLS_05106,3,ESCS-SuCS,Extremely Severe / Super Cyclonic Storm,2015288N10243,OLAF,EP,CP,pacific_ocean,eastern_pacific,2015-10-23T06:00:00Z,14.8,-146.3,TS,105.0,ESCS,105.0,hurdat_epa,3,105.0,True
CLS_05107,3,ESCS-SuCS,Extremely Severe / Super Cyclonic Storm,2015293N13266,PATRICIA,EP,MM,pacific_ocean,eastern_pacific,2015-10-23T15:00:00Z,17.8,-105.5,TS,183.0,SuCS,,,5,183.0,True
CLS_05108,3,ESCS-SuCS,Extremely Severe / Super Cyclonic Storm,2015288N10243,OLAF,EP,CP,pacific_ocean,eastern_pacific,2015-10-23T21:00:00Z,17.0,-146.2,TS,105.0,ESCS,,,3,105.0,True
CLS_05109,3,ESCS-SuCS,Extremely Severe / Super Cyclonic Storm,2015301N11065,CHAPALA,NI,AS,north_indian_ocean,arabian_sea,2015-10-30T03:00:00Z,14.2,61.5,TS,115.0,ESCS,105.0,newdelhi,4,105.0,True
CLS_05110,3,ESCS-SuCS,Extremely Severe / Super Cyclonic Storm,2015301N11065,CHAPALA,NI,AS,north_indian_ocean,arabian_sea,2015-10-30T21:00:00Z,13.9,59.9,TS,118.0,ESCS,115.0,newdelhi,4,115.0,True
CLS_05111,3,ESCS-SuCS,Extremely Severe / Super Cyclonic Storm,2015301N11065,CHAPALA,NI,AS,north_indian_ocean,arabian_sea,2015-10-31T18:00:00Z,13.8,57.2,TS,110.0,ESCS,105.0,newdelhi,3,105.0,True
CLS_05112,3,ESCS-SuCS,Extremely Severe / Super Cyclonic Storm,2015301N11065,CHAPALA,NI,AS,north_indian_ocean,arabian_sea,2015-11-02T00:00:00Z,13.2,52.6,TS,110.0,ESCS,100.0,newdelhi,3,100.0,True
CLS_05113,3,ESCS-SuCS,Extremely Severe / Super Cyclonic Storm,2015309N14067,MEGH,NI,AS,north_indian_ocean,arabian_sea,2015-11-08T06:00:00Z,12.7,54.9,TS,110.0,ESCS,95.0,newdelhi,3,95.0,True
CLS_05114,3,ESCS-SuCS,Extremely Severe / Super Cyclonic Storm,2015321N04164,IN-FA,WP,MM,pacific_ocean,western_pacific,2015-11-22T09:00:00Z,14.4,134.5,TS,93.0,ESCS,,,2,93.0,True
CLS_05115,3,ESCS-SuCS,Extremely Severe / Super Cyclonic Storm,2015321N04164,IN-FA,WP,MM,pacific_ocean,western_pacific,2015-11-23T06:00:00Z,16.5,131.5,TS,90.0,ESCS,80.0,tokyo,2,80.0,True
CLS_05116,3,ESCS-SuCS,Extremely Severe / Super Cyclonic Storm,2015328N11260,SANDRA,EP,MM,pacific_ocean,eastern_pacific,2015-11-25T21:00:00Z,13.0,-110.0,TS,103.0,ESCS,,,3,103.0,True
CLS_05117,3,ESCS-SuCS,Extremely Severe / Super Cyclonic Storm,2015328N11260,SANDRA,EP,MM,pacific_ocean,eastern_pacific,2015-11-26T12:00:00Z,15.2,-110.2,TS,120.0,SuCS,120.0,hurdat_epa,4,120.0,True
CLS_05118,3,ESCS-SuCS,Extremely Severe / Super Cyclonic Storm,2015328N11260,SANDRA,EP,MM,pacific_ocean,eastern_pacific,2015-11-27T03:00:00Z,18.0,-109.6,TS,103.0,ESCS,,,3,103.0,True
CLS_05119,3,ESCS-SuCS,Extremely Severe / Super Cyclonic Storm,2015344N07145,MELOR,WP,MM,pacific_ocean,western_pacific,2015-12-13T09:00:00Z,12.3,128.5,TS,98.0,ESCS,,,3,98.0,True
CLS_05120,3,ESCS-SuCS,Extremely Severe / Super Cyclonic Storm,2015344N07145,MELOR,WP,MM,pacific_ocean,western_pacific,2015-12-15T06:00:00Z,13.3,121.2,TS,100.0,ESCS,85.0,tokyo,3,85.0,True
CLS_05121,3,ESCS-SuCS,Extremely Severe / Super Cyclonic Storm,2016042S10094,URIAH,SI,MM,south_indian_ocean,,2016-02-17T00:00:00Z,-17.8,81.8,TS,105.0,ESCS,70.0,reunion,3,70.0,True
CLS_05122,3,ESCS-SuCS,Extremely Severe / Super Cyclonic Storm,2016042S10094,URIAH,SI,MM,south_indian_ocean,,2016-02-17T21:00:00Z,-19.6,79.3,TS,123.0,SuCS,,,4,123.0,True
CLS_05123,3,ESCS-SuCS,Extremely Severe / Super Cyclonic Storm,2016042S10094,URIAH,SI,MM,south_indian_ocean,,2016-02-18T12:00:00Z,-21.9,78.6,TS,90.0,ESCS,75.0,reunion,2,75.0,True
CLS_05124,3,ESCS-SuCS,Extremely Severe / Super Cyclonic Storm,2016075S11087,EMERAUDE,SI,MM,south_indian_ocean,,2016-03-17T00:00:00Z,-10.5,84.3,TS,105.0,ESCS,90.0,reunion,3,90.0,True
CLS_05125,3,ESCS-SuCS,Extremely Severe / Super Cyclonic Storm,2016075S11087,EMERAUDE,SI,MM,south_indian_ocean,,2016-03-17T12:00:00Z,-10.7,84.0,TS,115.0,ESCS,105.0,reunion,4,105.0,True
CLS_05126,3,ESCS-SuCS,Extremely Severe / Super Cyclonic Storm,2016075S11087,EMERAUDE,SI,MM,south_indian_ocean,,2016-03-18T00:00:00Z,-10.1,84.3,TS,90.0,ESCS,70.0,reunion,2,70.0,True
CLS_05127,3,ESCS-SuCS,Extremely Severe / Super Cyclonic Storm,2016102S12074,FANTALA,SI,MM,south_indian_ocean,,2016-04-13T15:00:00Z,-12.7,65.5,TS,90.0,ESCS,,,2,90.0,True
CLS_05128,3,ESCS-SuCS,Extremely Severe / Super Cyclonic Storm,2016102S12074,FANTALA,SI,MM,south_indian_ocean,,2016-04-14T03:00:00Z,-12.6,63.9,TS,100.0,ESCS,,,3,100.0,True
CLS_05129,3,ESCS-SuCS,Extremely Severe / Super Cyclonic Storm,2016102S12074,FANTALA,SI,MM,south_indian_ocean,,2016-04-16T15:00:00Z,-11.8,54.9,TS,133.0,SuCS,,,4,133.0,True
CLS_05130,3,ESCS-SuCS,Extremely Severe / Super Cyclonic Storm,2016102S12074,FANTALA,SI,MM,south_indian_ocean,,2016-04-17T21:00:00Z,-9.6,50.4,TS,153.0,SuCS,,,5,153.0,True
CLS_05131,3,ESCS-SuCS,Extremely Severe / Super Cyclonic Storm,2016102S12074,FANTALA,SI,MM,south_indian_ocean,,2016-04-19T15:00:00Z,-9.5,50.9,TS,90.0,ESCS,,,2,90.0,True
CLS_05132,3,ESCS-SuCS,Extremely Severe / Super Cyclonic Storm,2016185N11253,BLAS,EP,MM,pacific_ocean,eastern_pacific,2016-07-05T09:00:00Z,14.1,-118.6,TS,90.0,ESCS,,,2,90.0,True
CLS_05133,3,ESCS-SuCS,Extremely Severe / Super Cyclonic Storm,2016185N11253,BLAS,EP,MM,pacific_ocean,eastern_pacific,2016-07-06T12:00:00Z,14.8,-123.1,TS,110.0,ESCS,110.0,hurdat_epa,3,110.0,True
CLS_05134,3,ESCS-SuCS,Extremely Severe / Super Cyclonic Storm,2016185N08145,NEPARTAK,WP,MM,pacific_ocean,western_pacific,2016-07-06T18:00:00Z,20.7,125.6,TS,150.0,SuCS,110.0,tokyo,5,110.0,True
CLS_05135,3,ESCS-SuCS,Extremely Severe / Super Cyclonic Storm,2016185N08145,NEPARTAK,WP,MM,pacific_ocean,western_pacific,2016-07-07T06:00:00Z,21.6,123.4,TS,140.0,SuCS,110.0,tokyo,5,110.0,True
CLS_05136,3,ESCS-SuCS,Extremely Severe / Super Cyclonic Storm,2016185N11253,BLAS,EP,MM,pacific_ocean,eastern_pacific,2016-07-07T06:00:00Z,15.8,-125.9,TS,110.0,ESCS,110.0,hurdat_epa,3,110.0,True
CLS_05137,3,ESCS-SuCS,Extremely Severe / Super Cyclonic Storm,2016185N11253,BLAS,EP,MM,pacific_ocean,eastern_pacific,2016-07-07T21:00:00Z,16.5,-127.9,TS,98.0,ESCS,,,3,98.0,True
CLS_05138,3,ESCS-SuCS,Extremely Severe / Super Cyclonic Storm,2016194N15255,DARBY,EP,MM,pacific_ocean,eastern_pacific,2016-07-15T21:00:00Z,16.9,-121.5,TS,90.0,ESCS,,,2,90.0,True
CLS_05139,3,ESCS-SuCS,Extremely Severe / Super Cyclonic Storm,2016194N15255,DARBY,EP,MM,pacific_ocean,eastern_pacific,2016-07-16T09:00:00Z,17.6,-123.1,TS,98.0,ESCS,,,3,98.0,True
CLS_05140,3,ESCS-SuCS,Extremely Severe / Super Cyclonic Storm,2016194N15255,DARBY,EP,MM,pacific_ocean,eastern_pacific,2016-07-17T00:00:00Z,18.0,-125.3,TS,100.0,ESCS,100.0,hurdat_epa,3,100.0,True
CLS_05141,3,ESCS-SuCS,Extremely Severe / Super Cyclonic Storm,2016194N15255,DARBY,EP,MM,pacific_ocean,eastern_pacific,2016-07-17T12:00:00Z,18.2,-127.0,TS,90.0,ESCS,90.0,hurdat_epa,2,90.0,True
CLS_05142,3,ESCS-SuCS,Extremely Severe / Super Cyclonic Storm,2016203N10249,GEORGETTE,EP,MM,pacific_ocean,eastern_pacific,2016-07-25T00:00:00Z,16.0,-125.8,TS,105.0,ESCS,105.0,hurdat_epa,3,105.0,True
CLS_05143,3,ESCS-SuCS,Extremely Severe / Super Cyclonic Storm,2016203N10249,GEORGETTE,EP,MM,pacific_ocean,eastern_pacific,2016-07-25T15:00:00Z,17.5,-127.3,TS,105.0,ESCS,,,3,105.0,True
CLS_05144,3,ESCS-SuCS,Extremely Severe / Super Cyclonic Storm,2016230N25160,LIONROCK,WP,MM,pacific_ocean,western_pacific,2016-08-26T18:00:00Z,23.5,132.5,TS,90.0,ESCS,80.0,tokyo,2,80.0,True
CLS_05145,3,ESCS-SuCS,Extremely Severe / Super Cyclonic Storm,2016240N13224,MADELINE,EP,CP,pacific_ocean,eastern_pacific,2016-08-29T15:00:00Z,18.2,-144.7,TS,93.0,ESCS,,,2,93.0,True
CLS_05146,3,ESCS-SuCS,Extremely Severe / Super Cyclonic Storm,2016240N13224,MADELINE,EP,CP,pacific_ocean,eastern_pacific,2016-08-30T06:00:00Z,18.9,-146.7,TS,115.0,ESCS,115.0,hurdat_epa,4,115.0,True
CLS_05147,3,ESCS-SuCS,Extremely Severe / Super Cyclonic Storm,2016237N14253,LESTER,EP,MM,pacific_ocean,eastern_pacific,2016-08-30T09:00:00Z,18.1,-133.2,TS,108.0,ESCS,,,3,108.0,True
CLS_05148,3,ESCS-SuCS,Extremely Severe / Super Cyclonic Storm,2016240N13224,MADELINE,EP,CP,pacific_ocean,eastern_pacific,2016-08-30T18:00:00Z,19.2,-148.8,TS,100.0,ESCS,100.0,hurdat_epa,3,100.0,True
CLS_05149,3,ESCS-SuCS,Extremely Severe / Super Cyclonic Storm,2016237N14253,LESTER,EP,MM,pacific_ocean,eastern_pacific,2016-08-31T03:00:00Z,17.7,-136.5,TS,123.0,SuCS,,,4,123.0,True
CLS_05150,3,ESCS-SuCS,Extremely Severe / Super Cyclonic Storm,2016237N14253,LESTER,EP,CP,pacific_ocean,eastern_pacific,2016-09-01T03:00:00Z,18.1,-141.2,TS,100.0,ESCS,,,3,100.0,True
CLS_05151,3,ESCS-SuCS,Extremely Severe / Super Cyclonic Storm,2016244N21123,NAMTHEUN,WP,MM,pacific_ocean,western_pacific,2016-09-02T12:00:00Z,27.8,130.8,TS,100.0,ESCS,70.0,tokyo,3,70.0,True
CLS_05152,3,ESCS-SuCS,Extremely Severe / Super Cyclonic Storm,2016237N14253,LESTER,EP,CP,pacific_ocean,eastern_pacific,2016-09-02T18:00:00Z,19.9,-149.2,TS,90.0,ESCS,90.0,hurdat_epa,2,90.0,True
CLS_05153,3,ESCS-SuCS,Extremely Severe / Super Cyclonic Storm,2016253N13144,MERANTI,WP,MM,pacific_ocean,western_pacific,2016-09-12T12:00:00Z,18.9,128.2,TS,155.0,SuCS,105.0,tokyo,5,105.0,True
CLS_05154,3,ESCS-SuCS,Extremely Severe / Super Cyclonic Storm,2016255N12247,ORLENE,EP,MM,pacific_ocean,eastern_pacific,2016-09-12T18:00:00Z,17.7,-119.2,TS,95.0,ESCS,95.0,hurdat_epa,2,95.0,True
CLS_05155,3,ESCS-SuCS,Extremely Severe / Super Cyclonic Storm,2016255N12247,ORLENE,EP,MM,pacific_ocean,eastern_pacific,2016-09-13T06:00:00Z,18.9,-118.9,TS,90.0,ESCS,90.0,hurdat_epa,2,90.0,True
CLS_05156,3,ESCS-SuCS,Extremely Severe / Super Cyclonic Storm,2016253N13144,MERANTI,WP,MM,pacific_ocean,western_pacific,2016-09-14T00:00:00Z,21.5,120.8,TS,155.0,SuCS,105.0,tokyo,5,105.0,True
CLS_05157,3,ESCS-SuCS,Extremely Severe / Super Cyclonic Storm,2016253N13144,MERANTI,WP,MM,pacific_ocean,western_pacific,2016-09-14T12:00:00Z,23.4,119.0,TS,110.0,ESCS,85.0,tokyo,3,85.0,True
CLS_05158,3,ESCS-SuCS,Extremely Severe / Super Cyclonic Storm,2016256N12146,MALAKAS,WP,MM,pacific_ocean,western_pacific,2016-09-16T00:00:00Z,20.1,124.7,TS,95.0,ESCS,85.0,tokyo,2,85.0,True
CLS_05159,3,ESCS-SuCS,Extremely Severe / Super Cyclonic Storm,2016256N12146,MALAKAS,WP,MM,pacific_ocean,western_pacific,2016-09-19T03:00:00Z,29.8,127.7,TS,110.0,ESCS,95.0,tokyo,3,95.0,True
CLS_05160,3,ESCS-SuCS,Extremely Severe / Super Cyclonic Storm,2016265N10150,MEGI,WP,MM,pacific_ocean,western_pacific,2016-09-25T15:00:00Z,20.3,128.8,TS,90.0,ESCS,,,2,90.0,True
CLS_05161,3,ESCS-SuCS,Extremely Severe / Super Cyclonic Storm,2016265N10150,MEGI,WP,MM,pacific_ocean,western_pacific,2016-09-27T03:00:00Z,23.7,122.5,TS,108.0,ESCS,85.0,tokyo,3,85.0,True
CLS_05162,3,ESCS-SuCS,Extremely Severe / Super Cyclonic Storm,2016269N15165,CHABA,WP,MM,pacific_ocean,western_pacific,2016-10-02T06:00:00Z,20.8,130.4,TS,115.0,ESCS,95.0,tokyo,4,95.0,True
CLS_05163,3,ESCS-SuCS,Extremely Severe / Super Cyclonic Storm,2016269N15165,CHABA,WP,MM,pacific_ocean,western_pacific,2016-10-02T21:00:00Z,23.3,127.9,TS,130.0,SuCS,95.0,tokyo,4,95.0,True
CLS_05164,3,ESCS-SuCS,Extremely Severe / Super Cyclonic Storm,2016278N16181,SONGDA,WP,MM,pacific_ocean,western_pacific,2016-10-11T03:00:00Z,28.2,146.3,TS,103.0,ESCS,,,3,103.0,True
CLS_05165,3,ESCS-SuCS,Extremely Severe / Super Cyclonic Storm,2016278N16181,SONGDA,WP,MM,pacific_ocean,western_pacific,2016-10-11T15:00:00Z,29.7,148.1,TS,123.0,SuCS,,,4,123.0,True
CLS_05166,3,ESCS-SuCS,Extremely Severe / Super Cyclonic Storm,2016287N12131,SARIKA,WP,MM,pacific_ocean,western_pacific,2016-10-15T09:00:00Z,14.9,123.4,TS,98.0,ESCS,,,3,98.0,True
CLS_05167,3,ESCS-SuCS,Extremely Severe / Super Cyclonic Storm,2016287N12131,SARIKA,WP,MM,pacific_ocean,western_pacific,2016-10-15T21:00:00Z,16.0,120.8,TS,95.0,ESCS,,,2,95.0,True
CLS_05168,3,ESCS-SuCS,Extremely Severe / Super Cyclonic Storm,2016288N06146,HAIMA,WP,MM,pacific_ocean,western_pacific,2016-10-17T03:00:00Z,13.1,136.1,TS,100.0,ESCS,,,3,100.0,True
CLS_05169,3,ESCS-SuCS,Extremely Severe / Super Cyclonic Storm,2016288N06146,HAIMA,WP,MM,pacific_ocean,western_pacific,2016-10-19T15:00:00Z,17.5,122.4,TS,113.0,ESCS,,,4,113.0,True
CLS_05170,3,ESCS-SuCS,Extremely Severe / Super Cyclonic Storm,2016296N11262,SEYMOUR,EP,MM,pacific_ocean,eastern_pacific,2016-10-25T06:00:00Z,15.4,-113.2,TS,95.0,ESCS,95.0,hurdat_epa,2,95.0,True
CLS_05171,3,ESCS-SuCS,Extremely Severe / Super Cyclonic Storm,2016296N11262,SEYMOUR,EP,MM,pacific_ocean,eastern_pacific,2016-10-25T18:00:00Z,15.6,-115.8,TS,115.0,ESCS,115.0,hurdat_epa,4,115.0,True
CLS_05172,3,ESCS-SuCS,Extremely Severe / Super Cyclonic Storm,2016296N11262,SEYMOUR,EP,MM,pacific_ocean,eastern_pacific,2016-10-26T06:00:00Z,16.2,-118.4,TS,130.0,SuCS,130.0,hurdat_epa,4,130.0,True
CLS_05173,3,ESCS-SuCS,Extremely Severe / Super Cyclonic Storm,2016296N11262,SEYMOUR,EP,MM,pacific_ocean,eastern_pacific,2016-10-26T18:00:00Z,17.1,-120.7,TS,110.0,ESCS,110.0,hurdat_epa,3,110.0,True
CLS_05174,3,ESCS-SuCS,Extremely Severe / Super Cyclonic Storm,2016305N10147,MEARI,WP,MM,pacific_ocean,western_pacific,2016-11-06T03:00:00Z,20.0,143.1,TS,90.0,ESCS,,,2,90.0,True
CLS_05175,3,ESCS-SuCS,Extremely Severe / Super Cyclonic Storm,2016355N07146,NOCK-TEN,WP,MM,pacific_ocean,western_pacific,2016-12-24T03:00:00Z,13.2,128.5,TS,115.0,ESCS,,,4,115.0,True
CLS_05176,3,ESCS-SuCS,Extremely Severe / Super Cyclonic Storm,2016355N07146,NOCK-TEN,WP,MM,pacific_ocean,western_pacific,2016-12-24T21:00:00Z,13.6,126.4,TS,138.0,SuCS,,,5,138.0,True
CLS_05177,3,ESCS-SuCS,Extremely Severe / Super Cyclonic Storm,2017061S11063,ENAWO,SI,MM,south_indian_ocean,,2017-03-06T03:00:00Z,-14.0,54.1,TS,93.0,ESCS,,,2,93.0,True
CLS_05178,3,ESCS-SuCS,Extremely Severe / Super Cyclonic Storm,2017061S11063,ENAWO,SI,MM,south_indian_ocean,,2017-03-06T15:00:00Z,-14.2,52.7,TS,115.0,ESCS,,,4,115.0,True
CLS_05179,3,ESCS-SuCS,Extremely Severe / Super Cyclonic Storm,2017061S11063,ENAWO,SI,MM,south_indian_ocean,,2017-03-07T06:00:00Z,-14.7,50.7,TS,130.0,SuCS,110.0,reunion,4,110.0,True
CLS_05180,3,ESCS-SuCS,Extremely Severe / Super Cyclonic Storm,2017061S11063,ENAWO,SI,MM,south_indian_ocean,,2017-03-07T18:00:00Z,-15.1,49.9,TS,90.0,ESCS,57.0,reunion,2,57.0,True
CLS_05181,3,ESCS-SuCS,Extremely Severe / Super Cyclonic Storm,2017082S14152,DEBBIE,SP,EA,pacific_ocean,southern_pacific,2017-03-27T15:00:00Z,-19.6,149.5,TS,115.0,ESCS,,,4,115.0,True
CLS_05182,3,ESCS-SuCS,Extremely Severe / Super Cyclonic Storm,2017094S10115,ERNIE,SI,WA,south_indian_ocean,,2017-04-07T21:00:00Z,-16.0,110.5,TS,130.0,SuCS,,,4,130.0,True
CLS_05183,3,ESCS-SuCS,Extremely Severe / Super Cyclonic Storm,2017094S10115,ERNIE,SI,WA,south_indian_ocean,,2017-04-08T09:00:00Z,-16.6,109.7,TS,95.0,ESCS,,,2,95.0,True
CLS_05184,3,ESCS-SuCS,Extremely Severe / Super Cyclonic Storm,2017094S10115,ERNIE,SI,WA,south_indian_ocean,,2017-04-08T21:00:00Z,-16.8,108.6,TS,90.0,ESCS,,,2,90.0,True
CLS_05185,3,ESCS-SuCS,Extremely Severe / Super Cyclonic Storm,2017189N11250,EUGENE,EP,MM,pacific_ocean,eastern_pacific,2017-07-09T15:00:00Z,15.9,-114.7,TS,98.0,ESCS,,,3,98.0,True
CLS_05186,3,ESCS-SuCS,Extremely Severe / Super Cyclonic Storm,2017193N12252,FERNANDA,EP,MM,pacific_ocean,eastern_pacific,2017-07-15T06:00:00Z,10.8,-121.3,TS,125.0,SuCS,125.0,hurdat_epa,4,125.0,True
CLS_05187,3,ESCS-SuCS,Extremely Severe / Super Cyclonic Storm,2017193N12252,FERNANDA,EP,MM,pacific_ocean,eastern_pacific,2017-07-15T18:00:00Z,11.3,-123.5,TS,115.0,ESCS,115.0,hurdat_epa,4,115.0,True
CLS_05188,3,ESCS-SuCS,Extremely Severe / Super Cyclonic Storm,2017193N12252,FERNANDA,EP,MM,pacific_ocean,eastern_pacific,2017-07-16T09:00:00Z,12.0,-126.4,TS,115.0,ESCS,,,4,115.0,True
CLS_05189,3,ESCS-SuCS,Extremely Severe / Super Cyclonic Storm,2017193N12252,FERNANDA,EP,MM,pacific_ocean,eastern_pacific,2017-07-17T15:00:00Z,13.7,-130.9,TS,103.0,ESCS,,,3,103.0,True
CLS_05190,3,ESCS-SuCS,Extremely Severe / Super Cyclonic Storm,2017193N12252,FERNANDA,EP,MM,pacific_ocean,eastern_pacific,2017-07-18T15:00:00Z,15.6,-133.2,TS,90.0,ESCS,,,2,90.0,True
CLS_05191,3,ESCS-SuCS,Extremely Severe / Super Cyclonic Storm,2017202N08274,HILARY,EP,MM,pacific_ocean,eastern_pacific,2017-07-25T12:00:00Z,15.2,-107.3,TS,90.0,ESCS,90.0,hurdat_epa,2,90.0,True
CLS_05192,3,ESCS-SuCS,Extremely Severe / Super Cyclonic Storm,2017202N08274,HILARY,EP,MM,pacific_ocean,eastern_pacific,2017-07-26T00:00:00Z,15.9,-109.3,TS,95.0,ESCS,95.0,hurdat_epa,2,95.0,True
CLS_05193,3,ESCS-SuCS,Extremely Severe / Super Cyclonic Storm,2017202N08274,HILARY,EP,MM,pacific_ocean,eastern_pacific,2017-07-26T12:00:00Z,16.4,-111.6,TS,90.0,ESCS,90.0,hurdat_epa,2,90.0,True
CLS_05194,3,ESCS-SuCS,Extremely Severe / Super Cyclonic Storm,2017206N13129,NESAT,WP,MM,pacific_ocean,western_pacific,2017-07-29T09:00:00Z,24.0,122.4,TS,90.0,ESCS,80.0,tokyo,2,80.0,True
CLS_05195,3,ESCS-SuCS,Extremely Severe / Super Cyclonic Storm,2017200N26162,NORU,WP,MM,pacific_ocean,western_pacific,2017-07-30T18:00:00Z,22.8,140.9,TS,135.0,SuCS,85.0,tokyo,4,85.0,True
CLS_05196,3,ESCS-SuCS,Extremely Severe / Super Cyclonic Storm,2017200N26162,NORU,WP,MM,pacific_ocean,western_pacific,2017-08-02T03:00:00Z,25.6,136.1,TS,90.0,ESCS,,,2,90.0,True
CLS_05197,3,ESCS-SuCS,Extremely Severe / Super Cyclonic Storm,2017223N16172,BANYAN,WP,MM,pacific_ocean,western_pacific,2017-08-13T09:00:00Z,21.7,163.8,TS,93.0,ESCS,,,2,93.0,True
CLS_05198,3,ESCS-SuCS,Extremely Severe / Super Cyclonic Storm,2017230N13249,KENNETH,EP,MM,pacific_ocean,eastern_pacific,2017-08-21T12:00:00Z,17.5,-130.5,TS,115.0,ESCS,115.0,hurdat_epa,4,115.0,True
CLS_05199,3,ESCS-SuCS,Extremely Severe / Super Cyclonic Storm,2017230N13249,KENNETH,EP,MM,pacific_ocean,eastern_pacific,2017-08-22T03:00:00Z,19.1,-132.1,TS,90.0,ESCS,,,2,90.0,True
CLS_05200,3,ESCS-SuCS,Extremely Severe / Super Cyclonic Storm,2017232N19130,HATO,WP,MM,pacific_ocean,western_pacific,2017-08-23T03:00:00Z,21.9,113.7,TS,100.0,ESCS,,,3,100.0,True
CLS_05201,3,ESCS-SuCS,Extremely Severe / Super Cyclonic Storm,2017239N18147,SANVU,WP,MM,pacific_ocean,western_pacific,2017-09-01T03:00:00Z,27.2,142.6,TS,90.0,ESCS,80.0,tokyo,2,80.0,True
CLS_05202,3,ESCS-SuCS,Extremely Severe / Super Cyclonic Storm,2017252N14147,TALIM,WP,MM,pacific_ocean,western_pacific,2017-09-13T12:00:00Z,25.5,125.4,TS,100.0,ESCS,85.0,tokyo,3,85.0,True
CLS_05203,3,ESCS-SuCS,Extremely Severe / Super Cyclonic Storm,2017252N14147,TALIM,WP,MM,pacific_ocean,western_pacific,2017-09-14T03:00:00Z,26.8,124.4,TS,118.0,ESCS,,,4,118.0,True
CLS_05204,3,ESCS-SuCS,Extremely Severe / Super Cyclonic Storm,2017253N14130,DOKSURI,WP,MM,pacific_ocean,western_pacific,2017-09-14T21:00:00Z,17.6,108.1,TS,93.0,ESCS,,,2,93.0,True
CLS_05205,3,ESCS-SuCS,Extremely Severe / Super Cyclonic Storm,2017254N16251,OTIS,EP,MM,pacific_ocean,eastern_pacific,2017-09-18T03:00:00Z,18.0,-127.3,TS,95.0,ESCS,,,2,95.0,True
CLS_05206,3,ESCS-SuCS,Extremely Severe / Super Cyclonic Storm,2017284N15134,KHANUN,WP,MM,pacific_ocean,western_pacific,2017-10-15T03:00:00Z,20.3,114.1,TS,90.0,ESCS,,,2,90.0,True
CLS_05207,3,ESCS-SuCS,Extremely Severe / Super Cyclonic Storm,2017288N09138,LAN,WP,MM,pacific_ocean,western_pacific,2017-10-20T21:00:00Z,21.0,130.9,TS,130.0,SuCS,,,4,130.0,True
CLS_05208,3,ESCS-SuCS,Extremely Severe / Super Cyclonic Storm,2017288N09138,LAN,WP,MM,pacific_ocean,western_pacific,2017-10-21T18:00:00Z,25.5,133.2,TS,130.0,SuCS,100.0,tokyo,4,100.0,True
CLS_05209,3,ESCS-SuCS,Extremely Severe / Super Cyclonic Storm,2017304N11127,DAMREY,WP,MM,pacific_ocean,western_pacific,2017-11-03T18:00:00Z,12.8,110.4,TS,90.0,ESCS,70.0,tokyo,2,70.0,True
CLS_05210,3,ESCS-SuCS,Extremely Severe / Super Cyclonic Storm,2018004S09096,IRVING,SI,MM,south_indian_ocean,,2018-01-08T12:00:00Z,-18.3,78.3,TS,90.0,ESCS,80.0,reunion,2,80.0,True
CLS_05211,3,ESCS-SuCS,Extremely Severe / Super Cyclonic Storm,2018010S10069,BERGUITTA,SI,MM,south_indian_ocean,,2018-01-15T18:00:00Z,-18.1,62.6,TS,105.0,ESCS,90.0,reunion,3,90.0,True
CLS_05212,3,ESCS-SuCS,Extremely Severe / Super Cyclonic Storm,2018025S09080,CEBILE,SI,MM,south_indian_ocean,,2018-01-29T21:00:00Z,-15.8,80.5,TS,100.0,ESCS,,,3,100.0,True
CLS_05213,3,ESCS-SuCS,Extremely Severe / Super Cyclonic Storm,2018025S09080,CEBILE,SI,MM,south_indian_ocean,,2018-01-30T18:00:00Z,-15.9,78.7,TS,105.0,ESCS,90.0,reunion,3,90.0,True
CLS_05214,3,ESCS-SuCS,Extremely Severe / Super Cyclonic Storm,2018025S09080,CEBILE,SI,MM,south_indian_ocean,,2018-02-01T03:00:00Z,-15.4,76.4,TS,105.0,ESCS,,,3,105.0,True
CLS_05215,3,ESCS-SuCS,Extremely Severe / Super Cyclonic Storm,2018025S09080,CEBILE,SI,MM,south_indian_ocean,,2018-02-02T15:00:00Z,-17.6,75.8,TS,100.0,ESCS,,,3,100.0,True
CLS_05216,3,ESCS-SuCS,Extremely Severe / Super Cyclonic Storm,2018038S15172,GITA,SP,MM,pacific_ocean,southern_pacific,2018-02-12T00:00:00Z,-21.7,187.4,TS,115.0,ESCS,105.0,nadi,4,105.0,True
CLS_05217,3,ESCS-SuCS,Extremely Severe / Super Cyclonic Storm,2018038S15172,GITA,SP,MM,pacific_ocean,southern_pacific,2018-02-14T03:00:00Z,-21.2,177.2,TS,113.0,ESCS,,,4,113.0,True
CLS_05218,3,ESCS-SuCS,Extremely Severe / Super Cyclonic Storm,2018060S13057,DUMAZILE,SI,MM,south_indian_ocean,,2018-03-05T00:00:00Z,-20.3,50.8,TS,90.0,ESCS,70.0,reunion,2,70.0,True
CLS_05219,3,ESCS-SuCS,Extremely Severe / Super Cyclonic Storm,2018060S13057,DUMAZILE,SI,MM,south_indian_ocean,,2018-03-05T12:00:00Z,-22.2,51.6,TS,110.0,ESCS,90.0,reunion,3,90.0,True
CLS_05220,3,ESCS-SuCS,Extremely Severe / Super Cyclonic Storm,2018060S13057,DUMAZILE,SI,MM,south_indian_ocean,,2018-03-06T00:00:00Z,-23.2,52.6,TS,90.0,ESCS,80.0,reunion,2,80.0,True
CLS_05221,3,ESCS-SuCS,Extremely Severe / Super Cyclonic Storm,2018064S16172,HOLA,SP,MM,pacific_ocean,southern_pacific,2018-03-08T00:00:00Z,-17.2,165.7,TS,105.0,ESCS,90.0,nadi,3,90.0,True
CLS_05222,3,ESCS-SuCS,Extremely Severe / Super Cyclonic Storm,2018073S09129,MARCUS,SI,WA,south_indian_ocean,,2018-03-20T00:00:00Z,-15.0,118.4,TS,100.0,ESCS,90.0,bom,3,90.0,True
CLS_05223,3,ESCS-SuCS,Extremely Severe / Super Cyclonic Storm,2018073S09129,MARCUS,SI,WA,south_indian_ocean,,2018-03-21T00:00:00Z,-14.4,112.3,TS,125.0,SuCS,110.0,bom,4,110.0,True
CLS_05224,3,ESCS-SuCS,Extremely Severe / Super Cyclonic Storm,2018073S09129,MARCUS,SI,WA,south_indian_ocean,,2018-03-21T12:00:00Z,-15.0,109.6,TS,140.0,SuCS,135.0,bom,5,135.0,True
CLS_05225,3,ESCS-SuCS,Extremely Severe / Super Cyclonic Storm,2018073S09129,MARCUS,SI,WA,south_indian_ocean,,2018-03-23T03:00:00Z,-20.6,105.8,TS,100.0,ESCS,,,3,100.0,True
CLS_05226,3,ESCS-SuCS,Extremely Severe / Super Cyclonic Storm,2018079S08137,NORA,SP,EA,pacific_ocean,southern_pacific,2018-03-23T21:00:00Z,-12.3,139.8,TS,100.0,ESCS,,,3,100.0,True
CLS_05227,3,ESCS-SuCS,Extremely Severe / Super Cyclonic Storm,2018082N04147,JELAWAT,WP,MM,pacific_ocean,western_pacific,2018-03-30T06:00:00Z,16.2,138.1,TS,115.0,ESCS,105.0,tokyo,4,105.0,True
CLS_05228,3,ESCS-SuCS,Extremely Severe / Super Cyclonic Storm,2018082N04147,JELAWAT,WP,MM,pacific_ocean,western_pacific,2018-03-30T21:00:00Z,17.9,140.3,TS,110.0,ESCS,,,3,110.0,True
CLS_05229,3,ESCS-SuCS,Extremely Severe / Super Cyclonic Storm,2018141N08059,MEKUNU,NI,AS,north_indian_ocean,arabian_sea,2018-05-25T12:00:00Z,16.3,54.3,TS,100.0,ESCS,95.0,newdelhi,3,95.0,True
CLS_05230,3,ESCS-SuCS,Extremely Severe / Super Cyclonic Storm,2018157N14255,ALETTA,EP,MM,pacific_ocean,eastern_pacific,2018-06-08T18:00:00Z,15.9,-111.5,TS,120.0,SuCS,120.0,hurdat_epa,4,120.0,True
CLS_05231,3,ESCS-SuCS,Extremely Severe / Super Cyclonic Storm,2018161N12260,BUD,EP,MM,pacific_ocean,eastern_pacific,2018-06-11T12:00:00Z,16.4,-106.4,TS,100.0,ESCS,100.0,hurdat_epa,3,100.0,True
CLS_05232,3,ESCS-SuCS,Extremely Severe / Super Cyclonic Storm,2018161N12260,BUD,EP,MM,pacific_ocean,eastern_pacific,2018-06-12T00:00:00Z,17.3,-107.4,TS,120.0,SuCS,120.0,hurdat_epa,4,120.0,True
CLS_05233,3,ESCS-SuCS,Extremely Severe / Super Cyclonic Storm,2018161N12260,BUD,EP,MM,pacific_ocean,eastern_pacific,2018-06-12T12:00:00Z,18.0,-108.1,TS,110.0,ESCS,110.0,hurdat_epa,3,110.0,True
CLS_05234,3,ESCS-SuCS,Extremely Severe / Super Cyclonic Storm,2018182N11256,FABIO,EP,MM,pacific_ocean,eastern_pacific,2018-07-03T21:00:00Z,15.8,-116.6,TS,95.0,ESCS,,,2,95.0,True
CLS_05235,3,ESCS-SuCS,Extremely Severe / Super Cyclonic Storm,2018184N10147,MARIA,WP,MM,pacific_ocean,western_pacific,2018-07-08T18:00:00Z,21.1,135.1,TS,145.0,SuCS,100.0,tokyo,5,100.0,True
CLS_05236,3,ESCS-SuCS,Extremely Severe / Super Cyclonic Storm,2018184N10147,MARIA,WP,MM,pacific_ocean,western_pacific,2018-07-10T15:00:00Z,25.7,123.3,TS,95.0,ESCS,85.0,tokyo,2,85.0,True
CLS_05237,3,ESCS-SuCS,Extremely Severe / Super Cyclonic Storm,2018204N15137,JONGDARI,WP,MM,pacific_ocean,western_pacific,2018-07-27T12:00:00Z,28.3,144.6,TS,90.0,ESCS,75.0,tokyo,2,75.0,True
CLS_05238,3,ESCS-SuCS,Extremely Severe / Super Cyclonic Storm,2018213N12245,HECTOR,EP,MM,pacific_ocean,eastern_pacific,2018-08-02T18:00:00Z,14.2,234.9,TS,90.0,ESCS,90.0,hurdat_epa,2,90.0,True
CLS_05239,3,ESCS-SuCS,Extremely Severe / Super Cyclonic Storm,2018213N12245,HECTOR,EP,MM,pacific_ocean,eastern_pacific,2018-08-04T06:00:00Z,14.2,228.7,TS,105.0,ESCS,105.0,hurdat_epa,3,105.0,True
CLS_05240,3,ESCS-SuCS,Extremely Severe / Super Cyclonic Storm,2018213N12245,HECTOR,EP,CP,pacific_ocean,eastern_pacific,2018-08-06T15:00:00Z,15.0,218.1,TS,133.0,SuCS,,,4,133.0,True
CLS_05241,3,ESCS-SuCS,Extremely Severe / Super Cyclonic Storm,2018218N14255,JOHN,EP,MM,pacific_ocean,eastern_pacific,2018-08-07T21:00:00Z,18.6,-110.4,TS,93.0,ESCS,,,2,93.0,True
CLS_05242,3,ESCS-SuCS,Extremely Severe / Super Cyclonic Storm,2018213N12245,HECTOR,EP,CP,pacific_ocean,eastern_pacific,2018-08-08T21:00:00Z,16.5,204.7,TS,100.0,ESCS,,,3,100.0,True
CLS_05243,3,ESCS-SuCS,Extremely Severe / Super Cyclonic Storm,2018226N11245,LANE,EP,CP,pacific_ocean,eastern_pacific,2018-08-19T03:00:00Z,12.7,-141.0,TS,113.0,ESCS,,,4,113.0,True
CLS_05244,3,ESCS-SuCS,Extremely Severe / Super Cyclonic Storm,2018227N11145,SOULIK,WP,MM,pacific_ocean,western_pacific,2018-08-19T21:00:00Z,25.7,136.9,TS,93.0,ESCS,,,2,93.0,True
CLS_05245,3,ESCS-SuCS,Extremely Severe / Super Cyclonic Storm,2018226N11245,LANE,EP,CP,pacific_ocean,eastern_pacific,2018-08-20T03:00:00Z,13.6,-145.9,TS,105.0,ESCS,,,3,105.0,True
CLS_05246,3,ESCS-SuCS,Extremely Severe / Super Cyclonic Storm,2018227N11145,SOULIK,WP,MM,pacific_ocean,western_pacific,2018-08-21T00:00:00Z,27.6,132.2,TS,100.0,ESCS,85.0,tokyo,3,85.0,True
CLS_05247,3,ESCS-SuCS,Extremely Severe / Super Cyclonic Storm,2018229N11160,CIMARON,WP,MM,pacific_ocean,western_pacific,2018-08-21T12:00:00Z,21.9,142.8,TS,90.0,ESCS,70.0,tokyo,2,70.0,True
CLS_05248,3,ESCS-SuCS,Extremely Severe / Super Cyclonic Storm,2018226N11245,LANE,EP,CP,pacific_ocean,eastern_pacific,2018-08-22T00:00:00Z,14.3,-153.6,TS,140.0,SuCS,140.0,hurdat_epa,5,140.0,True
CLS_05249,3,ESCS-SuCS,Extremely Severe / Super Cyclonic Storm,2018229N11160,CIMARON,WP,MM,pacific_ocean,western_pacific,2018-08-22T03:00:00Z,24.8,139.4,TS,113.0,ESCS,,,4,113.0,True
CLS_05250,3,ESCS-SuCS,Extremely Severe / Super Cyclonic Storm,2018226N11245,LANE,EP,CP,pacific_ocean,eastern_pacific,2018-08-23T12:00:00Z,16.5,-157.2,TS,120.0,SuCS,120.0,hurdat_epa,4,120.0,True
CLS_05251,3,ESCS-SuCS,Extremely Severe / Super Cyclonic Storm,2018240N15251,NORMAN,EP,MM,pacific_ocean,eastern_pacific,2018-08-30T12:00:00Z,17.7,-117.7,TS,125.0,SuCS,125.0,hurdat_epa,4,125.0,True
CLS_05252,3,ESCS-SuCS,Extremely Severe / Super Cyclonic Storm,2018240N15251,NORMAN,EP,MM,pacific_ocean,eastern_pacific,2018-09-01T21:00:00Z,16.3,-124.9,TS,90.0,ESCS,,,2,90.0,True
CLS_05253,3,ESCS-SuCS,Extremely Severe / Super Cyclonic Storm,2018239N11161,JEBI,WP,MM,pacific_ocean,western_pacific,2018-09-02T09:00:00Z,24.1,134.7,TS,123.0,SuCS,,,4,123.0,True
CLS_05254,3,ESCS-SuCS,Extremely Severe / Super Cyclonic Storm,2018240N15251,NORMAN,EP,MM,pacific_ocean,eastern_pacific,2018-09-02T12:00:00Z,17.4,-128.3,TS,115.0,ESCS,115.0,hurdat_epa,4,115.0,True
CLS_05255,3,ESCS-SuCS,Extremely Severe / Super Cyclonic Storm,2018239N11161,JEBI,WP,MM,pacific_ocean,western_pacific,2018-09-03T06:00:00Z,27.5,132.6,TS,105.0,ESCS,90.0,tokyo,3,90.0,True
CLS_05256,3,ESCS-SuCS,Extremely Severe / Super Cyclonic Storm,2018240N15251,NORMAN,EP,MM,pacific_ocean,eastern_pacific,2018-09-03T12:00:00Z,19.1,-135.7,TS,100.0,ESCS,100.0,hurdat_epa,3,100.0,True
CLS_05257,3,ESCS-SuCS,Extremely Severe / Super Cyclonic Storm,2018244N14252,OLIVIA,EP,MM,pacific_ocean,eastern_pacific,2018-09-05T00:00:00Z,16.8,-119.6,TS,110.0,ESCS,110.0,hurdat_epa,3,110.0,True
CLS_05258,3,ESCS-SuCS,Extremely Severe / Super Cyclonic Storm,2018240N15251,NORMAN,EP,CP,pacific_ocean,eastern_pacific,2018-09-05T15:00:00Z,19.5,-147.6,TS,103.0,ESCS,,,3,103.0,True
CLS_05259,3,ESCS-SuCS,Extremely Severe / Super Cyclonic Storm,2018244N14252,OLIVIA,EP,MM,pacific_ocean,eastern_pacific,2018-09-06T15:00:00Z,18.3,-127.3,TS,105.0,ESCS,,,3,105.0,True
CLS_05260,3,ESCS-SuCS,Extremely Severe / Super Cyclonic Storm,2018244N14252,OLIVIA,EP,MM,pacific_ocean,eastern_pacific,2018-09-07T03:00:00Z,19.1,-129.9,TS,110.0,ESCS,,,3,110.0,True
CLS_05261,3,ESCS-SuCS,Extremely Severe / Super Cyclonic Storm,2018244N14252,OLIVIA,EP,MM,pacific_ocean,eastern_pacific,2018-09-07T18:00:00Z,20.3,-133.2,TS,90.0,ESCS,90.0,hurdat_epa,2,90.0,True
CLS_05262,3,ESCS-SuCS,Extremely Severe / Super Cyclonic Storm,2018250N12170,MANGKHUT,WP,MM,pacific_ocean,western_pacific,2018-09-11T12:00:00Z,13.7,138.7,TS,140.0,SuCS,110.0,tokyo,5,110.0,True
CLS_05263,3,ESCS-SuCS,Extremely Severe / Super Cyclonic Storm,2018250N12170,MANGKHUT,WP,MM,pacific_ocean,western_pacific,2018-09-13T15:00:00Z,15.0,128.4,TS,150.0,SuCS,,,5,150.0,True
CLS_05264,3,ESCS-SuCS,Extremely Severe / Super Cyclonic Storm,2018263N12146,TRAMI,WP,MM,pacific_ocean,western_pacific,2018-09-25T09:00:00Z,19.9,128.9,TS,125.0,SuCS,,,4,125.0,True
CLS_05265,3,ESCS-SuCS,Extremely Severe / Super Cyclonic Storm,2018263N12146,TRAMI,WP,MM,pacific_ocean,western_pacific,2018-09-26T18:00:00Z,21.4,129.2,TS,90.0,ESCS,85.0,tokyo,2,85.0,True
CLS_05266,3,ESCS-SuCS,Extremely Severe / Super Cyclonic Storm,2018268N14253,ROSA,EP,MM,pacific_ocean,eastern_pacific,2018-09-27T12:00:00Z,17.0,-114.6,TS,90.0,ESCS,90.0,hurdat_epa,2,90.0,True
CLS_05267,3,ESCS-SuCS,Extremely Severe / Super Cyclonic Storm,2018268N14253,ROSA,EP,MM,pacific_ocean,eastern_pacific,2018-09-28T00:00:00Z,16.9,-116.4,TS,125.0,SuCS,125.0,hurdat_epa,4,125.0,True
CLS_05268,3,ESCS-SuCS,Extremely Severe / Super Cyclonic Storm,2018268N14253,ROSA,EP,MM,pacific_ocean,eastern_pacific,2018-09-28T15:00:00Z,17.2,-117.7,TS,113.0,ESCS,,,4,113.0,True
CLS_05269,3,ESCS-SuCS,Extremely Severe / Super Cyclonic Storm,2018271N06154,KONG-REY,WP,MM,pacific_ocean,western_pacific,2018-10-02T06:00:00Z,18.2,132.0,TS,140.0,SuCS,115.0,tokyo,5,115.0,True
CLS_05270,3,ESCS-SuCS,Extremely Severe / Super Cyclonic Storm,2018273N12259,SERGIO,EP,MM,pacific_ocean,eastern_pacific,2018-10-02T12:00:00Z,10.8,-113.5,TS,90.0,ESCS,90.0,hurdat_epa,2,90.0,True
CLS_05271,3,ESCS-SuCS,Extremely Severe / Super Cyclonic Storm,2018269N11220,WALAKA,EP,CP,pacific_ocean,eastern_pacific,2018-10-02T12:00:00Z,14.2,-170.0,TS,135.0,SuCS,135.0,hurdat_epa,4,135.0,True
CLS_05272,3,ESCS-SuCS,Extremely Severe / Super Cyclonic Storm,2018269N11220,WALAKA,EP,CP,pacific_ocean,eastern_pacific,2018-10-03T00:00:00Z,16.1,-170.3,TS,120.0,SuCS,120.0,hurdat_epa,4,120.0,True
CLS_05273,3,ESCS-SuCS,Extremely Severe / Super Cyclonic Storm,2018271N06154,KONG-REY,WP,MM,pacific_ocean,western_pacific,2018-10-03T09:00:00Z,21.2,129.0,TS,90.0,ESCS,,,2,90.0,True
CLS_05274,3,ESCS-SuCS,Extremely Severe / Super Cyclonic Storm,2018273N12259,SERGIO,EP,MM,pacific_ocean,eastern_pacific,2018-10-03T15:00:00Z,12.7,-117.2,TS,108.0,ESCS,,,3,108.0,True
CLS_05275,3,ESCS-SuCS,Extremely Severe / Super Cyclonic Storm,2018269N11220,WALAKA,EP,CP,pacific_ocean,eastern_pacific,2018-10-03T18:00:00Z,20.5,-169.0,TS,120.0,SuCS,120.0,hurdat_epa,4,120.0,True
CLS_05276,3,ESCS-SuCS,Extremely Severe / Super Cyclonic Storm,2018269N11220,WALAKA,EP,CP,pacific_ocean,eastern_pacific,2018-10-04T06:00:00Z,24.0,-166.9,TS,110.0,ESCS,110.0,hurdat_epa,3,110.0,True
CLS_05277,3,ESCS-SuCS,Extremely Severe / Super Cyclonic Storm,2018273N12259,SERGIO,EP,MM,pacific_ocean,eastern_pacific,2018-10-06T09:00:00Z,14.9,-123.4,TS,110.0,ESCS,,,3,110.0,True
CLS_05278,3,ESCS-SuCS,Extremely Severe / Super Cyclonic Storm,2018273N12259,SERGIO,EP,MM,pacific_ocean,eastern_pacific,2018-10-06T21:00:00Z,14.6,-124.7,TS,108.0,ESCS,,,3,108.0,True
CLS_05279,3,ESCS-SuCS,Extremely Severe / Super Cyclonic Storm,2018281N14088,TITLI,NI,BB,north_indian_ocean,bay_of_bengal,2018-10-10T15:00:00Z,17.8,85.1,TS,98.0,ESCS,80.0,newdelhi,3,80.0,True
CLS_05280,3,ESCS-SuCS,Extremely Severe / Super Cyclonic Storm,2018292N14261,WILLA,EP,MM,pacific_ocean,eastern_pacific,2018-10-21T21:00:00Z,17.1,-107.0,TS,110.0,ESCS,,,3,110.0,True
CLS_05281,3,ESCS-SuCS,Extremely Severe / Super Cyclonic Storm,2018292N14261,WILLA,EP,MM,pacific_ocean,eastern_pacific,2018-10-22T09:00:00Z,18.3,-107.1,TS,138.0,SuCS,,,5,138.0,True
CLS_05282,3,ESCS-SuCS,Extremely Severe / Super Cyclonic Storm,2018292N14261,WILLA,EP,MM,pacific_ocean,eastern_pacific,2018-10-23T00:00:00Z,20.2,-107.2,TS,120.0,SuCS,120.0,hurdat_epa,4,120.0,True
CLS_05283,3,ESCS-SuCS,Extremely Severe / Super Cyclonic Storm,2018292N14261,WILLA,EP,MM,pacific_ocean,eastern_pacific,2018-10-23T12:00:00Z,21.1,-107.1,TS,105.0,ESCS,105.0,hurdat_epa,3,105.0,True
CLS_05284,3,ESCS-SuCS,Extremely Severe / Super Cyclonic Storm,2018294N08161,YUTU,WP,MM,pacific_ocean,western_pacific,2018-10-25T15:00:00Z,16.4,141.9,TS,138.0,SuCS,,,5,138.0,True
CLS_05285,3,ESCS-SuCS,Extremely Severe / Super Cyclonic Storm,2018294N08161,YUTU,WP,MM,pacific_ocean,western_pacific,2018-10-26T12:00:00Z,17.2,137.6,TS,145.0,SuCS,100.0,tokyo,5,100.0,True
CLS_05286,3,ESCS-SuCS,Extremely Severe / Super Cyclonic Storm,2018309S06068,ALCIDE,SI,MM,south_indian_ocean,,2018-11-07T21:00:00Z,-11.0,54.9,TS,93.0,ESCS,,,2,93.0,True
CLS_05287,3,ESCS-SuCS,Extremely Severe / Super Cyclonic Storm,2018309S06068,ALCIDE,SI,MM,south_indian_ocean,,2018-11-08T09:00:00Z,-11.8,53.7,TS,105.0,ESCS,,,3,105.0,True
CLS_05288,3,ESCS-SuCS,Extremely Severe / Super Cyclonic Storm,2018324N04156,MAN-YI,WP,MM,pacific_ocean,western_pacific,2018-11-23T03:00:00Z,15.0,135.8,TS,90.0,ESCS,,,2,90.0,True
CLS_05289,3,ESCS-SuCS,Extremely Severe / Super Cyclonic Storm,2018311N07179,USAGI,WP,MM,pacific_ocean,western_pacific,2018-11-24T00:00:00Z,9.8,109.5,TS,90.0,ESCS,60.0,tokyo,2,60.0,True
CLS_05290,3,ESCS-SuCS,Extremely Severe / Super Cyclonic Storm,2018348S08093,KENANGA,SI,MM,south_indian_ocean,,2018-12-18T21:00:00Z,-15.6,83.0,TS,108.0,ESCS,,,3,108.0,True
CLS_05291,3,ESCS-SuCS,Extremely Severe / Super Cyclonic Storm,2018348S08093,KENANGA,SI,MM,south_indian_ocean,,2018-12-19T12:00:00Z,-16.4,82.4,TS,115.0,ESCS,,,4,115.0,True
CLS_05292,3,ESCS-SuCS,Extremely Severe / Super Cyclonic Storm,2018348S08093,KENANGA,SI,MM,south_indian_ocean,,2018-12-20T03:00:00Z,-16.6,81.8,TS,105.0,ESCS,,,3,105.0,True
CLS_05293,3,ESCS-SuCS,Extremely Severe / Super Cyclonic Storm,2018348S08093,KENANGA,SI,MM,south_indian_ocean,,2018-12-20T15:00:00Z,-16.4,81.1,TS,93.0,ESCS,,,2,93.0,True
CLS_05294,3,ESCS-SuCS,Extremely Severe / Super Cyclonic Storm,2018351S09059,CILIDA,SI,MM,south_indian_ocean,,2018-12-20T18:00:00Z,-13.9,58.7,TS,100.0,ESCS,95.0,reunion,3,95.0,True
CLS_05295,3,ESCS-SuCS,Extremely Severe / Super Cyclonic Storm,2018351S09059,CILIDA,SI,MM,south_indian_ocean,,2018-12-21T12:00:00Z,-15.1,57.7,TS,135.0,SuCS,105.0,reunion,4,105.0,True
CLS_05296,3,ESCS-SuCS,Extremely Severe / Super Cyclonic Storm,2018351S09059,CILIDA,SI,MM,south_indian_ocean,,2018-12-23T00:00:00Z,-19.8,60.0,TS,105.0,ESCS,85.0,reunion,3,85.0,True
CLS_05297,3,ESCS-SuCS,Extremely Severe / Super Cyclonic Storm,2018351S09059,CILIDA,SI,MM,south_indian_ocean,,2018-12-23T15:00:00Z,-22.7,62.3,TS,95.0,ESCS,,,2,95.0,True
CLS_05298,3,ESCS-SuCS,Extremely Severe / Super Cyclonic Storm,2019035S13070,FUNANI,SI,MM,south_indian_ocean,,2019-02-06T21:00:00Z,-18.1,65.0,TS,98.0,ESCS,,,3,98.0,True
CLS_05299,3,ESCS-SuCS,Extremely Severe / Super Cyclonic Storm,2019035S13070,FUNANI,SI,MM,south_indian_ocean,,2019-02-07T09:00:00Z,-19.5,66.4,TS,118.0,ESCS,,,4,118.0,True
CLS_05300,3,ESCS-SuCS,Extremely Severe / Super Cyclonic Storm,2019035S13070,FUNANI,SI,MM,south_indian_ocean,,2019-02-07T21:00:00Z,-21.2,68.2,TS,113.0,ESCS,,,4,113.0,True
CLS_05301,3,ESCS-SuCS,Extremely Severe / Super Cyclonic Storm,2019035S13070,FUNANI,SI,MM,south_indian_ocean,,2019-02-08T09:00:00Z,-23.5,70.2,TS,105.0,ESCS,,,3,105.0,True
CLS_05302,3,ESCS-SuCS,Extremely Severe / Super Cyclonic Storm,2019035S11058,GELENA,SI,MM,south_indian_ocean,,2019-02-08T15:00:00Z,-16.1,55.7,TS,103.0,ESCS,,,3,103.0,True
CLS_05303,3,ESCS-SuCS,Extremely Severe / Super Cyclonic Storm,2019035S11058,GELENA,SI,MM,south_indian_ocean,,2019-02-09T03:00:00Z,-17.4,58.0,TS,113.0,ESCS,,,4,113.0,True
CLS_05304,3,ESCS-SuCS,Extremely Severe / Super Cyclonic Storm,2019035S11058,GELENA,SI,MM,south_indian_ocean,,2019-02-09T15:00:00Z,-19.1,61.1,TS,118.0,ESCS,,,4,118.0,True
CLS_05305,3,ESCS-SuCS,Extremely Severe / Super Cyclonic Storm,2019035S11058,GELENA,SI,MM,south_indian_ocean,,2019-02-10T06:00:00Z,-21.0,64.3,TS,95.0,ESCS,80.0,reunion,2,80.0,True
CLS_05306,3,ESCS-SuCS,Extremely Severe / Super Cyclonic Storm,2019050N05163,WUTIP,WP,MM,pacific_ocean,western_pacific,2019-02-25T21:00:00Z,14.8,139.9,TS,123.0,SuCS,,,4,123.0,True
CLS_05307,3,ESCS-SuCS,Extremely Severe / Super Cyclonic Storm,2019057S13184,POLA,SP,MM,pacific_ocean,southern_pacific,2019-02-28T09:00:00Z,-23.8,-178.0,TS,98.0,ESCS,,,3,98.0,True
CLS_05308,3,ESCS-SuCS,Extremely Severe / Super Cyclonic Storm,2019060S10078,HALEH,SI,MM,south_indian_ocean,,2019-03-04T00:00:00Z,-17.2,73.2,TS,90.0,ESCS,65.0,reunion,2,65.0,True
CLS_05309,3,ESCS-SuCS,Extremely Severe / Super Cyclonic Storm,2019060S10078,HALEH,SI,MM,south_indian_ocean,,2019-03-04T12:00:00Z,-18.7,72.6,TS,105.0,ESCS,90.0,reunion,3,90.0,True
CLS_05310,3,ESCS-SuCS,Extremely Severe / Super Cyclonic Storm,2019060S10078,HALEH,SI,MM,south_indian_ocean,,2019-03-05T00:00:00Z,-19.8,72.4,TS,115.0,ESCS,95.0,reunion,4,95.0,True
CLS_05311,3,ESCS-SuCS,Extremely Severe / Super Cyclonic Storm,2019060S10078,HALEH,SI,MM,south_indian_ocean,,2019-03-05T12:00:00Z,-21.0,71.6,TS,105.0,ESCS,80.0,reunion,3,80.0,True
CLS_05312,3,ESCS-SuCS,Extremely Severe / Super Cyclonic Storm,2019063S18038,IDAI,SI,MM,south_indian_ocean,,2019-03-11T03:00:00Z,-17.3,43.0,TS,115.0,ESCS,,,4,115.0,True
CLS_05313,3,ESCS-SuCS,Extremely Severe / Super Cyclonic Storm,2019063S18038,IDAI,SI,MM,south_indian_ocean,,2019-03-12T03:00:00Z,-18.1,42.0,TS,95.0,ESCS,,,2,95.0,True
CLS_05314,3,ESCS-SuCS,Extremely Severe / Super Cyclonic Storm,2019063S18038,IDAI,SI,MM,south_indian_ocean,,2019-03-13T03:00:00Z,-19.3,39.8,TS,95.0,ESCS,,,2,95.0,True
CLS_05315,3,ESCS-SuCS,Extremely Severe / Super Cyclonic Storm,2019063S18038,IDAI,SI,MM,south_indian_ocean,,2019-03-13T15:00:00Z,-19.4,38.8,TS,110.0,ESCS,,,3,110.0,True
CLS_05316,3,ESCS-SuCS,Extremely Severe / Super Cyclonic Storm,2019067S11115,SAVANNAH,SI,WA,south_indian_ocean,,2019-03-16T18:00:00Z,-15.7,92.3,TS,90.0,ESCS,85.0,bom,2,85.0,True
CLS_05317,3,ESCS-SuCS,Extremely Severe / Super Cyclonic Storm,2019067S11115,SAVANNAH,SI,WA,south_indian_ocean,,2019-03-17T06:00:00Z,-16.2,91.0,TS,105.0,ESCS,95.0,bom,3,95.0,True
CLS_05318,3,ESCS-SuCS,Extremely Severe / Super Cyclonic Storm,2019067S11115,SAVANNAH,SI,WA,south_indian_ocean,,2019-03-17T18:00:00Z,-16.5,90.2,TS,95.0,ESCS,80.0,bom,2,80.0,True
CLS_05319,3,ESCS-SuCS,Extremely Severe / Super Cyclonic Storm,2019077S13123,VERONICA,SI,WA,south_indian_ocean,,2019-03-21T12:00:00Z,-17.3,117.3,TS,115.0,ESCS,105.0,bom,4,105.0,True
CLS_05320,3,ESCS-SuCS,Extremely Severe / Super Cyclonic Storm,2019077S13123,VERONICA,SI,WA,south_indian_ocean,,2019-03-22T03:00:00Z,-17.6,116.9,TS,108.0,ESCS,,,3,108.0,True
CLS_05321,3,ESCS-SuCS,Extremely Severe / Super Cyclonic Storm,2019077S13123,VERONICA,SI,WA,south_indian_ocean,,2019-03-22T21:00:00Z,-18.4,117.0,TS,90.0,ESCS,,,2,90.0,True
CLS_05322,3,ESCS-SuCS,Extremely Severe / Super Cyclonic Storm,2019074S08151,TREVOR,SP,EA,pacific_ocean,southern_pacific,2019-03-23T03:00:00Z,-16.4,137.0,TS,100.0,ESCS,,,3,100.0,True
CLS_05323,3,ESCS-SuCS,Extremely Severe / Super Cyclonic Storm,2019077S13123,VERONICA,SI,WA,south_indian_ocean,,2019-03-24T09:00:00Z,-20.2,117.7,TS,95.0,ESCS,,,2,95.0,True
CLS_05324,3,ESCS-SuCS,Extremely Severe / Super Cyclonic Storm,2019078S13066,JOANINHA,SI,MM,south_indian_ocean,,2019-03-25T06:00:00Z,-17.8,62.6,TS,100.0,ESCS,75.0,reunion,3,75.0,True
CLS_05325,3,ESCS-SuCS,Extremely Severe / Super Cyclonic Storm,2019078S13066,JOANINHA,SI,MM,south_indian_ocean,,2019-03-26T09:00:00Z,-19.3,64.6,TS,118.0,ESCS,,,4,118.0,True
CLS_05326,3,ESCS-SuCS,Extremely Severe / Super Cyclonic Storm,2019078S13066,JOANINHA,SI,MM,south_indian_ocean,,2019-03-26T21:00:00Z,-20.0,65.7,TS,110.0,ESCS,,,3,110.0,True
CLS_05327,3,ESCS-SuCS,Extremely Severe / Super Cyclonic Storm,2019078S13066,JOANINHA,SI,MM,south_indian_ocean,,2019-03-27T09:00:00Z,-20.2,66.5,TS,110.0,ESCS,,,3,110.0,True
CLS_05328,3,ESCS-SuCS,Extremely Severe / Super Cyclonic Storm,2019078S13066,JOANINHA,SI,MM,south_indian_ocean,,2019-03-28T03:00:00Z,-20.9,67.4,TS,118.0,ESCS,,,4,118.0,True
CLS_05329,3,ESCS-SuCS,Extremely Severe / Super Cyclonic Storm,2019112S10053,KENNETH,SI,MM,south_indian_ocean,,2019-04-24T15:00:00Z,-11.1,43.9,TS,98.0,ESCS,,,3,98.0,True
CLS_05330,3,ESCS-SuCS,Extremely Severe / Super Cyclonic Storm,2019112S10053,KENNETH,SI,MM,south_indian_ocean,,2019-04-25T06:00:00Z,-11.7,41.9,TS,125.0,SuCS,115.0,reunion,4,115.0,True
CLS_05331,3,ESCS-SuCS,Extremely Severe / Super Cyclonic Storm,2019116N02090,FANI,NI,BB,north_indian_ocean,bay_of_bengal,2019-04-30T09:00:00Z,13.0,85.3,TS,93.0,ESCS,85.0,newdelhi,2,85.0,True
CLS_05332,3,ESCS-SuCS,Extremely Severe / Super Cyclonic Storm,2019116N02090,FANI,NI,BB,north_indian_ocean,bay_of_bengal,2019-05-01T06:00:00Z,14.2,84.0,TS,105.0,ESCS,95.0,newdelhi,3,95.0,True
CLS_05333,3,ESCS-SuCS,Extremely Severe / Super Cyclonic Storm,2019116N02090,FANI,NI,BB,north_indian_ocean,bay_of_bengal,2019-05-02T03:00:00Z,16.2,84.7,TS,115.0,ESCS,105.0,newdelhi,4,105.0,True
CLS_05334,3,ESCS-SuCS,Extremely Severe / Super Cyclonic Storm,2019116N02090,FANI,NI,BB,north_indian_ocean,bay_of_bengal,2019-05-02T21:00:00Z,18.6,85.2,TS,140.0,SuCS,115.0,newdelhi,5,115.0,True
CLS_05335,3,ESCS-SuCS,Extremely Severe / Super Cyclonic Storm,2019160N11073,VAYU,NI,AS,north_indian_ocean,arabian_sea,2019-06-14T00:00:00Z,21.0,68.6,TS,95.0,ESCS,80.0,newdelhi,2,80.0,True
CLS_05336,3,ESCS-SuCS,Extremely Severe / Super Cyclonic Storm,2019181N10252,BARBARA,EP,MM,pacific_ocean,eastern_pacific,2019-07-02T09:00:00Z,12.1,-121.0,TS,103.0,ESCS,,,3,103.0,True
CLS_05337,3,ESCS-SuCS,Extremely Severe / Super Cyclonic Storm,2019181N10252,BARBARA,EP,MM,pacific_ocean,eastern_pacific,2019-07-02T21:00:00Z,12.8,-123.4,TS,130.0,SuCS,,,4,130.0,True
CLS_05338,3,ESCS-SuCS,Extremely Severe / Super Cyclonic Storm,2019181N10252,BARBARA,EP,MM,pacific_ocean,eastern_pacific,2019-07-03T09:00:00Z,13.5,-125.7,TS,133.0,SuCS,,,4,133.0,True
CLS_05339,3,ESCS-SuCS,Extremely Severe / Super Cyclonic Storm,2019181N10252,BARBARA,EP,MM,pacific_ocean,eastern_pacific,2019-07-03T21:00:00Z,14.3,-127.6,TS,118.0,ESCS,,,4,118.0,True
CLS_05340,3,ESCS-SuCS,Extremely Severe / Super Cyclonic Storm,2019181N10252,BARBARA,EP,MM,pacific_ocean,eastern_pacific,2019-07-04T18:00:00Z,16.3,-130.4,TS,90.0,ESCS,90.0,hurdat_epa,2,90.0,True
CLS_05341,3,ESCS-SuCS,Extremely Severe / Super Cyclonic Storm,2019209N11237,ERICK,EP,CP,pacific_ocean,eastern_pacific,2019-07-30T15:00:00Z,13.3,217.1,TS,108.0,ESCS,,,3,108.0,True
CLS_05342,3,ESCS-SuCS,Extremely Severe / Super Cyclonic Storm,2019209N11237,ERICK,EP,CP,pacific_ocean,eastern_pacific,2019-07-31T09:00:00Z,14.2,213.5,TS,108.0,ESCS,,,3,108.0,True
CLS_05343,3,ESCS-SuCS,Extremely Severe / Super Cyclonic Storm,2019214N15134,LEKIMA,WP,MM,pacific_ocean,western_pacific,2019-08-07T09:00:00Z,21.3,127.4,TS,103.0,ESCS,,,3,103.0,True
CLS_05344,3,ESCS-SuCS,Extremely Severe / Super Cyclonic Storm,2019216N16147,KROSA,WP,MM,pacific_ocean,western_pacific,2019-08-08T09:00:00Z,22.1,140.6,TS,100.0,ESCS,,,3,100.0,True
CLS_05345,3,ESCS-SuCS,Extremely Severe / Super Cyclonic Storm,2019216N16147,KROSA,WP,MM,pacific_ocean,western_pacific,2019-08-09T03:00:00Z,22.0,141.2,TS,93.0,ESCS,,,2,93.0,True
CLS_05346,3,ESCS-SuCS,Extremely Severe / Super Cyclonic Storm,2019244N13253,JULIETTE,EP,MM,pacific_ocean,eastern_pacific,2019-09-03T03:00:00Z,17.7,-113.9,TS,93.0,ESCS,,,2,93.0,True
CLS_05347,3,ESCS-SuCS,Extremely Severe / Super Cyclonic Storm,2019244N13253,JULIETTE,EP,MM,pacific_ocean,eastern_pacific,2019-09-03T15:00:00Z,18.4,-115.0,TS,110.0,ESCS,,,3,110.0,True
CLS_05348,3,ESCS-SuCS,Extremely Severe / Super Cyclonic Storm,2019244N13253,JULIETTE,EP,MM,pacific_ocean,eastern_pacific,2019-09-04T06:00:00Z,19.0,-116.3,TS,95.0,ESCS,95.0,hurdat_epa,2,95.0,True
CLS_05349,3,ESCS-SuCS,Extremely Severe / Super Cyclonic Storm,2019243N06136,LINGLING,WP,MM,pacific_ocean,western_pacific,2019-09-05T18:00:00Z,26.8,125.2,TS,120.0,SuCS,90.0,tokyo,4,90.0,True
CLS_05350,3,ESCS-SuCS,Extremely Severe / Super Cyclonic Storm,2019242N14180,FAXAI,WP,MM,pacific_ocean,western_pacific,2019-09-07T03:00:00Z,27.3,144.1,TS,93.0,ESCS,70.0,tokyo,2,70.0,True
CLS_05351,3,ESCS-SuCS,Extremely Severe / Super Cyclonic Storm,2019242N14180,FAXAI,WP,MM,pacific_ocean,western_pacific,2019-09-07T18:00:00Z,30.1,140.5,TS,115.0,ESCS,85.0,tokyo,4,85.0,True
CLS_05352,3,ESCS-SuCS,Extremely Severe / Super Cyclonic Storm,2019255N15251,KIKO,EP,MM,pacific_ocean,eastern_pacific,2019-09-15T03:00:00Z,16.9,-120.0,TS,100.0,ESCS,,,3,100.0,True
CLS_05353,3,ESCS-SuCS,Extremely Severe / Super Cyclonic Storm,2019255N15251,KIKO,EP,MM,pacific_ocean,eastern_pacific,2019-09-15T21:00:00Z,17.3,-122.0,TS,113.0,ESCS,,,4,113.0,True
CLS_05354,3,ESCS-SuCS,Extremely Severe / Super Cyclonic Storm,2019278N16165,HAGIBIS,WP,MM,pacific_ocean,western_pacific,2019-10-08T09:00:00Z,18.0,142.2,TS,123.0,SuCS,,,4,123.0,True
CLS_05355,3,ESCS-SuCS,Extremely Severe / Super Cyclonic Storm,2019278N16165,HAGIBIS,WP,MM,pacific_ocean,western_pacific,2019-10-10T06:00:00Z,24.4,139.4,TS,130.0,SuCS,105.0,tokyo,4,105.0,True
CLS_05356,3,ESCS-SuCS,Extremely Severe / Super Cyclonic Storm,2019288N16136,NEOGURI,WP,MM,pacific_ocean,western_pacific,2019-10-20T00:00:00Z,23.4,127.9,TS,90.0,ESCS,75.0,tokyo,2,75.0,True
CLS_05357,3,ESCS-SuCS,Extremely Severe / Super Cyclonic Storm,2019290N08169,BUALOI,WP,MM,pacific_ocean,western_pacific,2019-10-22T21:00:00Z,21.0,142.7,TS,120.0,SuCS,,,4,120.0,True
CLS_05358,3,ESCS-SuCS,Extremely Severe / Super Cyclonic Storm,2019290N08169,BUALOI,WP,MM,pacific_ocean,western_pacific,2019-10-23T15:00:00Z,24.7,141.9,TS,105.0,ESCS,90.0,tokyo,3,90.0,True
CLS_05359,3,ESCS-SuCS,Extremely Severe / Super Cyclonic Storm,2019296N15066,KYAAR:KYARR,NI,AS,north_indian_ocean,arabian_sea,2019-10-27T15:00:00Z,17.6,66.5,TS,128.0,SuCS,130.0,newdelhi,4,130.0,True
CLS_05360,3,ESCS-SuCS,Extremely Severe / Super Cyclonic Storm,2019296N15066,KYAAR:KYARR,NI,AS,north_indian_ocean,arabian_sea,2019-10-28T12:00:00Z,18.5,64.4,TS,125.0,SuCS,125.0,newdelhi,4,125.0,True
CLS_05361,3,ESCS-SuCS,Extremely Severe / Super Cyclonic Storm,2019296N15066,KYAAR:KYARR,NI,AS,north_indian_ocean,arabian_sea,2019-10-29T03:00:00Z,19.2,63.4,TS,113.0,ESCS,115.0,newdelhi,4,115.0,True
CLS_05362,3,ESCS-SuCS,Extremely Severe / Super Cyclonic Storm,2019301N05081,MAHA,NI,AS,north_indian_ocean,arabian_sea,2019-11-04T09:00:00Z,18.7,64.2,TS,103.0,ESCS,95.0,newdelhi,3,95.0,True
CLS_05363,3,ESCS-SuCS,Extremely Severe / Super Cyclonic Storm,2019301N05081,MAHA,NI,AS,north_indian_ocean,arabian_sea,2019-11-05T00:00:00Z,19.5,63.5,TS,100.0,ESCS,90.0,newdelhi,3,90.0,True
CLS_05364,3,ESCS-SuCS,Extremely Severe / Super Cyclonic Storm,2019306N10162,HALONG,WP,MM,pacific_ocean,western_pacific,2019-11-05T15:00:00Z,20.1,150.7,TS,165.0,SuCS,,,5,165.0,True
CLS_05365,3,ESCS-SuCS,Extremely Severe / Super Cyclonic Storm,2019314N12172,FENGSHEN,WP,MM,pacific_ocean,western_pacific,2019-11-16T09:00:00Z,25.4,145.7,TS,108.0,ESCS,,,3,108.0,True
CLS_05366,3,ESCS-SuCS,Extremely Severe / Super Cyclonic Storm,2019329N09160,KAMMURI,WP,MM,pacific_ocean,western_pacific,2019-12-02T12:00:00Z,12.9,124.7,TS,120.0,SuCS,90.0,tokyo,4,90.0,True
CLS_05367,3,ESCS-SuCS,Extremely Severe / Super Cyclonic Storm,2019329N09160,KAMMURI,WP,MM,pacific_ocean,western_pacific,2019-12-03T00:00:00Z,13.1,122.2,TS,105.0,ESCS,80.0,tokyo,3,80.0,True
CLS_05368,3,ESCS-SuCS,Extremely Severe / Super Cyclonic Storm,2019337S04065,AMBALI,SI,MM,south_indian_ocean,,2019-12-06T00:00:00Z,-10.4,62.2,TS,140.0,SuCS,120.0,reunion,5,120.0,True
CLS_05369,3,ESCS-SuCS,Extremely Severe / Super Cyclonic Storm,2019337S04065,AMBALI,SI,MM,south_indian_ocean,,2019-12-06T12:00:00Z,-11.2,62.3,TS,100.0,ESCS,72.0,reunion,3,72.0,True
CLS_05370,3,ESCS-SuCS,Extremely Severe / Super Cyclonic Storm,2019336S06055,BELNA,SI,MM,south_indian_ocean,,2019-12-07T15:00:00Z,-10.6,47.2,TS,103.0,ESCS,,,3,103.0,True
CLS_05371,3,ESCS-SuCS,Extremely Severe / Super Cyclonic Storm,2019336S06055,BELNA,SI,MM,south_indian_ocean,,2019-12-08T06:00:00Z,-11.9,46.5,TS,90.0,ESCS,70.0,reunion,2,70.0,True
CLS_05372,3,ESCS-SuCS,Extremely Severe / Super Cyclonic Storm,2019336S06055,BELNA,SI,MM,south_indian_ocean,,2019-12-09T00:00:00Z,-13.8,46.0,TS,90.0,ESCS,57.0,reunion,2,57.0,True
CLS_05373,3,ESCS-SuCS,Extremely Severe / Super Cyclonic Storm,2019336S06055,BELNA,SI,MM,south_indian_ocean,,2019-12-09T12:00:00Z,-15.7,45.3,TS,90.0,ESCS,73.0,reunion,2,73.0,True
CLS_05374,3,ESCS-SuCS,Extremely Severe / Super Cyclonic Storm,2019354N05151,PHANFONE,WP,MM,pacific_ocean,western_pacific,2019-12-24T12:00:00Z,11.4,124.9,TS,90.0,ESCS,75.0,tokyo,2,75.0,True
CLS_05375,3,ESCS-SuCS,Extremely Severe / Super Cyclonic Storm,2019354N05151,PHANFONE,WP,MM,pacific_ocean,western_pacific,2019-12-25T18:00:00Z,12.8,119.3,TS,90.0,ESCS,55.0,tokyo,2,55.0,True
CLS_05376,3,ESCS-SuCS,Extremely Severe / Super Cyclonic Storm,2020045S15075,GABEKILE,SI,MM,south_indian_ocean,,2020-02-16T00:00:00Z,-18.4,74.6,TS,90.0,ESCS,90.0,reunion,2,90.0,True
CLS_05377,3,ESCS-SuCS,Extremely Severe / Super Cyclonic Storm,2020053S12119,FERDINAND,SI,WA,south_indian_ocean,,2020-02-25T12:00:00Z,-15.8,116.5,TS,100.0,ESCS,95.0,bom,3,95.0,True
CLS_05378,3,ESCS-SuCS,Extremely Severe / Super Cyclonic Storm,2020053S12119,FERDINAND,SI,WA,south_indian_ocean,,2020-02-26T00:00:00Z,-16.0,115.6,TS,90.0,ESCS,85.0,bom,2,85.0,True
CLS_05379,3,ESCS-SuCS,Extremely Severe / Super Cyclonic Storm,2020072S14054,HEROLD,SI,MM,south_indian_ocean,,2020-03-17T06:00:00Z,-19.0,60.3,TS,100.0,ESCS,90.0,reunion,3,90.0,True
CLS_05380,3,ESCS-SuCS,Extremely Severe / Super Cyclonic Storm,2020092S12069,IRONDRO,SI,MM,south_indian_ocean,,2020-04-04T03:00:00Z,-21.1,77.4,TS,100.0,ESCS,,,3,100.0,True
CLS_05381,3,ESCS-SuCS,Extremely Severe / Super Cyclonic Storm,2020092S09155,HAROLD,SP,MM,pacific_ocean,southern_pacific,2020-04-04T03:00:00Z,-14.1,164.5,TS,100.0,ESCS,,,3,100.0,True
CLS_05382,3,ESCS-SuCS,Extremely Severe / Super Cyclonic Storm,2020092S09155,HAROLD,SP,MM,pacific_ocean,southern_pacific,2020-04-04T18:00:00Z,-15.0,165.7,TS,100.0,ESCS,95.0,nadi,3,95.0,True
CLS_05383,3,ESCS-SuCS,Extremely Severe / Super Cyclonic Storm,2020092S12069,IRONDRO,SI,MM,south_indian_ocean,,2020-04-05T00:00:00Z,-23.8,83.0,TS,90.0,ESCS,70.0,reunion,2,70.0,True
CLS_05384,3,ESCS-SuCS,Extremely Severe / Super Cyclonic Storm,2020092S09155,HAROLD,SP,MM,pacific_ocean,southern_pacific,2020-04-05T15:00:00Z,-15.4,165.8,TS,123.0,SuCS,,,4,123.0,True
CLS_05385,3,ESCS-SuCS,Extremely Severe / Super Cyclonic Storm,2020092S09155,HAROLD,SP,MM,pacific_ocean,southern_pacific,2020-04-06T12:00:00Z,-16.0,168.8,TS,140.0,SuCS,125.0,nadi,5,125.0,True
CLS_05386,3,ESCS-SuCS,Extremely Severe / Super Cyclonic Storm,2020129N07134,VONGFONG,WP,MM,pacific_ocean,western_pacific,2020-05-14T06:00:00Z,12.2,125.3,TS,100.0,ESCS,85.0,tokyo,3,85.0,True
CLS_05387,3,ESCS-SuCS,Extremely Severe / Super Cyclonic Storm,2020136N10088,AMPHAN,NI,BB,north_indian_ocean,bay_of_bengal,2020-05-18T00:00:00Z,13.2,86.4,TS,130.0,SuCS,100.0,newdelhi,4,100.0,True
CLS_05388,3,ESCS-SuCS,Extremely Severe / Super Cyclonic Storm,2020136N10088,AMPHAN,NI,BB,north_indian_ocean,bay_of_bengal,2020-05-18T12:00:00Z,14.1,86.4,TS,145.0,SuCS,125.0,newdelhi,5,125.0,True
CLS_05389,3,ESCS-SuCS,Extremely Severe / Super Cyclonic Storm,2020136N10088,AMPHAN,NI,BB,north_indian_ocean,bay_of_bengal,2020-05-19T03:00:00Z,16.0,86.9,TS,118.0,ESCS,120.0,newdelhi,4,120.0,True
CLS_05390,3,ESCS-SuCS,Extremely Severe / Super Cyclonic Storm,2020136N10088,AMPHAN,NI,BB,north_indian_ocean,bay_of_bengal,2020-05-20T03:00:00Z,19.8,87.7,TS,98.0,ESCS,95.0,newdelhi,3,95.0,True
CLS_05391,3,ESCS-SuCS,Extremely Severe / Super Cyclonic Storm,2020202N15241,DOUGLAS,EP,MM,pacific_ocean,eastern_pacific,2020-07-23T03:00:00Z,12.5,-132.5,TS,90.0,ESCS,,,2,90.0,True
CLS_05392,3,ESCS-SuCS,Extremely Severe / Super Cyclonic Storm,2020202N15241,DOUGLAS,EP,MM,pacific_ocean,eastern_pacific,2020-07-23T21:00:00Z,14.2,-137.3,TS,113.0,ESCS,,,4,113.0,True
CLS_05393,3,ESCS-SuCS,Extremely Severe / Super Cyclonic Storm,2020202N15241,DOUGLAS,EP,CP,pacific_ocean,eastern_pacific,2020-07-24T15:00:00Z,16.4,-141.9,TS,103.0,ESCS,,,3,103.0,True
CLS_05394,3,ESCS-SuCS,Extremely Severe / Super Cyclonic Storm,2020202N15241,DOUGLAS,EP,CP,pacific_ocean,eastern_pacific,2020-07-25T12:00:00Z,18.7,-147.6,TS,90.0,ESCS,90.0,hurdat_epa,2,90.0,True
CLS_05395,3,ESCS-SuCS,Extremely Severe / Super Cyclonic Storm,2020230N11264,GENEVIEVE,EP,MM,pacific_ocean,eastern_pacific,2020-08-18T12:00:00Z,17.7,-107.6,TS,115.0,ESCS,115.0,hurdat_epa,4,115.0,True
CLS_05396,3,ESCS-SuCS,Extremely Severe / Super Cyclonic Storm,2020230N11264,GENEVIEVE,EP,MM,pacific_ocean,eastern_pacific,2020-08-19T06:00:00Z,19.9,-109.2,TS,95.0,ESCS,95.0,hurdat_epa,2,95.0,True
CLS_05397,3,ESCS-SuCS,Extremely Severe / Super Cyclonic Storm,2020234N19123,BAVI,WP,MM,pacific_ocean,western_pacific,2020-08-25T12:00:00Z,30.6,125.1,TS,95.0,ESCS,80.0,tokyo,2,80.0,True
CLS_05398,3,ESCS-SuCS,Extremely Severe / Super Cyclonic Storm,2020234N19123,BAVI,WP,MM,pacific_ocean,western_pacific,2020-08-26T12:00:00Z,35.0,124.4,TS,90.0,ESCS,80.0,tokyo,2,80.0,True
CLS_05399,3,ESCS-SuCS,Extremely Severe / Super Cyclonic Storm,2020239N13134,MAYSAK,WP,MM,pacific_ocean,western_pacific,2020-08-31T00:00:00Z,22.4,128.5,TS,95.0,ESCS,80.0,tokyo,2,80.0,True
CLS_05400,3,ESCS-SuCS,Extremely Severe / Super Cyclonic Storm,2020239N13134,MAYSAK,WP,MM,pacific_ocean,western_pacific,2020-09-01T21:00:00Z,30.0,126.6,TS,100.0,ESCS,85.0,tokyo,3,85.0,True
CLS_05401,3,ESCS-SuCS,Extremely Severe / Super Cyclonic Storm,2020244N25146,HAISHEN,WP,MM,pacific_ocean,western_pacific,2020-09-04T21:00:00Z,23.6,132.3,TS,133.0,SuCS,105.0,tokyo,4,105.0,True
CLS_05402,3,ESCS-SuCS,Extremely Severe / Super Cyclonic Storm,2020244N25146,HAISHEN,WP,MM,pacific_ocean,western_pacific,2020-09-06T09:00:00Z,30.2,129.7,TS,98.0,ESCS,90.0,tokyo,3,90.0,True
CLS_05403,3,ESCS-SuCS,Extremely Severe / Super Cyclonic Storm,2020272N12257,MARIE,EP,MM,pacific_ocean,eastern_pacific,2020-10-01T15:00:00Z,14.9,-119.7,TS,90.0,ESCS,,,2,90.0,True
CLS_05404,3,ESCS-SuCS,Extremely Severe / Super Cyclonic Storm,2020272N12257,MARIE,EP,MM,pacific_ocean,eastern_pacific,2020-10-02T06:00:00Z,15.9,-122.6,TS,120.0,SuCS,120.0,hurdat_epa,4,120.0,True
CLS_05405,3,ESCS-SuCS,Extremely Severe / Super Cyclonic Storm,2020272N12257,MARIE,EP,MM,pacific_ocean,eastern_pacific,2020-10-02T21:00:00Z,16.9,-125.0,TS,115.0,ESCS,,,4,115.0,True
CLS_05406,3,ESCS-SuCS,Extremely Severe / Super Cyclonic Storm,2020272N12257,MARIE,EP,MM,pacific_ocean,eastern_pacific,2020-10-03T15:00:00Z,18.4,-127.0,TS,108.0,ESCS,,,3,108.0,True
CLS_05407,3,ESCS-SuCS,Extremely Severe / Super Cyclonic Storm,2020272N12257,MARIE,EP,MM,pacific_ocean,eastern_pacific,2020-10-04T03:00:00Z,19.3,-127.8,TS,95.0,ESCS,,,2,95.0,True
CLS_05408,3,ESCS-SuCS,Extremely Severe / Super Cyclonic Storm,2020296N09137,MOLAVE,WP,MM,pacific_ocean,western_pacific,2020-10-26T21:00:00Z,13.4,115.2,TS,95.0,ESCS,,,2,95.0,True
CLS_05409,3,ESCS-SuCS,Extremely Severe / Super Cyclonic Storm,2020299N11144,GONI,WP,MM,pacific_ocean,western_pacific,2020-10-30T21:00:00Z,15.6,129.4,TS,158.0,SuCS,,,5,158.0,True
CLS_05410,3,ESCS-SuCS,Extremely Severe / Super Cyclonic Storm,2020299N11144,GONI,WP,MM,pacific_ocean,western_pacific,2020-10-31T21:00:00Z,13.6,124.3,TS,150.0,SuCS,,,5,150.0,True
CLS_05411,3,ESCS-SuCS,Extremely Severe / Super Cyclonic Storm,2020313N08135,VAMCO,WP,MM,pacific_ocean,western_pacific,2020-11-11T09:00:00Z,14.5,123.2,TS,93.0,ESCS,,,2,93.0,True
CLS_05412,3,ESCS-SuCS,Extremely Severe / Super Cyclonic Storm,2020346S13168,YASA,SP,MM,pacific_ocean,southern_pacific,2020-12-16T00:00:00Z,-14.7,174.3,TS,140.0,SuCS,120.0,nadi,5,120.0,True
CLS_05413,3,ESCS-SuCS,Extremely Severe / Super Cyclonic Storm,2020346S13168,YASA,SP,MM,pacific_ocean,southern_pacific,2020-12-16T12:00:00Z,-15.2,175.6,TS,140.0,SuCS,120.0,nadi,5,120.0,True
CLS_05414,3,ESCS-SuCS,Extremely Severe / Super Cyclonic Storm,2020346S13168,YASA,SP,MM,pacific_ocean,southern_pacific,2020-12-17T03:00:00Z,-16.2,178.2,TS,120.0,SuCS,,,4,120.0,True
CLS_05415,3,ESCS-SuCS,Extremely Severe / Super Cyclonic Storm,2021035S11080,FARAJI,SI,MM,south_indian_ocean,,2021-02-07T06:00:00Z,-14.9,79.8,TS,115.0,ESCS,110.0,reunion,4,110.0,True
CLS_05416,3,ESCS-SuCS,Extremely Severe / Super Cyclonic Storm,2021035S11080,FARAJI,SI,MM,south_indian_ocean,,2021-02-08T00:00:00Z,-14.4,80.9,TS,105.0,ESCS,100.0,reunion,3,100.0,True
CLS_05417,3,ESCS-SuCS,Extremely Severe / Super Cyclonic Storm,2021035S11080,FARAJI,SI,MM,south_indian_ocean,,2021-02-08T18:00:00Z,-14.3,82.6,TS,140.0,SuCS,120.0,reunion,5,120.0,True
CLS_05418,3,ESCS-SuCS,Extremely Severe / Super Cyclonic Storm,2021035S11080,FARAJI,SI,MM,south_indian_ocean,,2021-02-10T00:00:00Z,-15.0,84.9,TS,95.0,ESCS,80.0,reunion,2,80.0,True
CLS_05419,3,ESCS-SuCS,Extremely Severe / Super Cyclonic Storm,2021053S13128,MARIAN,SI,WA,south_indian_ocean,,2021-02-28T15:00:00Z,-17.6,91.1,TS,98.0,ESCS,,,3,98.0,True
CLS_05420,3,ESCS-SuCS,Extremely Severe / Super Cyclonic Storm,2021053S13128,MARIAN,SI,WA,south_indian_ocean,,2021-03-01T03:00:00Z,-17.8,90.2,TS,93.0,ESCS,,,2,93.0,True
CLS_05421,3,ESCS-SuCS,Extremely Severe / Super Cyclonic Storm,2021053S13128,MARIAN,SI,MM,south_indian_ocean,,2021-03-01T18:00:00Z,-18.3,89.6,TS,95.0,ESCS,,,2,95.0,True
CLS_05422,3,ESCS-SuCS,Extremely Severe / Super Cyclonic Storm,2021058S14149,NIRAN,SP,EA,pacific_ocean,southern_pacific,2021-03-04T03:00:00Z,-15.4,149.0,TS,90.0,ESCS,,,2,90.0,True
CLS_05423,3,ESCS-SuCS,Extremely Severe / Super Cyclonic Storm,2021058S14149,NIRAN,SP,EA,pacific_ocean,southern_pacific,2021-03-04T21:00:00Z,-16.2,153.6,TS,105.0,ESCS,,,3,105.0,True
CLS_05424,3,ESCS-SuCS,Extremely Severe / Super Cyclonic Storm,2021058S14149,NIRAN,SP,MM,pacific_ocean,southern_pacific,2021-03-05T21:00:00Z,-20.6,162.5,TS,120.0,SuCS,,,4,120.0,True
CLS_05425,3,ESCS-SuCS,Extremely Severe / Super Cyclonic Storm,2021062S14064,HABANA,SI,MM,south_indian_ocean,,2021-03-06T00:00:00Z,-16.1,77.6,TS,120.0,SuCS,110.0,reunion,4,110.0,True
CLS_05426,3,ESCS-SuCS,Extremely Severe / Super Cyclonic Storm,2021062S14064,HABANA,SI,MM,south_indian_ocean,,2021-03-07T15:00:00Z,-17.3,80.4,TS,93.0,ESCS,,,2,93.0,True
CLS_05427,3,ESCS-SuCS,Extremely Severe / Super Cyclonic Storm,2021062S14064,HABANA,SI,MM,south_indian_ocean,,2021-03-10T09:00:00Z,-17.5,76.4,TS,125.0,SuCS,,,4,125.0,True
CLS_05428,3,ESCS-SuCS,Extremely Severe / Super Cyclonic Storm,2021062S14064,HABANA,SI,MM,south_indian_ocean,,2021-03-10T21:00:00Z,-17.4,75.2,TS,125.0,SuCS,,,4,125.0,True
CLS_05429,3,ESCS-SuCS,Extremely Severe / Super Cyclonic Storm,2021062S14064,HABANA,SI,MM,south_indian_ocean,,2021-03-12T03:00:00Z,-18.6,72.0,TS,130.0,SuCS,,,4,130.0,True
CLS_05430,3,ESCS-SuCS,Extremely Severe / Super Cyclonic Storm,2021102N06144,SURIGAE,WP,MM,pacific_ocean,western_pacific,2021-04-21T03:00:00Z,17.8,125.1,TS,115.0,ESCS,,,4,115.0,True
CLS_05431,3,ESCS-SuCS,Extremely Severe / Super Cyclonic Storm,2021102N06144,SURIGAE,WP,MM,pacific_ocean,western_pacific,2021-04-21T15:00:00Z,19.0,124.8,TS,110.0,ESCS,,,3,110.0,True
CLS_05432,3,ESCS-SuCS,Extremely Severe / Super Cyclonic Storm,2021133N10071,TAUKTAE,NI,AS,north_indian_ocean,arabian_sea,2021-05-16T12:00:00Z,16.8,72.5,TS,100.0,ESCS,75.0,newdelhi,3,75.0,True
CLS_05433,3,ESCS-SuCS,Extremely Severe / Super Cyclonic Storm,2021133N10071,TAUKTAE,NI,AS,north_indian_ocean,arabian_sea,2021-05-17T00:00:00Z,18.4,71.7,TS,120.0,SuCS,100.0,newdelhi,4,100.0,True
CLS_05434,3,ESCS-SuCS,Extremely Severe / Super Cyclonic Storm,2021133N10071,TAUKTAE,NI,AS,north_indian_ocean,arabian_sea,2021-05-17T18:00:00Z,20.9,71.2,TS,110.0,ESCS,85.0,newdelhi,3,85.0,True
CLS_05435,3,ESCS-SuCS,Extremely Severe / Super Cyclonic Storm,2021195N13249,FELICIA,EP,MM,pacific_ocean,eastern_pacific,2021-07-16T15:00:00Z,15.0,-121.6,TS,113.0,ESCS,,,4,113.0,True
CLS_05436,3,ESCS-SuCS,Extremely Severe / Super Cyclonic Storm,2021195N13249,FELICIA,EP,MM,pacific_ocean,eastern_pacific,2021-07-17T09:00:00Z,14.5,-123.9,TS,123.0,SuCS,,,4,123.0,True
CLS_05437,3,ESCS-SuCS,Extremely Severe / Super Cyclonic Storm,2021195N13249,FELICIA,EP,MM,pacific_ocean,eastern_pacific,2021-07-18T00:00:00Z,15.0,-125.7,TS,120.0,SuCS,120.0,hurdat_epa,4,120.0,True
CLS_05438,3,ESCS-SuCS,Extremely Severe / Super Cyclonic Storm,2021195N13249,FELICIA,EP,MM,pacific_ocean,eastern_pacific,2021-07-18T12:00:00Z,15.6,-127.6,TS,115.0,ESCS,115.0,hurdat_epa,4,115.0,True
CLS_05439,3,ESCS-SuCS,Extremely Severe / Super Cyclonic Storm,2021197N17135,IN-FA,WP,MM,pacific_ocean,western_pacific,2021-07-21T12:00:00Z,24.0,126.6,TS,95.0,ESCS,80.0,tokyo,2,80.0,True
CLS_05440,3,ESCS-SuCS,Extremely Severe / Super Cyclonic Storm,2021222N12262,LINDA,EP,MM,pacific_ocean,eastern_pacific,2021-08-13T12:00:00Z,16.6,-111.2,TS,90.0,ESCS,90.0,hurdat_epa,2,90.0,True
CLS_05441,3,ESCS-SuCS,Extremely Severe / Super Cyclonic Storm,2021222N12262,LINDA,EP,MM,pacific_ocean,eastern_pacific,2021-08-14T09:00:00Z,18.4,-114.9,TS,110.0,ESCS,,,3,110.0,True
CLS_05442,3,ESCS-SuCS,Extremely Severe / Super Cyclonic Storm,2021222N12262,LINDA,EP,MM,pacific_ocean,eastern_pacific,2021-08-14T21:00:00Z,19.1,-117.1,TS,113.0,ESCS,,,4,113.0,True
CLS_05443,3,ESCS-SuCS,Extremely Severe / Super Cyclonic Storm,2021222N12262,LINDA,EP,MM,pacific_ocean,eastern_pacific,2021-08-15T21:00:00Z,18.8,-121.2,TS,95.0,ESCS,,,2,95.0,True
CLS_05444,3,ESCS-SuCS,Extremely Severe / Super Cyclonic Storm,2021222N12262,LINDA,EP,MM,pacific_ocean,eastern_pacific,2021-08-18T06:00:00Z,17.9,-130.1,TS,90.0,ESCS,90.0,hurdat_epa,2,90.0,True
CLS_05445,3,ESCS-SuCS,Extremely Severe / Super Cyclonic Storm,2021248N12141,CHANTHU,WP,MM,pacific_ocean,western_pacific,2021-09-07T15:00:00Z,16.3,134.0,TS,110.0,ESCS,,,3,110.0,True
CLS_05446,3,ESCS-SuCS,Extremely Severe / Super Cyclonic Storm,2021248N12141,CHANTHU,WP,MM,pacific_ocean,western_pacific,2021-09-09T03:00:00Z,15.6,127.6,TS,135.0,SuCS,,,4,135.0,True
CLS_05447,3,ESCS-SuCS,Extremely Severe / Super Cyclonic Storm,2021265N11150,MINDULLE,WP,MM,pacific_ocean,western_pacific,2021-09-26T03:00:00Z,18.7,136.7,TS,138.0,SuCS,,,5,138.0,True
CLS_05448,3,ESCS-SuCS,Extremely Severe / Super Cyclonic Storm,2021265N11150,MINDULLE,WP,MM,pacific_ocean,western_pacific,2021-09-26T15:00:00Z,19.2,136.7,TS,115.0,ESCS,,,4,115.0,True
CLS_05449,3,ESCS-SuCS,Extremely Severe / Super Cyclonic Storm,2021296N13260,RICK,EP,MM,pacific_ocean,eastern_pacific,2021-10-25T09:00:00Z,17.6,-101.9,TS,90.0,ESCS,,,2,90.0,True
CLS_05450,3,ESCS-SuCS,Extremely Severe / Super Cyclonic Storm,2021333N11146,NYATOH,WP,MM,pacific_ocean,western_pacific,2021-12-02T15:00:00Z,18.9,137.1,TS,113.0,ESCS,,,4,113.0,True
CLS_05451,3,ESCS-SuCS,Extremely Severe / Super Cyclonic Storm,2021333N11146,NYATOH,WP,MM,pacific_ocean,western_pacific,2021-12-03T12:00:00Z,24.0,142.4,TS,90.0,ESCS,80.0,tokyo,2,80.0,True
CLS_05452,3,ESCS-SuCS,Extremely Severe / Super Cyclonic Storm,2021346N05145,RAI,WP,MM,pacific_ocean,western_pacific,2021-12-18T06:00:00Z,11.2,114.7,TS,115.0,ESCS,95.0,tokyo,4,95.0,True
CLS_05453,3,ESCS-SuCS,Extremely Severe / Super Cyclonic Storm,2021346N05145,RAI,WP,MM,pacific_ocean,western_pacific,2021-12-18T21:00:00Z,12.8,111.8,TS,125.0,SuCS,,,4,125.0,True
CLS_05454,3,ESCS-SuCS,Extremely Severe / Super Cyclonic Storm,2022024S09090,BATSIRAI,SI,MM,south_indian_ocean,,2022-01-30T18:00:00Z,-16.6,65.3,TS,90.0,ESCS,85.0,reunion,2,85.0,True
CLS_05455,3,ESCS-SuCS,Extremely Severe / Super Cyclonic Storm,2022024S09090,BATSIRAI,SI,MM,south_indian_ocean,,2022-02-02T21:00:00Z,-19.0,55.9,TS,118.0,ESCS,,,4,118.0,True
CLS_05456,3,ESCS-SuCS,Extremely Severe / Super Cyclonic Storm,2022024S09090,BATSIRAI,SI,MM,south_indian_ocean,,2022-02-03T18:00:00Z,-19.3,54.5,TS,105.0,ESCS,85.0,reunion,3,85.0,True
CLS_05457,3,ESCS-SuCS,Extremely Severe / Super Cyclonic Storm,2022024S09090,BATSIRAI,SI,MM,south_indian_ocean,,2022-02-04T18:00:00Z,-19.6,52.0,TS,115.0,ESCS,95.0,reunion,4,95.0,True
CLS_05458,3,ESCS-SuCS,Extremely Severe / Super Cyclonic Storm,2022038S19164,DOVI,SP,MM,pacific_ocean,southern_pacific,2022-02-11T00:00:00Z,-25.1,166.0,TS,90.0,ESCS,,,2,90.0,True
CLS_05459,3,ESCS-SuCS,Extremely Severe / Super Cyclonic Storm,2022037S10103,EMNATI,SI,MM,south_indian_ocean,,2022-02-19T21:00:00Z,-16.9,56.9,TS,93.0,ESCS,,,2,93.0,True
CLS_05460,3,ESCS-SuCS,Extremely Severe / Super Cyclonic Storm,2022037S10103,EMNATI,SI,MM,south_indian_ocean,,2022-02-20T15:00:00Z,-17.5,54.9,TS,115.0,ESCS,,,4,115.0,True
CLS_05461,3,ESCS-SuCS,Extremely Severe / Super Cyclonic Storm,2022037S10103,EMNATI,SI,MM,south_indian_ocean,,2022-02-21T09:00:00Z,-18.0,53.1,TS,95.0,ESCS,,,2,95.0,True
CLS_05462,3,ESCS-SuCS,Extremely Severe / Super Cyclonic Storm,2022037S10103,EMNATI,SI,MM,south_indian_ocean,,2022-02-22T00:00:00Z,-19.2,51.2,TS,90.0,ESCS,80.0,reunion,2,80.0,True
CLS_05463,3,ESCS-SuCS,Extremely Severe / Super Cyclonic Storm,2022054S13100,VERNON,SI,WA,south_indian_ocean,,2022-02-26T00:00:00Z,-14.9,91.0,TS,110.0,ESCS,100.0,bom,3,100.0,True
CLS_05464,3,ESCS-SuCS,Extremely Severe / Super Cyclonic Storm,2022054S13100,VERNON,SI,MM,south_indian_ocean,,2022-02-26T12:00:00Z,-13.9,88.1,TS,90.0,ESCS,85.0,reunion,2,85.0,True
CLS_05465,3,ESCS-SuCS,Extremely Severe / Super Cyclonic Storm,2022054S13100,VERNON,SI,MM,south_indian_ocean,,2022-02-27T00:00:00Z,-12.4,87.5,TS,90.0,ESCS,60.0,reunion,2,60.0,True
CLS_05466,3,ESCS-SuCS,Extremely Severe / Super Cyclonic Storm,2022080S09087,HALIMA,SI,MM,south_indian_ocean,,2022-03-25T09:00:00Z,-13.9,73.5,TS,118.0,ESCS,,,4,118.0,True
CLS_05467,3,ESCS-SuCS,Extremely Severe / Super Cyclonic Storm,2022080S09087,HALIMA,SI,MM,south_indian_ocean,,2022-03-26T00:00:00Z,-15.4,73.6,TS,90.0,ESCS,95.0,reunion,2,95.0,True
CLS_05468,3,ESCS-SuCS,Extremely Severe / Super Cyclonic Storm,2022096N03150,MALAKAS,WP,MM,pacific_ocean,western_pacific,2022-04-13T12:00:00Z,18.9,137.6,TS,95.0,ESCS,85.0,tokyo,2,85.0,True
CLS_05469,3,ESCS-SuCS,Extremely Severe / Super Cyclonic Storm,2022148N13263,AGATHA,EP,MM,pacific_ocean,eastern_pacific,2022-05-30T00:00:00Z,14.3,-98.5,TS,95.0,ESCS,95.0,hurdat_epa,2,95.0,True
CLS_05470,3,ESCS-SuCS,Extremely Severe / Super Cyclonic Storm,2022179N08310,BONNIE,EP,MM,pacific_ocean,eastern_pacific,2022-07-05T09:00:00Z,15.0,-103.1,TS,98.0,ESCS,,,3,98.0,True
CLS_05471,3,ESCS-SuCS,Extremely Severe / Super Cyclonic Storm,2022191N14249,DARBY,EP,MM,pacific_ocean,eastern_pacific,2022-07-11T15:00:00Z,14.5,-123.5,TS,113.0,ESCS,,,4,113.0,True
CLS_05472,3,ESCS-SuCS,Extremely Severe / Super Cyclonic Storm,2022191N14249,DARBY,EP,MM,pacific_ocean,eastern_pacific,2022-07-12T12:00:00Z,14.7,-129.0,TS,115.0,ESCS,115.0,hurdat_epa,4,115.0,True
CLS_05473,3,ESCS-SuCS,Extremely Severe / Super Cyclonic Storm,2022191N14249,DARBY,EP,MM,pacific_ocean,eastern_pacific,2022-07-13T15:00:00Z,14.9,-135.3,TS,95.0,ESCS,,,2,95.0,True
CLS_05474,3,ESCS-SuCS,Extremely Severe / Super Cyclonic Storm,2022191N14249,DARBY,EP,MM,pacific_ocean,eastern_pacific,2022-07-14T03:00:00Z,15.8,-138.2,TS,98.0,ESCS,,,3,98.0,True
CLS_05475,3,ESCS-SuCS,Extremely Severe / Super Cyclonic Storm,2022233N22151,TOKAGE,WP,MM,pacific_ocean,western_pacific,2022-08-23T21:00:00Z,33.6,148.5,TS,95.0,ESCS,,,2,95.0,True
CLS_05476,3,ESCS-SuCS,Extremely Severe / Super Cyclonic Storm,2022239N22150,HINNAMNOR,WP,MM,pacific_ocean,western_pacific,2022-08-29T18:00:00Z,27.1,139.2,TS,120.0,SuCS,90.0,tokyo,4,90.0,True
CLS_05477,3,ESCS-SuCS,Extremely Severe / Super Cyclonic Storm,2022239N22150,HINNAMNOR,WP,MM,pacific_ocean,western_pacific,2022-09-01T12:00:00Z,21.3,125.5,TS,120.0,SuCS,100.0,tokyo,4,100.0,True
CLS_05478,3,ESCS-SuCS,Extremely Severe / Super Cyclonic Storm,2022247N26147,MUIFA,WP,MM,pacific_ocean,western_pacific,2022-09-10T21:00:00Z,22.4,124.6,TS,98.0,ESCS,,,3,98.0,True
CLS_05479,3,ESCS-SuCS,Extremely Severe / Super Cyclonic Storm,2022247N26147,MUIFA,WP,MM,pacific_ocean,western_pacific,2022-09-13T03:00:00Z,25.9,124.1,TS,93.0,ESCS,80.0,tokyo,2,80.0,True
CLS_05480,3,ESCS-SuCS,Extremely Severe / Super Cyclonic Storm,2022254N24143,NANMADOL,WP,MM,pacific_ocean,western_pacific,2022-09-16T00:00:00Z,23.7,135.9,TS,110.0,ESCS,85.0,tokyo,3,85.0,True
CLS_05481,3,ESCS-SuCS,Extremely Severe / Super Cyclonic Storm,2022264N17132,NORU,WP,MM,pacific_ocean,western_pacific,2022-09-26T21:00:00Z,15.6,112.7,TS,113.0,ESCS,,,4,113.0,True
CLS_05482,3,ESCS-SuCS,Extremely Severe / Super Cyclonic Storm,2022270N14136,ROKE,WP,MM,pacific_ocean,western_pacific,2022-09-29T09:00:00Z,26.2,132.6,TS,90.0,ESCS,60.0,tokyo,2,60.0,True
CLS_05483,3,ESCS-SuCS,Extremely Severe / Super Cyclonic Storm,2022272N14258,ORLENE,EP,MM,pacific_ocean,eastern_pacific,2022-10-02T03:00:00Z,18.3,-106.9,TS,98.0,ESCS,,,3,98.0,True
CLS_05484,3,ESCS-SuCS,Extremely Severe / Super Cyclonic Storm,2022272N14258,ORLENE,EP,MM,pacific_ocean,eastern_pacific,2022-10-02T21:00:00Z,20.4,-106.9,TS,98.0,ESCS,,,3,98.0,True
CLS_05485,3,ESCS-SuCS,Extremely Severe / Super Cyclonic Storm,2022285N17140,NESAT,WP,MM,pacific_ocean,western_pacific,2022-10-17T12:00:00Z,19.1,115.5,TS,90.0,ESCS,75.0,tokyo,2,75.0,True
CLS_05486,3,ESCS-SuCS,Extremely Severe / Super Cyclonic Storm,2022293N15259,ROSLYN,EP,MM,pacific_ocean,eastern_pacific,2022-10-22T09:00:00Z,17.3,-106.0,TS,105.0,ESCS,,,3,105.0,True
CLS_05487,3,ESCS-SuCS,Extremely Severe / Super Cyclonic Storm,2022293N15259,ROSLYN,EP,MM,pacific_ocean,eastern_pacific,2022-10-22T21:00:00Z,19.0,-106.7,TS,115.0,ESCS,,,4,115.0,True
CLS_05488,3,ESCS-SuCS,Extremely Severe / Super Cyclonic Storm,2022293N15259,ROSLYN,EP,MM,pacific_ocean,eastern_pacific,2022-10-23T12:00:00Z,22.1,-105.5,TS,100.0,ESCS,100.0,hurdat_epa,3,100.0,True
CLS_05489,3,ESCS-SuCS,Extremely Severe / Super Cyclonic Storm,2022346S10098,DARIAN,SI,WA,south_indian_ocean,,2022-12-20T18:00:00Z,-14.2,92.0,TS,130.0,SuCS,120.0,bom,4,120.0,True
CLS_05490,3,ESCS-SuCS,Extremely Severe / Super Cyclonic Storm,2022346S10098,DARIAN,SI,MM,south_indian_ocean,,2022-12-24T03:00:00Z,-12.4,83.0,TS,110.0,ESCS,,,3,110.0,True
CLS_05491,3,ESCS-SuCS,Extremely Severe / Super Cyclonic Storm,2022346S10098,DARIAN,SI,MM,south_indian_ocean,,2022-12-25T00:00:00Z,-14.3,84.5,TS,90.0,ESCS,85.0,reunion,2,85.0,True
CLS_05492,3,ESCS-SuCS,Extremely Severe / Super Cyclonic Storm,2022346S10098,DARIAN,SI,MM,south_indian_ocean,,2022-12-26T00:00:00Z,-16.5,85.1,TS,105.0,ESCS,85.0,reunion,3,85.0,True
CLS_05493,3,ESCS-SuCS,Extremely Severe / Super Cyclonic Storm,2023036S12117,FREDDY,SI,WA,south_indian_ocean,,2023-02-07T18:00:00Z,-14.8,115.0,TS,90.0,ESCS,75.0,bom,2,75.0,True
CLS_05494,3,ESCS-SuCS,Extremely Severe / Super Cyclonic Storm,2023036S12117,FREDDY,SI,WA,south_indian_ocean,,2023-02-13T12:00:00Z,-15.3,94.6,TS,90.0,ESCS,80.0,bom,2,80.0,True
CLS_05495,3,ESCS-SuCS,Extremely Severe / Super Cyclonic Storm,2023036S12117,FREDDY,SI,WA,south_indian_ocean,,2023-02-14T06:00:00Z,-15.3,91.2,TS,90.0,ESCS,75.0,bom,2,75.0,True
CLS_05496,3,ESCS-SuCS,Extremely Severe / Super Cyclonic Storm,2023036S12117,FREDDY,SI,MM,south_indian_ocean,,2023-02-20T06:00:00Z,-18.5,58.7,TS,120.0,SuCS,115.0,reunion,4,115.0,True
CLS_05497,3,ESCS-SuCS,Extremely Severe / Super Cyclonic Storm,2023055S14184,JUDY,SP,MM,pacific_ocean,southern_pacific,2023-03-01T00:00:00Z,-18.1,168.6,TS,100.0,ESCS,95.0,nadi,3,95.0,True
CLS_05498,3,ESCS-SuCS,Extremely Severe / Super Cyclonic Storm,2023059S15149,KEVIN,SP,MM,pacific_ocean,southern_pacific,2023-03-03T15:00:00Z,-19.1,169.3,TS,108.0,ESCS,,,3,108.0,True
CLS_05499,3,ESCS-SuCS,Extremely Severe / Super Cyclonic Storm,2023059S15149,KEVIN,SP,MM,pacific_ocean,southern_pacific,2023-03-04T03:00:00Z,-21.4,172.2,TS,135.0,SuCS,,,4,135.0,True
CLS_05500,3,ESCS-SuCS,Extremely Severe / Super Cyclonic Storm,2023059S15149,KEVIN,SP,MM,pacific_ocean,southern_pacific,2023-03-04T18:00:00Z,-24.7,177.7,TS,105.0,ESCS,115.0,nadi,3,115.0,True
CLS_05501,3,ESCS-SuCS,Extremely Severe / Super Cyclonic Storm,2023087S10096,HERMAN,SI,WA,south_indian_ocean,,2023-03-30T21:00:00Z,-16.5,106.0,TS,113.0,ESCS,,,4,113.0,True
CLS_05502,3,ESCS-SuCS,Extremely Severe / Super Cyclonic Storm,2023087S10096,HERMAN,SI,WA,south_indian_ocean,,2023-03-31T09:00:00Z,-17.5,106.6,TS,128.0,SuCS,,,4,128.0,True
CLS_05503,3,ESCS-SuCS,Extremely Severe / Super Cyclonic Storm,2023087S10096,HERMAN,SI,WA,south_indian_ocean,,2023-04-01T00:00:00Z,-18.7,107.0,TS,115.0,ESCS,100.0,bom,4,100.0,True
CLS_05504,3,ESCS-SuCS,Extremely Severe / Super Cyclonic Storm,2023096S07135,ILSA,SI,WA,south_indian_ocean,,2023-04-12T18:00:00Z,-17.1,119.1,TS,100.0,ESCS,90.0,bom,3,90.0,True
CLS_05505,3,ESCS-SuCS,Extremely Severe / Super Cyclonic Storm,2023096S07135,ILSA,SI,WA,south_indian_ocean,,2023-04-13T06:00:00Z,-18.8,118.7,TS,125.0,SuCS,110.0,bom,4,110.0,True
CLS_05506,3,ESCS-SuCS,Extremely Severe / Super Cyclonic Storm,2023129N08091,MOCHA,NI,BB,north_indian_ocean,bay_of_bengal,2023-05-12T21:00:00Z,15.1,89.0,TS,108.0,ESCS,100.0,newdelhi,3,100.0,True
CLS_05507,3,ESCS-SuCS,Extremely Severe / Super Cyclonic Storm,2023129N08091,MOCHA,NI,BB,north_indian_ocean,bay_of_bengal,2023-05-13T15:00:00Z,17.4,91.0,TS,138.0,SuCS,110.0,newdelhi,5,110.0,True
CLS_05508,3,ESCS-SuCS,Extremely Severe / Super Cyclonic Storm,2023129N08091,MOCHA,NI,BB,north_indian_ocean,bay_of_bengal,2023-05-14T03:00:00Z,19.3,92.1,TS,138.0,SuCS,110.0,newdelhi,5,110.0,True
CLS_05509,3,ESCS-SuCS,Extremely Severe / Super Cyclonic Storm,2023132S03090,FABIEN,SI,MM,south_indian_ocean,,2023-05-16T03:00:00Z,-6.4,75.8,TS,93.0,ESCS,,,2,93.0,True
CLS_05510,3,ESCS-SuCS,Extremely Severe / Super Cyclonic Storm,2023132S03090,FABIEN,SI,MM,south_indian_ocean,,2023-05-16T15:00:00Z,-7.6,74.8,TS,103.0,ESCS,,,3,103.0,True
CLS_05511,3,ESCS-SuCS,Extremely Severe / Super Cyclonic Storm,2023132S03090,FABIEN,SI,MM,south_indian_ocean,,2023-05-17T03:00:00Z,-8.5,73.9,TS,95.0,ESCS,,,2,95.0,True
CLS_05512,3,ESCS-SuCS,Extremely Severe / Super Cyclonic Storm,2023138N05151,MAWAR,WP,MM,pacific_ocean,western_pacific,2023-05-27T18:00:00Z,17.1,129.7,TS,115.0,ESCS,85.0,tokyo,4,85.0,True
CLS_05513,3,ESCS-SuCS,Extremely Severe / Super Cyclonic Storm,2023138N05151,MAWAR,WP,MM,pacific_ocean,western_pacific,2023-05-28T18:00:00Z,18.6,126.7,TS,105.0,ESCS,85.0,tokyo,3,85.0,True
CLS_05514,3,ESCS-SuCS,Extremely Severe / Super Cyclonic Storm,2023156N12135,GUCHOL,WP,MM,pacific_ocean,western_pacific,2023-06-10T03:00:00Z,19.4,130.0,TS,93.0,ESCS,,,2,93.0,True
CLS_05515,3,ESCS-SuCS,Extremely Severe / Super Cyclonic Storm,2023179N15256,ADRIAN,EP,MM,pacific_ocean,eastern_pacific,2023-06-30T15:00:00Z,17.1,-112.2,TS,90.0,ESCS,,,2,90.0,True
CLS_05516,3,ESCS-SuCS,Extremely Severe / Super Cyclonic Storm,2023191N10262,CALVIN,EP,MM,pacific_ocean,eastern_pacific,2023-07-14T06:00:00Z,13.1,-121.3,TS,95.0,ESCS,95.0,hurdat_epa,2,95.0,True
CLS_05517,3,ESCS-SuCS,Extremely Severe / Super Cyclonic Storm,2023191N10262,CALVIN,EP,MM,pacific_ocean,eastern_pacific,2023-07-15T00:00:00Z,14.0,-125.3,TS,100.0,ESCS,100.0,hurdat_epa,3,100.0,True
CLS_05518,3,ESCS-SuCS,Extremely Severe / Super Cyclonic Storm,2023191N10262,CALVIN,EP,MM,pacific_ocean,eastern_pacific,2023-07-15T18:00:00Z,14.9,-129.7,TS,90.0,ESCS,90.0,hurdat_epa,2,90.0,True
CLS_05519,3,ESCS-SuCS,Extremely Severe / Super Cyclonic Storm,2023201N13134,DOKSURI,WP,MM,pacific_ocean,western_pacific,2023-07-24T21:00:00Z,17.3,124.9,TS,128.0,SuCS,,,4,128.0,True
CLS_05520,3,ESCS-SuCS,Extremely Severe / Super Cyclonic Storm,2023201N13134,DOKSURI,WP,MM,pacific_ocean,western_pacific,2023-07-25T18:00:00Z,19.0,121.6,TS,120.0,SuCS,100.0,tokyo,4,100.0,True
CLS_05521,3,ESCS-SuCS,Extremely Severe / Super Cyclonic Storm,2023207N09141,KHANUN,WP,MM,pacific_ocean,western_pacific,2023-07-31T15:00:00Z,23.8,130.7,TS,115.0,ESCS,90.0,tokyo,4,90.0,True
CLS_05522,3,ESCS-SuCS,Extremely Severe / Super Cyclonic Storm,2023207N09141,KHANUN,WP,MM,pacific_ocean,western_pacific,2023-08-02T18:00:00Z,26.5,125.0,TS,100.0,ESCS,90.0,tokyo,3,90.0,True
CLS_05523,3,ESCS-SuCS,Extremely Severe / Super Cyclonic Storm,2023213N14257,DORA,EP,MM,pacific_ocean,eastern_pacific,2023-08-02T21:00:00Z,15.4,244.5,TS,100.0,ESCS,,,3,100.0,True
CLS_05524,3,ESCS-SuCS,Extremely Severe / Super Cyclonic Storm,2023213N14257,DORA,EP,MM,pacific_ocean,eastern_pacific,2023-08-05T18:00:00Z,13.3,226.0,TS,115.0,ESCS,115.0,hurdat_epa,4,115.0,True
CLS_05525,3,ESCS-SuCS,Extremely Severe / Super Cyclonic Storm,2023213N14257,DORA,EP,CP,pacific_ocean,eastern_pacific,2023-08-07T00:00:00Z,12.7,216.9,TS,120.0,SuCS,120.0,hurdat_epa,4,120.0,True
CLS_05526,3,ESCS-SuCS,Extremely Severe / Super Cyclonic Storm,2023218N25145,LAN,WP,MM,pacific_ocean,western_pacific,2023-08-10T12:00:00Z,25.9,143.2,TS,100.0,ESCS,85.0,tokyo,3,85.0,True
CLS_05527,3,ESCS-SuCS,Extremely Severe / Super Cyclonic Storm,2023213N14257,DORA,WP,MM,pacific_ocean,western_pacific,2023-08-12T03:00:00Z,16.0,179.6,TS,98.0,ESCS,,,3,98.0,True
CLS_05528,3,ESCS-SuCS,Extremely Severe / Super Cyclonic Storm,2023225N14248,FERNANDA,EP,MM,pacific_ocean,eastern_pacific,2023-08-14T06:00:00Z,15.5,-117.4,TS,105.0,ESCS,105.0,hurdat_epa,3,105.0,True
CLS_05529,3,ESCS-SuCS,Extremely Severe / Super Cyclonic Storm,2023225N14248,FERNANDA,EP,MM,pacific_ocean,eastern_pacific,2023-08-15T00:00:00Z,16.2,-119.4,TS,110.0,ESCS,110.0,hurdat_epa,3,110.0,True
CLS_05530,3,ESCS-SuCS,Extremely Severe / Super Cyclonic Storm,2023225N14248,FERNANDA,EP,MM,pacific_ocean,eastern_pacific,2023-08-15T15:00:00Z,17.0,-121.7,TS,93.0,ESCS,,,2,93.0,True
CLS_05531,3,ESCS-SuCS,Extremely Severe / Super Cyclonic Storm,2023228N12259,HILARY,EP,MM,pacific_ocean,eastern_pacific,2023-08-18T06:00:00Z,16.8,-110.4,TS,120.0,SuCS,120.0,hurdat_epa,4,120.0,True
CLS_05532,3,ESCS-SuCS,Extremely Severe / Super Cyclonic Storm,2023228N12259,HILARY,EP,MM,pacific_ocean,eastern_pacific,2023-08-18T18:00:00Z,18.2,-111.9,TS,110.0,ESCS,110.0,hurdat_epa,3,110.0,True
CLS_05533,3,ESCS-SuCS,Extremely Severe / Super Cyclonic Storm,2023228N12259,HILARY,EP,MM,pacific_ocean,eastern_pacific,2023-08-19T09:00:00Z,20.8,-113.3,TS,108.0,ESCS,,,3,108.0,True
CLS_05534,3,ESCS-SuCS,Extremely Severe / Super Cyclonic Storm,2023234N18128,SAOLA,WP,MM,pacific_ocean,western_pacific,2023-08-26T09:00:00Z,17.8,123.1,TS,108.0,ESCS,,,3,108.0,True
CLS_05535,3,ESCS-SuCS,Extremely Severe / Super Cyclonic Storm,2023234N18128,SAOLA,WP,MM,pacific_ocean,western_pacific,2023-08-28T12:00:00Z,17.9,124.1,TS,110.0,ESCS,85.0,tokyo,3,85.0,True
CLS_05536,3,ESCS-SuCS,Extremely Severe / Super Cyclonic Storm,2023248N12257,JOVA,EP,MM,pacific_ocean,eastern_pacific,2023-09-06T21:00:00Z,14.9,-111.7,TS,128.0,SuCS,,,4,128.0,True
CLS_05537,3,ESCS-SuCS,Extremely Severe / Super Cyclonic Storm,2023248N12257,JOVA,EP,MM,pacific_ocean,eastern_pacific,2023-09-07T18:00:00Z,17.4,-116.6,TS,125.0,SuCS,125.0,hurdat_epa,4,125.0,True
CLS_05538,3,ESCS-SuCS,Extremely Severe / Super Cyclonic Storm,2023248N12257,JOVA,EP,MM,pacific_ocean,eastern_pacific,2023-09-08T09:00:00Z,19.2,-119.8,TS,93.0,ESCS,,,2,93.0,True
CLS_05539,3,ESCS-SuCS,Extremely Severe / Super Cyclonic Storm,2023271N14144,KOINU,WP,MM,pacific_ocean,western_pacific,2023-10-04T15:00:00Z,22.0,121.6,TS,120.0,SuCS,,,4,120.0,True
CLS_05540,3,ESCS-SuCS,Extremely Severe / Super Cyclonic Storm,2023276N11254,LIDIA,EP,MM,pacific_ocean,eastern_pacific,2023-10-10T18:00:00Z,19.3,-107.1,TS,105.0,ESCS,105.0,hurdat_epa,3,105.0,True
CLS_05541,3,ESCS-SuCS,Extremely Severe / Super Cyclonic Storm,2023279N08157,BOLAVEN,WP,MM,pacific_ocean,western_pacific,2023-10-12T18:00:00Z,24.0,145.4,TS,140.0,SuCS,105.0,tokyo,5,105.0,True
CLS_05542,3,ESCS-SuCS,Extremely Severe / Super Cyclonic Storm,2023279N08157,BOLAVEN,WP,MM,pacific_ocean,western_pacific,2023-10-13T15:00:00Z,30.3,152.0,TS,93.0,ESCS,,,2,93.0,True
CLS_05543,3,ESCS-SuCS,Extremely Severe / Super Cyclonic Storm,2023290N12256,NORMA,EP,MM,pacific_ocean,eastern_pacific,2023-10-19T12:00:00Z,16.9,-107.7,TS,115.0,ESCS,115.0,hurdat_epa,4,115.0,True
CLS_05544,3,ESCS-SuCS,Extremely Severe / Super Cyclonic Storm,2023290N12256,NORMA,EP,MM,pacific_ocean,eastern_pacific,2023-10-20T06:00:00Z,18.5,-108.5,TS,100.0,ESCS,100.0,hurdat_epa,3,100.0,True
CLS_05545,3,ESCS-SuCS,Extremely Severe / Super Cyclonic Storm,2023290N12256,NORMA,EP,MM,pacific_ocean,eastern_pacific,2023-10-21T00:00:00Z,20.5,-109.9,TS,105.0,ESCS,105.0,hurdat_epa,3,105.0,True
CLS_05546,3,ESCS-SuCS,Extremely Severe / Super Cyclonic Storm,2023290N12256,NORMA,EP,MM,pacific_ocean,eastern_pacific,2023-10-21T12:00:00Z,22.3,-110.2,TS,90.0,ESCS,90.0,hurdat_epa,2,90.0,True
CLS_05547,3,ESCS-SuCS,Extremely Severe / Super Cyclonic Storm,2023292N11063,TEJ,NI,AS,north_indian_ocean,arabian_sea,2023-10-22T03:00:00Z,12.4,55.4,TS,103.0,ESCS,95.0,newdelhi,3,95.0,True
CLS_05548,3,ESCS-SuCS,Extremely Severe / Super Cyclonic Storm,2023292N11063,TEJ,NI,AS,north_indian_ocean,arabian_sea,2023-10-22T21:00:00Z,14.1,53.5,TS,95.0,ESCS,95.0,newdelhi,2,95.0,True
CLS_05549,3,ESCS-SuCS,Extremely Severe / Super Cyclonic Storm,2023292S03172,LOLA,SP,MM,pacific_ocean,southern_pacific,2023-10-23T06:00:00Z,-13.0,169.4,TS,95.0,ESCS,85.0,nadi,2,85.0,True
CLS_05550,3,ESCS-SuCS,Extremely Severe / Super Cyclonic Storm,2023292S03172,LOLA,SP,MM,pacific_ocean,southern_pacific,2023-10-23T18:00:00Z,-14.0,169.2,TS,120.0,SuCS,110.0,nadi,4,110.0,True
CLS_05551,3,ESCS-SuCS,Extremely Severe / Super Cyclonic Storm,2023292S03172,LOLA,SP,MM,pacific_ocean,southern_pacific,2023-10-24T15:00:00Z,-15.8,168.3,TS,105.0,ESCS,95.0,nadi,3,95.0,True
CLS_05552,3,ESCS-SuCS,Extremely Severe / Super Cyclonic Storm,2023294N09264,OTIS,EP,MM,pacific_ocean,eastern_pacific,2023-10-24T18:00:00Z,14.9,-99.4,TS,100.0,ESCS,100.0,hurdat_epa,3,100.0,True
CLS_05553,3,ESCS-SuCS,Extremely Severe / Super Cyclonic Storm,2023337S08165,JASPER,SP,EA,pacific_ocean,southern_pacific,2023-12-07T09:00:00Z,-12.8,156.8,TS,100.0,ESCS,,,3,100.0,True
CLS_05554,3,ESCS-SuCS,Extremely Severe / Super Cyclonic Storm,2023337S08165,JASPER,SP,EA,pacific_ocean,southern_pacific,2023-12-08T15:00:00Z,-15.2,156.4,TS,100.0,ESCS,,,3,100.0,True
CLS_05555,3,ESCS-SuCS,Extremely Severe / Super Cyclonic Storm,2024012S09093,ANGGREK,SI,MM,south_indian_ocean,,2024-01-26T06:00:00Z,-17.0,86.4,TS,105.0,ESCS,95.0,reunion,3,95.0,True
CLS_05556,3,ESCS-SuCS,Extremely Severe / Super Cyclonic Storm,2024012S09093,ANGGREK,SI,MM,south_indian_ocean,,2024-01-27T09:00:00Z,-19.1,81.3,TS,95.0,ESCS,,,2,95.0,True
CLS_05557,3,ESCS-SuCS,Extremely Severe / Super Cyclonic Storm,2024012S09093,ANGGREK,SI,MM,south_indian_ocean,,2024-01-28T06:00:00Z,-20.4,76.4,TS,100.0,ESCS,95.0,reunion,3,95.0,True
CLS_05558,3,ESCS-SuCS,Extremely Severe / Super Cyclonic Storm,2024012S09093,ANGGREK,SI,MM,south_indian_ocean,,2024-01-29T12:00:00Z,-25.2,70.8,TS,115.0,ESCS,105.0,reunion,4,105.0,True
CLS_05559,3,ESCS-SuCS,Extremely Severe / Super Cyclonic Storm,2024044S14066,DJOUNGOU,SI,MM,south_indian_ocean,,2024-02-18T00:00:00Z,-17.5,73.8,TS,110.0,ESCS,90.0,reunion,3,90.0,True
CLS_05560,3,ESCS-SuCS,Extremely Severe / Super Cyclonic Storm,2024044S14066,DJOUNGOU,SI,MM,south_indian_ocean,,2024-02-18T21:00:00Z,-22.4,82.1,TS,113.0,ESCS,,,4,113.0,True
CLS_05561,3,ESCS-SuCS,Extremely Severe / Super Cyclonic Storm,2024067S10090,NEVILLE,SI,WA,south_indian_ocean,,2024-03-21T21:00:00Z,-17.7,103.2,TS,113.0,ESCS,,,4,113.0,True
CLS_05562,3,ESCS-SuCS,Extremely Severe / Super Cyclonic Storm,2024067S10090,NEVILLE,SI,WA,south_indian_ocean,,2024-03-22T12:00:00Z,-18.3,99.6,TS,90.0,ESCS,85.0,bom,2,85.0,True
CLS_05563,3,ESCS-SuCS,Extremely Severe / Super Cyclonic Storm,2024067S10090,NEVILLE,SI,WA,south_indian_ocean,,2024-03-23T00:00:00Z,-19.1,96.5,TS,90.0,ESCS,80.0,bom,2,80.0,True
CLS_05564,3,ESCS-SuCS,Extremely Severe / Super Cyclonic Storm,2024096S11120,OLGA,SI,WA,south_indian_ocean,,2024-04-07T09:00:00Z,-15.1,119.2,TS,110.0,ESCS,,,3,110.0,True
CLS_05565,3,ESCS-SuCS,Extremely Severe / Super Cyclonic Storm,2024096S11120,OLGA,SI,WA,south_indian_ocean,,2024-04-08T06:00:00Z,-16.5,118.7,TS,90.0,ESCS,75.0,bom,2,75.0,True
CLS_05566,3,ESCS-SuCS,Extremely Severe / Super Cyclonic Storm,2024141N03142,EWINIAR,WP,MM,pacific_ocean,western_pacific,2024-05-26T21:00:00Z,15.7,122.6,TS,90.0,ESCS,,,2,90.0,True
CLS_05567,3,ESCS-SuCS,Extremely Severe / Super Cyclonic Storm,2024201N12133,GAEMI,WP,MM,pacific_ocean,western_pacific,2024-07-23T15:00:00Z,22.5,124.0,TS,100.0,ESCS,80.0,tokyo,3,80.0,True
CLS_05568,3,ESCS-SuCS,Extremely Severe / Super Cyclonic Storm,2024201N12133,GAEMI,WP,MM,pacific_ocean,western_pacific,2024-07-24T15:00:00Z,24.1,121.7,TS,100.0,ESCS,60.0,tokyo,3,60.0,True
CLS_05569,3,ESCS-SuCS,Extremely Severe / Super Cyclonic Storm,2024225N22135,AMPIL,WP,MM,pacific_ocean,western_pacific,2024-08-15T06:00:00Z,30.5,141.1,TS,90.0,ESCS,70.0,tokyo,2,70.0,True
CLS_05570,3,ESCS-SuCS,Extremely Severe / Super Cyclonic Storm,2024225N22135,AMPIL,WP,MM,pacific_ocean,western_pacific,2024-08-15T21:00:00Z,33.1,140.8,TS,108.0,ESCS,85.0,tokyo,3,85.0,True
CLS_05571,3,ESCS-SuCS,Extremely Severe / Super Cyclonic Storm,2024231N14251,GILMA,EP,MM,pacific_ocean,eastern_pacific,2024-08-22T03:00:00Z,16.5,-123.8,TS,103.0,ESCS,,,3,103.0,True
CLS_05572,3,ESCS-SuCS,Extremely Severe / Super Cyclonic Storm,2024231N14251,GILMA,EP,MM,pacific_ocean,eastern_pacific,2024-08-22T21:00:00Z,17.2,-125.1,TS,110.0,ESCS,,,3,110.0,True
CLS_05573,3,ESCS-SuCS,Extremely Severe / Super Cyclonic Storm,2024231N14251,GILMA,EP,MM,pacific_ocean,eastern_pacific,2024-08-26T03:00:00Z,18.0,-135.3,TS,90.0,ESCS,,,2,90.0,True
CLS_05574,3,ESCS-SuCS,Extremely Severe / Super Cyclonic Storm,2024231N14251,GILMA,EP,MM,pacific_ocean,eastern_pacific,2024-08-26T18:00:00Z,18.4,-137.1,TS,95.0,ESCS,95.0,hurdat_epa,2,95.0,True
CLS_05575,3,ESCS-SuCS,Extremely Severe / Super Cyclonic Storm,2024233N15148,SHANSHAN,WP,MM,pacific_ocean,western_pacific,2024-08-27T03:00:00Z,28.3,130.6,TS,108.0,ESCS,85.0,tokyo,3,85.0,True
CLS_05576,3,ESCS-SuCS,Extremely Severe / Super Cyclonic Storm,2024244N09137,YAGI,WP,MM,pacific_ocean,western_pacific,2024-09-05T21:00:00Z,19.2,112.6,TS,138.0,SuCS,,,5,138.0,True
CLS_05577,3,ESCS-SuCS,Extremely Severe / Super Cyclonic Storm,2024267N14261,JOHN,EP,MM,pacific_ocean,eastern_pacific,2024-09-24T03:00:00Z,16.6,-98.9,TS,105.0,ESCS,,,3,105.0,True
CLS_05578,3,ESCS-SuCS,Extremely Severe / Super Cyclonic Storm,2024270N24128,KRATHON,WP,MM,pacific_ocean,western_pacific,2024-10-01T09:00:00Z,21.1,119.4,TS,123.0,SuCS,,,4,123.0,True
CLS_05579,3,ESCS-SuCS,Extremely Severe / Super Cyclonic Storm,2024296N13260,KRISTY,EP,MM,pacific_ocean,eastern_pacific,2024-10-23T09:00:00Z,14.5,-112.1,TS,95.0,ESCS,,,2,95.0,True
CLS_05580,3,ESCS-SuCS,Extremely Severe / Super Cyclonic Storm,2024296N13260,KRISTY,EP,MM,pacific_ocean,eastern_pacific,2024-10-23T21:00:00Z,14.1,-115.5,TS,130.0,SuCS,,,4,130.0,True
CLS_05581,3,ESCS-SuCS,Extremely Severe / Super Cyclonic Storm,2024296N13260,KRISTY,EP,MM,pacific_ocean,eastern_pacific,2024-10-24T15:00:00Z,14.0,-120.4,TS,138.0,SuCS,,,5,138.0,True
CLS_05582,3,ESCS-SuCS,Extremely Severe / Super Cyclonic Storm,2024296N13260,KRISTY,EP,MM,pacific_ocean,eastern_pacific,2024-10-25T03:00:00Z,14.6,-122.8,TS,135.0,SuCS,,,4,135.0,True
CLS_05583,3,ESCS-SuCS,Extremely Severe / Super Cyclonic Storm,2024296N13260,KRISTY,EP,MM,pacific_ocean,eastern_pacific,2024-10-25T18:00:00Z,16.2,-125.4,TS,105.0,ESCS,105.0,hurdat_epa,3,105.0,True
CLS_05584,3,ESCS-SuCS,Extremely Severe / Super Cyclonic Storm,2024298N13150,KONG-REY,WP,MM,pacific_ocean,western_pacific,2024-10-29T18:00:00Z,18.8,125.4,TS,130.0,SuCS,90.0,tokyo,4,90.0,True
CLS_05585,3,ESCS-SuCS,Extremely Severe / Super Cyclonic Storm,2024298N13150,KONG-REY,WP,MM,pacific_ocean,western_pacific,2024-10-30T18:00:00Z,21.0,122.8,TS,115.0,ESCS,90.0,tokyo,4,90.0,True
CLS_05586,3,ESCS-SuCS,Extremely Severe / Super Cyclonic Storm,2024307N06143,YINXING,WP,MM,pacific_ocean,western_pacific,2024-11-07T09:00:00Z,18.6,122.0,TS,125.0,SuCS,,,4,125.0,True
CLS_05587,3,ESCS-SuCS,Extremely Severe / Super Cyclonic Storm,2024307N06143,YINXING,WP,MM,pacific_ocean,western_pacific,2024-11-10T06:00:00Z,18.9,113.0,TS,90.0,ESCS,70.0,tokyo,2,70.0,True
CLS_05588,3,ESCS-SuCS,Extremely Severe / Super Cyclonic Storm,2024314N07151,USAGI,WP,MM,pacific_ocean,western_pacific,2024-11-14T03:00:00Z,17.5,122.6,TS,113.0,ESCS,,,4,113.0,True
CLS_05589,3,ESCS-SuCS,Extremely Severe / Super Cyclonic Storm,2024313N10169,MAN-YI,WP,MM,pacific_ocean,western_pacific,2024-11-16T15:00:00Z,14.1,124.2,TS,125.0,SuCS,,,4,125.0,True
CLS_05590,3,ESCS-SuCS,Extremely Severe / Super Cyclonic Storm,2025168N11269,ERICK,EP,MM,pacific_ocean,eastern_pacific,2025-06-19T03:00:00Z,15.2,-97.1,TS,115.0,ESCS,,,4,115.0,True
CLS_05591,3,ESCS-SuCS,Extremely Severe / Super Cyclonic Storm,2025180N13261,FLOSSIE,EP,MM,pacific_ocean,eastern_pacific,2025-07-02T00:00:00Z,18.0,-107.1,TS,100.0,ESCS,100.0,hurdat_epa,3,100.0,True
CLS_05592,3,ESCS-SuCS,Extremely Severe / Super Cyclonic Storm,2025180N13261,FLOSSIE,EP,MM,pacific_ocean,eastern_pacific,2025-07-02T15:00:00Z,19.1,-109.1,TS,90.0,ESCS,,,2,90.0,True
CLS_05593,3,ESCS-SuCS,Extremely Severe / Super Cyclonic Storm,2025207N11219,IONA,EP,CP,pacific_ocean,eastern_pacific,2025-07-29T06:00:00Z,10.8,-152.6,TS,100.0,ESCS,100.0,hurdat_epa,3,100.0,True
CLS_05594,3,ESCS-SuCS,Extremely Severe / Super Cyclonic Storm,2025207N11219,IONA,EP,CP,pacific_ocean,eastern_pacific,2025-07-29T18:00:00Z,10.9,-155.0,TS,110.0,ESCS,110.0,hurdat_epa,3,110.0,True
CLS_05595,3,ESCS-SuCS,Extremely Severe / Super Cyclonic Storm,2025243N14239,KIKO,EP,MM,pacific_ocean,eastern_pacific,2025-09-03T06:00:00Z,13.8,-129.8,TS,90.0,ESCS,90.0,hurdat_epa,2,90.0,True
CLS_05596,3,ESCS-SuCS,Extremely Severe / Super Cyclonic Storm,2025243N14239,KIKO,EP,CP,pacific_ocean,eastern_pacific,2025-09-06T15:00:00Z,15.6,-140.5,TS,110.0,ESCS,,,3,110.0,True
CLS_05597,3,ESCS-SuCS,Extremely Severe / Super Cyclonic Storm,2025243N14239,KIKO,EP,CP,pacific_ocean,eastern_pacific,2025-09-07T03:00:00Z,16.5,-142.4,TS,113.0,ESCS,,,4,113.0,True
CLS_05598,3,ESCS-SuCS,Extremely Severe / Super Cyclonic Storm,2025243N14239,KIKO,EP,CP,pacific_ocean,eastern_pacific,2025-09-08T03:00:00Z,18.9,-146.5,TS,93.0,ESCS,,,2,93.0,True
CLS_05599,3,ESCS-SuCS,Extremely Severe / Super Cyclonic Storm,2025265N14261,NARDA,EP,MM,pacific_ocean,eastern_pacific,2025-09-24T06:00:00Z,15.2,-109.9,TS,90.0,ESCS,90.0,hurdat_epa,2,90.0,True
CLS_05600,3,ESCS-SuCS,Extremely Severe / Super Cyclonic Storm,2025278N15254,PRISCILLA,EP,MM,pacific_ocean,eastern_pacific,2025-10-07T15:00:00Z,19.6,-110.2,TS,98.0,ESCS,,,3,98.0,True
