image_path,label,storm_id,basin,region,subregion,timestamp,image_id,class_name,class_code,group_id
data/processed/classification/D-DD/CLS_00001.png,0,1999343S09095,SI,south_indian_ocean,,1999-12-10T12:00:00Z,CLS-IMG00001,Depression / Deep Depression,D-DD,G0000
data/processed/classification/D-DD/CLS_00002.png,0,1999343S11123,SI,south_indian_ocean,,1999-12-11T15:00:00Z,CLS-IMG00002,Depression / Deep Depression,D-DD,G0000
data/processed/classification/D-DD/CLS_00003.png,0,1999357S08076,SI,south_indian_ocean,,2000-01-02T00:00:00Z,CLS-IMG00003,Depression / Deep Depression,D-DD,G0001
data/processed/classification/D-DD/CLS_00004.png,0,2000006S15164,SP,pacific_ocean,southern_pacific,2000-01-07T03:00:00Z,CLS-IMG00004,Depression / Deep Depression,D-DD,G0002
data/processed/classification/D-DD/CLS_00005.png,0,2000019S11127,SI,south_indian_ocean,,2000-01-18T21:00:00Z,CLS-IMG00005,Depression / Deep Depression,D-DD,G0003
data/processed/classification/D-DD/CLS_00007.png,0,2000024S12100,SI,south_indian_ocean,,2000-01-25T12:00:00Z,CLS-IMG00007,Depression / Deep Depression,D-DD,G0005
data/processed/classification/D-DD/CLS_00011.png,0,2000032S11116,SI,south_indian_ocean,,2000-02-03T15:00:00Z,CLS-IMG00010,Depression / Deep Depression,D-DD,G0007
data/processed/classification/D-DD/CLS_00017.png,0,2000060S12086,SI,south_indian_ocean,,2000-03-05T15:00:00Z,CLS-IMG00016,Depression / Deep Depression,D-DD,G0012
data/processed/classification/D-DD/CLS_00020.png,0,2000075S17119,SI,south_indian_ocean,,2000-03-16T18:00:00Z,CLS-IMG00019,Depression / Deep Depression,D-DD,G0014
data/processed/classification/D-DD/CLS_00021.png,0,2000091S14156,SP,pacific_ocean,southern_pacific,2000-03-31T06:00:00Z,CLS-IMG00020,Depression / Deep Depression,D-DD,G0015
data/processed/classification/D-DD/CLS_00022.png,0,2000089S20168,SP,pacific_ocean,southern_pacific,2000-03-31T09:00:00Z,CLS-IMG00021,Depression / Deep Depression,D-DD,G0015
data/processed/classification/D-DD/CLS_00023.png,0,2000091S14156,SP,pacific_ocean,southern_pacific,2000-03-31T18:00:00Z,CLS-IMG00022,Depression / Deep Depression,D-DD,G0015
data/processed/classification/D-DD/CLS_00024.png,0,2000089S20168,SP,pacific_ocean,southern_pacific,2000-04-01T09:00:00Z,CLS-IMG00023,Depression / Deep Depression,D-DD,G0015
data/processed/classification/D-DD/CLS_00026.png,0,2000104S17182,SP,pacific_ocean,southern_pacific,2000-04-16T21:00:00Z,CLS-IMG00024,Depression / Deep Depression,D-DD,G0016
data/processed/classification/D-DD/CLS_00028.png,0,2000105S09127,SI,south_indian_ocean,,2000-04-20T21:00:00Z,CLS-IMG00025,Depression / Deep Depression,D-DD,G0017
data/processed/classification/D-DD/CLS_00030.png,0,2000164N12256,EP,pacific_ocean,eastern_pacific,2000-06-16T15:00:00Z,CLS-IMG00027,Depression / Deep Depression,D-DD,G0019
data/processed/classification/D-DD/CLS_00031.png,0,2000203N17249,EP,pacific_ocean,eastern_pacific,2000-07-21T06:00:00Z,CLS-IMG00028,Depression / Deep Depression,D-DD,G0020
data/processed/classification/D-DD/CLS_00032.png,0,2000202N12131,WP,pacific_ocean,western_pacific,2000-07-22T12:00:00Z,CLS-IMG00029,Depression / Deep Depression,D-DD,G0021
data/processed/classification/D-DD/CLS_00034.png,0,2000214N22155,WP,pacific_ocean,western_pacific,2000-07-31T18:00:00Z,CLS-IMG00031,Depression / Deep Depression,D-DD,G0023
data/processed/classification/D-DD/CLS_00035.png,0,2000214S06080,SI,south_indian_ocean,,2000-08-01T15:00:00Z,CLS-IMG00032,Depression / Deep Depression,D-DD,G0024
data/processed/classification/D-DD/CLS_00036.png,0,2000215N15254,EP,pacific_ocean,eastern_pacific,2000-08-06T12:00:00Z,CLS-IMG00033,Depression / Deep Depression,D-DD,G0025
data/processed/classification/D-DD/CLS_00038.png,0,2000222N14143,WP,pacific_ocean,western_pacific,2000-08-18T09:00:00Z,CLS-IMG00035,Depression / Deep Depression,D-DD,G0023
data/processed/classification/D-DD/CLS_00039.png,0,2000237N08138,WP,pacific_ocean,western_pacific,2000-08-26T06:00:00Z,CLS-IMG00036,Depression / Deep Depression,D-DD,G0027
data/processed/classification/D-DD/CLS_00040.png,0,2000241N15223,EP,pacific_ocean,eastern_pacific,2000-09-01T00:00:00Z,CLS-IMG00037,Depression / Deep Depression,D-DD,G0028
data/processed/classification/D-DD/CLS_00041.png,0,2000240N22115,WP,pacific_ocean,western_pacific,2000-09-01T09:00:00Z,CLS-IMG00038,Depression / Deep Depression,D-DD,G0029
data/processed/classification/D-DD/CLS_00042.png,0,2000245N14157,WP,pacific_ocean,western_pacific,2000-09-01T21:00:00Z,CLS-IMG00039,Depression / Deep Depression,D-DD,G0030
data/processed/classification/D-DD/CLS_00043.png,0,2000249N15258,EP,pacific_ocean,eastern_pacific,2000-09-05T09:00:00Z,CLS-IMG00040,Depression / Deep Depression,D-DD,G0031
data/processed/classification/D-DD/CLS_00045.png,0,2000258N22138,WP,pacific_ocean,western_pacific,2000-09-14T15:00:00Z,CLS-IMG00041,Depression / Deep Depression,D-DD,G0032
data/processed/classification/D-DD/CLS_00046.png,0,2000272N24165,WP,pacific_ocean,western_pacific,2000-09-30T12:00:00Z,CLS-IMG00042,Depression / Deep Depression,D-DD,G0033
data/processed/classification/D-DD/CLS_00048.png,0,2000289N15089,NI,north_indian_ocean,bay_of_bengal,2000-10-14T21:00:00Z,CLS-IMG00044,Depression / Deep Depression,D-DD,G0035
data/processed/classification/D-DD/CLS_00049.png,0,2000289N15089,NI,north_indian_ocean,bay_of_bengal,2000-10-15T09:00:00Z,CLS-IMG00045,Depression / Deep Depression,D-DD,G0035
data/processed/classification/D-DD/CLS_00051.png,0,2000289N15089,NI,north_indian_ocean,bay_of_bengal,2000-10-17T12:00:00Z,CLS-IMG00046,Depression / Deep Depression,D-DD,G0035
data/processed/classification/D-DD/CLS_00052.png,0,2000289N15089,NI,north_indian_ocean,bay_of_bengal,2000-10-18T03:00:00Z,CLS-IMG00047,Depression / Deep Depression,D-DD,G0035
data/processed/classification/D-DD/CLS_00055.png,0,2000299N13093,NI,north_indian_ocean,bay_of_bengal,2000-10-26T03:00:00Z,CLS-IMG00048,Depression / Deep Depression,D-DD,G0036
data/processed/classification/D-DD/CLS_00057.png,0,2000299N13093,NI,north_indian_ocean,bay_of_bengal,2000-10-27T15:00:00Z,CLS-IMG00049,Depression / Deep Depression,D-DD,G0036
data/processed/classification/D-DD/CLS_00058.png,0,2000299N13093,NI,north_indian_ocean,bay_of_bengal,2000-10-28T03:00:00Z,CLS-IMG00050,Depression / Deep Depression,D-DD,G0036
data/processed/classification/D-DD/CLS_00059.png,0,2000309N10270,EP,pacific_ocean,eastern_pacific,2000-11-04T18:00:00Z,CLS-IMG00051,Depression / Deep Depression,D-DD,G0037
data/processed/classification/D-DD/CLS_00060.png,0,2000305N06136,WP,pacific_ocean,western_pacific,2000-11-07T15:00:00Z,CLS-IMG00052,Depression / Deep Depression,D-DD,G0038
data/processed/classification/D-DD/CLS_00061.png,0,2000331N09092,NI,north_indian_ocean,bay_of_bengal,2000-11-26T06:00:00Z,CLS-IMG00053,Depression / Deep Depression,D-DD,G0039
data/processed/classification/D-DD/CLS_00062.png,0,2000331N09092,NI,north_indian_ocean,arabian_sea,2000-11-30T18:00:00Z,CLS-IMG00054,Depression / Deep Depression,D-DD,G0039
data/processed/classification/D-DD/CLS_00063.png,0,2000331N09092,NI,north_indian_ocean,arabian_sea,2000-12-02T15:00:00Z,CLS-IMG00055,Depression / Deep Depression,D-DD,G0039
data/processed/classification/D-DD/CLS_00064.png,0,2000333S11140,SI,south_indian_ocean,,2000-12-04T00:00:00Z,CLS-IMG00056,Depression / Deep Depression,D-DD,G0040
data/processed/classification/D-DD/CLS_00065.png,0,2000331N09092,NI,north_indian_ocean,arabian_sea,2000-12-04T09:00:00Z,CLS-IMG00057,Depression / Deep Depression,D-DD,G0039
data/processed/classification/D-DD/CLS_00066.png,0,2000358N08086,NI,north_indian_ocean,bay_of_bengal,2000-12-23T06:00:00Z,CLS-IMG00058,Depression / Deep Depression,D-DD,G0041
data/processed/classification/D-DD/CLS_00067.png,0,2000358N08086,NI,north_indian_ocean,bay_of_bengal,2000-12-24T00:00:00Z,CLS-IMG00059,Depression / Deep Depression,D-DD,G0041
data/processed/classification/D-DD/CLS_00068.png,0,2000358N08086,NI,north_indian_ocean,bay_of_bengal,2000-12-24T12:00:00Z,CLS-IMG00060,Depression / Deep Depression,D-DD,G0041
data/processed/classification/D-DD/CLS_00069.png,0,2000358N08086,NI,north_indian_ocean,arabian_sea,2000-12-28T09:00:00Z,CLS-IMG00061,Depression / Deep Depression,D-DD,G0041
data/processed/classification/D-DD/CLS_00071.png,0,2001018S12086,SI,south_indian_ocean,,2001-01-18T03:00:00Z,CLS-IMG00063,Depression / Deep Depression,D-DD,G0043
data/processed/classification/D-DD/CLS_00076.png,0,2001047N09134,WP,pacific_ocean,western_pacific,2001-02-19T06:00:00Z,CLS-IMG00067,Depression / Deep Depression,D-DD,G0046
data/processed/classification/D-DD/CLS_00078.png,0,2001054S15155,SP,pacific_ocean,southern_pacific,2001-02-25T06:00:00Z,CLS-IMG00069,Depression / Deep Depression,D-DD,G0048
data/processed/classification/D-DD/CLS_00080.png,0,2001054S15155,SI,south_indian_ocean,,2001-03-02T03:00:00Z,CLS-IMG00071,Depression / Deep Depression,D-DD,G0048
data/processed/classification/D-DD/CLS_00083.png,0,2001094S12172,SP,pacific_ocean,southern_pacific,2001-04-04T12:00:00Z,CLS-IMG00073,Depression / Deep Depression,D-DD,G0051
data/processed/classification/D-DD/CLS_00084.png,0,2001094S12172,SP,pacific_ocean,southern_pacific,2001-04-05T15:00:00Z,CLS-IMG00074,Depression / Deep Depression,D-DD,G0051
data/processed/classification/D-DD/CLS_00085.png,0,2001106S08137,SP,pacific_ocean,southern_pacific,2001-04-16T00:00:00Z,CLS-IMG00075,Depression / Deep Depression,D-DD,G0052
data/processed/classification/D-DD/CLS_00086.png,0,2001106S08137,SI,south_indian_ocean,,2001-04-23T12:00:00Z,CLS-IMG00076,Depression / Deep Depression,D-DD,G0052
data/processed/classification/D-DD/CLS_00087.png,0,2001171N12234,EP,pacific_ocean,eastern_pacific,2001-06-25T09:00:00Z,CLS-IMG00077,Depression / Deep Depression,D-DD,G0053
data/processed/classification/D-DD/CLS_00089.png,0,2001194N15252,EP,pacific_ocean,eastern_pacific,2001-07-14T21:00:00Z,CLS-IMG00079,Depression / Deep Depression,D-DD,G0055
data/processed/classification/D-DD/CLS_00090.png,0,2001202N14243,EP,pacific_ocean,eastern_pacific,2001-07-20T21:00:00Z,CLS-IMG00080,Depression / Deep Depression,D-DD,G0056
data/processed/classification/D-DD/CLS_00091.png,0,2001202N23152,WP,pacific_ocean,western_pacific,2001-07-21T06:00:00Z,CLS-IMG00081,Depression / Deep Depression,D-DD,G0057
data/processed/classification/D-DD/CLS_00092.png,0,2001204N19127,WP,pacific_ocean,western_pacific,2001-07-23T00:00:00Z,CLS-IMG00082,Depression / Deep Depression,D-DD,G0058
data/processed/classification/D-DD/CLS_00093.png,0,2001206N14134,WP,pacific_ocean,western_pacific,2001-07-26T03:00:00Z,CLS-IMG00083,Depression / Deep Depression,D-DD,G0057
data/processed/classification/D-DD/CLS_00094.png,0,2001212N10158,WP,pacific_ocean,western_pacific,2001-08-01T15:00:00Z,CLS-IMG00084,Depression / Deep Depression,D-DD,G0059
data/processed/classification/D-DD/CLS_00095.png,0,2001236N21161,WP,pacific_ocean,western_pacific,2001-08-25T00:00:00Z,CLS-IMG00085,Depression / Deep Depression,D-DD,G0060
data/processed/classification/D-DD/CLS_00099.png,0,2001248N23125,WP,pacific_ocean,western_pacific,2001-09-18T15:00:00Z,CLS-IMG00088,Depression / Deep Depression,D-DD,G0063
data/processed/classification/D-DD/CLS_00100.png,0,2001266N10217,EP,pacific_ocean,eastern_pacific,2001-09-24T00:00:00Z,CLS-IMG00089,Depression / Deep Depression,D-DD,G0064
data/processed/classification/D-DD/CLS_00101.png,0,2001267N17070,NI,north_indian_ocean,arabian_sea,2001-09-24T15:00:00Z,CLS-IMG00090,Depression / Deep Depression,D-DD,G0065
data/processed/classification/D-DD/CLS_00102.png,0,2001267N17070,NI,north_indian_ocean,arabian_sea,2001-09-25T09:00:00Z,CLS-IMG00091,Depression / Deep Depression,D-DD,G0065
data/processed/classification/D-DD/CLS_00103.png,0,2001267N17070,NI,north_indian_ocean,arabian_sea,2001-09-26T03:00:00Z,CLS-IMG00092,Depression / Deep Depression,D-DD,G0065
data/processed/classification/D-DD/CLS_00104.png,0,2001267N17070,NI,north_indian_ocean,arabian_sea,2001-09-27T09:00:00Z,CLS-IMG00093,Depression / Deep Depression,D-DD,G0065
data/processed/classification/D-DD/CLS_00105.png,0,2001267N17070,NI,north_indian_ocean,arabian_sea,2001-09-27T21:00:00Z,CLS-IMG00094,Depression / Deep Depression,D-DD,G0065
data/processed/classification/D-DD/CLS_00106.png,0,2001267N17070,NI,north_indian_ocean,arabian_sea,2001-09-28T12:00:00Z,CLS-IMG00095,Depression / Deep Depression,D-DD,G0065
data/processed/classification/D-DD/CLS_00107.png,0,2001264N21126,WP,pacific_ocean,western_pacific,2001-09-29T00:00:00Z,CLS-IMG00096,Depression / Deep Depression,D-DD,G0066
data/processed/classification/D-DD/CLS_00111.png,0,2001281N18071,NI,north_indian_ocean,arabian_sea,2001-10-08T06:00:00Z,CLS-IMG00099,Depression / Deep Depression,D-DD,G0069
data/processed/classification/D-DD/CLS_00112.png,0,2001281N18071,NI,north_indian_ocean,arabian_sea,2001-10-09T03:00:00Z,CLS-IMG00100,Depression / Deep Depression,D-DD,G0069
data/processed/classification/D-DD/CLS_00113.png,0,2001281N18071,NI,north_indian_ocean,arabian_sea,2001-10-10T18:00:00Z,CLS-IMG00101,Depression / Deep Depression,D-DD,G0069
data/processed/classification/D-DD/CLS_00114.png,0,2001281N18071,NI,north_indian_ocean,arabian_sea,2001-10-11T15:00:00Z,CLS-IMG00102,Depression / Deep Depression,D-DD,G0069
data/processed/classification/D-DD/CLS_00115.png,0,2001281N18071,NI,north_indian_ocean,arabian_sea,2001-10-12T15:00:00Z,CLS-IMG00103,Depression / Deep Depression,D-DD,G0069
data/processed/classification/D-DD/CLS_00116.png,0,2001281N18071,NI,north_indian_ocean,arabian_sea,2001-10-13T03:00:00Z,CLS-IMG00104,Depression / Deep Depression,D-DD,G0069
data/processed/classification/D-DD/CLS_00118.png,0,2001294N11235,EP,pacific_ocean,eastern_pacific,2001-10-24T00:00:00Z,CLS-IMG00106,Depression / Deep Depression,D-DD,G0071
data/processed/classification/D-DD/CLS_00120.png,0,2001304N12237,EP,pacific_ocean,eastern_pacific,2001-11-03T18:00:00Z,CLS-IMG00108,Depression / Deep Depression,D-DD,G0073
data/processed/classification/D-DD/CLS_00121.png,0,2001309N10130,WP,pacific_ocean,western_pacific,2001-11-06T15:00:00Z,CLS-IMG00109,Depression / Deep Depression,D-DD,G0074
data/processed/classification/D-DD/CLS_00122.png,0,2001313N12084,NI,north_indian_ocean,bay_of_bengal,2001-11-09T15:00:00Z,CLS-IMG00110,Depression / Deep Depression,D-DD,G0075
data/processed/classification/D-DD/CLS_00123.png,0,2001313N12084,NI,north_indian_ocean,bay_of_bengal,2001-11-10T03:00:00Z,CLS-IMG00111,Depression / Deep Depression,D-DD,G0075
data/processed/classification/D-DD/CLS_00124.png,0,2001313N12084,NI,north_indian_ocean,bay_of_bengal,2001-11-11T00:00:00Z,CLS-IMG00112,Depression / Deep Depression,D-DD,G0075
data/processed/classification/D-DD/CLS_00125.png,0,2001313N12084,NI,north_indian_ocean,bay_of_bengal,2001-11-12T03:00:00Z,CLS-IMG00113,Depression / Deep Depression,D-DD,G0075
data/processed/classification/D-DD/CLS_00126.png,0,2001320S11146,SP,pacific_ocean,southern_pacific,2001-11-16T15:00:00Z,CLS-IMG00114,Depression / Deep Depression,D-DD,G0076
data/processed/classification/D-DD/CLS_00127.png,0,2001320S11146,SP,pacific_ocean,southern_pacific,2001-11-18T06:00:00Z,CLS-IMG00115,Depression / Deep Depression,D-DD,G0076
data/processed/classification/D-DD/CLS_00128.png,0,2001323N05107,WP,pacific_ocean,western_pacific,2001-11-20T03:00:00Z,CLS-IMG00116,Depression / Deep Depression,D-DD,G0076
data/processed/classification/D-DD/CLS_00129.png,0,2001320S11146,SI,south_indian_ocean,,2001-11-21T03:00:00Z,CLS-IMG00117,Depression / Deep Depression,D-DD,G0076
data/processed/classification/D-DD/CLS_00130.png,0,2001324S12081,SI,south_indian_ocean,,2001-11-23T15:00:00Z,CLS-IMG00118,Depression / Deep Depression,D-DD,G0077
data/processed/classification/D-DD/CLS_00133.png,0,2001334S21200,SP,pacific_ocean,southern_pacific,2001-12-02T12:00:00Z,CLS-IMG00120,Depression / Deep Depression,D-DD,G0079
data/processed/classification/D-DD/CLS_00135.png,0,2001363S10185,SP,pacific_ocean,southern_pacific,2001-12-28T21:00:00Z,CLS-IMG00121,Depression / Deep Depression,D-DD,G0080
data/processed/classification/D-DD/CLS_00136.png,0,2001361N01106,NI,north_indian_ocean,bay_of_bengal,2001-12-30T03:00:00Z,CLS-IMG00122,Depression / Deep Depression,D-DD,G0081
data/processed/classification/D-DD/CLS_00137.png,0,2001361N01106,NI,north_indian_ocean,bay_of_bengal,2001-12-30T15:00:00Z,CLS-IMG00123,Depression / Deep Depression,D-DD,G0081
data/processed/classification/D-DD/CLS_00138.png,0,2001361N01106,NI,north_indian_ocean,bay_of_bengal,2001-12-31T15:00:00Z,CLS-IMG00124,Depression / Deep Depression,D-DD,G0081
data/processed/classification/D-DD/CLS_00140.png,0,2001365S12138,SP,pacific_ocean,southern_pacific,2002-01-03T03:00:00Z,CLS-IMG00125,Depression / Deep Depression,D-DD,G0082
data/processed/classification/D-DD/CLS_00141.png,0,2001364S19036,SI,south_indian_ocean,,2002-01-03T06:00:00Z,CLS-IMG00126,Depression / Deep Depression,D-DD,G0083
data/processed/classification/D-DD/CLS_00142.png,0,2001365S12138,SP,pacific_ocean,southern_pacific,2002-01-04T18:00:00Z,CLS-IMG00127,Depression / Deep Depression,D-DD,G0082
data/processed/classification/D-DD/CLS_00143.png,0,2002023S10089,SI,south_indian_ocean,,2002-01-23T12:00:00Z,CLS-IMG00128,Depression / Deep Depression,D-DD,G0084
data/processed/classification/D-DD/CLS_00145.png,0,2002042S20156,SP,pacific_ocean,southern_pacific,2002-02-10T18:00:00Z,CLS-IMG00130,Depression / Deep Depression,D-DD,G0086
data/processed/classification/D-DD/CLS_00146.png,0,2002054S17176,SP,pacific_ocean,southern_pacific,2002-02-23T06:00:00Z,CLS-IMG00131,Depression / Deep Depression,D-DD,G0087
data/processed/classification/D-DD/CLS_00150.png,0,2002078N04138,WP,pacific_ocean,western_pacific,2002-03-19T09:00:00Z,CLS-IMG00135,Depression / Deep Depression,D-DD,G0090
data/processed/classification/D-DD/CLS_00151.png,0,2002081S08084,SI,south_indian_ocean,,2002-03-22T12:00:00Z,CLS-IMG00136,Depression / Deep Depression,D-DD,G0091
data/processed/classification/D-DD/CLS_00154.png,0,2002098S07133,SI,south_indian_ocean,,2002-04-09T12:00:00Z,CLS-IMG00139,Depression / Deep Depression,D-DD,G0094
data/processed/classification/D-DD/CLS_00163.png,0,2002145N11259,EP,pacific_ocean,eastern_pacific,2002-05-24T21:00:00Z,CLS-IMG00148,Depression / Deep Depression,D-DD,G0098
data/processed/classification/D-DD/CLS_00164.png,0,2002155N20112,WP,pacific_ocean,western_pacific,2002-06-06T00:00:00Z,CLS-IMG00149,Depression / Deep Depression,D-DD,G0099
data/processed/classification/D-DD/CLS_00165.png,0,2002187N11160,WP,pacific_ocean,western_pacific,2002-07-05T12:00:00Z,CLS-IMG00150,Depression / Deep Depression,D-DD,G0100
data/processed/classification/D-DD/CLS_00166.png,0,2002198N09182,EP,pacific_ocean,eastern_pacific,2002-07-19T15:00:00Z,CLS-IMG00151,Depression / Deep Depression,D-DD,G0101
data/processed/classification/D-DD/CLS_00167.png,0,2002198N09182,WP,pacific_ocean,western_pacific,2002-07-20T21:00:00Z,CLS-IMG00152,Depression / Deep Depression,D-DD,G0101
data/processed/classification/D-DD/CLS_00168.png,0,2002202N13254,EP,pacific_ocean,eastern_pacific,2002-07-26T15:00:00Z,CLS-IMG00153,Depression / Deep Depression,D-DD,G0102
data/processed/classification/D-DD/CLS_00169.png,0,2002204N12263,EP,pacific_ocean,eastern_pacific,2002-07-30T15:00:00Z,CLS-IMG00154,Depression / Deep Depression,D-DD,G0102
data/processed/classification/D-DD/CLS_00171.png,0,2002222N11131,WP,pacific_ocean,western_pacific,2002-08-10T18:00:00Z,CLS-IMG00156,Depression / Deep Depression,D-DD,G0104
data/processed/classification/D-DD/CLS_00172.png,0,2002234N11221,EP,pacific_ocean,eastern_pacific,2002-08-23T18:00:00Z,CLS-IMG00157,Depression / Deep Depression,D-DD,G0105
data/processed/classification/D-DD/CLS_00176.png,0,2002289N18162,WP,pacific_ocean,western_pacific,2002-10-20T00:00:00Z,CLS-IMG00159,Depression / Deep Depression,D-DD,G0107
data/processed/classification/D-DD/CLS_00178.png,0,2002314N12083,NI,north_indian_ocean,bay_of_bengal,2002-11-10T09:00:00Z,CLS-IMG00160,Depression / Deep Depression,D-DD,G0108
data/processed/classification/D-DD/CLS_00179.png,0,2002314N12083,NI,north_indian_ocean,bay_of_bengal,2002-11-11T03:00:00Z,CLS-IMG00161,Depression / Deep Depression,D-DD,G0108
data/processed/classification/D-DD/CLS_00180.png,0,2002314N12083,NI,north_indian_ocean,bay_of_bengal,2002-11-12T12:00:00Z,CLS-IMG00162,Depression / Deep Depression,D-DD,G0108
data/processed/classification/D-DD/CLS_00183.png,0,2002319S06078,SI,south_indian_ocean,,2002-11-25T09:00:00Z,CLS-IMG00165,Depression / Deep Depression,D-DD,G0110
data/processed/classification/D-DD/CLS_00184.png,0,2002335S13182,SP,pacific_ocean,southern_pacific,2002-12-02T00:00:00Z,CLS-IMG00166,Depression / Deep Depression,D-DD,G0111
data/processed/classification/D-DD/CLS_00185.png,0,2002335N05166,WP,pacific_ocean,western_pacific,2002-12-02T09:00:00Z,CLS-IMG00167,Depression / Deep Depression,D-DD,G0112
data/processed/classification/D-DD/CLS_00186.png,0,2002335S13182,SP,pacific_ocean,southern_pacific,2002-12-02T15:00:00Z,CLS-IMG00168,Depression / Deep Depression,D-DD,G0111
data/processed/classification/D-DD/CLS_00188.png,0,2002355N04077,NI,north_indian_ocean,bay_of_bengal,2002-12-21T18:00:00Z,CLS-IMG00169,Depression / Deep Depression,D-DD,G0113
data/processed/classification/D-DD/CLS_00189.png,0,2002355N04077,NI,north_indian_ocean,bay_of_bengal,2002-12-22T12:00:00Z,CLS-IMG00170,Depression / Deep Depression,D-DD,G0113
data/processed/classification/D-DD/CLS_00190.png,0,2002356S07070,SI,south_indian_ocean,,2002-12-23T03:00:00Z,CLS-IMG00171,Depression / Deep Depression,D-DD,G0113
data/processed/classification/D-DD/CLS_00192.png,0,2002355N04077,NI,north_indian_ocean,bay_of_bengal,2002-12-23T15:00:00Z,CLS-IMG00172,Depression / Deep Depression,D-DD,G0113
data/processed/classification/D-DD/CLS_00193.png,0,2002355N04077,NI,north_indian_ocean,bay_of_bengal,2002-12-25T18:00:00Z,CLS-IMG00173,Depression / Deep Depression,D-DD,G0113
data/processed/classification/D-DD/CLS_00195.png,0,2002364S16045,SI,south_indian_ocean,,2003-01-08T18:00:00Z,CLS-IMG00175,Depression / Deep Depression,D-DD,G0115
data/processed/classification/D-DD/CLS_00196.png,0,2003011S09182,SP,pacific_ocean,southern_pacific,2003-01-11T12:00:00Z,CLS-IMG00176,Depression / Deep Depression,D-DD,G0116
data/processed/classification/D-DD/CLS_00197.png,0,2003011N02180,WP,pacific_ocean,western_pacific,2003-01-15T00:00:00Z,CLS-IMG00177,Depression / Deep Depression,D-DD,G0117
data/processed/classification/D-DD/CLS_00200.png,0,2003021S10163,SP,pacific_ocean,southern_pacific,2003-02-01T18:00:00Z,CLS-IMG00180,Depression / Deep Depression,D-DD,G0119
data/processed/classification/D-DD/CLS_00201.png,0,2003034S12117,SI,south_indian_ocean,,2003-02-05T03:00:00Z,CLS-IMG00181,Depression / Deep Depression,D-DD,G0120
data/processed/classification/D-DD/CLS_00202.png,0,2003037S12061,SI,south_indian_ocean,,2003-02-07T21:00:00Z,CLS-IMG00182,Depression / Deep Depression,D-DD,G0121
data/processed/classification/D-DD/CLS_00203.png,0,2003035S10099,SI,south_indian_ocean,,2003-02-09T09:00:00Z,CLS-IMG00183,Depression / Deep Depression,D-DD,G0120
data/processed/classification/D-DD/CLS_00204.png,0,2003056S21042,SI,south_indian_ocean,,2003-02-25T15:00:00Z,CLS-IMG00184,Depression / Deep Depression,D-DD,G0122
data/processed/classification/D-DD/CLS_00206.png,0,2003061S21148,SP,pacific_ocean,southern_pacific,2003-03-04T03:00:00Z,CLS-IMG00185,Depression / Deep Depression,D-DD,G0123
data/processed/classification/D-DD/CLS_00209.png,0,2003068S14172,SP,pacific_ocean,southern_pacific,2003-03-10T06:00:00Z,CLS-IMG00187,Depression / Deep Depression,D-DD,G0123
data/processed/classification/D-DD/CLS_00211.png,0,2003103S14180,SP,pacific_ocean,southern_pacific,2003-04-13T15:00:00Z,CLS-IMG00189,Depression / Deep Depression,D-DD,G0125
data/processed/classification/D-DD/CLS_00212.png,0,2003129N05091,NI,north_indian_ocean,bay_of_bengal,2003-05-09T06:00:00Z,CLS-IMG00190,Depression / Deep Depression,D-DD,G0126
data/processed/classification/D-DD/CLS_00213.png,0,2003129N05091,NI,north_indian_ocean,bay_of_bengal,2003-05-09T21:00:00Z,CLS-IMG00191,Depression / Deep Depression,D-DD,G0126
data/processed/classification/D-DD/CLS_00215.png,0,2003129N05091,NI,north_indian_ocean,bay_of_bengal,2003-05-17T21:00:00Z,CLS-IMG00192,Depression / Deep Depression,D-DD,G0126
data/processed/classification/D-DD/CLS_00216.png,0,2003138N04148,WP,pacific_ocean,western_pacific,2003-05-18T18:00:00Z,CLS-IMG00193,Depression / Deep Depression,D-DD,G0127
data/processed/classification/D-DD/CLS_00218.png,0,2003155S10172,SP,pacific_ocean,southern_pacific,2003-06-04T00:00:00Z,CLS-IMG00194,Depression / Deep Depression,D-DD,G0128
data/processed/classification/D-DD/CLS_00221.png,0,2003192N14254,EP,pacific_ocean,eastern_pacific,2003-07-13T15:00:00Z,CLS-IMG00197,Depression / Deep Depression,D-DD,G0131
data/processed/classification/D-DD/CLS_00223.png,0,2003199N14255,EP,pacific_ocean,eastern_pacific,2003-07-17T18:00:00Z,CLS-IMG00199,Depression / Deep Depression,D-DD,G0133
data/processed/classification/D-DD/CLS_00227.png,0,2003223N13224,EP,pacific_ocean,eastern_pacific,2003-08-14T18:00:00Z,CLS-IMG00203,Depression / Deep Depression,D-DD,G0137
data/processed/classification/D-DD/CLS_00228.png,0,2003226N07156,WP,pacific_ocean,western_pacific,2003-08-18T18:00:00Z,CLS-IMG00204,Depression / Deep Depression,D-DD,G0138
data/processed/classification/D-DD/CLS_00229.png,0,2003240N14230,EP,pacific_ocean,eastern_pacific,2003-09-04T12:00:00Z,CLS-IMG00205,Depression / Deep Depression,D-DD,G0139
data/processed/classification/D-DD/CLS_00231.png,0,2003257N15252,EP,pacific_ocean,eastern_pacific,2003-09-17T15:00:00Z,CLS-IMG00207,Depression / Deep Depression,D-DD,G0141
data/processed/classification/D-DD/CLS_00237.png,0,2003294N11112,WP,pacific_ocean,western_pacific,2003-10-21T15:00:00Z,CLS-IMG00213,Depression / Deep Depression,D-DD,G0147
data/processed/classification/D-DD/CLS_00238.png,0,2003295N09101,NI,north_indian_ocean,bay_of_bengal,2003-10-24T21:00:00Z,CLS-IMG00214,Depression / Deep Depression,D-DD,G0148
data/processed/classification/D-DD/CLS_00239.png,0,2003295N09101,NI,north_indian_ocean,bay_of_bengal,2003-10-25T18:00:00Z,CLS-IMG00215,Depression / Deep Depression,D-DD,G0148
data/processed/classification/D-DD/CLS_00240.png,0,2003295N09101,NI,north_indian_ocean,bay_of_bengal,2003-10-26T06:00:00Z,CLS-IMG00216,Depression / Deep Depression,D-DD,G0148
data/processed/classification/D-DD/CLS_00241.png,0,2003315N09067,NI,north_indian_ocean,arabian_sea,2003-11-15T12:00:00Z,CLS-IMG00217,Depression / Deep Depression,D-DD,G0149
data/processed/classification/D-DD/CLS_00242.png,0,2003315N09067,NI,north_indian_ocean,arabian_sea,2003-11-16T00:00:00Z,CLS-IMG00218,Depression / Deep Depression,D-DD,G0149
data/processed/classification/D-DD/CLS_00243.png,0,2003315N09067,NI,north_indian_ocean,arabian_sea,2003-11-17T03:00:00Z,CLS-IMG00219,Depression / Deep Depression,D-DD,G0149
data/processed/classification/D-DD/CLS_00244.png,0,2003315N09067,NI,north_indian_ocean,arabian_sea,2003-11-17T18:00:00Z,CLS-IMG00220,Depression / Deep Depression,D-DD,G0149
data/processed/classification/D-DD/CLS_00250.png,0,2003340S07093,SI,south_indian_ocean,,2003-12-15T03:00:00Z,CLS-IMG00225,Depression / Deep Depression,D-DD,G0152
data/processed/classification/D-DD/CLS_00252.png,0,2003350S10140,SP,pacific_ocean,southern_pacific,2003-12-17T09:00:00Z,CLS-IMG00227,Depression / Deep Depression,D-DD,G0153
data/processed/classification/D-DD/CLS_00253.png,0,2003350S10140,SP,pacific_ocean,southern_pacific,2003-12-17T21:00:00Z,CLS-IMG00228,Depression / Deep Depression,D-DD,G0153
data/processed/classification/D-DD/CLS_00254.png,0,2003350S10140,SI,south_indian_ocean,,2003-12-22T03:00:00Z,CLS-IMG00229,Depression / Deep Depression,D-DD,G0153
data/processed/classification/D-DD/CLS_00255.png,0,2003357N11142,WP,pacific_ocean,western_pacific,2003-12-23T15:00:00Z,CLS-IMG00230,Depression / Deep Depression,D-DD,G0154
data/processed/classification/D-DD/CLS_00256.png,0,2003358S06067,SI,south_indian_ocean,,2003-12-29T00:00:00Z,CLS-IMG00231,Depression / Deep Depression,D-DD,G0155
data/processed/classification/D-DD/CLS_00258.png,0,2004028S06090,SI,south_indian_ocean,,2004-01-28T12:00:00Z,CLS-IMG00233,Depression / Deep Depression,D-DD,G0157
data/processed/classification/D-DD/CLS_00259.png,0,2004025S16044,SI,south_indian_ocean,,2004-01-31T03:00:00Z,CLS-IMG00234,Depression / Deep Depression,D-DD,G0158
data/processed/classification/D-DD/CLS_00261.png,0,2004056S18125,SI,south_indian_ocean,,2004-02-27T00:00:00Z,CLS-IMG00236,Depression / Deep Depression,D-DD,G0160
data/processed/classification/D-DD/CLS_00264.png,0,2004081S15148,SP,pacific_ocean,southern_pacific,2004-03-21T03:00:00Z,CLS-IMG00239,Depression / Deep Depression,D-DD,G0162
data/processed/classification/D-DD/CLS_00266.png,0,2004083S08056,SI,south_indian_ocean,,2004-03-24T12:00:00Z,CLS-IMG00241,Depression / Deep Depression,D-DD,G0164
data/processed/classification/D-DD/CLS_00273.png,0,2004125S08084,SI,south_indian_ocean,,2004-05-12T00:00:00Z,CLS-IMG00248,Depression / Deep Depression,D-DD,G0168
data/processed/classification/D-DD/CLS_00279.png,0,2004158N07142,WP,pacific_ocean,western_pacific,2004-06-08T15:00:00Z,CLS-IMG00253,Depression / Deep Depression,D-DD,G0171
data/processed/classification/D-DD/CLS_00280.png,0,2004164N06139,WP,pacific_ocean,western_pacific,2004-06-12T18:00:00Z,CLS-IMG00254,Depression / Deep Depression,D-DD,G0172
data/processed/classification/D-DD/CLS_00282.png,0,2004201N14247,EP,pacific_ocean,eastern_pacific,2004-07-25T03:00:00Z,CLS-IMG00256,Depression / Deep Depression,D-DD,G0174
data/processed/classification/D-DD/CLS_00284.png,0,2004214N12234,EP,pacific_ocean,eastern_pacific,2004-08-02T00:00:00Z,CLS-IMG00257,Depression / Deep Depression,D-DD,G0175
data/processed/classification/D-DD/CLS_00291.png,0,2004244N12257,EP,pacific_ocean,eastern_pacific,2004-09-05T15:00:00Z,CLS-IMG00264,Depression / Deep Depression,D-DD,G0182
data/processed/classification/D-DD/CLS_00292.png,0,2004255N23120,WP,pacific_ocean,western_pacific,2004-09-12T15:00:00Z,CLS-IMG00265,Depression / Deep Depression,D-DD,G0183
data/processed/classification/D-DD/CLS_00293.png,0,2004274N16069,NI,north_indian_ocean,arabian_sea,2004-10-01T06:00:00Z,CLS-IMG00266,Depression / Deep Depression,D-DD,G0184
data/processed/classification/D-DD/CLS_00294.png,0,2004274N16069,NI,north_indian_ocean,arabian_sea,2004-10-02T15:00:00Z,CLS-IMG00267,Depression / Deep Depression,D-DD,G0184
data/processed/classification/D-DD/CLS_00295.png,0,2004279N14249,EP,pacific_ocean,eastern_pacific,2004-10-05T21:00:00Z,CLS-IMG00268,Depression / Deep Depression,D-DD,G0185
data/processed/classification/D-DD/CLS_00296.png,0,2004274N16069,NI,north_indian_ocean,arabian_sea,2004-10-07T09:00:00Z,CLS-IMG00269,Depression / Deep Depression,D-DD,G0184
data/processed/classification/D-DD/CLS_00297.png,0,2004274N16069,NI,north_indian_ocean,arabian_sea,2004-10-08T06:00:00Z,CLS-IMG00270,Depression / Deep Depression,D-DD,G0184
data/processed/classification/D-DD/CLS_00298.png,0,2004274N16069,NI,north_indian_ocean,arabian_sea,2004-10-09T09:00:00Z,CLS-IMG00271,Depression / Deep Depression,D-DD,G0184
data/processed/classification/D-DD/CLS_00299.png,0,2004274N16069,NI,north_indian_ocean,arabian_sea,2004-10-09T21:00:00Z,CLS-IMG00272,Depression / Deep Depression,D-DD,G0184
data/processed/classification/D-DD/CLS_00300.png,0,2004288N09164,WP,pacific_ocean,western_pacific,2004-10-14T12:00:00Z,CLS-IMG00273,Depression / Deep Depression,D-DD,G0186
data/processed/classification/D-DD/CLS_00302.png,0,2004307N09068,NI,north_indian_ocean,arabian_sea,2004-11-02T06:00:00Z,CLS-IMG00275,Depression / Deep Depression,D-DD,G0188
data/processed/classification/D-DD/CLS_00303.png,0,2004307N09068,NI,north_indian_ocean,arabian_sea,2004-11-02T21:00:00Z,CLS-IMG00276,Depression / Deep Depression,D-DD,G0188
data/processed/classification/D-DD/CLS_00304.png,0,2004307N09068,NI,north_indian_ocean,arabian_sea,2004-11-03T09:00:00Z,CLS-IMG00277,Depression / Deep Depression,D-DD,G0188
data/processed/classification/D-DD/CLS_00305.png,0,2004307N09068,NI,north_indian_ocean,arabian_sea,2004-11-03T21:00:00Z,CLS-IMG00278,Depression / Deep Depression,D-DD,G0188
data/processed/classification/D-DD/CLS_00306.png,0,2004307N09068,NI,north_indian_ocean,arabian_sea,2004-11-07T21:00:00Z,CLS-IMG00279,Depression / Deep Depression,D-DD,G0188
data/processed/classification/D-DD/CLS_00307.png,0,2004307N09068,NI,north_indian_ocean,arabian_sea,2004-11-08T12:00:00Z,CLS-IMG00280,Depression / Deep Depression,D-DD,G0188
data/processed/classification/D-DD/CLS_00309.png,0,2004312S05085,SI,south_indian_ocean,,2004-11-14T06:00:00Z,CLS-IMG00282,Depression / Deep Depression,D-DD,G0190
data/processed/classification/D-DD/CLS_00313.png,0,2004333N06154,WP,pacific_ocean,western_pacific,2004-11-28T06:00:00Z,CLS-IMG00286,Depression / Deep Depression,D-DD,G0192
data/processed/classification/D-DD/CLS_00316.png,0,2004344N06178,WP,pacific_ocean,western_pacific,2004-12-10T03:00:00Z,CLS-IMG00289,Depression / Deep Depression,D-DD,G0194
data/processed/classification/D-DD/CLS_00317.png,0,2004352N10154,WP,pacific_ocean,western_pacific,2004-12-18T03:00:00Z,CLS-IMG00290,Depression / Deep Depression,D-DD,G0195
data/processed/classification/D-DD/CLS_00319.png,0,2005006S09099,SI,south_indian_ocean,,2005-01-07T09:00:00Z,CLS-IMG00292,Depression / Deep Depression,D-DD,G0197
data/processed/classification/D-DD/CLS_00320.png,0,2005007N04085,NI,north_indian_ocean,bay_of_bengal,2005-01-07T18:00:00Z,CLS-IMG00293,Depression / Deep Depression,D-DD,G0197
data/processed/classification/D-DD/CLS_00322.png,0,2005007N04085,NI,north_indian_ocean,bay_of_bengal,2005-01-09T12:00:00Z,CLS-IMG00294,Depression / Deep Depression,D-DD,G0197
data/processed/classification/D-DD/CLS_00323.png,0,2005007N04085,NI,north_indian_ocean,bay_of_bengal,2005-01-10T09:00:00Z,CLS-IMG00295,Depression / Deep Depression,D-DD,G0197
data/processed/classification/D-DD/CLS_00325.png,0,2005013N05153,WP,pacific_ocean,western_pacific,2005-01-14T03:00:00Z,CLS-IMG00297,Depression / Deep Depression,D-DD,G0199
data/processed/classification/D-DD/CLS_00328.png,0,2005017S09061,SI,south_indian_ocean,,2005-01-16T15:00:00Z,CLS-IMG00299,Depression / Deep Depression,D-DD,G0200
data/processed/classification/D-DD/CLS_00331.png,0,2005022S14112,SI,south_indian_ocean,,2005-01-26T00:00:00Z,CLS-IMG00302,Depression / Deep Depression,D-DD,G0201
data/processed/classification/D-DD/CLS_00332.png,0,2005029S11072,SI,south_indian_ocean,,2005-02-03T03:00:00Z,CLS-IMG00303,Depression / Deep Depression,D-DD,G0202
data/processed/classification/D-DD/CLS_00334.png,0,2005035S14136,SP,pacific_ocean,southern_pacific,2005-02-05T21:00:00Z,CLS-IMG00305,Depression / Deep Depression,D-DD,G0204
data/processed/classification/D-DD/CLS_00335.png,0,2005042S12190,SP,pacific_ocean,southern_pacific,2005-02-12T03:00:00Z,CLS-IMG00306,Depression / Deep Depression,D-DD,G0205
data/processed/classification/D-DD/CLS_00336.png,0,2005060S12179,SP,pacific_ocean,southern_pacific,2005-03-05T03:00:00Z,CLS-IMG00307,Depression / Deep Depression,D-DD,G0206
data/processed/classification/D-DD/CLS_00337.png,0,2005067S12120,SI,south_indian_ocean,,2005-03-09T15:00:00Z,CLS-IMG00308,Depression / Deep Depression,D-DD,G0207
data/processed/classification/D-DD/CLS_00339.png,0,2005079S10067,SI,south_indian_ocean,,2005-03-21T12:00:00Z,CLS-IMG00309,Depression / Deep Depression,D-DD,G0208
data/processed/classification/D-DD/CLS_00342.png,0,2005185N15261,EP,pacific_ocean,eastern_pacific,2005-07-04T03:00:00Z,CLS-IMG00312,Depression / Deep Depression,D-DD,G0211
data/processed/classification/D-DD/CLS_00344.png,0,2005215N14224,EP,pacific_ocean,eastern_pacific,2005-08-03T18:00:00Z,CLS-IMG00313,Depression / Deep Depression,D-DD,G0212
data/processed/classification/D-DD/CLS_00345.png,0,2005223N13251,EP,pacific_ocean,eastern_pacific,2005-08-15T18:00:00Z,CLS-IMG00314,Depression / Deep Depression,D-DD,G0213
data/processed/classification/D-DD/CLS_00348.png,0,2005238N17255,EP,pacific_ocean,eastern_pacific,2005-08-28T00:00:00Z,CLS-IMG00317,Depression / Deep Depression,D-DD,G0216
data/processed/classification/D-DD/CLS_00349.png,0,2005261N14252,EP,pacific_ocean,eastern_pacific,2005-09-18T12:00:00Z,CLS-IMG00318,Depression / Deep Depression,D-DD,G0217
data/processed/classification/D-DD/CLS_00351.png,0,2005282N22138,WP,pacific_ocean,western_pacific,2005-10-10T09:00:00Z,CLS-IMG00320,Depression / Deep Depression,D-DD,G0219
data/processed/classification/D-DD/CLS_00353.png,0,2005298N12088,NI,north_indian_ocean,bay_of_bengal,2005-10-27T21:00:00Z,CLS-IMG00322,Depression / Deep Depression,D-DD,G0221
data/processed/classification/D-DD/CLS_00354.png,0,2005298N12088,NI,north_indian_ocean,bay_of_bengal,2005-10-28T09:00:00Z,CLS-IMG00323,Depression / Deep Depression,D-DD,G0221
data/processed/classification/D-DD/CLS_00355.png,0,2005298N12088,NI,north_indian_ocean,bay_of_bengal,2005-10-28T21:00:00Z,CLS-IMG00324,Depression / Deep Depression,D-DD,G0221
data/processed/classification/D-DD/CLS_00356.png,0,2005308S07098,SI,south_indian_ocean,,2005-11-07T06:00:00Z,CLS-IMG00325,Depression / Deep Depression,D-DD,G0222
data/processed/classification/D-DD/CLS_00357.png,0,2005316N05134,WP,pacific_ocean,western_pacific,2005-11-12T15:00:00Z,CLS-IMG00326,Depression / Deep Depression,D-DD,G0223
data/processed/classification/D-DD/CLS_00358.png,0,2005322S04095,SI,south_indian_ocean,,2005-11-29T03:00:00Z,CLS-IMG00327,Depression / Deep Depression,D-DD,G0224
data/processed/classification/D-DD/CLS_00359.png,0,2005330N09096,NI,north_indian_ocean,bay_of_bengal,2005-12-02T09:00:00Z,CLS-IMG00328,Depression / Deep Depression,D-DD,G0225
data/processed/classification/D-DD/CLS_00360.png,0,2005330N09096,NI,north_indian_ocean,bay_of_bengal,2005-12-03T00:00:00Z,CLS-IMG00329,Depression / Deep Depression,D-DD,G0225
data/processed/classification/D-DD/CLS_00361.png,0,2005330N09096,NI,north_indian_ocean,bay_of_bengal,2005-12-03T15:00:00Z,CLS-IMG00330,Depression / Deep Depression,D-DD,G0225
data/processed/classification/D-DD/CLS_00367.png,0,2005349N06090,NI,north_indian_ocean,bay_of_bengal,2005-12-16T03:00:00Z,CLS-IMG00335,Depression / Deep Depression,D-DD,G0227
data/processed/classification/D-DD/CLS_00368.png,0,2005349N06090,NI,north_indian_ocean,bay_of_bengal,2005-12-21T06:00:00Z,CLS-IMG00336,Depression / Deep Depression,D-DD,G0227
data/processed/classification/D-DD/CLS_00370.png,0,2005349N06090,NI,north_indian_ocean,bay_of_bengal,2005-12-22T15:00:00Z,CLS-IMG00337,Depression / Deep Depression,D-DD,G0227
data/processed/classification/D-DD/CLS_00371.png,0,2005349N06090,NI,north_indian_ocean,bay_of_bengal,2005-12-23T03:00:00Z,CLS-IMG00338,Depression / Deep Depression,D-DD,G0227
data/processed/classification/D-DD/CLS_00373.png,0,2006007S15182,SP,pacific_ocean,southern_pacific,2006-01-12T18:00:00Z,CLS-IMG00339,Depression / Deep Depression,D-DD,G0228
data/processed/classification/D-DD/CLS_00374.png,0,2006013S13184,SP,pacific_ocean,southern_pacific,2006-01-13T12:00:00Z,CLS-IMG00340,Depression / Deep Depression,D-DD,G0228
data/processed/classification/D-DD/CLS_00375.png,0,2006012N03081,NI,north_indian_ocean,arabian_sea,2006-01-15T03:00:00Z,CLS-IMG00341,Depression / Deep Depression,D-DD,G0229
data/processed/classification/D-DD/CLS_00376.png,0,2006017S15126,SI,south_indian_ocean,,2006-01-18T15:00:00Z,CLS-IMG00342,Depression / Deep Depression,D-DD,G0230
data/processed/classification/D-DD/CLS_00378.png,0,2006040S15181,SP,pacific_ocean,southern_pacific,2006-02-11T06:00:00Z,CLS-IMG00343,Depression / Deep Depression,D-DD,G0231
data/processed/classification/D-DD/CLS_00381.png,0,2006057S12114,SI,south_indian_ocean,,2006-02-27T06:00:00Z,CLS-IMG00345,Depression / Deep Depression,D-DD,G0233
data/processed/classification/D-DD/CLS_00383.png,0,2006074S13158,SP,pacific_ocean,southern_pacific,2006-03-16T18:00:00Z,CLS-IMG00347,Depression / Deep Depression,D-DD,G0235
data/processed/classification/D-DD/CLS_00384.png,0,2006075S14185,SP,pacific_ocean,southern_pacific,2006-03-19T00:00:00Z,CLS-IMG00348,Depression / Deep Depression,D-DD,G0235
data/processed/classification/D-DD/CLS_00385.png,0,2006078S12119,SI,south_indian_ocean,,2006-03-20T18:00:00Z,CLS-IMG00349,Depression / Deep Depression,D-DD,G0236
data/processed/classification/D-DD/CLS_00386.png,0,2006114N08090,NI,north_indian_ocean,bay_of_bengal,2006-04-24T18:00:00Z,CLS-IMG00350,Depression / Deep Depression,D-DD,G0237
data/processed/classification/D-DD/CLS_00390.png,0,2006182N20088,NI,north_indian_ocean,bay_of_bengal,2006-07-02T09:00:00Z,CLS-IMG00351,Depression / Deep Depression,D-DD,G0238
data/processed/classification/D-DD/CLS_00391.png,0,2006182N20088,NI,north_indian_ocean,bay_of_bengal,2006-07-02T21:00:00Z,CLS-IMG00352,Depression / Deep Depression,D-DD,G0238
data/processed/classification/D-DD/CLS_00392.png,0,2006192N13250,EP,pacific_ocean,eastern_pacific,2006-07-15T18:00:00Z,CLS-IMG00353,Depression / Deep Depression,D-DD,G0239
data/processed/classification/D-DD/CLS_00393.png,0,2006213N13256,EP,pacific_ocean,eastern_pacific,2006-08-01T03:00:00Z,CLS-IMG00354,Depression / Deep Depression,D-DD,G0240
data/processed/classification/D-DD/CLS_00394.png,0,2006217N20134,WP,pacific_ocean,western_pacific,2006-08-09T21:00:00Z,CLS-IMG00355,Depression / Deep Depression,D-DD,G0241
data/processed/classification/D-DD/CLS_00396.png,0,2006234N12258,EP,pacific_ocean,eastern_pacific,2006-08-21T15:00:00Z,CLS-IMG00357,Depression / Deep Depression,D-DD,G0243
data/processed/classification/D-DD/CLS_00397.png,0,2006228N13247,EP,pacific_ocean,eastern_pacific,2006-08-23T03:00:00Z,CLS-IMG00358,Depression / Deep Depression,D-DD,G0244
data/processed/classification/D-DD/CLS_00400.png,0,2006259N19155,WP,pacific_ocean,western_pacific,2006-09-17T03:00:00Z,CLS-IMG00360,Depression / Deep Depression,D-DD,G0246
data/processed/classification/D-DD/CLS_00401.png,0,2006257N16259,EP,pacific_ocean,eastern_pacific,2006-09-17T12:00:00Z,CLS-IMG00361,Depression / Deep Depression,D-DD,G0247
data/processed/classification/D-DD/CLS_00402.png,0,2006259N17245,EP,pacific_ocean,eastern_pacific,2006-09-18T09:00:00Z,CLS-IMG00362,Depression / Deep Depression,D-DD,G0248
data/processed/classification/D-DD/CLS_00404.png,0,2006262N19069,NI,north_indian_ocean,arabian_sea,2006-09-21T06:00:00Z,CLS-IMG00363,Depression / Deep Depression,D-DD,G0249
data/processed/classification/D-DD/CLS_00405.png,0,2006262N19069,NI,north_indian_ocean,arabian_sea,2006-09-23T21:00:00Z,CLS-IMG00364,Depression / Deep Depression,D-DD,G0249
data/processed/classification/D-DD/CLS_00406.png,0,2006262N19069,NI,north_indian_ocean,arabian_sea,2006-09-24T15:00:00Z,CLS-IMG00365,Depression / Deep Depression,D-DD,G0249
data/processed/classification/D-DD/CLS_00407.png,0,2006262N19069,NI,north_indian_ocean,arabian_sea,2006-09-25T03:00:00Z,CLS-IMG00366,Depression / Deep Depression,D-DD,G0249
data/processed/classification/D-DD/CLS_00408.png,0,2006268N12129,WP,pacific_ocean,western_pacific,2006-09-25T15:00:00Z,CLS-IMG00367,Depression / Deep Depression,D-DD,G0250
data/processed/classification/D-DD/CLS_00409.png,0,2006262N19069,NI,north_indian_ocean,arabian_sea,2006-09-25T15:00:00Z,CLS-IMG00368,Depression / Deep Depression,D-DD,G0249
data/processed/classification/D-DD/CLS_00410.png,0,2006271N18089,NI,north_indian_ocean,bay_of_bengal,2006-09-28T12:00:00Z,CLS-IMG00369,Depression / Deep Depression,D-DD,G0251
data/processed/classification/D-DD/CLS_00411.png,0,2006271N18089,NI,north_indian_ocean,bay_of_bengal,2006-09-29T03:00:00Z,CLS-IMG00370,Depression / Deep Depression,D-DD,G0251
data/processed/classification/D-DD/CLS_00412.png,0,2006271N18089,NI,north_indian_ocean,bay_of_bengal,2006-09-29T15:00:00Z,CLS-IMG00371,Depression / Deep Depression,D-DD,G0251
data/processed/classification/D-DD/CLS_00415.png,0,2006294N16254,EP,pacific_ocean,eastern_pacific,2006-10-21T09:00:00Z,CLS-IMG00374,Depression / Deep Depression,D-DD,G0254
data/processed/classification/D-DD/CLS_00416.png,0,2006294S10168,SP,pacific_ocean,southern_pacific,2006-10-26T03:00:00Z,CLS-IMG00375,Depression / Deep Depression,D-DD,G0255
data/processed/classification/D-DD/CLS_00417.png,0,2006300N17256,EP,pacific_ocean,eastern_pacific,2006-10-27T15:00:00Z,CLS-IMG00376,Depression / Deep Depression,D-DD,G0256
data/processed/classification/D-DD/CLS_00419.png,0,2006322S09172,SP,pacific_ocean,southern_pacific,2006-11-26T09:00:00Z,CLS-IMG00378,Depression / Deep Depression,D-DD,G0258
data/processed/classification/D-DD/CLS_00422.png,0,2006329N06150,NI,north_indian_ocean,bay_of_bengal,2006-12-06T18:00:00Z,CLS-IMG00380,Depression / Deep Depression,D-DD,G0260
data/processed/classification/D-DD/CLS_00423.png,0,2006329N06150,NI,north_indian_ocean,bay_of_bengal,2006-12-07T15:00:00Z,CLS-IMG00381,Depression / Deep Depression,D-DD,G0260
data/processed/classification/D-DD/CLS_00424.png,0,2006364S12058,SI,south_indian_ocean,,2006-12-31T00:00:00Z,CLS-IMG00382,Depression / Deep Depression,D-DD,G0261
data/processed/classification/D-DD/CLS_00425.png,0,2006365S12114,SI,south_indian_ocean,,2007-01-01T15:00:00Z,CLS-IMG00383,Depression / Deep Depression,D-DD,G0262
data/processed/classification/D-DD/CLS_00426.png,0,2007021S12183,SP,pacific_ocean,southern_pacific,2007-01-21T21:00:00Z,CLS-IMG00384,Depression / Deep Depression,D-DD,G0263
data/processed/classification/D-DD/CLS_00427.png,0,2007021S12195,SP,pacific_ocean,southern_pacific,2007-01-22T00:00:00Z,CLS-IMG00385,Depression / Deep Depression,D-DD,G0263
data/processed/classification/D-DD/CLS_00428.png,0,2007021S12195,SP,pacific_ocean,southern_pacific,2007-01-22T12:00:00Z,CLS-IMG00386,Depression / Deep Depression,D-DD,G0263
data/processed/classification/D-DD/CLS_00430.png,0,2007033S12177,SP,pacific_ocean,southern_pacific,2007-02-02T12:00:00Z,CLS-IMG00387,Depression / Deep Depression,D-DD,G0264
data/processed/classification/D-DD/CLS_00433.png,0,2007052S10093,SI,south_indian_ocean,,2007-02-21T18:00:00Z,CLS-IMG00389,Depression / Deep Depression,D-DD,G0266
data/processed/classification/D-DD/CLS_00437.png,0,2007091S14175,SP,pacific_ocean,southern_pacific,2007-04-03T18:00:00Z,CLS-IMG00392,Depression / Deep Depression,D-DD,G0269
data/processed/classification/D-DD/CLS_00438.png,0,2007136S10158,SP,pacific_ocean,southern_pacific,2007-05-16T21:00:00Z,CLS-IMG00393,Depression / Deep Depression,D-DD,G0270
data/processed/classification/D-DD/CLS_00440.png,0,2007172N15088,NI,north_indian_ocean,bay_of_bengal,2007-06-21T12:00:00Z,CLS-IMG00395,Depression / Deep Depression,D-DD,G0272
data/processed/classification/D-DD/CLS_00441.png,0,2007172N15088,NI,north_indian_ocean,bay_of_bengal,2007-06-22T00:00:00Z,CLS-IMG00396,Depression / Deep Depression,D-DD,G0272
data/processed/classification/D-DD/CLS_00442.png,0,2007172N15088,NI,north_indian_ocean,bay_of_bengal,2007-06-22T15:00:00Z,CLS-IMG00397,Depression / Deep Depression,D-DD,G0272
data/processed/classification/D-DD/CLS_00443.png,0,2007172N15088,NI,north_indian_ocean,arabian_sea,2007-06-24T09:00:00Z,CLS-IMG00398,Depression / Deep Depression,D-DD,G0272
data/processed/classification/D-DD/CLS_00444.png,0,2007172N15088,NI,north_indian_ocean,arabian_sea,2007-06-24T21:00:00Z,CLS-IMG00399,Depression / Deep Depression,D-DD,G0272
data/processed/classification/D-DD/CLS_00445.png,0,2007172N15088,NI,north_indian_ocean,arabian_sea,2007-06-26T18:00:00Z,CLS-IMG00400,Depression / Deep Depression,D-DD,G0272
data/processed/classification/D-DD/CLS_00450.png,0,2007191N17241,EP,pacific_ocean,eastern_pacific,2007-07-10T09:00:00Z,CLS-IMG00404,Depression / Deep Depression,D-DD,G0274
data/processed/classification/D-DD/CLS_00451.png,0,2007196N11234,EP,pacific_ocean,eastern_pacific,2007-07-20T15:00:00Z,CLS-IMG00405,Depression / Deep Depression,D-DD,G0275
data/processed/classification/D-DD/CLS_00455.png,0,2007242N13264,EP,pacific_ocean,eastern_pacific,2007-08-31T09:00:00Z,CLS-IMG00408,Depression / Deep Depression,D-DD,G0278
data/processed/classification/D-DD/CLS_00456.png,0,2007242N19251,EP,pacific_ocean,eastern_pacific,2007-09-02T03:00:00Z,CLS-IMG00409,Depression / Deep Depression,D-DD,G0279
data/processed/classification/D-DD/CLS_00457.png,0,2007249N24161,WP,pacific_ocean,western_pacific,2007-09-07T09:00:00Z,CLS-IMG00410,Depression / Deep Depression,D-DD,G0280
data/processed/classification/D-DD/CLS_00458.png,0,2007262N16233,EP,pacific_ocean,eastern_pacific,2007-09-19T15:00:00Z,CLS-IMG00411,Depression / Deep Depression,D-DD,G0281
data/processed/classification/D-DD/CLS_00460.png,0,2007272N17125,WP,pacific_ocean,western_pacific,2007-09-30T06:00:00Z,CLS-IMG00412,Depression / Deep Depression,D-DD,G0282
data/processed/classification/D-DD/CLS_00461.png,0,2007274N18131,WP,pacific_ocean,western_pacific,2007-10-01T15:00:00Z,CLS-IMG00413,Depression / Deep Depression,D-DD,G0283
data/processed/classification/D-DD/CLS_00463.png,0,2007282N19181,WP,pacific_ocean,western_pacific,2007-10-14T12:00:00Z,CLS-IMG00415,Depression / Deep Depression,D-DD,G0285
data/processed/classification/D-DD/CLS_00465.png,0,2007300N11068,NI,north_indian_ocean,arabian_sea,2007-10-27T09:00:00Z,CLS-IMG00416,Depression / Deep Depression,D-DD,G0286
data/processed/classification/D-DD/CLS_00466.png,0,2007300N11068,NI,north_indian_ocean,arabian_sea,2007-10-29T21:00:00Z,CLS-IMG00417,Depression / Deep Depression,D-DD,G0286
data/processed/classification/D-DD/CLS_00467.png,0,2007317S10150,SP,pacific_ocean,southern_pacific,2007-11-13T15:00:00Z,CLS-IMG00418,Depression / Deep Depression,D-DD,G0287
data/processed/classification/D-DD/CLS_00468.png,0,2007315S05095,SI,south_indian_ocean,,2007-11-20T21:00:00Z,CLS-IMG00419,Depression / Deep Depression,D-DD,G0288
data/processed/classification/D-DD/CLS_00469.png,0,2007330N10141,WP,pacific_ocean,western_pacific,2007-11-28T18:00:00Z,CLS-IMG00420,Depression / Deep Depression,D-DD,G0289
data/processed/classification/D-DD/CLS_00470.png,0,2007337S12186,SP,pacific_ocean,southern_pacific,2007-12-04T21:00:00Z,CLS-IMG00421,Depression / Deep Depression,D-DD,G0290
data/processed/classification/D-DD/CLS_00472.png,0,2007360S10116,SI,south_indian_ocean,,2007-12-27T15:00:00Z,CLS-IMG00422,Depression / Deep Depression,D-DD,G0291
data/processed/classification/D-DD/CLS_00476.png,0,2007365S15134,SP,pacific_ocean,southern_pacific,2008-01-06T15:00:00Z,CLS-IMG00423,Depression / Deep Depression,D-DD,G0292
data/processed/classification/D-DD/CLS_00477.png,0,2008008S18184,SP,pacific_ocean,southern_pacific,2008-01-11T09:00:00Z,CLS-IMG00424,Depression / Deep Depression,D-DD,G0293
data/processed/classification/D-DD/CLS_00478.png,0,2008015S16162,SP,pacific_ocean,southern_pacific,2008-01-15T21:00:00Z,CLS-IMG00425,Depression / Deep Depression,D-DD,G0294
data/processed/classification/D-DD/CLS_00484.png,0,2008058S15131,SI,south_indian_ocean,,2008-02-29T18:00:00Z,CLS-IMG00429,Depression / Deep Depression,D-DD,G0298
data/processed/classification/D-DD/CLS_00485.png,0,2008060S19151,SP,pacific_ocean,southern_pacific,2008-03-01T00:00:00Z,CLS-IMG00430,Depression / Deep Depression,D-DD,G0299
data/processed/classification/D-DD/CLS_00487.png,0,2008079S12069,SI,south_indian_ocean,,2008-03-20T09:00:00Z,CLS-IMG00432,Depression / Deep Depression,D-DD,G0301
data/processed/classification/D-DD/CLS_00488.png,0,2008080S17163,SP,pacific_ocean,southern_pacific,2008-03-21T15:00:00Z,CLS-IMG00433,Depression / Deep Depression,D-DD,G0302
data/processed/classification/D-DD/CLS_00489.png,0,2008080S17163,SP,pacific_ocean,southern_pacific,2008-03-22T12:00:00Z,CLS-IMG00434,Depression / Deep Depression,D-DD,G0302
data/processed/classification/D-DD/CLS_00490.png,0,2008083S12102,SI,south_indian_ocean,,2008-03-29T12:00:00Z,CLS-IMG00435,Depression / Deep Depression,D-DD,G0303
data/processed/classification/D-DD/CLS_00492.png,0,2008111S06082,SI,south_indian_ocean,,2008-04-22T09:00:00Z,CLS-IMG00437,Depression / Deep Depression,D-DD,G0305
data/processed/classification/D-DD/CLS_00494.png,0,2008180N14238,EP,pacific_ocean,eastern_pacific,2008-06-28T09:00:00Z,CLS-IMG00438,Depression / Deep Depression,D-DD,G0306
data/processed/classification/D-DD/CLS_00495.png,0,2008184N15254,EP,pacific_ocean,eastern_pacific,2008-07-04T00:00:00Z,CLS-IMG00439,Depression / Deep Depression,D-DD,G0307
data/processed/classification/D-DD/CLS_00498.png,0,2008193N20126,WP,pacific_ocean,western_pacific,2008-07-15T03:00:00Z,CLS-IMG00442,Depression / Deep Depression,D-DD,G0310
data/processed/classification/D-DD/CLS_00499.png,0,2008204N13260,EP,pacific_ocean,eastern_pacific,2008-07-21T12:00:00Z,CLS-IMG00443,Depression / Deep Depression,D-DD,G0311
data/processed/classification/D-DD/CLS_00501.png,0,2008227N16255,EP,pacific_ocean,eastern_pacific,2008-08-13T12:00:00Z,CLS-IMG00444,Depression / Deep Depression,D-DD,G0312
data/processed/classification/D-DD/CLS_00503.png,0,2008259N20089,NI,north_indian_ocean,bay_of_bengal,2008-09-15T21:00:00Z,CLS-IMG00446,Depression / Deep Depression,D-DD,G0314
data/processed/classification/D-DD/CLS_00504.png,0,2008259N20089,NI,north_indian_ocean,bay_of_bengal,2008-09-17T12:00:00Z,CLS-IMG00447,Depression / Deep Depression,D-DD,G0314
data/processed/classification/D-DD/CLS_00505.png,0,2008259N20089,NI,north_indian_ocean,bay_of_bengal,2008-09-18T09:00:00Z,CLS-IMG00448,Depression / Deep Depression,D-DD,G0314
data/processed/classification/D-DD/CLS_00506.png,0,2008262N16142,WP,pacific_ocean,western_pacific,2008-09-18T18:00:00Z,CLS-IMG00449,Depression / Deep Depression,D-DD,G0315
data/processed/classification/D-DD/CLS_00508.png,0,2008283N12271,EP,pacific_ocean,eastern_pacific,2008-10-12T09:00:00Z,CLS-IMG00450,Depression / Deep Depression,D-DD,G0316
data/processed/classification/D-DD/CLS_00509.png,0,2008293N09060,NI,north_indian_ocean,arabian_sea,2008-10-20T12:00:00Z,CLS-IMG00451,Depression / Deep Depression,D-DD,G0317
data/processed/classification/D-DD/CLS_00510.png,0,2008293N09060,NI,north_indian_ocean,arabian_sea,2008-10-21T03:00:00Z,CLS-IMG00452,Depression / Deep Depression,D-DD,G0317
data/processed/classification/D-DD/CLS_00511.png,0,2008293N09060,NI,north_indian_ocean,arabian_sea,2008-10-21T18:00:00Z,CLS-IMG00453,Depression / Deep Depression,D-DD,G0317
data/processed/classification/D-DD/CLS_00512.png,0,2008293N09060,NI,north_indian_ocean,arabian_sea,2008-10-22T06:00:00Z,CLS-IMG00454,Depression / Deep Depression,D-DD,G0317
data/processed/classification/D-DD/CLS_00514.png,0,2008293N09060,NI,north_indian_ocean,arabian_sea,2008-10-23T00:00:00Z,CLS-IMG00456,Depression / Deep Depression,D-DD,G0317
data/processed/classification/D-DD/CLS_00515.png,0,2008293N09060,NI,north_indian_ocean,arabian_sea,2008-10-23T15:00:00Z,CLS-IMG00457,Depression / Deep Depression,D-DD,G0317
data/processed/classification/D-DD/CLS_00516.png,0,2008298N16085,NI,north_indian_ocean,bay_of_bengal,2008-10-24T09:00:00Z,CLS-IMG00458,Depression / Deep Depression,D-DD,G0319
data/processed/classification/D-DD/CLS_00517.png,0,2008298N16085,NI,north_indian_ocean,bay_of_bengal,2008-10-25T06:00:00Z,CLS-IMG00459,Depression / Deep Depression,D-DD,G0319
data/processed/classification/D-DD/CLS_00519.png,0,2008298N16085,NI,north_indian_ocean,bay_of_bengal,2008-10-27T06:00:00Z,CLS-IMG00460,Depression / Deep Depression,D-DD,G0319
data/processed/classification/D-DD/CLS_00520.png,0,2008308N08252,EP,pacific_ocean,eastern_pacific,2008-11-02T12:00:00Z,CLS-IMG00461,Depression / Deep Depression,D-DD,G0320
data/processed/classification/D-DD/CLS_00521.png,0,2008317N11089,NI,north_indian_ocean,bay_of_bengal,2008-11-11T21:00:00Z,CLS-IMG00462,Depression / Deep Depression,D-DD,G0321
data/processed/classification/D-DD/CLS_00522.png,0,2008317N11089,NI,north_indian_ocean,bay_of_bengal,2008-11-13T21:00:00Z,CLS-IMG00463,Depression / Deep Depression,D-DD,G0321
data/processed/classification/D-DD/CLS_00523.png,0,2008320N08122,WP,pacific_ocean,western_pacific,2008-11-16T00:00:00Z,CLS-IMG00464,Depression / Deep Depression,D-DD,G0322
data/processed/classification/D-DD/CLS_00524.png,0,2008317N11089,NI,north_indian_ocean,bay_of_bengal,2008-11-16T03:00:00Z,CLS-IMG00465,Depression / Deep Depression,D-DD,G0321
data/processed/classification/D-DD/CLS_00526.png,0,2008319S07086,SI,south_indian_ocean,,2008-11-19T12:00:00Z,CLS-IMG00467,Depression / Deep Depression,D-DD,G0324
data/processed/classification/D-DD/CLS_00527.png,0,2008329N09082,NI,north_indian_ocean,bay_of_bengal,2008-11-25T06:00:00Z,CLS-IMG00468,Depression / Deep Depression,D-DD,G0325
data/processed/classification/D-DD/CLS_00528.png,0,2008329N09082,NI,north_indian_ocean,arabian_sea,2008-11-27T18:00:00Z,CLS-IMG00469,Depression / Deep Depression,D-DD,G0325
data/processed/classification/D-DD/CLS_00534.png,0,2008351S11128,SI,south_indian_ocean,,2008-12-18T15:00:00Z,CLS-IMG00475,Depression / Deep Depression,D-DD,G0327
data/processed/classification/D-DD/CLS_00537.png,0,2009017S15059,SI,south_indian_ocean,,2009-01-18T09:00:00Z,CLS-IMG00476,Depression / Deep Depression,D-DD,G0328
data/processed/classification/D-DD/CLS_00539.png,0,2009025S12177,SP,pacific_ocean,southern_pacific,2009-01-28T00:00:00Z,CLS-IMG00477,Depression / Deep Depression,D-DD,G0329
data/processed/classification/D-DD/CLS_00540.png,0,2009025S12177,SP,pacific_ocean,southern_pacific,2009-01-29T06:00:00Z,CLS-IMG00478,Depression / Deep Depression,D-DD,G0329
data/processed/classification/D-DD/CLS_00542.png,0,2009034S16126,SI,south_indian_ocean,,2009-02-07T03:00:00Z,CLS-IMG00479,Depression / Deep Depression,D-DD,G0330
data/processed/classification/D-DD/CLS_00544.png,0,2009051S11075,SI,south_indian_ocean,,2009-02-25T03:00:00Z,CLS-IMG00481,Depression / Deep Depression,D-DD,G0332
data/processed/classification/D-DD/CLS_00545.png,0,2009059S10101,SI,south_indian_ocean,,2009-03-04T09:00:00Z,CLS-IMG00482,Depression / Deep Depression,D-DD,G0333
data/processed/classification/D-DD/CLS_00546.png,0,2009069S19204,SP,pacific_ocean,southern_pacific,2009-03-10T09:00:00Z,CLS-IMG00483,Depression / Deep Depression,D-DD,G0334
data/processed/classification/D-DD/CLS_00548.png,0,2009066S12081,SI,south_indian_ocean,,2009-03-11T18:00:00Z,CLS-IMG00484,Depression / Deep Depression,D-DD,G0335
data/processed/classification/D-DD/CLS_00549.png,0,2009075S18197,SP,pacific_ocean,southern_pacific,2009-03-16T06:00:00Z,CLS-IMG00485,Depression / Deep Depression,D-DD,G0336
data/processed/classification/D-DD/CLS_00550.png,0,2009082S16039,SI,south_indian_ocean,,2009-03-24T03:00:00Z,CLS-IMG00486,Depression / Deep Depression,D-DD,G0337
data/processed/classification/D-DD/CLS_00552.png,0,2009092S15178,SP,pacific_ocean,southern_pacific,2009-04-03T18:00:00Z,CLS-IMG00488,Depression / Deep Depression,D-DD,G0339
data/processed/classification/D-DD/CLS_00553.png,0,2009093S12062,SI,south_indian_ocean,,2009-04-04T06:00:00Z,CLS-IMG00489,Depression / Deep Depression,D-DD,G0340
data/processed/classification/D-DD/CLS_00555.png,0,2009104N13088,NI,north_indian_ocean,bay_of_bengal,2009-04-14T15:00:00Z,CLS-IMG00490,Depression / Deep Depression,D-DD,G0341
data/processed/classification/D-DD/CLS_00556.png,0,2009104N13088,NI,north_indian_ocean,bay_of_bengal,2009-04-15T03:00:00Z,CLS-IMG00491,Depression / Deep Depression,D-DD,G0341
data/processed/classification/D-DD/CLS_00558.png,0,2009107S07133,SI,south_indian_ocean,,2009-04-28T21:00:00Z,CLS-IMG00492,Depression / Deep Depression,D-DD,G0342
data/processed/classification/D-DD/CLS_00559.png,0,2009143N17089,NI,north_indian_ocean,bay_of_bengal,2009-05-23T12:00:00Z,CLS-IMG00493,Depression / Deep Depression,D-DD,G0343
data/processed/classification/D-DD/CLS_00560.png,0,2009143N17089,NI,north_indian_ocean,bay_of_bengal,2009-05-26T00:00:00Z,CLS-IMG00494,Depression / Deep Depression,D-DD,G0343
data/processed/classification/D-DD/CLS_00561.png,0,2009167N14257,EP,pacific_ocean,eastern_pacific,2009-06-19T12:00:00Z,CLS-IMG00495,Depression / Deep Depression,D-DD,G0344
data/processed/classification/D-DD/CLS_00565.png,0,2009213N16130,WP,pacific_ocean,western_pacific,2009-08-03T03:00:00Z,CLS-IMG00499,Depression / Deep Depression,D-DD,G0348
data/processed/classification/D-DD/CLS_00567.png,0,2009215N13252,EP,pacific_ocean,eastern_pacific,2009-08-03T18:00:00Z,CLS-IMG00501,Depression / Deep Depression,D-DD,G0350
data/processed/classification/D-DD/CLS_00569.png,0,2009221N10201,EP,pacific_ocean,eastern_pacific,2009-08-11T06:00:00Z,CLS-IMG00503,Depression / Deep Depression,D-DD,G0352
data/processed/classification/D-DD/CLS_00570.png,0,2009222N09262,EP,pacific_ocean,eastern_pacific,2009-08-12T12:00:00Z,CLS-IMG00504,Depression / Deep Depression,D-DD,G0353
data/processed/classification/D-DD/CLS_00575.png,0,2009251N16118,WP,pacific_ocean,western_pacific,2009-09-11T12:00:00Z,CLS-IMG00508,Depression / Deep Depression,D-DD,G0356
data/processed/classification/D-DD/CLS_00576.png,0,2009257N14256,EP,pacific_ocean,eastern_pacific,2009-09-19T09:00:00Z,CLS-IMG00509,Depression / Deep Depression,D-DD,G0357
data/processed/classification/D-DD/CLS_00578.png,0,2009271N15257,EP,pacific_ocean,eastern_pacific,2009-10-03T06:00:00Z,CLS-IMG00510,Depression / Deep Depression,D-DD,G0358
data/processed/classification/D-DD/CLS_00580.png,0,2009288N07267,EP,pacific_ocean,eastern_pacific,2009-10-15T18:00:00Z,CLS-IMG00512,Depression / Deep Depression,D-DD,G0360
data/processed/classification/D-DD/CLS_00581.png,0,2009311N20157,WP,pacific_ocean,western_pacific,2009-11-07T00:00:00Z,CLS-IMG00513,Depression / Deep Depression,D-DD,G0361
data/processed/classification/D-DD/CLS_00582.png,0,2009313N11072,NI,north_indian_ocean,arabian_sea,2009-11-09T15:00:00Z,CLS-IMG00514,Depression / Deep Depression,D-DD,G0362
data/processed/classification/D-DD/CLS_00583.png,0,2009317S10073,SI,south_indian_ocean,,2009-11-18T15:00:00Z,CLS-IMG00515,Depression / Deep Depression,D-DD,G0363
data/processed/classification/D-DD/CLS_00585.png,0,2009337N14143,WP,pacific_ocean,western_pacific,2009-12-04T15:00:00Z,CLS-IMG00517,Depression / Deep Depression,D-DD,G0365
data/processed/classification/D-DD/CLS_00586.png,0,2009344N06085,NI,north_indian_ocean,bay_of_bengal,2009-12-11T03:00:00Z,CLS-IMG00518,Depression / Deep Depression,D-DD,G0366
data/processed/classification/D-DD/CLS_00587.png,0,2009346S10172,SP,pacific_ocean,southern_pacific,2009-12-12T06:00:00Z,CLS-IMG00519,Depression / Deep Depression,D-DD,G0367
data/processed/classification/D-DD/CLS_00588.png,0,2009342S09140,SI,south_indian_ocean,,2009-12-13T12:00:00Z,CLS-IMG00520,Depression / Deep Depression,D-DD,G0368
data/processed/classification/D-DD/CLS_00589.png,0,2009344N06085,NI,north_indian_ocean,bay_of_bengal,2009-12-14T03:00:00Z,CLS-IMG00521,Depression / Deep Depression,D-DD,G0366
data/processed/classification/D-DD/CLS_00590.png,0,2009346S10172,SP,pacific_ocean,southern_pacific,2009-12-15T09:00:00Z,CLS-IMG00522,Depression / Deep Depression,D-DD,G0367
data/processed/classification/D-DD/CLS_00591.png,0,2010019S11123,SI,south_indian_ocean,,2010-01-19T15:00:00Z,CLS-IMG00523,Depression / Deep Depression,D-DD,G0369
data/processed/classification/D-DD/CLS_00592.png,0,2010020S08163,SP,pacific_ocean,southern_pacific,2010-01-25T15:00:00Z,CLS-IMG00524,Depression / Deep Depression,D-DD,G0370
data/processed/classification/D-DD/CLS_00593.png,0,2010020S08163,SP,pacific_ocean,southern_pacific,2010-01-26T12:00:00Z,CLS-IMG00525,Depression / Deep Depression,D-DD,G0370
data/processed/classification/D-DD/CLS_00594.png,0,2010027S14184,SP,pacific_ocean,southern_pacific,2010-01-30T12:00:00Z,CLS-IMG00526,Depression / Deep Depression,D-DD,G0371
data/processed/classification/D-DD/CLS_00596.png,0,2010038S08194,SP,pacific_ocean,southern_pacific,2010-02-07T03:00:00Z,CLS-IMG00528,Depression / Deep Depression,D-DD,G0373
data/processed/classification/D-DD/CLS_00598.png,0,2010046S10058,SI,south_indian_ocean,,2010-02-22T03:00:00Z,CLS-IMG00529,Depression / Deep Depression,D-DD,G0374
data/processed/classification/D-DD/CLS_00600.png,0,2010051S06195,SP,pacific_ocean,southern_pacific,2010-03-03T15:00:00Z,CLS-IMG00530,Depression / Deep Depression,D-DD,G0375
data/processed/classification/D-DD/CLS_00601.png,0,2010080S06089,SI,south_indian_ocean,,2010-03-26T18:00:00Z,CLS-IMG00531,Depression / Deep Depression,D-DD,G0376
data/processed/classification/D-DD/CLS_00604.png,0,2010137N10090,NI,north_indian_ocean,bay_of_bengal,2010-05-17T15:00:00Z,CLS-IMG00532,Depression / Deep Depression,D-DD,G0377
data/processed/classification/D-DD/CLS_00605.png,0,2010136N09057,NI,north_indian_ocean,arabian_sea,2010-05-19T00:00:00Z,CLS-IMG00533,Depression / Deep Depression,D-DD,G0378
data/processed/classification/D-DD/CLS_00606.png,0,2010137N10090,NI,north_indian_ocean,bay_of_bengal,2010-05-21T12:00:00Z,CLS-IMG00534,Depression / Deep Depression,D-DD,G0377
data/processed/classification/D-DD/CLS_00607.png,0,2010136N09057,NI,north_indian_ocean,arabian_sea,2010-05-22T18:00:00Z,CLS-IMG00535,Depression / Deep Depression,D-DD,G0378
data/processed/classification/D-DD/CLS_00608.png,0,2010151N14065,NI,north_indian_ocean,arabian_sea,2010-05-31T06:00:00Z,CLS-IMG00536,Depression / Deep Depression,D-DD,G0379
data/processed/classification/D-DD/CLS_00609.png,0,2010166N15255,EP,pacific_ocean,eastern_pacific,2010-06-21T09:00:00Z,CLS-IMG00537,Depression / Deep Depression,D-DD,G0380
data/processed/classification/D-DD/CLS_00610.png,0,2010195N14257,EP,pacific_ocean,eastern_pacific,2010-07-14T12:00:00Z,CLS-IMG00538,Depression / Deep Depression,D-DD,G0381
data/processed/classification/D-DD/CLS_00612.png,0,2010233N17119,WP,pacific_ocean,western_pacific,2010-08-22T00:00:00Z,CLS-IMG00540,Depression / Deep Depression,D-DD,G0383
data/processed/classification/D-DD/CLS_00613.png,0,2010239N15118,WP,pacific_ocean,western_pacific,2010-08-27T18:00:00Z,CLS-IMG00541,Depression / Deep Depression,D-DD,G0384
data/processed/classification/D-DD/CLS_00614.png,0,2010241N25125,WP,pacific_ocean,western_pacific,2010-08-30T00:00:00Z,CLS-IMG00542,Depression / Deep Depression,D-DD,G0385
data/processed/classification/D-DD/CLS_00616.png,0,2010247N15266,EP,pacific_ocean,eastern_pacific,2010-09-04T03:00:00Z,CLS-IMG00544,Depression / Deep Depression,D-DD,G0387
data/processed/classification/D-DD/CLS_00617.png,0,2010264N20252,EP,pacific_ocean,eastern_pacific,2010-09-20T15:00:00Z,CLS-IMG00545,Depression / Deep Depression,D-DD,G0388
data/processed/classification/D-DD/CLS_00618.png,0,2010278N18110,WP,pacific_ocean,western_pacific,2010-10-05T00:00:00Z,CLS-IMG00546,Depression / Deep Depression,D-DD,G0389
data/processed/classification/D-DD/CLS_00623.png,0,2010298S09087,SI,south_indian_ocean,,2010-10-28T15:00:00Z,CLS-IMG00549,Depression / Deep Depression,D-DD,G0391
data/processed/classification/D-DD/CLS_00629.png,0,2010346N09115,WP,pacific_ocean,western_pacific,2010-12-12T21:00:00Z,CLS-IMG00553,Depression / Deep Depression,D-DD,G0393
data/processed/classification/D-DD/CLS_00630.png,0,2010358S13152,SP,pacific_ocean,southern_pacific,2010-12-24T00:00:00Z,CLS-IMG00554,Depression / Deep Depression,D-DD,G0394
data/processed/classification/D-DD/CLS_00631.png,0,2011010S17169,SP,pacific_ocean,southern_pacific,2011-01-11T06:00:00Z,CLS-IMG00555,Depression / Deep Depression,D-DD,G0395
data/processed/classification/D-DD/CLS_00633.png,0,2011020S13182,SP,pacific_ocean,southern_pacific,2011-01-21T06:00:00Z,CLS-IMG00557,Depression / Deep Depression,D-DD,G0397
data/processed/classification/D-DD/CLS_00636.png,0,2011022S16146,SP,pacific_ocean,southern_pacific,2011-01-31T00:00:00Z,CLS-IMG00558,Depression / Deep Depression,D-DD,G0398
data/processed/classification/D-DD/CLS_00637.png,0,2011034S19199,SP,pacific_ocean,southern_pacific,2011-02-05T00:00:00Z,CLS-IMG00559,Depression / Deep Depression,D-DD,G0399
data/processed/classification/D-DD/CLS_00638.png,0,2011028S13180,SI,south_indian_ocean,,2011-02-06T18:00:00Z,CLS-IMG00560,Depression / Deep Depression,D-DD,G0400
data/processed/classification/D-DD/CLS_00639.png,0,2011038S11062,SI,south_indian_ocean,,2011-02-09T09:00:00Z,CLS-IMG00561,Depression / Deep Depression,D-DD,G0401
data/processed/classification/D-DD/CLS_00640.png,0,2011041S17113,SI,south_indian_ocean,,2011-02-10T21:00:00Z,CLS-IMG00562,Depression / Deep Depression,D-DD,G0402
data/processed/classification/D-DD/CLS_00641.png,0,2011045S17119,SI,south_indian_ocean,,2011-02-15T18:00:00Z,CLS-IMG00563,Depression / Deep Depression,D-DD,G0403
data/processed/classification/D-DD/CLS_00643.png,0,2011082S17184,SP,pacific_ocean,southern_pacific,2011-03-23T00:00:00Z,CLS-IMG00565,Depression / Deep Depression,D-DD,G0405
data/processed/classification/D-DD/CLS_00644.png,0,2011082S17184,SP,pacific_ocean,southern_pacific,2011-03-23T12:00:00Z,CLS-IMG00566,Depression / Deep Depression,D-DD,G0405
data/processed/classification/D-DD/CLS_00646.png,0,2011093N10131,WP,pacific_ocean,western_pacific,2011-04-05T00:00:00Z,CLS-IMG00567,Depression / Deep Depression,D-DD,G0406
data/processed/classification/D-DD/CLS_00647.png,0,2011103S12126,SI,south_indian_ocean,,2011-04-14T15:00:00Z,CLS-IMG00568,Depression / Deep Depression,D-DD,G0407
data/processed/classification/D-DD/CLS_00648.png,0,2011126N11129,WP,pacific_ocean,western_pacific,2011-05-06T18:00:00Z,CLS-IMG00569,Depression / Deep Depression,D-DD,G0408
data/processed/classification/D-DD/CLS_00649.png,0,2011140N08142,WP,pacific_ocean,western_pacific,2011-05-20T15:00:00Z,CLS-IMG00570,Depression / Deep Depression,D-DD,G0409
data/processed/classification/D-DD/CLS_00650.png,0,2011158N11260,EP,pacific_ocean,eastern_pacific,2011-06-07T15:00:00Z,CLS-IMG00571,Depression / Deep Depression,D-DD,G0410
data/processed/classification/D-DD/CLS_00651.png,0,2011160N18070,NI,north_indian_ocean,arabian_sea,2011-06-09T12:00:00Z,CLS-IMG00572,Depression / Deep Depression,D-DD,G0411
data/processed/classification/D-DD/CLS_00652.png,0,2011160N18070,NI,north_indian_ocean,arabian_sea,2011-06-10T00:00:00Z,CLS-IMG00573,Depression / Deep Depression,D-DD,G0411
data/processed/classification/D-DD/CLS_00653.png,0,2011160N18070,NI,north_indian_ocean,arabian_sea,2011-06-10T12:00:00Z,CLS-IMG00574,Depression / Deep Depression,D-DD,G0411
data/processed/classification/D-DD/CLS_00654.png,0,2011160N18070,NI,north_indian_ocean,arabian_sea,2011-06-11T03:00:00Z,CLS-IMG00575,Depression / Deep Depression,D-DD,G0411
data/processed/classification/D-DD/CLS_00655.png,0,2011160N18070,NI,north_indian_ocean,arabian_sea,2011-06-12T00:00:00Z,CLS-IMG00576,Depression / Deep Depression,D-DD,G0411
data/processed/classification/D-DD/CLS_00656.png,0,2011160N18070,NI,north_indian_ocean,arabian_sea,2011-06-12T12:00:00Z,CLS-IMG00577,Depression / Deep Depression,D-DD,G0411
data/processed/classification/D-DD/CLS_00658.png,0,2011170N12263,EP,pacific_ocean,eastern_pacific,2011-06-19T15:00:00Z,CLS-IMG00579,Depression / Deep Depression,D-DD,G0413
data/processed/classification/D-DD/CLS_00659.png,0,2011199N10271,EP,pacific_ocean,eastern_pacific,2011-07-18T06:00:00Z,CLS-IMG00580,Depression / Deep Depression,D-DD,G0414
data/processed/classification/D-DD/CLS_00660.png,0,2011205N12130,WP,pacific_ocean,western_pacific,2011-07-25T21:00:00Z,CLS-IMG00581,Depression / Deep Depression,D-DD,G0415
data/processed/classification/D-DD/CLS_00661.png,0,2011212N10264,EP,pacific_ocean,eastern_pacific,2011-07-31T06:00:00Z,CLS-IMG00582,Depression / Deep Depression,D-DD,G0416
data/processed/classification/D-DD/CLS_00662.png,0,2011221N17139,WP,pacific_ocean,western_pacific,2011-08-11T09:00:00Z,CLS-IMG00583,Depression / Deep Depression,D-DD,G0417
data/processed/classification/D-DD/CLS_00663.png,0,2011227N12234,EP,pacific_ocean,eastern_pacific,2011-08-19T15:00:00Z,CLS-IMG00584,Depression / Deep Depression,D-DD,G0418
data/processed/classification/D-DD/CLS_00665.png,0,2011236N15143,WP,pacific_ocean,western_pacific,2011-08-25T06:00:00Z,CLS-IMG00586,Depression / Deep Depression,D-DD,G0420
data/processed/classification/D-DD/CLS_00669.png,0,2011280N10268,EP,pacific_ocean,eastern_pacific,2011-10-12T12:00:00Z,CLS-IMG00588,Depression / Deep Depression,D-DD,G0422
data/processed/classification/D-DD/CLS_00671.png,0,2011290N15090,NI,north_indian_ocean,bay_of_bengal,2011-10-18T15:00:00Z,CLS-IMG00589,Depression / Deep Depression,D-DD,G0423
data/processed/classification/D-DD/CLS_00672.png,0,2011290N15090,NI,north_indian_ocean,bay_of_bengal,2011-10-19T12:00:00Z,CLS-IMG00590,Depression / Deep Depression,D-DD,G0423
data/processed/classification/D-DD/CLS_00677.png,0,2011310N11066,NI,north_indian_ocean,arabian_sea,2011-11-08T00:00:00Z,CLS-IMG00595,Depression / Deep Depression,D-DD,G0425
data/processed/classification/D-DD/CLS_00678.png,0,2011310N11066,NI,north_indian_ocean,arabian_sea,2011-11-09T06:00:00Z,CLS-IMG00596,Depression / Deep Depression,D-DD,G0425
data/processed/classification/D-DD/CLS_00679.png,0,2011310N11066,NI,north_indian_ocean,arabian_sea,2011-11-10T03:00:00Z,CLS-IMG00597,Depression / Deep Depression,D-DD,G0425
data/processed/classification/D-DD/CLS_00680.png,0,2011310N11066,NI,north_indian_ocean,arabian_sea,2011-11-10T18:00:00Z,CLS-IMG00598,Depression / Deep Depression,D-DD,G0425
data/processed/classification/D-DD/CLS_00682.png,0,2011330N06078,NI,north_indian_ocean,bay_of_bengal,2011-11-25T12:00:00Z,CLS-IMG00600,Depression / Deep Depression,D-DD,G0427
data/processed/classification/D-DD/CLS_00683.png,0,2011330N06078,NI,north_indian_ocean,arabian_sea,2011-11-29T00:00:00Z,CLS-IMG00601,Depression / Deep Depression,D-DD,G0427
data/processed/classification/D-DD/CLS_00684.png,0,2011330N06078,NI,north_indian_ocean,arabian_sea,2011-11-29T12:00:00Z,CLS-IMG00602,Depression / Deep Depression,D-DD,G0427
data/processed/classification/D-DD/CLS_00685.png,0,2011330N06078,NI,north_indian_ocean,arabian_sea,2011-11-30T00:00:00Z,CLS-IMG00603,Depression / Deep Depression,D-DD,G0427
data/processed/classification/D-DD/CLS_00686.png,0,2011330N06078,NI,north_indian_ocean,arabian_sea,2011-11-30T12:00:00Z,CLS-IMG00604,Depression / Deep Depression,D-DD,G0427
data/processed/classification/D-DD/CLS_00687.png,0,2011330N06078,NI,north_indian_ocean,arabian_sea,2011-12-01T03:00:00Z,CLS-IMG00605,Depression / Deep Depression,D-DD,G0427
data/processed/classification/D-DD/CLS_00688.png,0,2011336S06098,SI,south_indian_ocean,,2011-12-04T00:00:00Z,CLS-IMG00606,Depression / Deep Depression,D-DD,G0428
data/processed/classification/D-DD/CLS_00689.png,0,2011358S11132,SI,south_indian_ocean,,2011-12-24T15:00:00Z,CLS-IMG00607,Depression / Deep Depression,D-DD,G0429
data/processed/classification/D-DD/CLS_00690.png,0,2011360N09088,NI,north_indian_ocean,bay_of_bengal,2011-12-25T21:00:00Z,CLS-IMG00608,Depression / Deep Depression,D-DD,G0430
data/processed/classification/D-DD/CLS_00692.png,0,2012006S15043,SI,south_indian_ocean,,2012-01-09T00:00:00Z,CLS-IMG00609,Depression / Deep Depression,D-DD,G0431
data/processed/classification/D-DD/CLS_00693.png,0,2012009S12118,SI,south_indian_ocean,,2012-01-13T03:00:00Z,CLS-IMG00610,Depression / Deep Depression,D-DD,G0432
data/processed/classification/D-DD/CLS_00694.png,0,2012017S10074,SI,south_indian_ocean,,2012-01-18T12:00:00Z,CLS-IMG00611,Depression / Deep Depression,D-DD,G0433
data/processed/classification/D-DD/CLS_00700.png,0,2012066S10101,SI,south_indian_ocean,,2012-03-06T18:00:00Z,CLS-IMG00616,Depression / Deep Depression,D-DD,G0438
data/processed/classification/D-DD/CLS_00702.png,0,2012092S16166,SP,pacific_ocean,southern_pacific,2012-04-01T06:00:00Z,CLS-IMG00618,Depression / Deep Depression,D-DD,G0440
data/processed/classification/D-DD/CLS_00703.png,0,2012135N10255,EP,pacific_ocean,eastern_pacific,2012-05-18T18:00:00Z,CLS-IMG00619,Depression / Deep Depression,D-DD,G0441
data/processed/classification/D-DD/CLS_00704.png,0,2012142N09262,EP,pacific_ocean,eastern_pacific,2012-05-21T21:00:00Z,CLS-IMG00620,Depression / Deep Depression,D-DD,G0442
data/processed/classification/D-DD/CLS_00705.png,0,2012179S09153,SP,pacific_ocean,southern_pacific,2012-06-28T18:00:00Z,CLS-IMG00621,Depression / Deep Depression,D-DD,G0443
data/processed/classification/D-DD/CLS_00706.png,0,2012186N12255,EP,pacific_ocean,eastern_pacific,2012-07-04T18:00:00Z,CLS-IMG00622,Depression / Deep Depression,D-DD,G0444
data/processed/classification/D-DD/CLS_00707.png,0,2012193N12259,EP,pacific_ocean,eastern_pacific,2012-07-18T06:00:00Z,CLS-IMG00623,Depression / Deep Depression,D-DD,G0445
data/processed/classification/D-DD/CLS_00711.png,0,2012230N21126,WP,pacific_ocean,western_pacific,2012-08-18T21:00:00Z,CLS-IMG00626,Depression / Deep Depression,D-DD,G0448
data/processed/classification/D-DD/CLS_00714.png,0,2012260N13237,EP,pacific_ocean,eastern_pacific,2012-09-15T15:00:00Z,CLS-IMG00627,Depression / Deep Depression,D-DD,G0449
data/processed/classification/D-DD/CLS_00715.png,0,2012256N15257,EP,pacific_ocean,eastern_pacific,2012-09-16T15:00:00Z,CLS-IMG00628,Depression / Deep Depression,D-DD,G0450
data/processed/classification/D-DD/CLS_00720.png,0,2012285S04077,SI,south_indian_ocean,,2012-10-11T18:00:00Z,CLS-IMG00631,Depression / Deep Depression,D-DD,G0453
data/processed/classification/D-DD/CLS_00723.png,0,2012297N11067,NI,north_indian_ocean,arabian_sea,2012-10-25T18:00:00Z,CLS-IMG00634,Depression / Deep Depression,D-DD,G0456
data/processed/classification/D-DD/CLS_00724.png,0,2012301N11087,NI,north_indian_ocean,bay_of_bengal,2012-10-28T03:00:00Z,CLS-IMG00635,Depression / Deep Depression,D-DD,G0457
data/processed/classification/D-DD/CLS_00725.png,0,2012301N11087,NI,north_indian_ocean,bay_of_bengal,2012-10-29T00:00:00Z,CLS-IMG00636,Depression / Deep Depression,D-DD,G0457
data/processed/classification/D-DD/CLS_00726.png,0,2012321N14090,NI,north_indian_ocean,bay_of_bengal,2012-11-16T18:00:00Z,CLS-IMG00637,Depression / Deep Depression,D-DD,G0458
data/processed/classification/D-DD/CLS_00727.png,0,2012321N14090,NI,north_indian_ocean,bay_of_bengal,2012-11-19T00:00:00Z,CLS-IMG00638,Depression / Deep Depression,D-DD,G0458
data/processed/classification/D-DD/CLS_00728.png,0,2012321N14090,NI,north_indian_ocean,bay_of_bengal,2012-11-20T09:00:00Z,CLS-IMG00639,Depression / Deep Depression,D-DD,G0458
data/processed/classification/D-DD/CLS_00729.png,0,2012321N14090,NI,north_indian_ocean,bay_of_bengal,2012-11-22T03:00:00Z,CLS-IMG00640,Depression / Deep Depression,D-DD,G0458
data/processed/classification/D-DD/CLS_00732.png,0,2012357N09064,NI,north_indian_ocean,arabian_sea,2012-12-22T21:00:00Z,CLS-IMG00641,Depression / Deep Depression,D-DD,G0459
data/processed/classification/D-DD/CLS_00733.png,0,2012357N09064,NI,north_indian_ocean,arabian_sea,2012-12-24T12:00:00Z,CLS-IMG00642,Depression / Deep Depression,D-DD,G0459
data/processed/classification/D-DD/CLS_00734.png,0,2012357N09064,NI,north_indian_ocean,arabian_sea,2012-12-25T00:00:00Z,CLS-IMG00643,Depression / Deep Depression,D-DD,G0459
data/processed/classification/D-DD/CLS_00735.png,0,2012359N08134,WP,pacific_ocean,western_pacific,2012-12-26T18:00:00Z,CLS-IMG00644,Depression / Deep Depression,D-DD,G0460
data/processed/classification/D-DD/CLS_00736.png,0,2012362S08071,SI,south_indian_ocean,,2012-12-31T12:00:00Z,CLS-IMG00645,Depression / Deep Depression,D-DD,G0461
data/processed/classification/D-DD/CLS_00738.png,0,2013020S16137,SP,pacific_ocean,southern_pacific,2013-01-23T03:00:00Z,CLS-IMG00647,Depression / Deep Depression,D-DD,G0463
data/processed/classification/D-DD/CLS_00739.png,0,2013020S17124,SI,south_indian_ocean,,2013-01-23T15:00:00Z,CLS-IMG00648,Depression / Deep Depression,D-DD,G0464
data/processed/classification/D-DD/CLS_00740.png,0,2013026S13067,SI,south_indian_ocean,,2013-01-25T21:00:00Z,CLS-IMG00649,Depression / Deep Depression,D-DD,G0465
data/processed/classification/D-DD/CLS_00743.png,0,2013046S20042,SI,south_indian_ocean,,2013-02-15T09:00:00Z,CLS-IMG00652,Depression / Deep Depression,D-DD,G0468
data/processed/classification/D-DD/CLS_00747.png,0,2013072S12140,SP,pacific_ocean,southern_pacific,2013-03-13T12:00:00Z,CLS-IMG00655,Depression / Deep Depression,D-DD,G0471
data/processed/classification/D-DD/CLS_00749.png,0,2013117S10155,SP,pacific_ocean,southern_pacific,2013-04-27T09:00:00Z,CLS-IMG00657,Depression / Deep Depression,D-DD,G0473
data/processed/classification/D-DD/CLS_00750.png,0,2013117S10155,SP,pacific_ocean,southern_pacific,2013-04-28T18:00:00Z,CLS-IMG00658,Depression / Deep Depression,D-DD,G0473
data/processed/classification/D-DD/CLS_00751.png,0,2013130N04093,NI,north_indian_ocean,bay_of_bengal,2013-05-10T00:00:00Z,CLS-IMG00659,Depression / Deep Depression,D-DD,G0474
data/processed/classification/D-DD/CLS_00752.png,0,2013134N07265,EP,pacific_ocean,eastern_pacific,2013-05-15T06:00:00Z,CLS-IMG00660,Depression / Deep Depression,D-DD,G0475
data/processed/classification/D-DD/CLS_00753.png,0,2013158N13129,WP,pacific_ocean,western_pacific,2013-06-12T03:00:00Z,CLS-IMG00661,Depression / Deep Depression,D-DD,G0476
data/processed/classification/D-DD/CLS_00754.png,0,2013175N12256,EP,pacific_ocean,eastern_pacific,2013-06-23T18:00:00Z,CLS-IMG00662,Depression / Deep Depression,D-DD,G0477
data/processed/classification/D-DD/CLS_00757.png,0,2013196N14128,WP,pacific_ocean,western_pacific,2013-07-15T18:00:00Z,CLS-IMG00664,Depression / Deep Depression,D-DD,G0479
data/processed/classification/D-DD/CLS_00759.png,0,2013227N08193,EP,pacific_ocean,eastern_pacific,2013-08-16T09:00:00Z,CLS-IMG00666,Depression / Deep Depression,D-DD,G0481
data/processed/classification/D-DD/CLS_00761.png,0,2013224N12220,EP,pacific_ocean,eastern_pacific,2013-08-19T03:00:00Z,CLS-IMG00667,Depression / Deep Depression,D-DD,G0482
data/processed/classification/D-DD/CLS_00764.png,0,2013243N26122,WP,pacific_ocean,western_pacific,2013-09-01T21:00:00Z,CLS-IMG00669,Depression / Deep Depression,D-DD,G0484
data/processed/classification/D-DD/CLS_00765.png,0,2013257N15259,EP,pacific_ocean,eastern_pacific,2013-09-13T12:00:00Z,CLS-IMG00670,Depression / Deep Depression,D-DD,G0485
data/processed/classification/D-DD/CLS_00766.png,0,2013262N14149,WP,pacific_ocean,western_pacific,2013-09-21T03:00:00Z,CLS-IMG00671,Depression / Deep Depression,D-DD,G0486
data/processed/classification/D-DD/CLS_00768.png,0,2013274N18152,WP,pacific_ocean,western_pacific,2013-10-03T03:00:00Z,CLS-IMG00673,Depression / Deep Depression,D-DD,G0488
data/processed/classification/D-DD/CLS_00769.png,0,2013281N12098,NI,north_indian_ocean,bay_of_bengal,2013-10-07T18:00:00Z,CLS-IMG00674,Depression / Deep Depression,D-DD,G0489
data/processed/classification/D-DD/CLS_00770.png,0,2013280N13242,EP,pacific_ocean,eastern_pacific,2013-10-09T15:00:00Z,CLS-IMG00675,Depression / Deep Depression,D-DD,G0490
data/processed/classification/D-DD/CLS_00771.png,0,2013286N15251,EP,pacific_ocean,eastern_pacific,2013-10-15T15:00:00Z,CLS-IMG00676,Depression / Deep Depression,D-DD,G0491
data/processed/classification/D-DD/CLS_00772.png,0,2013292N09162,WP,pacific_ocean,western_pacific,2013-10-20T15:00:00Z,CLS-IMG00677,Depression / Deep Depression,D-DD,G0492
data/processed/classification/D-DD/CLS_00773.png,0,2013290N14153,WP,pacific_ocean,western_pacific,2013-10-21T00:00:00Z,CLS-IMG00678,Depression / Deep Depression,D-DD,G0492
data/processed/classification/D-DD/CLS_00782.png,0,2013316N06130,WP,pacific_ocean,western_pacific,2013-11-14T00:00:00Z,CLS-IMG00686,Depression / Deep Depression,D-DD,G0495
data/processed/classification/D-DD/CLS_00800.png,0,2014015S16043,SI,south_indian_ocean,,2014-01-15T12:00:00Z,CLS-IMG00700,Depression / Deep Depression,D-DD,G0501
data/processed/classification/D-DD/CLS_00801.png,0,2014015N10129,WP,pacific_ocean,western_pacific,2014-01-18T00:00:00Z,CLS-IMG00701,Depression / Deep Depression,D-DD,G0502
data/processed/classification/D-DD/CLS_00802.png,0,2014017S14160,SP,pacific_ocean,southern_pacific,2014-01-19T00:00:00Z,CLS-IMG00702,Depression / Deep Depression,D-DD,G0503
data/processed/classification/D-DD/CLS_00803.png,0,2014027S14155,SP,pacific_ocean,southern_pacific,2014-01-29T18:00:00Z,CLS-IMG00703,Depression / Deep Depression,D-DD,G0504
data/processed/classification/D-DD/CLS_00804.png,0,2014029N10143,WP,pacific_ocean,western_pacific,2014-01-31T00:00:00Z,CLS-IMG00704,Depression / Deep Depression,D-DD,G0505
data/processed/classification/D-DD/CLS_00805.png,0,2014027S14155,SP,pacific_ocean,southern_pacific,2014-01-31T12:00:00Z,CLS-IMG00705,Depression / Deep Depression,D-DD,G0504
data/processed/classification/D-DD/CLS_00806.png,0,2014031S17149,SP,pacific_ocean,southern_pacific,2014-02-02T18:00:00Z,CLS-IMG00706,Depression / Deep Depression,D-DD,G0506
data/processed/classification/D-DD/CLS_00807.png,0,2014034S14058,SI,south_indian_ocean,,2014-02-05T03:00:00Z,CLS-IMG00707,Depression / Deep Depression,D-DD,G0507
data/processed/classification/D-DD/CLS_00809.png,0,2014048S16039,SI,south_indian_ocean,,2014-02-18T15:00:00Z,CLS-IMG00709,Depression / Deep Depression,D-DD,G0509
data/processed/classification/D-DD/CLS_00810.png,0,2014056S18175,SP,pacific_ocean,southern_pacific,2014-02-28T06:00:00Z,CLS-IMG00710,Depression / Deep Depression,D-DD,G0510
data/processed/classification/D-DD/CLS_00814.png,0,2014077S11196,SP,pacific_ocean,southern_pacific,2014-03-19T12:00:00Z,CLS-IMG00713,Depression / Deep Depression,D-DD,G0512
data/processed/classification/D-DD/CLS_00815.png,0,2014080N08128,WP,pacific_ocean,western_pacific,2014-03-22T00:00:00Z,CLS-IMG00714,Depression / Deep Depression,D-DD,G0513
data/processed/classification/D-DD/CLS_00816.png,0,2014066S09138,SI,south_indian_ocean,,2014-03-26T06:00:00Z,CLS-IMG00715,Depression / Deep Depression,D-DD,G0514
data/processed/classification/D-DD/CLS_00817.png,0,2014086S10041,SI,south_indian_ocean,,2014-03-27T21:00:00Z,CLS-IMG00716,Depression / Deep Depression,D-DD,G0515
data/processed/classification/D-DD/CLS_00822.png,0,2014180N14255,EP,pacific_ocean,eastern_pacific,2014-06-29T09:00:00Z,CLS-IMG00720,Depression / Deep Depression,D-DD,G0517
data/processed/classification/D-DD/CLS_00823.png,0,2014187N11247,EP,pacific_ocean,eastern_pacific,2014-07-07T12:00:00Z,CLS-IMG00721,Depression / Deep Depression,D-DD,G0518
data/processed/classification/D-DD/CLS_00825.png,0,2014207N12255,EP,pacific_ocean,eastern_pacific,2014-07-26T12:00:00Z,CLS-IMG00723,Depression / Deep Depression,D-DD,G0520
data/processed/classification/D-DD/CLS_00828.png,0,2014214N13249,EP,pacific_ocean,eastern_pacific,2014-08-15T15:00:00Z,CLS-IMG00726,Depression / Deep Depression,D-DD,G0523
data/processed/classification/D-DD/CLS_00829.png,0,2014229N16246,EP,pacific_ocean,eastern_pacific,2014-08-17T21:00:00Z,CLS-IMG00727,Depression / Deep Depression,D-DD,G0524
data/processed/classification/D-DD/CLS_00832.png,0,2014267N18150,WP,pacific_ocean,western_pacific,2014-09-24T21:00:00Z,CLS-IMG00729,Depression / Deep Depression,D-DD,G0526
data/processed/classification/D-DD/CLS_00834.png,0,2014267N15257,EP,pacific_ocean,eastern_pacific,2014-09-30T09:00:00Z,CLS-IMG00731,Depression / Deep Depression,D-DD,G0528
data/processed/classification/D-DD/CLS_00835.png,0,2014274N15260,EP,pacific_ocean,eastern_pacific,2014-10-01T18:00:00Z,CLS-IMG00732,Depression / Deep Depression,D-DD,G0529
data/processed/classification/D-DD/CLS_00836.png,0,2014279N11096,NI,north_indian_ocean,bay_of_bengal,2014-10-07T00:00:00Z,CLS-IMG00733,Depression / Deep Depression,D-DD,G0530
data/processed/classification/D-DD/CLS_00838.png,0,2014303N11261,EP,pacific_ocean,eastern_pacific,2014-10-30T12:00:00Z,CLS-IMG00734,Depression / Deep Depression,D-DD,G0531
data/processed/classification/D-DD/CLS_00840.png,0,2014309N13088,NI,north_indian_ocean,bay_of_bengal,2014-11-05T12:00:00Z,CLS-IMG00735,Depression / Deep Depression,D-DD,G0532
data/processed/classification/D-DD/CLS_00842.png,0,2014309N13088,NI,north_indian_ocean,bay_of_bengal,2014-11-07T00:00:00Z,CLS-IMG00736,Depression / Deep Depression,D-DD,G0532
data/processed/classification/D-DD/CLS_00843.png,0,2014309N13088,NI,north_indian_ocean,bay_of_bengal,2014-11-07T15:00:00Z,CLS-IMG00737,Depression / Deep Depression,D-DD,G0532
data/processed/classification/D-DD/CLS_00844.png,0,2014327S08077,SI,south_indian_ocean,,2014-11-25T15:00:00Z,CLS-IMG00738,Depression / Deep Depression,D-DD,G0533
data/processed/classification/D-DD/CLS_00846.png,0,2014362N07130,WP,pacific_ocean,western_pacific,2014-12-28T03:00:00Z,CLS-IMG00740,Depression / Deep Depression,D-DD,G0535
data/processed/classification/D-DD/CLS_00847.png,0,2015012N09146,WP,pacific_ocean,western_pacific,2015-01-19T09:00:00Z,CLS-IMG00741,Depression / Deep Depression,D-DD,G0536
data/processed/classification/D-DD/CLS_00848.png,0,2015020S12208,SP,pacific_ocean,southern_pacific,2015-01-20T00:00:00Z,CLS-IMG00742,Depression / Deep Depression,D-DD,G0537
data/processed/classification/D-DD/CLS_00849.png,0,2015020S12208,SP,pacific_ocean,southern_pacific,2015-01-24T06:00:00Z,CLS-IMG00743,Depression / Deep Depression,D-DD,G0537
data/processed/classification/D-DD/CLS_00850.png,0,2015024S11090,SI,south_indian_ocean,,2015-01-26T09:00:00Z,CLS-IMG00744,Depression / Deep Depression,D-DD,G0538
data/processed/classification/D-DD/CLS_00853.png,0,2015038N08158,WP,pacific_ocean,western_pacific,2015-02-11T18:00:00Z,CLS-IMG00746,Depression / Deep Depression,D-DD,G0540
data/processed/classification/D-DD/CLS_00854.png,0,2015047S12142,SP,pacific_ocean,southern_pacific,2015-02-16T15:00:00Z,CLS-IMG00747,Depression / Deep Depression,D-DD,G0541
data/processed/classification/D-DD/CLS_00855.png,0,2015047S15152,SP,pacific_ocean,southern_pacific,2015-02-17T09:00:00Z,CLS-IMG00748,Depression / Deep Depression,D-DD,G0541
data/processed/classification/D-DD/CLS_00856.png,0,2015050S11094,SI,south_indian_ocean,,2015-02-23T06:00:00Z,CLS-IMG00749,Depression / Deep Depression,D-DD,G0542
data/processed/classification/D-DD/CLS_00858.png,0,2015079S15182,SP,pacific_ocean,southern_pacific,2015-03-20T12:00:00Z,CLS-IMG00750,Depression / Deep Depression,D-DD,G0543
data/processed/classification/D-DD/CLS_00859.png,0,2015092N06161,WP,pacific_ocean,western_pacific,2015-04-03T09:00:00Z,CLS-IMG00751,Depression / Deep Depression,D-DD,G0544
data/processed/classification/D-DD/CLS_00862.png,0,2015099S13163,SP,pacific_ocean,southern_pacific,2015-04-09T15:00:00Z,CLS-IMG00753,Depression / Deep Depression,D-DD,G0546
data/processed/classification/D-DD/CLS_00863.png,0,2015117S12115,SI,south_indian_ocean,,2015-04-28T12:00:00Z,CLS-IMG00754,Depression / Deep Depression,D-DD,G0547
data/processed/classification/D-DD/CLS_00865.png,0,2015148N11250,EP,pacific_ocean,eastern_pacific,2015-05-28T06:00:00Z,CLS-IMG00755,Depression / Deep Depression,D-DD,G0548
data/processed/classification/D-DD/CLS_00866.png,0,2015157N13069,NI,north_indian_ocean,arabian_sea,2015-06-06T09:00:00Z,CLS-IMG00756,Depression / Deep Depression,D-DD,G0549
data/processed/classification/D-DD/CLS_00867.png,0,2015157N13069,NI,north_indian_ocean,arabian_sea,2015-06-07T00:00:00Z,CLS-IMG00757,Depression / Deep Depression,D-DD,G0549
data/processed/classification/D-DD/CLS_00868.png,0,2015162N12262,EP,pacific_ocean,eastern_pacific,2015-06-11T09:00:00Z,CLS-IMG00758,Depression / Deep Depression,D-DD,G0550
data/processed/classification/D-DD/CLS_00869.png,0,2015157N13069,NI,north_indian_ocean,arabian_sea,2015-06-12T06:00:00Z,CLS-IMG00759,Depression / Deep Depression,D-DD,G0549
data/processed/classification/D-DD/CLS_00871.png,0,2015183N13130,WP,pacific_ocean,western_pacific,2015-07-02T09:00:00Z,CLS-IMG00760,Depression / Deep Depression,D-DD,G0551
data/processed/classification/D-DD/CLS_00872.png,0,2015180S04163,SP,pacific_ocean,southern_pacific,2015-07-03T15:00:00Z,CLS-IMG00761,Depression / Deep Depression,D-DD,G0552
data/processed/classification/D-DD/CLS_00873.png,0,2015188N08194,EP,pacific_ocean,eastern_pacific,2015-07-10T09:00:00Z,CLS-IMG00762,Depression / Deep Depression,D-DD,G0553
data/processed/classification/D-DD/CLS_00874.png,0,2015190N12210,EP,pacific_ocean,eastern_pacific,2015-07-11T03:00:00Z,CLS-IMG00763,Depression / Deep Depression,D-DD,G0554
data/processed/classification/D-DD/CLS_00875.png,0,2015192N11263,EP,pacific_ocean,eastern_pacific,2015-07-11T15:00:00Z,CLS-IMG00764,Depression / Deep Depression,D-DD,G0555
data/processed/classification/D-DD/CLS_00876.png,0,2015184N08172,WP,pacific_ocean,western_pacific,2015-07-17T15:00:00Z,CLS-IMG00765,Depression / Deep Depression,D-DD,G0556
data/processed/classification/D-DD/CLS_00877.png,0,2015194N13235,EP,pacific_ocean,eastern_pacific,2015-07-18T03:00:00Z,CLS-IMG00766,Depression / Deep Depression,D-DD,G0557
data/processed/classification/D-DD/CLS_00878.png,0,2015204N16247,EP,pacific_ocean,eastern_pacific,2015-07-24T00:00:00Z,CLS-IMG00767,Depression / Deep Depression,D-DD,G0558
data/processed/classification/D-DD/CLS_00879.png,0,2015188N08194,WP,pacific_ocean,western_pacific,2015-07-26T09:00:00Z,CLS-IMG00768,Depression / Deep Depression,D-DD,G0553
data/processed/classification/D-DD/CLS_00880.png,0,2015213S08169,SP,pacific_ocean,southern_pacific,2015-08-01T12:00:00Z,CLS-IMG00769,Depression / Deep Depression,D-DD,G0559
data/processed/classification/D-DD/CLS_00881.png,0,2015213S08169,SP,pacific_ocean,southern_pacific,2015-08-04T18:00:00Z,CLS-IMG00770,Depression / Deep Depression,D-DD,G0559
data/processed/classification/D-DD/CLS_00882.png,0,2015218N18149,WP,pacific_ocean,western_pacific,2015-08-07T06:00:00Z,CLS-IMG00771,Depression / Deep Depression,D-DD,G0560
data/processed/classification/D-DD/CLS_00883.png,0,2015226N12151,WP,pacific_ocean,western_pacific,2015-08-14T00:00:00Z,CLS-IMG00772,Depression / Deep Depression,D-DD,G0561
data/processed/classification/D-DD/CLS_00884.png,0,2015244N12248,EP,pacific_ocean,eastern_pacific,2015-09-05T03:00:00Z,CLS-IMG00773,Depression / Deep Depression,D-DD,G0562
data/processed/classification/D-DD/CLS_00885.png,0,2015256N16113,WP,pacific_ocean,western_pacific,2015-09-13T18:00:00Z,CLS-IMG00774,Depression / Deep Depression,D-DD,G0563
data/processed/classification/D-DD/CLS_00886.png,0,2015270N13257,EP,pacific_ocean,eastern_pacific,2015-09-26T18:00:00Z,CLS-IMG00775,Depression / Deep Depression,D-DD,G0564
data/processed/classification/D-DD/CLS_00888.png,0,2015280N13071,NI,north_indian_ocean,arabian_sea,2015-10-07T06:00:00Z,CLS-IMG00777,Depression / Deep Depression,D-DD,G0566
data/processed/classification/D-DD/CLS_00889.png,0,2015280N13071,NI,north_indian_ocean,arabian_sea,2015-10-07T18:00:00Z,CLS-IMG00778,Depression / Deep Depression,D-DD,G0566
data/processed/classification/D-DD/CLS_00890.png,0,2015280N13071,NI,north_indian_ocean,arabian_sea,2015-10-08T09:00:00Z,CLS-IMG00779,Depression / Deep Depression,D-DD,G0566
data/processed/classification/D-DD/CLS_00891.png,0,2015280N13071,NI,north_indian_ocean,arabian_sea,2015-10-08T21:00:00Z,CLS-IMG00780,Depression / Deep Depression,D-DD,G0566
data/processed/classification/D-DD/CLS_00892.png,0,2015280N13071,NI,north_indian_ocean,arabian_sea,2015-10-10T00:00:00Z,CLS-IMG00781,Depression / Deep Depression,D-DD,G0566
data/processed/classification/D-DD/CLS_00893.png,0,2015280N13071,NI,north_indian_ocean,arabian_sea,2015-10-10T18:00:00Z,CLS-IMG00782,Depression / Deep Depression,D-DD,G0566
data/processed/classification/D-DD/CLS_00895.png,0,2015286S10175,SP,pacific_ocean,southern_pacific,2015-10-14T21:00:00Z,CLS-IMG00784,Depression / Deep Depression,D-DD,G0568
data/processed/classification/D-DD/CLS_00896.png,0,2015286S10175,SP,pacific_ocean,southern_pacific,2015-10-16T09:00:00Z,CLS-IMG00785,Depression / Deep Depression,D-DD,G0568
data/processed/classification/D-DD/CLS_00897.png,0,2015309N14067,NI,north_indian_ocean,arabian_sea,2015-11-04T18:00:00Z,CLS-IMG00786,Depression / Deep Depression,D-DD,G0569
data/processed/classification/D-DD/CLS_00898.png,0,2015309N14067,NI,north_indian_ocean,arabian_sea,2015-11-10T09:00:00Z,CLS-IMG00787,Depression / Deep Depression,D-DD,G0569
data/processed/classification/D-DD/CLS_00899.png,0,2015322N13253,EP,pacific_ocean,eastern_pacific,2015-11-19T03:00:00Z,CLS-IMG00788,Depression / Deep Depression,D-DD,G0570
data/processed/classification/D-DD/CLS_00900.png,0,2015323S05080,SI,south_indian_ocean,,2015-11-19T09:00:00Z,CLS-IMG00789,Depression / Deep Depression,D-DD,G0571
data/processed/classification/D-DD/CLS_00901.png,0,2015330S10178,SP,pacific_ocean,southern_pacific,2015-11-27T03:00:00Z,CLS-IMG00790,Depression / Deep Depression,D-DD,G0572
data/processed/classification/D-DD/CLS_00902.png,0,2015330S10178,SP,pacific_ocean,southern_pacific,2015-11-29T21:00:00Z,CLS-IMG00791,Depression / Deep Depression,D-DD,G0572
data/processed/classification/D-DD/CLS_00903.png,0,2015342S09079,SI,south_indian_ocean,,2015-12-08T12:00:00Z,CLS-IMG00792,Depression / Deep Depression,D-DD,G0573
data/processed/classification/D-DD/CLS_00904.png,0,2016006N02188,EP,pacific_ocean,eastern_pacific,2016-01-14T12:00:00Z,CLS-IMG00793,Depression / Deep Depression,D-DD,G0574
data/processed/classification/D-DD/CLS_00905.png,0,2016020S14078,SI,south_indian_ocean,,2016-01-20T18:00:00Z,CLS-IMG00794,Depression / Deep Depression,D-DD,G0575
data/processed/classification/D-DD/CLS_00907.png,0,2016039S14061,SI,south_indian_ocean,,2016-02-09T06:00:00Z,CLS-IMG00795,Depression / Deep Depression,D-DD,G0576
data/processed/classification/D-DD/CLS_00908.png,0,2016040S16155,SP,pacific_ocean,southern_pacific,2016-02-10T06:00:00Z,CLS-IMG00796,Depression / Deep Depression,D-DD,G0577
data/processed/classification/D-DD/CLS_00909.png,0,2016055S15202,SP,pacific_ocean,southern_pacific,2016-02-26T15:00:00Z,CLS-IMG00797,Depression / Deep Depression,D-DD,G0578
data/processed/classification/D-DD/CLS_00910.png,0,2016074S16137,SP,pacific_ocean,southern_pacific,2016-03-15T15:00:00Z,CLS-IMG00798,Depression / Deep Depression,D-DD,G0579
data/processed/classification/D-DD/CLS_00911.png,0,2016074S16137,SP,pacific_ocean,southern_pacific,2016-03-16T21:00:00Z,CLS-IMG00799,Depression / Deep Depression,D-DD,G0579
data/processed/classification/D-DD/CLS_00915.png,0,2016158N13261,EP,pacific_ocean,eastern_pacific,2016-06-07T21:00:00Z,CLS-IMG00802,Depression / Deep Depression,D-DD,G0582
data/processed/classification/D-DD/CLS_00916.png,0,2016178N22068,NI,north_indian_ocean,arabian_sea,2016-06-26T06:00:00Z,CLS-IMG00803,Depression / Deep Depression,D-DD,G0583
data/processed/classification/D-DD/CLS_00917.png,0,2016178N22068,NI,north_indian_ocean,arabian_sea,2016-06-26T18:00:00Z,CLS-IMG00804,Depression / Deep Depression,D-DD,G0583
data/processed/classification/D-DD/CLS_00918.png,0,2016178N22068,NI,north_indian_ocean,arabian_sea,2016-06-27T18:00:00Z,CLS-IMG00805,Depression / Deep Depression,D-DD,G0583
data/processed/classification/D-DD/CLS_00920.png,0,2016197N14256,EP,pacific_ocean,eastern_pacific,2016-07-15T15:00:00Z,CLS-IMG00807,Depression / Deep Depression,D-DD,G0585
data/processed/classification/D-DD/CLS_00924.png,0,2016194N15255,EP,pacific_ocean,eastern_pacific,2016-07-25T06:00:00Z,CLS-IMG00811,Depression / Deep Depression,D-DD,G0588
data/processed/classification/D-DD/CLS_00927.png,0,2016220N18258,EP,pacific_ocean,eastern_pacific,2016-08-09T09:00:00Z,CLS-IMG00813,Depression / Deep Depression,D-DD,G0590
data/processed/classification/D-DD/CLS_00929.png,0,2016232N22153,WP,pacific_ocean,western_pacific,2016-08-21T06:00:00Z,CLS-IMG00815,Depression / Deep Depression,D-DD,G0592
data/processed/classification/D-DD/CLS_00931.png,0,2016248N15255,EP,pacific_ocean,eastern_pacific,2016-09-04T12:00:00Z,CLS-IMG00816,Depression / Deep Depression,D-DD,G0593
data/processed/classification/D-DD/CLS_00932.png,0,2016253N13144,WP,pacific_ocean,western_pacific,2016-09-09T12:00:00Z,CLS-IMG00817,Depression / Deep Depression,D-DD,G0594
data/processed/classification/D-DD/CLS_00933.png,0,2016253N26152,WP,pacific_ocean,western_pacific,2016-09-11T09:00:00Z,CLS-IMG00818,Depression / Deep Depression,D-DD,G0595
data/processed/classification/D-DD/CLS_00934.png,0,2016262N16251,EP,pacific_ocean,eastern_pacific,2016-09-18T03:00:00Z,CLS-IMG00819,Depression / Deep Depression,D-DD,G0596
data/processed/classification/D-DD/CLS_00935.png,0,2016265N10150,WP,pacific_ocean,western_pacific,2016-09-23T03:00:00Z,CLS-IMG00820,Depression / Deep Depression,D-DD,G0597
data/processed/classification/D-DD/CLS_00936.png,0,2016270N12223,EP,pacific_ocean,eastern_pacific,2016-09-27T00:00:00Z,CLS-IMG00821,Depression / Deep Depression,D-DD,G0598
data/processed/classification/D-DD/CLS_00937.png,0,2016270N15240,EP,pacific_ocean,eastern_pacific,2016-09-29T06:00:00Z,CLS-IMG00822,Depression / Deep Depression,D-DD,G0599
data/processed/classification/D-DD/CLS_00938.png,0,2016279N19130,WP,pacific_ocean,western_pacific,2016-10-14T12:00:00Z,CLS-IMG00823,Depression / Deep Depression,D-DD,G0600
data/processed/classification/D-DD/CLS_00939.png,0,2016288N06146,WP,pacific_ocean,western_pacific,2016-10-21T21:00:00Z,CLS-IMG00824,Depression / Deep Depression,D-DD,G0601
data/processed/classification/D-DD/CLS_00940.png,0,2016295N13089,NI,north_indian_ocean,bay_of_bengal,2016-10-24T03:00:00Z,CLS-IMG00825,Depression / Deep Depression,D-DD,G0602
data/processed/classification/D-DD/CLS_00941.png,0,2016295N13089,NI,north_indian_ocean,bay_of_bengal,2016-10-26T15:00:00Z,CLS-IMG00826,Depression / Deep Depression,D-DD,G0602
data/processed/classification/D-DD/CLS_00942.png,0,2016295N13089,NI,north_indian_ocean,bay_of_bengal,2016-10-27T09:00:00Z,CLS-IMG00827,Depression / Deep Depression,D-DD,G0602
data/processed/classification/D-DD/CLS_00943.png,0,2016295N13089,NI,north_indian_ocean,bay_of_bengal,2016-10-28T15:00:00Z,CLS-IMG00828,Depression / Deep Depression,D-DD,G0602
data/processed/classification/D-DD/CLS_00944.png,0,2016313N11163,WP,pacific_ocean,western_pacific,2016-11-10T15:00:00Z,CLS-IMG00829,Depression / Deep Depression,D-DD,G0603
data/processed/classification/D-DD/CLS_00945.png,0,2016315N11171,WP,pacific_ocean,western_pacific,2016-11-10T18:00:00Z,CLS-IMG00830,Depression / Deep Depression,D-DD,G0603
data/processed/classification/D-DD/CLS_00947.png,0,2016335N07088,NI,north_indian_ocean,bay_of_bengal,2016-11-29T15:00:00Z,CLS-IMG00831,Depression / Deep Depression,D-DD,G0604
data/processed/classification/D-DD/CLS_00948.png,0,2016335N07088,NI,north_indian_ocean,bay_of_bengal,2016-12-01T18:00:00Z,CLS-IMG00832,Depression / Deep Depression,D-DD,G0604
data/processed/classification/D-DD/CLS_00949.png,0,2016341N08092,NI,north_indian_ocean,arabian_sea,2016-12-13T15:00:00Z,CLS-IMG00833,Depression / Deep Depression,D-DD,G0605
data/processed/classification/D-DD/CLS_00950.png,0,2016341N08092,NI,north_indian_ocean,arabian_sea,2016-12-14T12:00:00Z,CLS-IMG00834,Depression / Deep Depression,D-DD,G0605
data/processed/classification/D-DD/CLS_00952.png,0,2017033S14056,SI,south_indian_ocean,,2017-02-03T12:00:00Z,CLS-IMG00836,Depression / Deep Depression,D-DD,G0607
data/processed/classification/D-DD/CLS_00954.png,0,2017046S17137,SP,pacific_ocean,southern_pacific,2017-02-16T06:00:00Z,CLS-IMG00838,Depression / Deep Depression,D-DD,G0609
data/processed/classification/D-DD/CLS_00955.png,0,2017046S17137,SP,pacific_ocean,southern_pacific,2017-02-17T06:00:00Z,CLS-IMG00839,Depression / Deep Depression,D-DD,G0609
data/processed/classification/D-DD/CLS_00956.png,0,2017051S18189,SP,pacific_ocean,southern_pacific,2017-02-20T12:00:00Z,CLS-IMG00840,Depression / Deep Depression,D-DD,G0610
data/processed/classification/D-DD/CLS_00958.png,0,2017065S14079,SI,south_indian_ocean,,2017-03-07T06:00:00Z,CLS-IMG00842,Depression / Deep Depression,D-DD,G0612
data/processed/classification/D-DD/CLS_00959.png,0,2017082S14152,SP,pacific_ocean,southern_pacific,2017-03-23T21:00:00Z,CLS-IMG00843,Depression / Deep Depression,D-DD,G0613
data/processed/classification/D-DD/CLS_00960.png,0,2017081S10096,SI,south_indian_ocean,,2017-03-29T06:00:00Z,CLS-IMG00844,Depression / Deep Depression,D-DD,G0614
data/processed/classification/D-DD/CLS_00961.png,0,2017094S10115,SI,south_indian_ocean,,2017-04-05T18:00:00Z,CLS-IMG00845,Depression / Deep Depression,D-DD,G0615
data/processed/classification/D-DD/CLS_00964.png,0,2017094S17191,SP,pacific_ocean,southern_pacific,2017-04-08T12:00:00Z,CLS-IMG00847,Depression / Deep Depression,D-DD,G0617
data/processed/classification/D-DD/CLS_00968.png,0,2017104N11130,WP,pacific_ocean,western_pacific,2017-04-18T12:00:00Z,CLS-IMG00851,Depression / Deep Depression,D-DD,G0619
data/processed/classification/D-DD/CLS_00970.png,0,2017127S18184,SP,pacific_ocean,southern_pacific,2017-05-07T21:00:00Z,CLS-IMG00852,Depression / Deep Depression,D-DD,G0620
data/processed/classification/D-DD/CLS_00971.png,0,2017130N09269,EP,pacific_ocean,eastern_pacific,2017-05-09T18:00:00Z,CLS-IMG00853,Depression / Deep Depression,D-DD,G0621
data/processed/classification/D-DD/CLS_00974.png,0,2017152N14262,EP,pacific_ocean,eastern_pacific,2017-05-31T12:00:00Z,CLS-IMG00856,Depression / Deep Depression,D-DD,G0623
data/processed/classification/D-DD/CLS_00975.png,0,2017163N14265,EP,pacific_ocean,eastern_pacific,2017-06-12T03:00:00Z,CLS-IMG00857,Depression / Deep Depression,D-DD,G0624
data/processed/classification/D-DD/CLS_00976.png,0,2017182N15132,WP,pacific_ocean,western_pacific,2017-07-01T18:00:00Z,CLS-IMG00858,Depression / Deep Depression,D-DD,G0625
data/processed/classification/D-DD/CLS_00977.png,0,2017195N16114,WP,pacific_ocean,western_pacific,2017-07-15T06:00:00Z,CLS-IMG00859,Depression / Deep Depression,D-DD,G0626
data/processed/classification/D-DD/CLS_00978.png,0,2017199N14255,EP,pacific_ocean,eastern_pacific,2017-07-17T12:00:00Z,CLS-IMG00860,Depression / Deep Depression,D-DD,G0627
data/processed/classification/D-DD/CLS_00980.png,0,2017202N08274,EP,pacific_ocean,eastern_pacific,2017-07-21T21:00:00Z,CLS-IMG00862,Depression / Deep Depression,D-DD,G0627
data/processed/classification/D-DD/CLS_00981.png,0,2017203N14248,EP,pacific_ocean,eastern_pacific,2017-07-22T09:00:00Z,CLS-IMG00863,Depression / Deep Depression,D-DD,G0627
data/processed/classification/D-DD/CLS_00982.png,0,2017202N16116,WP,pacific_ocean,western_pacific,2017-07-22T15:00:00Z,CLS-IMG00864,Depression / Deep Depression,D-DD,G0629
data/processed/classification/D-DD/CLS_00983.png,0,2017209N19118,WP,pacific_ocean,western_pacific,2017-07-28T12:00:00Z,CLS-IMG00865,Depression / Deep Depression,D-DD,G0630
data/processed/classification/D-DD/CLS_00984.png,0,2017206N13129,WP,pacific_ocean,western_pacific,2017-07-30T12:00:00Z,CLS-IMG00866,Depression / Deep Depression,D-DD,G0630
data/processed/classification/D-DD/CLS_00985.png,0,2017212N27158,WP,pacific_ocean,western_pacific,2017-08-01T12:00:00Z,CLS-IMG00867,Depression / Deep Depression,D-DD,G0631
data/processed/classification/D-DD/CLS_00986.png,0,2017224N19253,EP,pacific_ocean,eastern_pacific,2017-08-13T15:00:00Z,CLS-IMG00868,Depression / Deep Depression,D-DD,G0632
data/processed/classification/D-DD/CLS_00987.png,0,2017232N19130,WP,pacific_ocean,western_pacific,2017-08-21T00:00:00Z,CLS-IMG00869,Depression / Deep Depression,D-DD,G0633
data/processed/classification/D-DD/CLS_00988.png,0,2017247N16132,WP,pacific_ocean,western_pacific,2017-09-04T21:00:00Z,CLS-IMG00870,Depression / Deep Depression,D-DD,G0634
data/processed/classification/D-DD/CLS_00989.png,0,2017254N16251,EP,pacific_ocean,eastern_pacific,2017-09-15T09:00:00Z,CLS-IMG00871,Depression / Deep Depression,D-DD,G0635
data/processed/classification/D-DD/CLS_00990.png,0,2017267N18116,WP,pacific_ocean,western_pacific,2017-09-24T12:00:00Z,CLS-IMG00872,Depression / Deep Depression,D-DD,G0636
data/processed/classification/D-DD/CLS_00991.png,0,2017282N17113,WP,pacific_ocean,western_pacific,2017-10-09T18:00:00Z,CLS-IMG00873,Depression / Deep Depression,D-DD,G0637
data/processed/classification/D-DD/CLS_00992.png,0,2017284N15134,WP,pacific_ocean,western_pacific,2017-10-12T09:00:00Z,CLS-IMG00874,Depression / Deep Depression,D-DD,G0638
data/processed/classification/D-DD/CLS_00997.png,0,2017332S08098,SI,south_indian_ocean,,2017-11-29T06:00:00Z,CLS-IMG00879,Depression / Deep Depression,D-DD,G0641
data/processed/classification/D-DD/CLS_01001.png,0,2017364S12065,SI,south_indian_ocean,,2017-12-31T06:00:00Z,CLS-IMG00883,Depression / Deep Depression,D-DD,G0644
data/processed/classification/D-DD/CLS_01003.png,0,2018010S10069,SI,south_indian_ocean,,2018-01-11T12:00:00Z,CLS-IMG00885,Depression / Deep Depression,D-DD,G0646
data/processed/classification/D-DD/CLS_01004.png,0,2018027S11156,SP,pacific_ocean,southern_pacific,2018-01-27T00:00:00Z,CLS-IMG00886,Depression / Deep Depression,D-DD,G0647
data/processed/classification/D-DD/CLS_01006.png,0,2018064S16172,SP,pacific_ocean,southern_pacific,2018-03-05T15:00:00Z,CLS-IMG00888,Depression / Deep Depression,D-DD,G0649
data/processed/classification/D-DD/CLS_01007.png,0,2018070S10160,SP,pacific_ocean,southern_pacific,2018-03-12T03:00:00Z,CLS-IMG00889,Depression / Deep Depression,D-DD,G0650
data/processed/classification/D-DD/CLS_01008.png,0,2018073S12057,SI,south_indian_ocean,,2018-03-14T15:00:00Z,CLS-IMG00890,Depression / Deep Depression,D-DD,G0651
data/processed/classification/D-DD/CLS_01012.png,0,2018082S12164,SP,pacific_ocean,southern_pacific,2018-03-26T15:00:00Z,CLS-IMG00893,Depression / Deep Depression,D-DD,G0653
data/processed/classification/D-DD/CLS_01013.png,0,2018082N04147,WP,pacific_ocean,western_pacific,2018-03-26T21:00:00Z,CLS-IMG00894,Depression / Deep Depression,D-DD,G0654
data/processed/classification/D-DD/CLS_01014.png,0,2018082S12164,SP,pacific_ocean,southern_pacific,2018-03-27T18:00:00Z,CLS-IMG00895,Depression / Deep Depression,D-DD,G0653
data/processed/classification/D-DD/CLS_01016.png,0,2018096S15172,SP,pacific_ocean,southern_pacific,2018-04-08T12:00:00Z,CLS-IMG00897,Depression / Deep Depression,D-DD,G0656
data/processed/classification/D-DD/CLS_01017.png,0,2018111S07055,SI,south_indian_ocean,,2018-04-22T15:00:00Z,CLS-IMG00898,Depression / Deep Depression,D-DD,G0657
data/processed/classification/D-DD/CLS_01018.png,0,2018131N12235,EP,pacific_ocean,eastern_pacific,2018-05-10T18:00:00Z,CLS-IMG00899,Depression / Deep Depression,D-DD,G0658
data/processed/classification/D-DD/CLS_01020.png,0,2018136N11054,NI,north_indian_ocean,arabian_sea,2018-05-16T03:00:00Z,CLS-IMG00901,Depression / Deep Depression,D-DD,G0660
data/processed/classification/D-DD/CLS_01021.png,0,2018136N11054,NI,north_indian_ocean,arabian_sea,2018-05-16T15:00:00Z,CLS-IMG00902,Depression / Deep Depression,D-DD,G0660
data/processed/classification/D-DD/CLS_01022.png,0,2018136N11054,NI,north_indian_ocean,arabian_sea,2018-05-20T06:00:00Z,CLS-IMG00903,Depression / Deep Depression,D-DD,G0660
data/processed/classification/D-DD/CLS_01024.png,0,2018148N17090,NI,north_indian_ocean,bay_of_bengal,2018-05-28T06:00:00Z,CLS-IMG00905,Depression / Deep Depression,D-DD,G0662
data/processed/classification/D-DD/CLS_01025.png,0,2018148N17090,NI,north_indian_ocean,bay_of_bengal,2018-05-29T21:00:00Z,CLS-IMG00906,Depression / Deep Depression,D-DD,G0662
data/processed/classification/D-DD/CLS_01026.png,0,2018153N12113,WP,pacific_ocean,western_pacific,2018-06-03T18:00:00Z,CLS-IMG00907,Depression / Deep Depression,D-DD,G0663
data/processed/classification/D-DD/CLS_01028.png,0,2018165N22117,WP,pacific_ocean,western_pacific,2018-06-14T09:00:00Z,CLS-IMG00909,Depression / Deep Depression,D-DD,G0665
data/processed/classification/D-DD/CLS_01030.png,0,2018182N11256,EP,pacific_ocean,eastern_pacific,2018-07-01T00:00:00Z,CLS-IMG00911,Depression / Deep Depression,D-DD,G0667
data/processed/classification/D-DD/CLS_01031.png,0,2018202N21159,WP,pacific_ocean,western_pacific,2018-07-22T15:00:00Z,CLS-IMG00912,Depression / Deep Depression,D-DD,G0668
data/processed/classification/D-DD/CLS_01033.png,0,2018217N12266,EP,pacific_ocean,eastern_pacific,2018-08-04T18:00:00Z,CLS-IMG00914,Depression / Deep Depression,D-DD,G0670
data/processed/classification/D-DD/CLS_01034.png,0,2018218N14255,EP,pacific_ocean,eastern_pacific,2018-08-05T18:00:00Z,CLS-IMG00915,Depression / Deep Depression,D-DD,G0670
data/processed/classification/D-DD/CLS_01035.png,0,2018222N16147,WP,pacific_ocean,western_pacific,2018-08-10T15:00:00Z,CLS-IMG00916,Depression / Deep Depression,D-DD,G0671
data/processed/classification/D-DD/CLS_01037.png,0,2018219N15237,EP,pacific_ocean,eastern_pacific,2018-08-12T06:00:00Z,CLS-IMG00918,Depression / Deep Depression,D-DD,G0670
data/processed/classification/D-DD/CLS_01039.png,0,2018229N11160,WP,pacific_ocean,western_pacific,2018-08-17T12:00:00Z,CLS-IMG00920,Depression / Deep Depression,D-DD,G0674
data/processed/classification/D-DD/CLS_01040.png,0,2018234N22119,WP,pacific_ocean,western_pacific,2018-08-23T15:00:00Z,CLS-IMG00921,Depression / Deep Depression,D-DD,G0674
data/processed/classification/D-DD/CLS_01041.png,0,2018251N15248,EP,pacific_ocean,eastern_pacific,2018-09-11T18:00:00Z,CLS-IMG00922,Depression / Deep Depression,D-DD,G0675
data/processed/classification/D-DD/CLS_01043.png,0,2018263N17089,NI,north_indian_ocean,bay_of_bengal,2018-09-19T21:00:00Z,CLS-IMG00924,Depression / Deep Depression,D-DD,G0677
data/processed/classification/D-DD/CLS_01044.png,0,2018263N17089,NI,north_indian_ocean,bay_of_bengal,2018-09-20T09:00:00Z,CLS-IMG00925,Depression / Deep Depression,D-DD,G0677
data/processed/classification/D-DD/CLS_01045.png,0,2018263N17089,NI,north_indian_ocean,bay_of_bengal,2018-09-21T06:00:00Z,CLS-IMG00926,Depression / Deep Depression,D-DD,G0677
data/processed/classification/D-DD/CLS_01046.png,0,2018268N14253,EP,pacific_ocean,eastern_pacific,2018-09-25T06:00:00Z,CLS-IMG00927,Depression / Deep Depression,D-DD,G0678
data/processed/classification/D-DD/CLS_01047.png,0,2018269S09157,SP,pacific_ocean,southern_pacific,2018-09-26T00:00:00Z,CLS-IMG00928,Depression / Deep Depression,D-DD,G0679
data/processed/classification/D-DD/CLS_01050.png,0,2018281N14088,NI,north_indian_ocean,bay_of_bengal,2018-10-08T09:00:00Z,CLS-IMG00931,Depression / Deep Depression,D-DD,G0681
data/processed/classification/D-DD/CLS_01051.png,0,2018281N14088,NI,north_indian_ocean,bay_of_bengal,2018-10-08T21:00:00Z,CLS-IMG00932,Depression / Deep Depression,D-DD,G0681
data/processed/classification/D-DD/CLS_01052.png,0,2018281N14088,NI,north_indian_ocean,bay_of_bengal,2018-10-12T06:00:00Z,CLS-IMG00933,Depression / Deep Depression,D-DD,G0681
data/processed/classification/D-DD/CLS_01054.png,0,2018292N13269,EP,pacific_ocean,eastern_pacific,2018-10-23T06:00:00Z,CLS-IMG00935,Depression / Deep Depression,D-DD,G0682
data/processed/classification/D-DD/CLS_01055.png,0,2018306N14249,EP,pacific_ocean,eastern_pacific,2018-11-02T15:00:00Z,CLS-IMG00936,Depression / Deep Depression,D-DD,G0683
data/processed/classification/D-DD/CLS_01057.png,0,2018314N12093,NI,north_indian_ocean,bay_of_bengal,2018-11-12T15:00:00Z,CLS-IMG00938,Depression / Deep Depression,D-DD,G0685
data/processed/classification/D-DD/CLS_01058.png,0,2018314N12093,NI,north_indian_ocean,bay_of_bengal,2018-11-13T03:00:00Z,CLS-IMG00939,Depression / Deep Depression,D-DD,G0685
data/processed/classification/D-DD/CLS_01059.png,0,2018314N12093,NI,north_indian_ocean,bay_of_bengal,2018-11-13T15:00:00Z,CLS-IMG00940,Depression / Deep Depression,D-DD,G0685
data/processed/classification/D-DD/CLS_01060.png,0,2018313S05090,SI,south_indian_ocean,,2018-11-17T06:00:00Z,CLS-IMG00941,Depression / Deep Depression,D-DD,G0686
data/processed/classification/D-DD/CLS_01061.png,0,2018314N12093,NI,north_indian_ocean,arabian_sea,2018-11-18T06:00:00Z,CLS-IMG00942,Depression / Deep Depression,D-DD,G0685
data/processed/classification/D-DD/CLS_01063.png,0,2018347N07089,NI,north_indian_ocean,bay_of_bengal,2018-12-14T00:00:00Z,CLS-IMG00944,Depression / Deep Depression,D-DD,G0688
data/processed/classification/D-DD/CLS_01064.png,0,2018347N07089,NI,north_indian_ocean,bay_of_bengal,2018-12-15T00:00:00Z,CLS-IMG00945,Depression / Deep Depression,D-DD,G0688
data/processed/classification/D-DD/CLS_01065.png,0,2018334S09156,SP,pacific_ocean,southern_pacific,2018-12-15T12:00:00Z,CLS-IMG00946,Depression / Deep Depression,D-DD,G0689
data/processed/classification/D-DD/CLS_01066.png,0,2018347N07089,NI,north_indian_ocean,bay_of_bengal,2018-12-17T18:00:00Z,CLS-IMG00947,Depression / Deep Depression,D-DD,G0688
data/processed/classification/D-DD/CLS_01067.png,0,2019001S10162,SP,pacific_ocean,southern_pacific,2019-01-01T15:00:00Z,CLS-IMG00948,Depression / Deep Depression,D-DD,G0690
data/processed/classification/D-DD/CLS_01068.png,0,2018365N08115,NI,north_indian_ocean,bay_of_bengal,2019-01-04T21:00:00Z,CLS-IMG00949,Depression / Deep Depression,D-DD,G0691
data/processed/classification/D-DD/CLS_01069.png,0,2018365N08115,NI,north_indian_ocean,bay_of_bengal,2019-01-05T09:00:00Z,CLS-IMG00950,Depression / Deep Depression,D-DD,G0691
data/processed/classification/D-DD/CLS_01071.png,0,2018365N08115,NI,north_indian_ocean,bay_of_bengal,2019-01-06T09:00:00Z,CLS-IMG00951,Depression / Deep Depression,D-DD,G0691
data/processed/classification/D-DD/CLS_01075.png,0,2019042S17162,SP,pacific_ocean,southern_pacific,2019-02-11T15:00:00Z,CLS-IMG00954,Depression / Deep Depression,D-DD,G0694
data/processed/classification/D-DD/CLS_01077.png,0,2019067S11115,SI,south_indian_ocean,,2019-03-13T03:00:00Z,CLS-IMG00956,Depression / Deep Depression,D-DD,G0696
data/processed/classification/D-DD/CLS_01079.png,0,2019112S04079,SI,south_indian_ocean,,2019-04-22T18:00:00Z,CLS-IMG00958,Depression / Deep Depression,D-DD,G0698
data/processed/classification/D-DD/CLS_01080.png,0,2019126S05129,SI,south_indian_ocean,,2019-05-07T00:00:00Z,CLS-IMG00959,Depression / Deep Depression,D-DD,G0699
data/processed/classification/D-DD/CLS_01081.png,0,2019129S10160,SP,pacific_ocean,southern_pacific,2019-05-15T06:00:00Z,CLS-IMG00960,Depression / Deep Depression,D-DD,G0700
data/processed/classification/D-DD/CLS_01082.png,0,2019177N15256,EP,pacific_ocean,eastern_pacific,2019-06-26T00:00:00Z,CLS-IMG00961,Depression / Deep Depression,D-DD,G0701
data/processed/classification/D-DD/CLS_01084.png,0,2019205N23137,WP,pacific_ocean,western_pacific,2019-07-27T03:00:00Z,CLS-IMG00962,Depression / Deep Depression,D-DD,G0702
data/processed/classification/D-DD/CLS_01087.png,0,2019224N18252,EP,pacific_ocean,eastern_pacific,2019-08-13T06:00:00Z,CLS-IMG00965,Depression / Deep Depression,D-DD,G0705
data/processed/classification/D-DD/CLS_01088.png,0,2019233N15255,EP,pacific_ocean,eastern_pacific,2019-08-21T09:00:00Z,CLS-IMG00966,Depression / Deep Depression,D-DD,G0706
data/processed/classification/D-DD/CLS_01089.png,0,2019231N13135,WP,pacific_ocean,western_pacific,2019-08-25T09:00:00Z,CLS-IMG00967,Depression / Deep Depression,D-DD,G0707
data/processed/classification/D-DD/CLS_01091.png,0,2019242N18126,WP,pacific_ocean,western_pacific,2019-09-01T21:00:00Z,CLS-IMG00968,Depression / Deep Depression,D-DD,G0708
data/processed/classification/D-DD/CLS_01092.png,0,2019246N15225,EP,pacific_ocean,eastern_pacific,2019-09-06T09:00:00Z,CLS-IMG00969,Depression / Deep Depression,D-DD,G0709
data/processed/classification/D-DD/CLS_01093.png,0,2019260N10253,EP,pacific_ocean,eastern_pacific,2019-09-22T03:00:00Z,CLS-IMG00970,Depression / Deep Depression,D-DD,G0710
data/processed/classification/D-DD/CLS_01094.png,0,2019264N19071,NI,north_indian_ocean,arabian_sea,2019-09-22T06:00:00Z,CLS-IMG00971,Depression / Deep Depression,D-DD,G0711
data/processed/classification/D-DD/CLS_01096.png,0,2019264N19071,NI,north_indian_ocean,arabian_sea,2019-09-25T06:00:00Z,CLS-IMG00972,Depression / Deep Depression,D-DD,G0711
data/processed/classification/D-DD/CLS_01098.png,0,2019290N11234,EP,pacific_ocean,eastern_pacific,2019-10-19T09:00:00Z,CLS-IMG00974,Depression / Deep Depression,D-DD,G0713
data/processed/classification/D-DD/CLS_01101.png,0,2019301N05081,NI,north_indian_ocean,arabian_sea,2019-11-07T03:00:00Z,CLS-IMG00977,Depression / Deep Depression,D-DD,G0715
data/processed/classification/D-DD/CLS_01104.png,0,2019326S08163,SP,pacific_ocean,southern_pacific,2019-11-26T18:00:00Z,CLS-IMG00980,Depression / Deep Depression,D-DD,G0717
data/processed/classification/D-DD/CLS_01111.png,0,2019329N09160,WP,pacific_ocean,western_pacific,2019-12-04T21:00:00Z,CLS-IMG00987,Depression / Deep Depression,D-DD,G0719
data/processed/classification/D-DD/CLS_01115.png,0,2019359S08175,SP,pacific_ocean,southern_pacific,2019-12-25T12:00:00Z,CLS-IMG00991,Depression / Deep Depression,D-DD,G0721
data/processed/classification/D-DD/CLS_01116.png,0,2019354N05151,WP,pacific_ocean,western_pacific,2019-12-28T03:00:00Z,CLS-IMG00992,Depression / Deep Depression,D-DD,G0722
data/processed/classification/D-DD/CLS_01117.png,0,2020005S08133,SP,pacific_ocean,southern_pacific,2020-01-06T18:00:00Z,CLS-IMG00993,Depression / Deep Depression,D-DD,G0723
data/processed/classification/D-DD/CLS_01118.png,0,2020005S08133,SP,pacific_ocean,southern_pacific,2020-01-07T21:00:00Z,CLS-IMG00994,Depression / Deep Depression,D-DD,G0723
data/processed/classification/D-DD/CLS_01119.png,0,2020005S13121,SI,south_indian_ocean,,2020-01-08T03:00:00Z,CLS-IMG00995,Depression / Deep Depression,D-DD,G0723
data/processed/classification/D-DD/CLS_01120.png,0,2020005S08133,SI,south_indian_ocean,,2020-01-09T00:00:00Z,CLS-IMG00996,Depression / Deep Depression,D-DD,G0723
data/processed/classification/D-DD/CLS_01123.png,0,2020019S11063,SI,south_indian_ocean,,2020-01-21T18:00:00Z,CLS-IMG00999,Depression / Deep Depression,D-DD,G0725
data/processed/classification/D-DD/CLS_01125.png,0,2020024S14190,SP,pacific_ocean,southern_pacific,2020-01-25T09:00:00Z,CLS-IMG01001,Depression / Deep Depression,D-DD,G0727
data/processed/classification/D-DD/CLS_01126.png,0,2020024S14190,SP,pacific_ocean,southern_pacific,2020-01-26T18:00:00Z,CLS-IMG01002,Depression / Deep Depression,D-DD,G0727
data/processed/classification/D-DD/CLS_01128.png,0,2020037S13163,SP,pacific_ocean,southern_pacific,2020-02-08T18:00:00Z,CLS-IMG01003,Depression / Deep Depression,D-DD,G0728
data/processed/classification/D-DD/CLS_01129.png,0,2020052S11181,SP,pacific_ocean,southern_pacific,2020-02-20T18:00:00Z,CLS-IMG01004,Depression / Deep Depression,D-DD,G0729
data/processed/classification/D-DD/CLS_01130.png,0,2020051S13186,SP,pacific_ocean,southern_pacific,2020-02-22T00:00:00Z,CLS-IMG01005,Depression / Deep Depression,D-DD,G0729
data/processed/classification/D-DD/CLS_01134.png,0,2020052S11181,SP,pacific_ocean,southern_pacific,2020-02-23T12:00:00Z,CLS-IMG01008,Depression / Deep Depression,D-DD,G0729
data/processed/classification/D-DD/CLS_01138.png,0,2020072S14054,SI,south_indian_ocean,,2020-03-12T21:00:00Z,CLS-IMG01011,Depression / Deep Depression,D-DD,G0731
data/processed/classification/D-DD/CLS_01139.png,0,2020104S12091,SI,south_indian_ocean,,2020-04-14T03:00:00Z,CLS-IMG01012,Depression / Deep Depression,D-DD,G0732
data/processed/classification/D-DD/CLS_01141.png,0,2020139S04095,SI,south_indian_ocean,,2020-05-22T06:00:00Z,CLS-IMG01013,Depression / Deep Depression,D-DD,G0733
data/processed/classification/D-DD/CLS_01142.png,0,2020153N13072,NI,north_indian_ocean,arabian_sea,2020-06-01T09:00:00Z,CLS-IMG01014,Depression / Deep Depression,D-DD,G0734
data/processed/classification/D-DD/CLS_01143.png,0,2020153N13072,NI,north_indian_ocean,arabian_sea,2020-06-01T21:00:00Z,CLS-IMG01015,Depression / Deep Depression,D-DD,G0734
data/processed/classification/D-DD/CLS_01144.png,0,2020153N13072,NI,north_indian_ocean,arabian_sea,2020-06-04T03:00:00Z,CLS-IMG01016,Depression / Deep Depression,D-DD,G0734
data/processed/classification/D-DD/CLS_01145.png,0,2020160N10133,WP,pacific_ocean,western_pacific,2020-06-12T06:00:00Z,CLS-IMG01017,Depression / Deep Depression,D-DD,G0735
data/processed/classification/D-DD/CLS_01147.png,0,2020202N15234,EP,pacific_ocean,eastern_pacific,2020-07-20T03:00:00Z,CLS-IMG01019,Depression / Deep Depression,D-DD,G0737
data/processed/classification/D-DD/CLS_01148.png,0,2020213N15131,WP,pacific_ocean,western_pacific,2020-08-01T15:00:00Z,CLS-IMG01020,Depression / Deep Depression,D-DD,G0738
data/processed/classification/D-DD/CLS_01149.png,0,2020211N14124,WP,pacific_ocean,western_pacific,2020-08-02T12:00:00Z,CLS-IMG01021,Depression / Deep Depression,D-DD,G0738
data/processed/classification/D-DD/CLS_01150.png,0,2020221N13262,EP,pacific_ocean,eastern_pacific,2020-08-09T00:00:00Z,CLS-IMG01022,Depression / Deep Depression,D-DD,G0739
data/processed/classification/D-DD/CLS_01151.png,0,2020220N14128,WP,pacific_ocean,western_pacific,2020-08-09T03:00:00Z,CLS-IMG01023,Depression / Deep Depression,D-DD,G0740
data/processed/classification/D-DD/CLS_01152.png,0,2020249N14265,EP,pacific_ocean,eastern_pacific,2020-09-06T21:00:00Z,CLS-IMG01024,Depression / Deep Depression,D-DD,G0741
data/processed/classification/D-DD/CLS_01154.png,0,2020263N21136,WP,pacific_ocean,western_pacific,2020-09-20T15:00:00Z,CLS-IMG01025,Depression / Deep Depression,D-DD,G0742
data/processed/classification/D-DD/CLS_01156.png,0,2020303N05149,WP,pacific_ocean,western_pacific,2020-10-31T18:00:00Z,CLS-IMG01027,Depression / Deep Depression,D-DD,G0744
data/processed/classification/D-DD/CLS_01157.png,0,2020299N11144,WP,pacific_ocean,western_pacific,2020-11-02T09:00:00Z,CLS-IMG01028,Depression / Deep Depression,D-DD,G0745
data/processed/classification/D-DD/CLS_01158.png,0,2020312N10131,WP,pacific_ocean,western_pacific,2020-11-08T12:00:00Z,CLS-IMG01029,Depression / Deep Depression,D-DD,G0746
data/processed/classification/D-DD/CLS_01159.png,0,2020317S04092,SI,south_indian_ocean,,2020-11-12T09:00:00Z,CLS-IMG01030,Depression / Deep Depression,D-DD,G0747
data/processed/classification/D-DD/CLS_01160.png,0,2020326N11063,NI,north_indian_ocean,arabian_sea,2020-11-20T18:00:00Z,CLS-IMG01031,Depression / Deep Depression,D-DD,G0748
data/processed/classification/D-DD/CLS_01161.png,0,2020326N11063,NI,north_indian_ocean,arabian_sea,2020-11-21T09:00:00Z,CLS-IMG01032,Depression / Deep Depression,D-DD,G0748
data/processed/classification/D-DD/CLS_01162.png,0,2020327N08086,NI,north_indian_ocean,bay_of_bengal,2020-11-22T18:00:00Z,CLS-IMG01033,Depression / Deep Depression,D-DD,G0749
data/processed/classification/D-DD/CLS_01163.png,0,2020327N08086,NI,north_indian_ocean,bay_of_bengal,2020-11-23T12:00:00Z,CLS-IMG01034,Depression / Deep Depression,D-DD,G0749
data/processed/classification/D-DD/CLS_01164.png,0,2020326N11063,NI,north_indian_ocean,arabian_sea,2020-11-24T00:00:00Z,CLS-IMG01035,Depression / Deep Depression,D-DD,G0748
data/processed/classification/D-DD/CLS_01165.png,0,2020327N08086,NI,north_indian_ocean,bay_of_bengal,2020-11-26T21:00:00Z,CLS-IMG01036,Depression / Deep Depression,D-DD,G0749
data/processed/classification/D-DD/CLS_01166.png,0,2020332S11091,SI,south_indian_ocean,,2020-11-29T18:00:00Z,CLS-IMG01037,Depression / Deep Depression,D-DD,G0750
data/processed/classification/D-DD/CLS_01168.png,0,2020335N06090,NI,north_indian_ocean,bay_of_bengal,2020-12-01T09:00:00Z,CLS-IMG01038,Depression / Deep Depression,D-DD,G0751
data/processed/classification/D-DD/CLS_01170.png,0,2020335N06090,NI,north_indian_ocean,bay_of_bengal,2020-12-04T15:00:00Z,CLS-IMG01039,Depression / Deep Depression,D-DD,G0751
data/processed/classification/D-DD/CLS_01171.png,0,2020335N06090,NI,north_indian_ocean,bay_of_bengal,2020-12-05T03:00:00Z,CLS-IMG01040,Depression / Deep Depression,D-DD,G0751
data/processed/classification/D-DD/CLS_01172.png,0,2020345S13183,SP,pacific_ocean,southern_pacific,2020-12-10T06:00:00Z,CLS-IMG01041,Depression / Deep Depression,D-DD,G0752
data/processed/classification/D-DD/CLS_01173.png,0,2020345S13183,SP,pacific_ocean,southern_pacific,2020-12-10T18:00:00Z,CLS-IMG01042,Depression / Deep Depression,D-DD,G0752
data/processed/classification/D-DD/CLS_01174.png,0,2020339S09106,SI,south_indian_ocean,,2020-12-11T18:00:00Z,CLS-IMG01043,Depression / Deep Depression,D-DD,G0753
data/processed/classification/D-DD/CLS_01178.png,0,2020366S12073,SI,south_indian_ocean,,2020-12-30T21:00:00Z,CLS-IMG01046,Depression / Deep Depression,D-DD,G0756
data/processed/classification/D-DD/CLS_01179.png,0,2021001S14136,SP,pacific_ocean,southern_pacific,2021-01-02T18:00:00Z,CLS-IMG01047,Depression / Deep Depression,D-DD,G0757
data/processed/classification/D-DD/CLS_01180.png,0,2021013S12099,SI,south_indian_ocean,,2021-01-15T06:00:00Z,CLS-IMG01048,Depression / Deep Depression,D-DD,G0758
data/processed/classification/D-DD/CLS_01181.png,0,2021012S12086,SI,south_indian_ocean,,2021-01-16T03:00:00Z,CLS-IMG01049,Depression / Deep Depression,D-DD,G0759
data/processed/classification/D-DD/CLS_01182.png,0,2021015S14147,SP,pacific_ocean,southern_pacific,2021-01-16T09:00:00Z,CLS-IMG01050,Depression / Deep Depression,D-DD,G0760
data/processed/classification/D-DD/CLS_01183.png,0,2021018S11133,SI,south_indian_ocean,,2021-01-23T00:00:00Z,CLS-IMG01051,Depression / Deep Depression,D-DD,G0761
data/processed/classification/D-DD/CLS_01184.png,0,2021020S13107,SI,south_indian_ocean,,2021-01-26T09:00:00Z,CLS-IMG01052,Depression / Deep Depression,D-DD,G0762
data/processed/classification/D-DD/CLS_01188.png,0,2021028S15128,SI,south_indian_ocean,,2021-01-30T03:00:00Z,CLS-IMG01056,Depression / Deep Depression,D-DD,G0764
data/processed/classification/D-DD/CLS_01191.png,0,2021038S14178,SP,pacific_ocean,southern_pacific,2021-02-09T00:00:00Z,CLS-IMG01059,Depression / Deep Depression,D-DD,G0765
data/processed/classification/D-DD/CLS_01192.png,0,2021042S23040,SI,south_indian_ocean,,2021-02-16T15:00:00Z,CLS-IMG01060,Depression / Deep Depression,D-DD,G0766
data/processed/classification/D-DD/CLS_01193.png,0,2021062S18040,SI,south_indian_ocean,,2021-03-04T21:00:00Z,CLS-IMG01061,Depression / Deep Depression,D-DD,G0767
data/processed/classification/D-DD/CLS_01194.png,0,2021053S13128,SI,south_indian_ocean,,2021-03-06T06:00:00Z,CLS-IMG01062,Depression / Deep Depression,D-DD,G0768
data/processed/classification/D-DD/CLS_01195.png,0,2021093S11122,SI,south_indian_ocean,,2021-04-04T00:00:00Z,CLS-IMG01063,Depression / Deep Depression,D-DD,G0769
data/processed/classification/D-DD/CLS_01196.png,0,2021099S15159,SP,pacific_ocean,southern_pacific,2021-04-09T15:00:00Z,CLS-IMG01064,Depression / Deep Depression,D-DD,G0770
data/processed/classification/D-DD/CLS_01197.png,0,2021108S11067,SI,south_indian_ocean,,2021-04-20T03:00:00Z,CLS-IMG01065,Depression / Deep Depression,D-DD,G0771
data/processed/classification/D-DD/CLS_01199.png,0,2021133N10071,NI,north_indian_ocean,arabian_sea,2021-05-13T15:00:00Z,CLS-IMG01066,Depression / Deep Depression,D-DD,G0772
data/processed/classification/D-DD/CLS_01201.png,0,2021143N15090,NI,north_indian_ocean,bay_of_bengal,2021-05-23T06:00:00Z,CLS-IMG01068,Depression / Deep Depression,D-DD,G0774
data/processed/classification/D-DD/CLS_01202.png,0,2021143N15090,NI,north_indian_ocean,bay_of_bengal,2021-05-27T00:00:00Z,CLS-IMG01069,Depression / Deep Depression,D-DD,G0774
data/processed/classification/D-DD/CLS_01203.png,0,2021163N11240,EP,pacific_ocean,eastern_pacific,2021-06-15T18:00:00Z,CLS-IMG01070,Depression / Deep Depression,D-DD,G0775
data/processed/classification/D-DD/CLS_01204.png,0,2021171N09152,WP,pacific_ocean,western_pacific,2021-06-22T09:00:00Z,CLS-IMG01071,Depression / Deep Depression,D-DD,G0776
data/processed/classification/D-DD/CLS_01206.png,0,2021198N15254,EP,pacific_ocean,eastern_pacific,2021-07-17T06:00:00Z,CLS-IMG01072,Depression / Deep Depression,D-DD,G0777
data/processed/classification/D-DD/CLS_01208.png,0,2021215N24124,WP,pacific_ocean,western_pacific,2021-08-04T06:00:00Z,CLS-IMG01073,Depression / Deep Depression,D-DD,G0778
data/processed/classification/D-DD/CLS_01209.png,0,2021214N20155,WP,pacific_ocean,western_pacific,2021-08-06T00:00:00Z,CLS-IMG01074,Depression / Deep Depression,D-DD,G0779
data/processed/classification/D-DD/CLS_01210.png,0,2021214N21110,WP,pacific_ocean,western_pacific,2021-08-06T09:00:00Z,CLS-IMG01075,Depression / Deep Depression,D-DD,G0779
data/processed/classification/D-DD/CLS_01211.png,0,2021216N22144,WP,pacific_ocean,western_pacific,2021-08-07T21:00:00Z,CLS-IMG01076,Depression / Deep Depression,D-DD,G0779
data/processed/classification/D-DD/CLS_01213.png,0,2021248N12141,WP,pacific_ocean,western_pacific,2021-09-06T09:00:00Z,CLS-IMG01078,Depression / Deep Depression,D-DD,G0781
data/processed/classification/D-DD/CLS_01214.png,0,2021250N17254,EP,pacific_ocean,eastern_pacific,2021-09-08T00:00:00Z,CLS-IMG01079,Depression / Deep Depression,D-DD,G0782
data/processed/classification/D-DD/CLS_01215.png,0,2021265N11150,WP,pacific_ocean,western_pacific,2021-09-23T09:00:00Z,CLS-IMG01080,Depression / Deep Depression,D-DD,G0783
data/processed/classification/D-DD/CLS_01220.png,0,2021280N14137,WP,pacific_ocean,western_pacific,2021-10-09T15:00:00Z,CLS-IMG01085,Depression / Deep Depression,D-DD,G0785
data/processed/classification/D-DD/CLS_01222.png,0,2021296N13260,EP,pacific_ocean,eastern_pacific,2021-10-22T12:00:00Z,CLS-IMG01086,Depression / Deep Depression,D-DD,G0786
data/processed/classification/D-DD/CLS_01224.png,0,2021307N09275,EP,pacific_ocean,eastern_pacific,2021-11-09T06:00:00Z,CLS-IMG01087,Depression / Deep Depression,D-DD,G0787
data/processed/classification/D-DD/CLS_01225.png,0,2021312N07090,NI,north_indian_ocean,bay_of_bengal,2021-11-10T12:00:00Z,CLS-IMG01088,Depression / Deep Depression,D-DD,G0788
data/processed/classification/D-DD/CLS_01226.png,0,2021312N07090,NI,north_indian_ocean,bay_of_bengal,2021-11-11T00:00:00Z,CLS-IMG01089,Depression / Deep Depression,D-DD,G0788
data/processed/classification/D-DD/CLS_01227.png,0,2021312N07090,NI,north_indian_ocean,bay_of_bengal,2021-11-11T15:00:00Z,CLS-IMG01090,Depression / Deep Depression,D-DD,G0788
data/processed/classification/D-DD/CLS_01228.png,0,2021323S10103,SI,south_indian_ocean,,2021-11-21T00:00:00Z,CLS-IMG01091,Depression / Deep Depression,D-DD,G0789
data/processed/classification/D-DD/CLS_01230.png,0,2021335N08096,NI,north_indian_ocean,bay_of_bengal,2021-12-02T03:00:00Z,CLS-IMG01093,Depression / Deep Depression,D-DD,G0791
data/processed/classification/D-DD/CLS_01231.png,0,2021335N08096,NI,north_indian_ocean,bay_of_bengal,2021-12-02T15:00:00Z,CLS-IMG01094,Depression / Deep Depression,D-DD,G0791
data/processed/classification/D-DD/CLS_01233.png,0,2021335N08096,NI,north_indian_ocean,bay_of_bengal,2021-12-05T00:00:00Z,CLS-IMG01096,Depression / Deep Depression,D-DD,G0791
data/processed/classification/D-DD/CLS_01234.png,0,2021343S09155,SP,pacific_ocean,southern_pacific,2021-12-10T12:00:00Z,CLS-IMG01097,Depression / Deep Depression,D-DD,G0793
data/processed/classification/D-DD/CLS_01235.png,0,2021349N05108,WP,pacific_ocean,western_pacific,2021-12-16T06:00:00Z,CLS-IMG01098,Depression / Deep Depression,D-DD,G0794
data/processed/classification/D-DD/CLS_01236.png,0,2021358S09130,SI,south_indian_ocean,,2021-12-24T12:00:00Z,CLS-IMG01099,Depression / Deep Depression,D-DD,G0795
data/processed/classification/D-DD/CLS_01237.png,0,2021358S09130,SP,pacific_ocean,southern_pacific,2021-12-29T12:00:00Z,CLS-IMG01100,Depression / Deep Depression,D-DD,G0795
data/processed/classification/D-DD/CLS_01245.png,0,2022038S19164,SP,pacific_ocean,southern_pacific,2022-02-07T15:00:00Z,CLS-IMG01107,Depression / Deep Depression,D-DD,G0800
data/processed/classification/D-DD/CLS_01246.png,0,2022042S12063,SI,south_indian_ocean,,2022-02-12T12:00:00Z,CLS-IMG01108,Depression / Deep Depression,D-DD,G0801
data/processed/classification/D-DD/CLS_01249.png,0,2022059S10106,SI,south_indian_ocean,,2022-03-01T00:00:00Z,CLS-IMG01111,Depression / Deep Depression,D-DD,G0804
data/processed/classification/D-DD/CLS_01250.png,0,2022062N06085,NI,north_indian_ocean,bay_of_bengal,2022-03-03T00:00:00Z,CLS-IMG01112,Depression / Deep Depression,D-DD,G0805
data/processed/classification/D-DD/CLS_01251.png,0,2022062N06085,NI,north_indian_ocean,bay_of_bengal,2022-03-03T18:00:00Z,CLS-IMG01113,Depression / Deep Depression,D-DD,G0805
data/processed/classification/D-DD/CLS_01253.png,0,2022062N06085,NI,north_indian_ocean,bay_of_bengal,2022-03-05T21:00:00Z,CLS-IMG01114,Depression / Deep Depression,D-DD,G0805
data/processed/classification/D-DD/CLS_01255.png,0,2022080S09087,SI,south_indian_ocean,,2022-03-23T00:00:00Z,CLS-IMG01115,Depression / Deep Depression,D-DD,G0806
data/processed/classification/D-DD/CLS_01258.png,0,2022126N07095,NI,north_indian_ocean,bay_of_bengal,2022-05-06T21:00:00Z,CLS-IMG01118,Depression / Deep Depression,D-DD,G0809
data/processed/classification/D-DD/CLS_01259.png,0,2022126N07095,NI,north_indian_ocean,bay_of_bengal,2022-05-12T00:00:00Z,CLS-IMG01119,Depression / Deep Depression,D-DD,G0809
data/processed/classification/D-DD/CLS_01260.png,0,2022137S13171,SP,pacific_ocean,southern_pacific,2022-05-16T18:00:00Z,CLS-IMG01120,Depression / Deep Depression,D-DD,G0810
data/processed/classification/D-DD/CLS_01261.png,0,2022148N13263,EP,pacific_ocean,eastern_pacific,2022-05-28T00:00:00Z,CLS-IMG01121,Depression / Deep Depression,D-DD,G0811
data/processed/classification/D-DD/CLS_01262.png,0,2022180N15117,WP,pacific_ocean,western_pacific,2022-06-29T15:00:00Z,CLS-IMG01122,Depression / Deep Depression,D-DD,G0812
data/processed/classification/D-DD/CLS_01264.png,0,2022209N16246,EP,pacific_ocean,eastern_pacific,2022-07-31T18:00:00Z,CLS-IMG01123,Depression / Deep Depression,D-DD,G0813
data/processed/classification/D-DD/CLS_01265.png,0,2022208S08092,SI,south_indian_ocean,,2022-07-31T18:00:00Z,CLS-IMG01124,Depression / Deep Depression,D-DD,G0814
data/processed/classification/D-DD/CLS_01266.png,0,2022224N22067,NI,north_indian_ocean,arabian_sea,2022-08-12T03:00:00Z,CLS-IMG01125,Depression / Deep Depression,D-DD,G0815
data/processed/classification/D-DD/CLS_01267.png,0,2022224N22067,NI,north_indian_ocean,arabian_sea,2022-08-13T03:00:00Z,CLS-IMG01126,Depression / Deep Depression,D-DD,G0815
data/processed/classification/D-DD/CLS_01268.png,0,2022224N22067,NI,north_indian_ocean,arabian_sea,2022-08-13T21:00:00Z,CLS-IMG01127,Depression / Deep Depression,D-DD,G0815
data/processed/classification/D-DD/CLS_01272.png,0,2022239N22150,WP,pacific_ocean,western_pacific,2022-08-27T15:00:00Z,CLS-IMG01131,Depression / Deep Depression,D-DD,G0817
data/processed/classification/D-DD/CLS_01273.png,0,2022242N20133,WP,pacific_ocean,western_pacific,2022-08-31T00:00:00Z,CLS-IMG01132,Depression / Deep Depression,D-DD,G0818
data/processed/classification/D-DD/CLS_01275.png,0,2022268S09088,SI,south_indian_ocean,,2022-09-25T21:00:00Z,CLS-IMG01134,Depression / Deep Depression,D-DD,G0820
data/processed/classification/D-DD/CLS_01276.png,0,2022272N14258,EP,pacific_ocean,eastern_pacific,2022-09-28T18:00:00Z,CLS-IMG01135,Depression / Deep Depression,D-DD,G0821
data/processed/classification/D-DD/CLS_01278.png,0,2022280N11294,EP,pacific_ocean,eastern_pacific,2022-10-10T12:00:00Z,CLS-IMG01136,Depression / Deep Depression,D-DD,G0822
data/processed/classification/D-DD/CLS_01279.png,0,2022293N15259,EP,pacific_ocean,eastern_pacific,2022-10-20T00:00:00Z,CLS-IMG01137,Depression / Deep Depression,D-DD,G0823
data/processed/classification/D-DD/CLS_01280.png,0,2022295N13093,NI,north_indian_ocean,bay_of_bengal,2022-10-22T03:00:00Z,CLS-IMG01138,Depression / Deep Depression,D-DD,G0824
data/processed/classification/D-DD/CLS_01281.png,0,2022295N13093,NI,north_indian_ocean,bay_of_bengal,2022-10-22T18:00:00Z,CLS-IMG01139,Depression / Deep Depression,D-DD,G0824
data/processed/classification/D-DD/CLS_01282.png,0,2022295N13093,NI,north_indian_ocean,bay_of_bengal,2022-10-23T06:00:00Z,CLS-IMG01140,Depression / Deep Depression,D-DD,G0824
data/processed/classification/D-DD/CLS_01283.png,0,2022338N05100,NI,north_indian_ocean,bay_of_bengal,2022-12-06T09:00:00Z,CLS-IMG01141,Depression / Deep Depression,D-DD,G0825
data/processed/classification/D-DD/CLS_01284.png,0,2022338N05100,NI,north_indian_ocean,bay_of_bengal,2022-12-09T21:00:00Z,CLS-IMG01142,Depression / Deep Depression,D-DD,G0825
data/processed/classification/D-DD/CLS_01285.png,0,2022338N05100,NI,north_indian_ocean,bay_of_bengal,2022-12-10T09:00:00Z,CLS-IMG01143,Depression / Deep Depression,D-DD,G0825
data/processed/classification/D-DD/CLS_01287.png,0,2022347N12074,NI,north_indian_ocean,arabian_sea,2022-12-13T06:00:00Z,CLS-IMG01145,Depression / Deep Depression,D-DD,G0827
data/processed/classification/D-DD/CLS_01288.png,0,2022347N12074,NI,north_indian_ocean,arabian_sea,2022-12-16T03:00:00Z,CLS-IMG01146,Depression / Deep Depression,D-DD,G0827
data/processed/classification/D-DD/CLS_01289.png,0,2022347N12074,NI,north_indian_ocean,arabian_sea,2022-12-16T18:00:00Z,CLS-IMG01147,Depression / Deep Depression,D-DD,G0827
data/processed/classification/D-DD/CLS_01290.png,0,2022347N12074,NI,north_indian_ocean,arabian_sea,2022-12-17T06:00:00Z,CLS-IMG01148,Depression / Deep Depression,D-DD,G0827
data/processed/classification/D-DD/CLS_01291.png,0,2022347N12074,NI,north_indian_ocean,arabian_sea,2022-12-17T18:00:00Z,CLS-IMG01149,Depression / Deep Depression,D-DD,G0827
data/processed/classification/D-DD/CLS_01292.png,0,2022347N12074,NI,north_indian_ocean,arabian_sea,2022-12-18T15:00:00Z,CLS-IMG01150,Depression / Deep Depression,D-DD,G0827
data/processed/classification/D-DD/CLS_01293.png,0,2022355S10128,SI,south_indian_ocean,,2022-12-30T18:00:00Z,CLS-IMG01151,Depression / Deep Depression,D-DD,G0828
data/processed/classification/D-DD/CLS_01294.png,0,2023005S18142,SP,pacific_ocean,southern_pacific,2023-01-05T21:00:00Z,CLS-IMG01152,Depression / Deep Depression,D-DD,G0829
data/processed/classification/D-DD/CLS_01295.png,0,2023013S08081,SI,south_indian_ocean,,2023-01-13T21:00:00Z,CLS-IMG01153,Depression / Deep Depression,D-DD,G0830
data/processed/classification/D-DD/CLS_01298.png,0,2023020S18156,SP,pacific_ocean,southern_pacific,2023-01-20T03:00:00Z,CLS-IMG01156,Depression / Deep Depression,D-DD,G0832
data/processed/classification/D-DD/CLS_01299.png,0,2023020S18156,SP,pacific_ocean,southern_pacific,2023-01-21T21:00:00Z,CLS-IMG01157,Depression / Deep Depression,D-DD,G0832
data/processed/classification/D-DD/CLS_01300.png,0,2023032S12091,SI,south_indian_ocean,,2023-02-05T00:00:00Z,CLS-IMG01158,Depression / Deep Depression,D-DD,G0833
data/processed/classification/D-DD/CLS_01301.png,0,2023036S12163,SP,pacific_ocean,southern_pacific,2023-02-07T03:00:00Z,CLS-IMG01159,Depression / Deep Depression,D-DD,G0834
data/processed/classification/D-DD/CLS_01302.png,0,2023050S09094,SI,south_indian_ocean,,2023-02-20T21:00:00Z,CLS-IMG01160,Depression / Deep Depression,D-DD,G0835
data/processed/classification/D-DD/CLS_01306.png,0,2023132S03090,SI,south_indian_ocean,,2023-05-23T00:00:00Z,CLS-IMG01164,Depression / Deep Depression,D-DD,G0839
data/processed/classification/D-DD/CLS_01307.png,0,2023156N12135,WP,pacific_ocean,western_pacific,2023-06-06T12:00:00Z,CLS-IMG01165,Depression / Deep Depression,D-DD,G0840
data/processed/classification/D-DD/CLS_01308.png,0,2023160N20092,NI,north_indian_ocean,bay_of_bengal,2023-06-08T15:00:00Z,CLS-IMG01166,Depression / Deep Depression,D-DD,G0841
data/processed/classification/D-DD/CLS_01309.png,0,2023160N20092,NI,north_indian_ocean,bay_of_bengal,2023-06-10T00:00:00Z,CLS-IMG01167,Depression / Deep Depression,D-DD,G0841
data/processed/classification/D-DD/CLS_01310.png,0,2023201N13134,WP,pacific_ocean,western_pacific,2023-07-22T03:00:00Z,CLS-IMG01168,Depression / Deep Depression,D-DD,G0842
data/processed/classification/D-DD/CLS_01316.png,0,2023217N15256,EP,pacific_ocean,eastern_pacific,2023-08-05T12:00:00Z,CLS-IMG01173,Depression / Deep Depression,D-DD,G0845
data/processed/classification/D-DD/CLS_01317.png,0,2023218N25145,WP,pacific_ocean,western_pacific,2023-08-07T09:00:00Z,CLS-IMG01174,Depression / Deep Depression,D-DD,G0846
data/processed/classification/D-DD/CLS_01321.png,0,2023239N18144,WP,pacific_ocean,western_pacific,2023-09-05T00:00:00Z,CLS-IMG01177,Depression / Deep Depression,D-DD,G0849
data/processed/classification/D-DD/CLS_01323.png,0,2023266N16116,WP,pacific_ocean,western_pacific,2023-09-25T18:00:00Z,CLS-IMG01179,Depression / Deep Depression,D-DD,G0851
data/processed/classification/D-DD/CLS_01324.png,0,2023276N11254,EP,pacific_ocean,eastern_pacific,2023-10-03T00:00:00Z,CLS-IMG01180,Depression / Deep Depression,D-DD,G0852
data/processed/classification/D-DD/CLS_01325.png,0,2023279N08157,WP,pacific_ocean,western_pacific,2023-10-07T09:00:00Z,CLS-IMG01181,Depression / Deep Depression,D-DD,G0853
data/processed/classification/D-DD/CLS_01326.png,0,2023290N12256,EP,pacific_ocean,eastern_pacific,2023-10-17T15:00:00Z,CLS-IMG01182,Depression / Deep Depression,D-DD,G0854
data/processed/classification/D-DD/CLS_01327.png,0,2023292N11063,NI,north_indian_ocean,arabian_sea,2023-10-20T03:00:00Z,CLS-IMG01183,Depression / Deep Depression,D-DD,G0855
data/processed/classification/D-DD/CLS_01328.png,0,2023292S03172,SP,pacific_ocean,southern_pacific,2023-10-21T12:00:00Z,CLS-IMG01184,Depression / Deep Depression,D-DD,G0856
data/processed/classification/D-DD/CLS_01330.png,0,2023293N12089,NI,north_indian_ocean,bay_of_bengal,2023-10-22T12:00:00Z,CLS-IMG01185,Depression / Deep Depression,D-DD,G0857
data/processed/classification/D-DD/CLS_01332.png,0,2023293N12089,NI,north_indian_ocean,bay_of_bengal,2023-10-23T00:00:00Z,CLS-IMG01187,Depression / Deep Depression,D-DD,G0857
data/processed/classification/D-DD/CLS_01333.png,0,2023292N11063,NI,north_indian_ocean,arabian_sea,2023-10-24T09:00:00Z,CLS-IMG01188,Depression / Deep Depression,D-DD,G0855
data/processed/classification/D-DD/CLS_01334.png,0,2023293N12089,NI,north_indian_ocean,bay_of_bengal,2023-10-25T06:00:00Z,CLS-IMG01189,Depression / Deep Depression,D-DD,G0857
data/processed/classification/D-DD/CLS_01335.png,0,2023316S08168,SP,pacific_ocean,southern_pacific,2023-11-12T21:00:00Z,CLS-IMG01190,Depression / Deep Depression,D-DD,G0859
data/processed/classification/D-DD/CLS_01336.png,0,2023317N10094,NI,north_indian_ocean,bay_of_bengal,2023-11-15T18:00:00Z,CLS-IMG01191,Depression / Deep Depression,D-DD,G0860
data/processed/classification/D-DD/CLS_01337.png,0,2023317N10094,NI,north_indian_ocean,bay_of_bengal,2023-11-16T06:00:00Z,CLS-IMG01192,Depression / Deep Depression,D-DD,G0860
data/processed/classification/D-DD/CLS_01338.png,0,2023317N10094,NI,north_indian_ocean,bay_of_bengal,2023-11-16T21:00:00Z,CLS-IMG01193,Depression / Deep Depression,D-DD,G0860
data/processed/classification/D-DD/CLS_01339.png,0,2023317N10094,NI,north_indian_ocean,bay_of_bengal,2023-11-17T15:00:00Z,CLS-IMG01194,Depression / Deep Depression,D-DD,G0860
data/processed/classification/D-DD/CLS_01340.png,0,2023334N08088,NI,north_indian_ocean,bay_of_bengal,2023-12-02T09:00:00Z,CLS-IMG01195,Depression / Deep Depression,D-DD,G0861
data/processed/classification/D-DD/CLS_01341.png,0,2023334N08088,NI,north_indian_ocean,bay_of_bengal,2023-12-02T21:00:00Z,CLS-IMG01196,Depression / Deep Depression,D-DD,G0861
data/processed/classification/D-DD/CLS_01342.png,0,2023334N08088,NI,north_indian_ocean,bay_of_bengal,2023-12-05T21:00:00Z,CLS-IMG01197,Depression / Deep Depression,D-DD,G0861
data/processed/classification/D-DD/CLS_01345.png,0,2024017S15151,SP,pacific_ocean,southern_pacific,2024-01-19T18:00:00Z,CLS-IMG01199,Depression / Deep Depression,D-DD,G0863
data/processed/classification/D-DD/CLS_01346.png,0,2024022S16058,SI,south_indian_ocean,,2024-01-22T21:00:00Z,CLS-IMG01200,Depression / Deep Depression,D-DD,G0864
data/processed/classification/D-DD/CLS_01347.png,0,2024017S15151,SP,pacific_ocean,southern_pacific,2024-01-26T09:00:00Z,CLS-IMG01201,Depression / Deep Depression,D-DD,G0863
data/processed/classification/D-DD/CLS_01348.png,0,2024029S15063,SI,south_indian_ocean,,2024-01-30T06:00:00Z,CLS-IMG01202,Depression / Deep Depression,D-DD,G0865
data/processed/classification/D-DD/CLS_01349.png,0,2024035S16188,SP,pacific_ocean,southern_pacific,2024-02-04T12:00:00Z,CLS-IMG01203,Depression / Deep Depression,D-DD,G0866
data/processed/classification/D-DD/CLS_01350.png,0,2024037S09184,SP,pacific_ocean,southern_pacific,2024-02-06T15:00:00Z,CLS-IMG01204,Depression / Deep Depression,D-DD,G0866
data/processed/classification/D-DD/CLS_01354.png,0,2024044S14066,SI,south_indian_ocean,,2024-02-15T00:00:00Z,CLS-IMG01208,Depression / Deep Depression,D-DD,G0869
data/processed/classification/D-DD/CLS_01355.png,0,2024044S15134,SP,pacific_ocean,southern_pacific,2024-02-17T00:00:00Z,CLS-IMG01209,Depression / Deep Depression,D-DD,G0870
data/processed/classification/D-DD/CLS_01357.png,0,2024073S14128,SI,south_indian_ocean,,2024-03-13T09:00:00Z,CLS-IMG01211,Depression / Deep Depression,D-DD,G0872
data/processed/classification/D-DD/CLS_01358.png,0,2024073S14128,SP,pacific_ocean,southern_pacific,2024-03-15T00:00:00Z,CLS-IMG01212,Depression / Deep Depression,D-DD,G0872
data/processed/classification/D-DD/CLS_01359.png,0,2024082S08054,SI,south_indian_ocean,,2024-03-24T15:00:00Z,CLS-IMG01213,Depression / Deep Depression,D-DD,G0873
data/processed/classification/D-DD/CLS_01360.png,0,2024100S11152,SP,pacific_ocean,southern_pacific,2024-04-10T03:00:00Z,CLS-IMG01214,Depression / Deep Depression,D-DD,G0874
data/processed/classification/D-DD/CLS_01361.png,0,2024096S11120,SI,south_indian_ocean,,2024-04-11T00:00:00Z,CLS-IMG01215,Depression / Deep Depression,D-DD,G0875
data/processed/classification/D-DD/CLS_01368.png,0,2024236N14248,EP,pacific_ocean,eastern_pacific,2024-08-25T06:00:00Z,CLS-IMG01221,Depression / Deep Depression,D-DD,G0880
data/processed/classification/D-DD/CLS_01369.png,0,2024238N25077,NI,north_indian_ocean,arabian_sea,2024-08-27T12:00:00Z,CLS-IMG01222,Depression / Deep Depression,D-DD,G0881
data/processed/classification/D-DD/CLS_01370.png,0,2024238N25077,NI,north_indian_ocean,arabian_sea,2024-08-28T00:00:00Z,CLS-IMG01223,Depression / Deep Depression,D-DD,G0881
data/processed/classification/D-DD/CLS_01371.png,0,2024238N25077,NI,north_indian_ocean,arabian_sea,2024-08-28T21:00:00Z,CLS-IMG01224,Depression / Deep Depression,D-DD,G0881
data/processed/classification/D-DD/CLS_01372.png,0,2024238N25077,NI,north_indian_ocean,arabian_sea,2024-08-29T09:00:00Z,CLS-IMG01225,Depression / Deep Depression,D-DD,G0881
data/processed/classification/D-DD/CLS_01373.png,0,2024238N25077,NI,north_indian_ocean,arabian_sea,2024-09-01T15:00:00Z,CLS-IMG01226,Depression / Deep Depression,D-DD,G0881
data/processed/classification/D-DD/CLS_01374.png,0,2024238N25077,NI,north_indian_ocean,arabian_sea,2024-09-02T09:00:00Z,CLS-IMG01227,Depression / Deep Depression,D-DD,G0881
data/processed/classification/D-DD/CLS_01375.png,0,2024244N09137,WP,pacific_ocean,western_pacific,2024-09-02T21:00:00Z,CLS-IMG01228,Depression / Deep Depression,D-DD,G0882
data/processed/classification/D-DD/CLS_01376.png,0,2024253N11148,WP,pacific_ocean,western_pacific,2024-09-10T09:00:00Z,CLS-IMG01229,Depression / Deep Depression,D-DD,G0883
data/processed/classification/D-DD/CLS_01380.png,0,2024278N11150,WP,pacific_ocean,western_pacific,2024-10-09T09:00:00Z,CLS-IMG01232,Depression / Deep Depression,D-DD,G0885
data/processed/classification/D-DD/CLS_01384.png,0,2024298N13150,WP,pacific_ocean,western_pacific,2024-10-26T09:00:00Z,CLS-IMG01236,Depression / Deep Depression,D-DD,G0887
data/processed/classification/D-DD/CLS_01387.png,0,2024307N11250,EP,pacific_ocean,eastern_pacific,2024-11-06T21:00:00Z,CLS-IMG01239,Depression / Deep Depression,D-DD,G0890
data/processed/classification/D-DD/CLS_01390.png,0,2024329N04089,NI,north_indian_ocean,bay_of_bengal,2024-11-24T21:00:00Z,CLS-IMG01242,Depression / Deep Depression,D-DD,G0893
data/processed/classification/D-DD/CLS_01392.png,0,2024329N04089,NI,north_indian_ocean,bay_of_bengal,2024-11-27T00:00:00Z,CLS-IMG01243,Depression / Deep Depression,D-DD,G0893
data/processed/classification/D-DD/CLS_01393.png,0,2024329N04089,NI,north_indian_ocean,bay_of_bengal,2024-11-28T06:00:00Z,CLS-IMG01244,Depression / Deep Depression,D-DD,G0893
data/processed/classification/D-DD/CLS_01396.png,0,2025159N12250,EP,pacific_ocean,eastern_pacific,2025-06-08T06:00:00Z,CLS-IMG01247,Depression / Deep Depression,D-DD,G0896
data/processed/classification/D-DD/CLS_01398.png,0,2025180N13261,EP,pacific_ocean,eastern_pacific,2025-06-29T06:00:00Z,CLS-IMG01248,Depression / Deep Depression,D-DD,G0897
data/processed/classification/D-DD/CLS_01399.png,0,2025219N13264,EP,pacific_ocean,eastern_pacific,2025-08-06T15:00:00Z,CLS-IMG01249,Depression / Deep Depression,D-DD,G0898
data/processed/classification/CS-SCS/CLS_01401.png,1,1999343S09095,SI,south_indian_ocean,,1999-12-12T09:00:00Z,CLS-IMG01251,Cyclonic Storm / Severe Cyclonic Storm,CS-SCS,G0000
data/processed/classification/CS-SCS/CLS_01402.png,1,1999357S08076,SI,south_indian_ocean,,1999-12-25T12:00:00Z,CLS-IMG01252,Cyclonic Storm / Severe Cyclonic Storm,CS-SCS,G0001
data/processed/classification/CS-SCS/CLS_01403.png,1,2000003S13082,SI,south_indian_ocean,,2000-01-07T12:00:00Z,CLS-IMG01253,Cyclonic Storm / Severe Cyclonic Storm,CS-SCS,G0900
data/processed/classification/CS-SCS/CLS_01404.png,1,2000006S15164,SP,pacific_ocean,southern_pacific,2000-01-09T12:00:00Z,CLS-IMG01254,Cyclonic Storm / Severe Cyclonic Storm,CS-SCS,G0002
data/processed/classification/CS-SCS/CLS_01405.png,1,2000006S15164,SP,pacific_ocean,southern_pacific,2000-01-10T06:00:00Z,CLS-IMG01255,Cyclonic Storm / Severe Cyclonic Storm,CS-SCS,G0002
data/processed/classification/CS-SCS/CLS_01408.png,1,2000024S12100,SI,south_indian_ocean,,2000-01-30T21:00:00Z,CLS-IMG01258,Cyclonic Storm / Severe Cyclonic Storm,CS-SCS,G0005
data/processed/classification/CS-SCS/CLS_01409.png,1,2000031S11074,SI,south_indian_ocean,,2000-02-02T00:00:00Z,CLS-IMG01259,Cyclonic Storm / Severe Cyclonic Storm,CS-SCS,G0901
data/processed/classification/CS-SCS/CLS_01410.png,1,2000032S11116,SI,south_indian_ocean,,2000-02-04T21:00:00Z,CLS-IMG01260,Cyclonic Storm / Severe Cyclonic Storm,CS-SCS,G0007
data/processed/classification/CS-SCS/CLS_01416.png,1,2000060S17123,SI,south_indian_ocean,,2000-03-01T09:00:00Z,CLS-IMG01266,Cyclonic Storm / Severe Cyclonic Storm,CS-SCS,G0012
data/processed/classification/CS-SCS/CLS_01417.png,1,2000060S12086,SI,south_indian_ocean,,2000-03-02T18:00:00Z,CLS-IMG01267,Cyclonic Storm / Severe Cyclonic Storm,CS-SCS,G0012
data/processed/classification/CS-SCS/CLS_01422.png,1,2000075S17119,SI,south_indian_ocean,,2000-03-19T00:00:00Z,CLS-IMG01272,Cyclonic Storm / Severe Cyclonic Storm,CS-SCS,G0014
data/processed/classification/CS-SCS/CLS_01423.png,1,2000091S14156,SP,pacific_ocean,southern_pacific,2000-04-01T06:00:00Z,CLS-IMG01273,Cyclonic Storm / Severe Cyclonic Storm,CS-SCS,G0015
data/processed/classification/CS-SCS/CLS_01425.png,1,2000091S14156,SP,pacific_ocean,southern_pacific,2000-04-02T15:00:00Z,CLS-IMG01274,Cyclonic Storm / Severe Cyclonic Storm,CS-SCS,G0015
data/processed/classification/CS-SCS/CLS_01426.png,1,2000089S20168,SP,pacific_ocean,southern_pacific,2000-04-03T00:00:00Z,CLS-IMG01275,Cyclonic Storm / Severe Cyclonic Storm,CS-SCS,G0015
data/processed/classification/CS-SCS/CLS_01428.png,1,2000089S20168,SP,pacific_ocean,southern_pacific,2000-04-04T00:00:00Z,CLS-IMG01276,Cyclonic Storm / Severe Cyclonic Storm,CS-SCS,G0015
data/processed/classification/CS-SCS/CLS_01430.png,1,2000104S17182,SP,pacific_ocean,southern_pacific,2000-04-16T06:00:00Z,CLS-IMG01277,Cyclonic Storm / Severe Cyclonic Storm,CS-SCS,G0016
data/processed/classification/CS-SCS/CLS_01432.png,1,2000105S09127,SI,south_indian_ocean,,2000-04-18T15:00:00Z,CLS-IMG01278,Cyclonic Storm / Severe Cyclonic Storm,CS-SCS,G0017
data/processed/classification/CS-SCS/CLS_01436.png,1,2000164N12256,EP,pacific_ocean,eastern_pacific,2000-06-14T09:00:00Z,CLS-IMG01282,Cyclonic Storm / Severe Cyclonic Storm,CS-SCS,G0019
data/processed/classification/CS-SCS/CLS_01438.png,1,2000202N12131,WP,pacific_ocean,western_pacific,2000-07-27T12:00:00Z,CLS-IMG01284,Cyclonic Storm / Severe Cyclonic Storm,CS-SCS,G0021
data/processed/classification/CS-SCS/CLS_01440.png,1,2000214S06080,SI,south_indian_ocean,,2000-08-02T15:00:00Z,CLS-IMG01286,Cyclonic Storm / Severe Cyclonic Storm,CS-SCS,G0024
data/processed/classification/CS-SCS/CLS_01441.png,1,2000215N15254,EP,pacific_ocean,eastern_pacific,2000-08-05T18:00:00Z,CLS-IMG01287,Cyclonic Storm / Severe Cyclonic Storm,CS-SCS,G0025
data/processed/classification/CS-SCS/CLS_01442.png,1,2000214N22155,WP,pacific_ocean,western_pacific,2000-08-11T00:00:00Z,CLS-IMG01288,Cyclonic Storm / Severe Cyclonic Storm,CS-SCS,G0023
data/processed/classification/CS-SCS/CLS_01443.png,1,2000223N18257,EP,pacific_ocean,eastern_pacific,2000-08-12T03:00:00Z,CLS-IMG01289,Cyclonic Storm / Severe Cyclonic Storm,CS-SCS,G0905
data/processed/classification/CS-SCS/CLS_01445.png,1,2000222N14143,WP,pacific_ocean,western_pacific,2000-08-16T09:00:00Z,CLS-IMG01291,Cyclonic Storm / Severe Cyclonic Storm,CS-SCS,G0023
data/processed/classification/CS-SCS/CLS_01446.png,1,2000228N31180,EP,pacific_ocean,eastern_pacific,2000-08-17T00:00:00Z,CLS-IMG01292,Cyclonic Storm / Severe Cyclonic Storm,CS-SCS,G0907
data/processed/classification/CS-SCS/CLS_01447.png,1,2000241N15223,EP,pacific_ocean,eastern_pacific,2000-08-28T18:00:00Z,CLS-IMG01293,Cyclonic Storm / Severe Cyclonic Storm,CS-SCS,G0028
data/processed/classification/CS-SCS/CLS_01448.png,1,2000240N22115,WP,pacific_ocean,western_pacific,2000-08-30T15:00:00Z,CLS-IMG01294,Cyclonic Storm / Severe Cyclonic Storm,CS-SCS,G0029
data/processed/classification/CS-SCS/CLS_01449.png,1,2000245N14157,WP,pacific_ocean,western_pacific,2000-09-03T06:00:00Z,CLS-IMG01295,Cyclonic Storm / Severe Cyclonic Storm,CS-SCS,G0030
data/processed/classification/CS-SCS/CLS_01450.png,1,2000248N17117,WP,pacific_ocean,western_pacific,2000-09-09T21:00:00Z,CLS-IMG01296,Cyclonic Storm / Severe Cyclonic Storm,CS-SCS,G0908
data/processed/classification/CS-SCS/CLS_01451.png,1,2000258N22138,WP,pacific_ocean,western_pacific,2000-09-15T15:00:00Z,CLS-IMG01297,Cyclonic Storm / Severe Cyclonic Storm,CS-SCS,G0032
data/processed/classification/CS-SCS/CLS_01452.png,1,2000260N19253,EP,pacific_ocean,eastern_pacific,2000-09-16T12:00:00Z,CLS-IMG01298,Cyclonic Storm / Severe Cyclonic Storm,CS-SCS,G0909
data/processed/classification/CS-SCS/CLS_01453.png,1,2000260N15178,WP,pacific_ocean,western_pacific,2000-09-18T06:00:00Z,CLS-IMG01299,Cyclonic Storm / Severe Cyclonic Storm,CS-SCS,G0910
data/processed/classification/CS-SCS/CLS_01454.png,1,2000264N17257,EP,pacific_ocean,eastern_pacific,2000-09-20T21:00:00Z,CLS-IMG01300,Cyclonic Storm / Severe Cyclonic Storm,CS-SCS,G0911
data/processed/classification/CS-SCS/CLS_01455.png,1,2000272N24165,WP,pacific_ocean,western_pacific,2000-09-29T03:00:00Z,CLS-IMG01301,Cyclonic Storm / Severe Cyclonic Storm,CS-SCS,G0033
data/processed/classification/CS-SCS/CLS_01457.png,1,2000281N11111,WP,pacific_ocean,western_pacific,2000-10-08T09:00:00Z,CLS-IMG01303,Cyclonic Storm / Severe Cyclonic Storm,CS-SCS,G0912
data/processed/classification/CS-SCS/CLS_01460.png,1,2000299N10252,EP,pacific_ocean,eastern_pacific,2000-10-27T15:00:00Z,CLS-IMG01306,Cyclonic Storm / Severe Cyclonic Storm,CS-SCS,G0915
data/processed/classification/CS-SCS/CLS_01461.png,1,2000305N06136,WP,pacific_ocean,western_pacific,2000-11-01T00:00:00Z,CLS-IMG01307,Cyclonic Storm / Severe Cyclonic Storm,CS-SCS,G0038
data/processed/classification/CS-SCS/CLS_01463.png,1,2000315S08083,SI,south_indian_ocean,,2000-11-12T12:00:00Z,CLS-IMG01308,Cyclonic Storm / Severe Cyclonic Storm,CS-SCS,G0916
data/processed/classification/CS-SCS/CLS_01464.png,1,2000333S11140,SI,south_indian_ocean,,2000-12-06T00:00:00Z,CLS-IMG01309,Cyclonic Storm / Severe Cyclonic Storm,CS-SCS,G0040
data/processed/classification/CS-SCS/CLS_01465.png,1,2000358N08086,NI,north_indian_ocean,bay_of_bengal,2000-12-27T21:00:00Z,CLS-IMG01310,Cyclonic Storm / Severe Cyclonic Storm,CS-SCS,G0041
data/processed/classification/CS-SCS/CLS_01466.png,1,2001018S12086,SI,south_indian_ocean,,2001-01-24T21:00:00Z,CLS-IMG01311,Cyclonic Storm / Severe Cyclonic Storm,CS-SCS,G0043
data/processed/classification/CS-SCS/CLS_01467.png,1,2001028S15128,SI,south_indian_ocean,,2001-01-30T03:00:00Z,CLS-IMG01312,Cyclonic Storm / Severe Cyclonic Storm,CS-SCS,G0917
data/processed/classification/CS-SCS/CLS_01474.png,1,2001054S15155,SP,pacific_ocean,southern_pacific,2001-02-25T21:00:00Z,CLS-IMG01318,Cyclonic Storm / Severe Cyclonic Storm,CS-SCS,G0048
data/processed/classification/CS-SCS/CLS_01475.png,1,2001054S15155,SP,pacific_ocean,southern_pacific,2001-02-26T18:00:00Z,CLS-IMG01319,Cyclonic Storm / Severe Cyclonic Storm,CS-SCS,G0048
data/processed/classification/CS-SCS/CLS_01476.png,1,2001054S15155,SI,south_indian_ocean,,2001-02-27T18:00:00Z,CLS-IMG01320,Cyclonic Storm / Severe Cyclonic Storm,CS-SCS,G0048
data/processed/classification/CS-SCS/CLS_01479.png,1,2001064S10052,SI,south_indian_ocean,,2001-03-10T00:00:00Z,CLS-IMG01323,Cyclonic Storm / Severe Cyclonic Storm,CS-SCS,G0919
data/processed/classification/CS-SCS/CLS_01482.png,1,2001091S11111,SI,south_indian_ocean,,2001-04-07T12:00:00Z,CLS-IMG01325,Cyclonic Storm / Severe Cyclonic Storm,CS-SCS,G0920
data/processed/classification/CS-SCS/CLS_01483.png,1,2001094S12172,SP,pacific_ocean,southern_pacific,2001-04-10T15:00:00Z,CLS-IMG01326,Cyclonic Storm / Severe Cyclonic Storm,CS-SCS,G0051
data/processed/classification/CS-SCS/CLS_01484.png,1,2001106S08137,SI,south_indian_ocean,,2001-04-18T12:00:00Z,CLS-IMG01327,Cyclonic Storm / Severe Cyclonic Storm,CS-SCS,G0052
data/processed/classification/CS-SCS/CLS_01485.png,1,2001171N12234,EP,pacific_ocean,eastern_pacific,2001-06-22T12:00:00Z,CLS-IMG01328,Cyclonic Storm / Severe Cyclonic Storm,CS-SCS,G0053
data/processed/classification/CS-SCS/CLS_01486.png,1,2001194N15252,EP,pacific_ocean,eastern_pacific,2001-07-13T21:00:00Z,CLS-IMG01329,Cyclonic Storm / Severe Cyclonic Storm,CS-SCS,G0055
data/processed/classification/CS-SCS/CLS_01487.png,1,2001202N14243,EP,pacific_ocean,eastern_pacific,2001-07-22T15:00:00Z,CLS-IMG01330,Cyclonic Storm / Severe Cyclonic Storm,CS-SCS,G0056
data/processed/classification/CS-SCS/CLS_01488.png,1,2001202N11266,EP,pacific_ocean,eastern_pacific,2001-07-26T06:00:00Z,CLS-IMG01331,Cyclonic Storm / Severe Cyclonic Storm,CS-SCS,G0921
data/processed/classification/CS-SCS/CLS_01489.png,1,2001206N14134,WP,pacific_ocean,western_pacific,2001-07-26T18:00:00Z,CLS-IMG01332,Cyclonic Storm / Severe Cyclonic Storm,CS-SCS,G0057
data/processed/classification/CS-SCS/CLS_01490.png,1,2001202N23152,WP,pacific_ocean,western_pacific,2001-07-28T03:00:00Z,CLS-IMG01333,Cyclonic Storm / Severe Cyclonic Storm,CS-SCS,G0057
data/processed/classification/CS-SCS/CLS_01491.png,1,2001225N18146,WP,pacific_ocean,western_pacific,2001-08-15T15:00:00Z,CLS-IMG01334,Cyclonic Storm / Severe Cyclonic Storm,CS-SCS,G0922
data/processed/classification/CS-SCS/CLS_01493.png,1,2001246N19156,WP,pacific_ocean,western_pacific,2001-09-04T09:00:00Z,CLS-IMG01336,Cyclonic Storm / Severe Cyclonic Storm,CS-SCS,G0923
data/processed/classification/CS-SCS/CLS_01495.png,1,2001254N15261,EP,pacific_ocean,eastern_pacific,2001-09-12T09:00:00Z,CLS-IMG01338,Cyclonic Storm / Severe Cyclonic Storm,CS-SCS,G0924
data/processed/classification/CS-SCS/CLS_01497.png,1,2001259N20138,WP,pacific_ocean,western_pacific,2001-09-18T15:00:00Z,CLS-IMG01339,Cyclonic Storm / Severe Cyclonic Storm,CS-SCS,G0925
data/processed/classification/CS-SCS/CLS_01498.png,1,2001266N10217,EP,pacific_ocean,eastern_pacific,2001-09-23T06:00:00Z,CLS-IMG01340,Cyclonic Storm / Severe Cyclonic Storm,CS-SCS,G0064
data/processed/classification/CS-SCS/CLS_01499.png,1,2001264N21126,WP,pacific_ocean,western_pacific,2001-09-28T09:00:00Z,CLS-IMG01341,Cyclonic Storm / Severe Cyclonic Storm,CS-SCS,G0066
data/processed/classification/CS-SCS/CLS_01500.png,1,2001275N12258,EP,pacific_ocean,eastern_pacific,2001-10-03T15:00:00Z,CLS-IMG01342,Cyclonic Storm / Severe Cyclonic Storm,CS-SCS,G0926
data/processed/classification/CS-SCS/CLS_01502.png,1,2001284N16132,WP,pacific_ocean,western_pacific,2001-10-12T21:00:00Z,CLS-IMG01343,Cyclonic Storm / Severe Cyclonic Storm,CS-SCS,G0927
data/processed/classification/CS-SCS/CLS_01505.png,1,2001304N12237,EP,pacific_ocean,eastern_pacific,2001-10-31T15:00:00Z,CLS-IMG01346,Cyclonic Storm / Severe Cyclonic Storm,CS-SCS,G0073
data/processed/classification/CS-SCS/CLS_01506.png,1,2001323N05107,WP,pacific_ocean,western_pacific,2001-11-20T21:00:00Z,CLS-IMG01347,Cyclonic Storm / Severe Cyclonic Storm,CS-SCS,G0076
data/processed/classification/CS-SCS/CLS_01509.png,1,2001320S11146,SI,south_indian_ocean,,2001-11-22T21:00:00Z,CLS-IMG01349,Cyclonic Storm / Severe Cyclonic Storm,CS-SCS,G0076
data/processed/classification/CS-SCS/CLS_01510.png,1,2001334S21200,SP,pacific_ocean,southern_pacific,2001-11-30T15:00:00Z,CLS-IMG01350,Cyclonic Storm / Severe Cyclonic Storm,CS-SCS,G0079
data/processed/classification/CS-SCS/CLS_01512.png,1,2001338N10130,WP,pacific_ocean,western_pacific,2001-12-07T12:00:00Z,CLS-IMG01352,Cyclonic Storm / Severe Cyclonic Storm,CS-SCS,G0930
data/processed/classification/CS-SCS/CLS_01513.png,1,2001347N04162,WP,pacific_ocean,western_pacific,2001-12-17T03:00:00Z,CLS-IMG01353,Cyclonic Storm / Severe Cyclonic Storm,CS-SCS,G0931
data/processed/classification/CS-SCS/CLS_01514.png,1,2001363S10185,SP,pacific_ocean,southern_pacific,2001-12-29T09:00:00Z,CLS-IMG01354,Cyclonic Storm / Severe Cyclonic Storm,CS-SCS,G0080
data/processed/classification/CS-SCS/CLS_01515.png,1,2001364S19036,SI,south_indian_ocean,,2002-01-01T18:00:00Z,CLS-IMG01355,Cyclonic Storm / Severe Cyclonic Storm,CS-SCS,G0083
data/processed/classification/CS-SCS/CLS_01516.png,1,2001365S12138,SP,pacific_ocean,southern_pacific,2002-01-03T18:00:00Z,CLS-IMG01356,Cyclonic Storm / Severe Cyclonic Storm,CS-SCS,G0082
data/processed/classification/CS-SCS/CLS_01517.png,1,2002008N07141,WP,pacific_ocean,western_pacific,2002-01-13T03:00:00Z,CLS-IMG01357,Cyclonic Storm / Severe Cyclonic Storm,CS-SCS,G0932
data/processed/classification/CS-SCS/CLS_01518.png,1,2002023S10089,SI,south_indian_ocean,,2002-01-27T15:00:00Z,CLS-IMG01358,Cyclonic Storm / Severe Cyclonic Storm,CS-SCS,G0084
data/processed/classification/CS-SCS/CLS_01519.png,1,2002042S20156,SP,pacific_ocean,southern_pacific,2002-02-13T03:00:00Z,CLS-IMG01359,Cyclonic Storm / Severe Cyclonic Storm,CS-SCS,G0086
data/processed/classification/CS-SCS/CLS_01520.png,1,2002042S20156,SP,pacific_ocean,southern_pacific,2002-02-13T15:00:00Z,CLS-IMG01360,Cyclonic Storm / Severe Cyclonic Storm,CS-SCS,G0086
data/processed/classification/CS-SCS/CLS_01521.png,1,2002054S17176,SP,pacific_ocean,southern_pacific,2002-02-24T12:00:00Z,CLS-IMG01361,Cyclonic Storm / Severe Cyclonic Storm,CS-SCS,G0087
data/processed/classification/CS-SCS/CLS_01522.png,1,2002054S17176,SP,pacific_ocean,southern_pacific,2002-02-25T03:00:00Z,CLS-IMG01362,Cyclonic Storm / Severe Cyclonic Storm,CS-SCS,G0087
data/processed/classification/CS-SCS/CLS_01525.png,1,2002081S08084,SI,south_indian_ocean,,2002-03-25T15:00:00Z,CLS-IMG01365,Cyclonic Storm / Severe Cyclonic Storm,CS-SCS,G0091
data/processed/classification/CS-SCS/CLS_01527.png,1,2002098S07133,SI,south_indian_ocean,,2002-04-13T18:00:00Z,CLS-IMG01367,Cyclonic Storm / Severe Cyclonic Storm,CS-SCS,G0094
data/processed/classification/CS-SCS/CLS_01530.png,1,2002122S07063,SI,south_indian_ocean,,2002-05-08T21:00:00Z,CLS-IMG01370,Cyclonic Storm / Severe Cyclonic Storm,CS-SCS,G0933
data/processed/classification/CS-SCS/CLS_01535.png,1,2002133N03150,WP,pacific_ocean,western_pacific,2002-05-21T06:00:00Z,CLS-IMG01375,Cyclonic Storm / Severe Cyclonic Storm,CS-SCS,G0934
data/processed/classification/CS-SCS/CLS_01538.png,1,2002145N11259,EP,pacific_ocean,eastern_pacific,2002-05-26T21:00:00Z,CLS-IMG01377,Cyclonic Storm / Severe Cyclonic Storm,CS-SCS,G0098
data/processed/classification/CS-SCS/CLS_01540.png,1,2002155N20112,WP,pacific_ocean,western_pacific,2002-06-08T00:00:00Z,CLS-IMG01379,Cyclonic Storm / Severe Cyclonic Storm,CS-SCS,G0099
data/processed/classification/CS-SCS/CLS_01542.png,1,2002178N04155,WP,pacific_ocean,western_pacific,2002-07-03T00:00:00Z,CLS-IMG01380,Cyclonic Storm / Severe Cyclonic Storm,CS-SCS,G0100
data/processed/classification/CS-SCS/CLS_01543.png,1,2002187N11160,WP,pacific_ocean,western_pacific,2002-07-08T12:00:00Z,CLS-IMG01381,Cyclonic Storm / Severe Cyclonic Storm,CS-SCS,G0100
data/processed/classification/CS-SCS/CLS_01544.png,1,2002189N21116,WP,pacific_ocean,western_pacific,2002-07-11T00:00:00Z,CLS-IMG01382,Cyclonic Storm / Severe Cyclonic Storm,CS-SCS,G0100
data/processed/classification/CS-SCS/CLS_01546.png,1,2002199N08130,WP,pacific_ocean,western_pacific,2002-07-20T12:00:00Z,CLS-IMG01384,Cyclonic Storm / Severe Cyclonic Storm,CS-SCS,G0936
data/processed/classification/CS-SCS/CLS_01547.png,1,2002195N11172,WP,pacific_ocean,western_pacific,2002-07-25T03:00:00Z,CLS-IMG01385,Cyclonic Storm / Severe Cyclonic Storm,CS-SCS,G0937
data/processed/classification/CS-SCS/CLS_01548.png,1,2002202N13254,EP,pacific_ocean,eastern_pacific,2002-07-25T18:00:00Z,CLS-IMG01386,Cyclonic Storm / Severe Cyclonic Storm,CS-SCS,G0102
data/processed/classification/CS-SCS/CLS_01550.png,1,2002222N11131,WP,pacific_ocean,western_pacific,2002-08-12T18:00:00Z,CLS-IMG01388,Cyclonic Storm / Severe Cyclonic Storm,CS-SCS,G0104
data/processed/classification/CS-SCS/CLS_01551.png,1,2002234N11221,EP,pacific_ocean,eastern_pacific,2002-08-25T00:00:00Z,CLS-IMG01389,Cyclonic Storm / Severe Cyclonic Storm,CS-SCS,G0105
data/processed/classification/CS-SCS/CLS_01552.png,1,2002238N15250,EP,pacific_ocean,eastern_pacific,2002-08-28T03:00:00Z,CLS-IMG01390,Cyclonic Storm / Severe Cyclonic Storm,CS-SCS,G0939
data/processed/classification/CS-SCS/CLS_01553.png,1,2002247S03067,SI,south_indian_ocean,,2002-09-07T09:00:00Z,CLS-IMG01391,Cyclonic Storm / Severe Cyclonic Storm,CS-SCS,G0940
data/processed/classification/CS-SCS/CLS_01556.png,1,2002268N15258,EP,pacific_ocean,eastern_pacific,2002-09-25T21:00:00Z,CLS-IMG01393,Cyclonic Storm / Severe Cyclonic Storm,CS-SCS,G0941
data/processed/classification/CS-SCS/CLS_01557.png,1,2002264N13114,WP,pacific_ocean,western_pacific,2002-09-26T06:00:00Z,CLS-IMG01394,Cyclonic Storm / Severe Cyclonic Storm,CS-SCS,G0942
data/processed/classification/CS-SCS/CLS_01558.png,1,2002268N15163,WP,pacific_ocean,western_pacific,2002-10-01T21:00:00Z,CLS-IMG01395,Cyclonic Storm / Severe Cyclonic Storm,CS-SCS,G0943
data/processed/classification/CS-SCS/CLS_01560.png,1,2002296N11230,EP,pacific_ocean,eastern_pacific,2002-10-28T09:00:00Z,CLS-IMG01397,Cyclonic Storm / Severe Cyclonic Storm,CS-SCS,G0945
data/processed/classification/CS-SCS/CLS_01563.png,1,2002314N12083,NI,north_indian_ocean,bay_of_bengal,2002-11-11T15:00:00Z,CLS-IMG01399,Cyclonic Storm / Severe Cyclonic Storm,CS-SCS,G0108
data/processed/classification/CS-SCS/CLS_01569.png,1,2002335S13182,SP,pacific_ocean,southern_pacific,2002-12-04T15:00:00Z,CLS-IMG01404,Cyclonic Storm / Severe Cyclonic Storm,CS-SCS,G0111
data/processed/classification/CS-SCS/CLS_01570.png,1,2002335S13182,SP,pacific_ocean,southern_pacific,2002-12-05T06:00:00Z,CLS-IMG01405,Cyclonic Storm / Severe Cyclonic Storm,CS-SCS,G0111
data/processed/classification/CS-SCS/CLS_01571.png,1,2002356S07070,SI,south_indian_ocean,,2002-12-24T09:00:00Z,CLS-IMG01406,Cyclonic Storm / Severe Cyclonic Storm,CS-SCS,G0113
data/processed/classification/CS-SCS/CLS_01572.png,1,2002364S16045,SI,south_indian_ocean,,2002-12-31T21:00:00Z,CLS-IMG01407,Cyclonic Storm / Severe Cyclonic Storm,CS-SCS,G0115
data/processed/classification/CS-SCS/CLS_01574.png,1,2003011N02180,WP,pacific_ocean,western_pacific,2003-01-19T06:00:00Z,CLS-IMG01409,Cyclonic Storm / Severe Cyclonic Storm,CS-SCS,G0117
data/processed/classification/CS-SCS/CLS_01579.png,1,2003037S12061,SI,south_indian_ocean,,2003-02-10T12:00:00Z,CLS-IMG01413,Cyclonic Storm / Severe Cyclonic Storm,CS-SCS,G0121
data/processed/classification/CS-SCS/CLS_01580.png,1,2003035S10099,SI,south_indian_ocean,,2003-02-11T18:00:00Z,CLS-IMG01414,Cyclonic Storm / Severe Cyclonic Storm,CS-SCS,G0120
data/processed/classification/CS-SCS/CLS_01581.png,1,2003056S17119,SI,south_indian_ocean,,2003-02-28T09:00:00Z,CLS-IMG01415,Cyclonic Storm / Severe Cyclonic Storm,CS-SCS,G0947
data/processed/classification/CS-SCS/CLS_01586.png,1,2003103S14180,SP,pacific_ocean,southern_pacific,2003-04-14T06:00:00Z,CLS-IMG01420,Cyclonic Storm / Severe Cyclonic Storm,CS-SCS,G0125
data/processed/classification/CS-SCS/CLS_01587.png,1,2003103S14180,SP,pacific_ocean,southern_pacific,2003-04-15T03:00:00Z,CLS-IMG01421,Cyclonic Storm / Severe Cyclonic Storm,CS-SCS,G0125
data/processed/classification/CS-SCS/CLS_01588.png,1,2003122S11065,SI,south_indian_ocean,,2003-05-09T15:00:00Z,CLS-IMG01422,Cyclonic Storm / Severe Cyclonic Storm,CS-SCS,G0949
data/processed/classification/CS-SCS/CLS_01589.png,1,2003129N05091,NI,north_indian_ocean,bay_of_bengal,2003-05-13T18:00:00Z,CLS-IMG01423,Cyclonic Storm / Severe Cyclonic Storm,CS-SCS,G0126
data/processed/classification/CS-SCS/CLS_01590.png,1,2003129N05091,NI,north_indian_ocean,bay_of_bengal,2003-05-14T12:00:00Z,CLS-IMG01424,Cyclonic Storm / Severe Cyclonic Storm,CS-SCS,G0126
data/processed/classification/CS-SCS/CLS_01591.png,1,2003140N10258,EP,pacific_ocean,eastern_pacific,2003-05-24T00:00:00Z,CLS-IMG01425,Cyclonic Storm / Severe Cyclonic Storm,CS-SCS,G0950
data/processed/classification/CS-SCS/CLS_01592.png,1,2003138N04148,WP,pacific_ocean,western_pacific,2003-05-26T03:00:00Z,CLS-IMG01426,Cyclonic Storm / Severe Cyclonic Storm,CS-SCS,G0127
data/processed/classification/CS-SCS/CLS_01593.png,1,2003155S10172,SP,pacific_ocean,southern_pacific,2003-06-05T21:00:00Z,CLS-IMG01427,Cyclonic Storm / Severe Cyclonic Storm,CS-SCS,G0128
data/processed/classification/CS-SCS/CLS_01594.png,1,2003155S10172,SP,pacific_ocean,southern_pacific,2003-06-08T21:00:00Z,CLS-IMG01428,Cyclonic Storm / Severe Cyclonic Storm,CS-SCS,G0128
data/processed/classification/CS-SCS/CLS_01601.png,1,2003226N07156,WP,pacific_ocean,western_pacific,2003-08-20T12:00:00Z,CLS-IMG01432,Cyclonic Storm / Severe Cyclonic Storm,CS-SCS,G0138
data/processed/classification/CS-SCS/CLS_01602.png,1,2003235N20253,EP,pacific_ocean,eastern_pacific,2003-08-26T03:00:00Z,CLS-IMG01433,Cyclonic Storm / Severe Cyclonic Storm,CS-SCS,G0951
data/processed/classification/CS-SCS/CLS_01604.png,1,2003247N10153,WP,pacific_ocean,western_pacific,2003-09-06T15:00:00Z,CLS-IMG01435,Cyclonic Storm / Severe Cyclonic Storm,CS-SCS,G0953
data/processed/classification/CS-SCS/CLS_01610.png,1,2003294N10260,EP,pacific_ocean,eastern_pacific,2003-10-21T03:00:00Z,CLS-IMG01438,Cyclonic Storm / Severe Cyclonic Storm,CS-SCS,G0954
data/processed/classification/CS-SCS/CLS_01611.png,1,2003295N09101,NI,north_indian_ocean,bay_of_bengal,2003-10-27T06:00:00Z,CLS-IMG01439,Cyclonic Storm / Severe Cyclonic Storm,CS-SCS,G0148
data/processed/classification/CS-SCS/CLS_01612.png,1,2003295N09101,NI,north_indian_ocean,bay_of_bengal,2003-10-27T21:00:00Z,CLS-IMG01440,Cyclonic Storm / Severe Cyclonic Storm,CS-SCS,G0148
data/processed/classification/CS-SCS/CLS_01613.png,1,2003302N11133,WP,pacific_ocean,western_pacific,2003-11-03T18:00:00Z,CLS-IMG01441,Cyclonic Storm / Severe Cyclonic Storm,CS-SCS,G0955
data/processed/classification/CS-SCS/CLS_01614.png,1,2003313S05079,SI,south_indian_ocean,,2003-11-18T06:00:00Z,CLS-IMG01442,Cyclonic Storm / Severe Cyclonic Storm,CS-SCS,G0149
data/processed/classification/CS-SCS/CLS_01615.png,1,2003340S07093,SI,south_indian_ocean,,2003-12-07T06:00:00Z,CLS-IMG01443,Cyclonic Storm / Severe Cyclonic Storm,CS-SCS,G0152
data/processed/classification/CS-SCS/CLS_01618.png,1,2003350S10140,SP,pacific_ocean,southern_pacific,2003-12-19T00:00:00Z,CLS-IMG01446,Cyclonic Storm / Severe Cyclonic Storm,CS-SCS,G0153
data/processed/classification/CS-SCS/CLS_01619.png,1,2003350S10140,SI,south_indian_ocean,,2003-12-19T21:00:00Z,CLS-IMG01447,Cyclonic Storm / Severe Cyclonic Storm,CS-SCS,G0153
data/processed/classification/CS-SCS/CLS_01620.png,1,2003358S06067,SI,south_indian_ocean,,2004-01-02T09:00:00Z,CLS-IMG01448,Cyclonic Storm / Severe Cyclonic Storm,CS-SCS,G0155
data/processed/classification/CS-SCS/CLS_01621.png,1,2004025S16044,SI,south_indian_ocean,,2004-01-27T09:00:00Z,CLS-IMG01449,Cyclonic Storm / Severe Cyclonic Storm,CS-SCS,G0158
data/processed/classification/CS-SCS/CLS_01622.png,1,2004028S06090,SI,south_indian_ocean,,2004-01-30T06:00:00Z,CLS-IMG01450,Cyclonic Storm / Severe Cyclonic Storm,CS-SCS,G0157
data/processed/classification/CS-SCS/CLS_01623.png,1,2004042N08148,WP,pacific_ocean,western_pacific,2004-02-14T03:00:00Z,CLS-IMG01451,Cyclonic Storm / Severe Cyclonic Storm,CS-SCS,G0956
data/processed/classification/CS-SCS/CLS_01624.png,1,2004056S18125,SI,south_indian_ocean,,2004-02-27T15:00:00Z,CLS-IMG01452,Cyclonic Storm / Severe Cyclonic Storm,CS-SCS,G0160
data/processed/classification/CS-SCS/CLS_01625.png,1,2004068S13089,SI,south_indian_ocean,,2004-03-09T18:00:00Z,CLS-IMG01453,Cyclonic Storm / Severe Cyclonic Storm,CS-SCS,G0957
data/processed/classification/CS-SCS/CLS_01627.png,1,2004081S15148,SP,pacific_ocean,southern_pacific,2004-03-21T18:00:00Z,CLS-IMG01455,Cyclonic Storm / Severe Cyclonic Storm,CS-SCS,G0162
data/processed/classification/CS-SCS/CLS_01633.png,1,2004125S08084,SI,south_indian_ocean,,2004-05-12T21:00:00Z,CLS-IMG01461,Cyclonic Storm / Severe Cyclonic Storm,CS-SCS,G0168
data/processed/classification/CS-SCS/CLS_01639.png,1,2004156N16117,WP,pacific_ocean,western_pacific,2004-06-06T18:00:00Z,CLS-IMG01467,Cyclonic Storm / Severe Cyclonic Storm,CS-SCS,G0959
data/processed/classification/CS-SCS/CLS_01640.png,1,2004158N07142,WP,pacific_ocean,western_pacific,2004-06-11T18:00:00Z,CLS-IMG01468,Cyclonic Storm / Severe Cyclonic Storm,CS-SCS,G0171
data/processed/classification/CS-SCS/CLS_01642.png,1,2004177N12154,WP,pacific_ocean,western_pacific,2004-06-27T21:00:00Z,CLS-IMG01470,Cyclonic Storm / Severe Cyclonic Storm,CS-SCS,G0961
data/processed/classification/CS-SCS/CLS_01644.png,1,2004201N14247,EP,pacific_ocean,eastern_pacific,2004-07-19T15:00:00Z,CLS-IMG01472,Cyclonic Storm / Severe Cyclonic Storm,CS-SCS,G0174
data/processed/classification/CS-SCS/CLS_01645.png,1,2004209N12247,EP,pacific_ocean,eastern_pacific,2004-07-27T09:00:00Z,CLS-IMG01473,Cyclonic Storm / Severe Cyclonic Storm,CS-SCS,G0963
data/processed/classification/CS-SCS/CLS_01647.png,1,2004219N15137,WP,pacific_ocean,western_pacific,2004-08-08T06:00:00Z,CLS-IMG01475,Cyclonic Storm / Severe Cyclonic Storm,CS-SCS,G0964
data/processed/classification/CS-SCS/CLS_01648.png,1,2004230N09172,WP,pacific_ocean,western_pacific,2004-08-20T00:00:00Z,CLS-IMG01476,Cyclonic Storm / Severe Cyclonic Storm,CS-SCS,G0965
data/processed/classification/CS-SCS/CLS_01650.png,1,2004231N09147,WP,pacific_ocean,western_pacific,2004-08-21T09:00:00Z,CLS-IMG01478,Cyclonic Storm / Severe Cyclonic Storm,CS-SCS,G0965
data/processed/classification/CS-SCS/CLS_01651.png,1,2004244N12257,EP,pacific_ocean,eastern_pacific,2004-08-31T03:00:00Z,CLS-IMG01479,Cyclonic Storm / Severe Cyclonic Storm,CS-SCS,G0182
data/processed/classification/CS-SCS/CLS_01653.png,1,2004248N14156,WP,pacific_ocean,western_pacific,2004-09-07T03:00:00Z,CLS-IMG01481,Cyclonic Storm / Severe Cyclonic Storm,CS-SCS,G0966
data/processed/classification/CS-SCS/CLS_01654.png,1,2004279N14249,EP,pacific_ocean,eastern_pacific,2004-10-05T09:00:00Z,CLS-IMG01482,Cyclonic Storm / Severe Cyclonic Storm,CS-SCS,G0185
data/processed/classification/CS-SCS/CLS_01655.png,1,2004275N14139,WP,pacific_ocean,western_pacific,2004-10-05T21:00:00Z,CLS-IMG01483,Cyclonic Storm / Severe Cyclonic Storm,CS-SCS,G0967
data/processed/classification/CS-SCS/CLS_01657.png,1,2004288N09164,WP,pacific_ocean,western_pacific,2004-10-25T21:00:00Z,CLS-IMG01484,Cyclonic Storm / Severe Cyclonic Storm,CS-SCS,G0186
data/processed/classification/CS-SCS/CLS_01659.png,1,2004312S05085,SI,south_indian_ocean,,2004-11-09T12:00:00Z,CLS-IMG01485,Cyclonic Storm / Severe Cyclonic Storm,CS-SCS,G0190
data/processed/classification/CS-SCS/CLS_01660.png,1,2004333N06154,WP,pacific_ocean,western_pacific,2004-11-29T06:00:00Z,CLS-IMG01486,Cyclonic Storm / Severe Cyclonic Storm,CS-SCS,G0192
data/processed/classification/CS-SCS/CLS_01662.png,1,2004344N06178,WP,pacific_ocean,western_pacific,2004-12-13T03:00:00Z,CLS-IMG01488,Cyclonic Storm / Severe Cyclonic Storm,CS-SCS,G0194
data/processed/classification/CS-SCS/CLS_01663.png,1,2004352N10154,WP,pacific_ocean,western_pacific,2004-12-18T18:00:00Z,CLS-IMG01489,Cyclonic Storm / Severe Cyclonic Storm,CS-SCS,G0195
data/processed/classification/CS-SCS/CLS_01665.png,1,2005006S09099,SI,south_indian_ocean,,2005-01-09T15:00:00Z,CLS-IMG01491,Cyclonic Storm / Severe Cyclonic Storm,CS-SCS,G0197
data/processed/classification/CS-SCS/CLS_01669.png,1,2005013N05153,WP,pacific_ocean,western_pacific,2005-01-15T15:00:00Z,CLS-IMG01495,Cyclonic Storm / Severe Cyclonic Storm,CS-SCS,G0199
data/processed/classification/CS-SCS/CLS_01670.png,1,2005015S06089,SI,south_indian_ocean,,2005-01-18T09:00:00Z,CLS-IMG01496,Cyclonic Storm / Severe Cyclonic Storm,CS-SCS,G0969
data/processed/classification/CS-SCS/CLS_01671.png,1,2005017S09061,SI,south_indian_ocean,,2005-01-20T06:00:00Z,CLS-IMG01497,Cyclonic Storm / Severe Cyclonic Storm,CS-SCS,G0200
data/processed/classification/CS-SCS/CLS_01672.png,1,2005022S14112,SI,south_indian_ocean,,2005-01-23T18:00:00Z,CLS-IMG01498,Cyclonic Storm / Severe Cyclonic Storm,CS-SCS,G0201
data/processed/classification/CS-SCS/CLS_01673.png,1,2005029S11072,SI,south_indian_ocean,,2005-02-04T06:00:00Z,CLS-IMG01499,Cyclonic Storm / Severe Cyclonic Storm,CS-SCS,G0202
data/processed/classification/CS-SCS/CLS_01674.png,1,2005035S14136,SP,pacific_ocean,southern_pacific,2005-02-06T21:00:00Z,CLS-IMG01500,Cyclonic Storm / Severe Cyclonic Storm,CS-SCS,G0204
data/processed/classification/CS-SCS/CLS_01676.png,1,2005035S14136,SP,pacific_ocean,southern_pacific,2005-02-07T15:00:00Z,CLS-IMG01502,Cyclonic Storm / Severe Cyclonic Storm,CS-SCS,G0204
data/processed/classification/CS-SCS/CLS_01677.png,1,2005042S12190,SP,pacific_ocean,southern_pacific,2005-02-12T21:00:00Z,CLS-IMG01503,Cyclonic Storm / Severe Cyclonic Storm,CS-SCS,G0205
data/processed/classification/CS-SCS/CLS_01678.png,1,2005060S12179,SP,pacific_ocean,southern_pacific,2005-03-06T03:00:00Z,CLS-IMG01504,Cyclonic Storm / Severe Cyclonic Storm,CS-SCS,G0206
data/processed/classification/CS-SCS/CLS_01679.png,1,2005067S12120,SI,south_indian_ocean,,2005-03-14T00:00:00Z,CLS-IMG01505,Cyclonic Storm / Severe Cyclonic Storm,CS-SCS,G0207
data/processed/classification/CS-SCS/CLS_01681.png,1,2005079S10067,SI,south_indian_ocean,,2005-03-23T18:00:00Z,CLS-IMG01507,Cyclonic Storm / Severe Cyclonic Storm,CS-SCS,G0208
data/processed/classification/CS-SCS/CLS_01684.png,1,2005148N06156,WP,pacific_ocean,western_pacific,2005-05-30T21:00:00Z,CLS-IMG01509,Cyclonic Storm / Severe Cyclonic Storm,CS-SCS,G0973
data/processed/classification/CS-SCS/CLS_01686.png,1,2005185N15261,EP,pacific_ocean,eastern_pacific,2005-07-05T12:00:00Z,CLS-IMG01511,Cyclonic Storm / Severe Cyclonic Storm,CS-SCS,G0211
data/processed/classification/CS-SCS/CLS_01687.png,1,2005199N15256,EP,pacific_ocean,eastern_pacific,2005-07-18T12:00:00Z,CLS-IMG01512,Cyclonic Storm / Severe Cyclonic Storm,CS-SCS,G0975
data/processed/classification/CS-SCS/CLS_01688.png,1,2005199N21168,WP,pacific_ocean,western_pacific,2005-07-22T00:00:00Z,CLS-IMG01513,Cyclonic Storm / Severe Cyclonic Storm,CS-SCS,G0976
data/processed/classification/CS-SCS/CLS_01689.png,1,2005211N09141,WP,pacific_ocean,western_pacific,2005-08-01T18:00:00Z,CLS-IMG01514,Cyclonic Storm / Severe Cyclonic Storm,CS-SCS,G0977
data/processed/classification/CS-SCS/CLS_01691.png,1,2005222N14131,WP,pacific_ocean,western_pacific,2005-08-11T21:00:00Z,CLS-IMG01516,Cyclonic Storm / Severe Cyclonic Storm,CS-SCS,G0979
data/processed/classification/CS-SCS/CLS_01692.png,1,2005223N13251,EP,pacific_ocean,eastern_pacific,2005-08-13T00:00:00Z,CLS-IMG01517,Cyclonic Storm / Severe Cyclonic Storm,CS-SCS,G0213
data/processed/classification/CS-SCS/CLS_01698.png,1,2005248N08142,WP,pacific_ocean,western_pacific,2005-09-05T21:00:00Z,CLS-IMG01521,Cyclonic Storm / Severe Cyclonic Storm,CS-SCS,G0981
data/processed/classification/CS-SCS/CLS_01699.png,1,2005257N15120,WP,pacific_ocean,western_pacific,2005-09-17T03:00:00Z,CLS-IMG01522,Cyclonic Storm / Severe Cyclonic Storm,CS-SCS,G0982
data/processed/classification/CS-SCS/CLS_01700.png,1,2005261N13245,EP,pacific_ocean,eastern_pacific,2005-09-18T09:00:00Z,CLS-IMG01523,Cyclonic Storm / Severe Cyclonic Storm,CS-SCS,G0217
data/processed/classification/CS-SCS/CLS_01701.png,1,2005261N14252,EP,pacific_ocean,eastern_pacific,2005-09-21T15:00:00Z,CLS-IMG01524,Cyclonic Storm / Severe Cyclonic Storm,CS-SCS,G0217
data/processed/classification/CS-SCS/CLS_01706.png,1,2005271N17255,EP,pacific_ocean,eastern_pacific,2005-10-03T06:00:00Z,CLS-IMG01529,Cyclonic Storm / Severe Cyclonic Storm,CS-SCS,G0985
data/processed/classification/CS-SCS/CLS_01708.png,1,2005298N12088,NI,north_indian_ocean,bay_of_bengal,2005-10-27T03:00:00Z,CLS-IMG01531,Cyclonic Storm / Severe Cyclonic Storm,CS-SCS,G0221
data/processed/classification/CS-SCS/CLS_01709.png,1,2005308S07098,SI,south_indian_ocean,,2005-11-06T18:00:00Z,CLS-IMG01532,Cyclonic Storm / Severe Cyclonic Storm,CS-SCS,G0222
data/processed/classification/CS-SCS/CLS_01710.png,1,2005330N09096,NI,north_indian_ocean,bay_of_bengal,2005-11-28T12:00:00Z,CLS-IMG01533,Cyclonic Storm / Severe Cyclonic Storm,CS-SCS,G0225
data/processed/classification/CS-SCS/CLS_01711.png,1,2005330N09096,NI,north_indian_ocean,bay_of_bengal,2005-11-30T12:00:00Z,CLS-IMG01534,Cyclonic Storm / Severe Cyclonic Storm,CS-SCS,G0225
data/processed/classification/CS-SCS/CLS_01712.png,1,2005330N09096,NI,north_indian_ocean,bay_of_bengal,2005-12-01T09:00:00Z,CLS-IMG01535,Cyclonic Storm / Severe Cyclonic Storm,CS-SCS,G0225
data/processed/classification/CS-SCS/CLS_01715.png,1,2005350N08127,WP,pacific_ocean,western_pacific,2005-12-18T21:00:00Z,CLS-IMG01538,Cyclonic Storm / Severe Cyclonic Storm,CS-SCS,G0986
data/processed/classification/CS-SCS/CLS_01718.png,1,2006007S15182,SP,pacific_ocean,southern_pacific,2006-01-13T06:00:00Z,CLS-IMG01541,Cyclonic Storm / Severe Cyclonic Storm,CS-SCS,G0228
data/processed/classification/CS-SCS/CLS_01719.png,1,2006012N03081,NI,north_indian_ocean,arabian_sea,2006-01-13T12:00:00Z,CLS-IMG01542,Cyclonic Storm / Severe Cyclonic Storm,CS-SCS,G0229
data/processed/classification/CS-SCS/CLS_01720.png,1,2006007S15182,SP,pacific_ocean,southern_pacific,2006-01-13T21:00:00Z,CLS-IMG01543,Cyclonic Storm / Severe Cyclonic Storm,CS-SCS,G0228
data/processed/classification/CS-SCS/CLS_01721.png,1,2006012N03081,NI,north_indian_ocean,arabian_sea,2006-01-14T00:00:00Z,CLS-IMG01544,Cyclonic Storm / Severe Cyclonic Storm,CS-SCS,G0229
data/processed/classification/CS-SCS/CLS_01722.png,1,2006013S13184,SP,pacific_ocean,southern_pacific,2006-01-14T03:00:00Z,CLS-IMG01545,Cyclonic Storm / Severe Cyclonic Storm,CS-SCS,G0228
data/processed/classification/CS-SCS/CLS_01723.png,1,2006012N03081,NI,north_indian_ocean,arabian_sea,2006-01-14T15:00:00Z,CLS-IMG01546,Cyclonic Storm / Severe Cyclonic Storm,CS-SCS,G0229
data/processed/classification/CS-SCS/CLS_01724.png,1,2006013S13184,SP,pacific_ocean,southern_pacific,2006-01-14T21:00:00Z,CLS-IMG01547,Cyclonic Storm / Severe Cyclonic Storm,CS-SCS,G0228
data/processed/classification/CS-SCS/CLS_01726.png,1,2006025S18147,SP,pacific_ocean,southern_pacific,2006-01-28T18:00:00Z,CLS-IMG01548,Cyclonic Storm / Severe Cyclonic Storm,CS-SCS,G0989
data/processed/classification/CS-SCS/CLS_01728.png,1,2006025S18147,SP,pacific_ocean,southern_pacific,2006-02-01T12:00:00Z,CLS-IMG01550,Cyclonic Storm / Severe Cyclonic Storm,CS-SCS,G0989
data/processed/classification/CS-SCS/CLS_01729.png,1,2006040S15181,SP,pacific_ocean,southern_pacific,2006-02-11T21:00:00Z,CLS-IMG01551,Cyclonic Storm / Severe Cyclonic Storm,CS-SCS,G0231
data/processed/classification/CS-SCS/CLS_01730.png,1,2006040S15181,SP,pacific_ocean,southern_pacific,2006-02-15T15:00:00Z,CLS-IMG01552,Cyclonic Storm / Severe Cyclonic Storm,CS-SCS,G0231
data/processed/classification/CS-SCS/CLS_01732.png,1,2006054S09082,SI,south_indian_ocean,,2006-02-23T06:00:00Z,CLS-IMG01554,Cyclonic Storm / Severe Cyclonic Storm,CS-SCS,G0991
data/processed/classification/CS-SCS/CLS_01733.png,1,2006053S11144,SP,pacific_ocean,southern_pacific,2006-02-23T18:00:00Z,CLS-IMG01555,Cyclonic Storm / Severe Cyclonic Storm,CS-SCS,G0992
data/processed/classification/CS-SCS/CLS_01735.png,1,2006060N04141,WP,pacific_ocean,western_pacific,2006-03-05T06:00:00Z,CLS-IMG01556,Cyclonic Storm / Severe Cyclonic Storm,CS-SCS,G0993
data/processed/classification/CS-SCS/CLS_01737.png,1,2006074S13158,SP,pacific_ocean,southern_pacific,2006-03-18T03:00:00Z,CLS-IMG01558,Cyclonic Storm / Severe Cyclonic Storm,CS-SCS,G0235
data/processed/classification/CS-SCS/CLS_01738.png,1,2006093S15115,SI,south_indian_ocean,,2006-04-05T18:00:00Z,CLS-IMG01559,Cyclonic Storm / Severe Cyclonic Storm,CS-SCS,G0994
data/processed/classification/CS-SCS/CLS_01740.png,1,2006147N15259,EP,pacific_ocean,eastern_pacific,2006-05-29T03:00:00Z,CLS-IMG01561,Cyclonic Storm / Severe Cyclonic Storm,CS-SCS,G0996
data/processed/classification/CS-SCS/CLS_01741.png,1,2006174N08135,WP,pacific_ocean,western_pacific,2006-06-27T18:00:00Z,CLS-IMG01562,Cyclonic Storm / Severe Cyclonic Storm,CS-SCS,G0997
data/processed/classification/CS-SCS/CLS_01742.png,1,2006188N10143,WP,pacific_ocean,western_pacific,2006-07-12T00:00:00Z,CLS-IMG01563,Cyclonic Storm / Severe Cyclonic Storm,CS-SCS,G0998
data/processed/classification/CS-SCS/CLS_01743.png,1,2006193N13258,EP,pacific_ocean,eastern_pacific,2006-07-12T21:00:00Z,CLS-IMG01564,Cyclonic Storm / Severe Cyclonic Storm,CS-SCS,G0239
data/processed/classification/CS-SCS/CLS_01744.png,1,2006192N13250,EP,pacific_ocean,eastern_pacific,2006-07-15T00:00:00Z,CLS-IMG01565,Cyclonic Storm / Severe Cyclonic Storm,CS-SCS,G0239
data/processed/classification/CS-SCS/CLS_01746.png,1,2006213N13256,EP,pacific_ocean,eastern_pacific,2006-08-01T15:00:00Z,CLS-IMG01566,Cyclonic Storm / Severe Cyclonic Storm,CS-SCS,G0240
data/processed/classification/CS-SCS/CLS_01747.png,1,2006213N14239,EP,pacific_ocean,eastern_pacific,2006-08-02T15:00:00Z,CLS-IMG01567,Cyclonic Storm / Severe Cyclonic Storm,CS-SCS,G0999
data/processed/classification/CS-SCS/CLS_01748.png,1,2006209N13130,WP,pacific_ocean,western_pacific,2006-08-04T00:00:00Z,CLS-IMG01568,Cyclonic Storm / Severe Cyclonic Storm,CS-SCS,G1000
data/processed/classification/CS-SCS/CLS_01749.png,1,2006217N20134,WP,pacific_ocean,western_pacific,2006-08-07T15:00:00Z,CLS-IMG01569,Cyclonic Storm / Severe Cyclonic Storm,CS-SCS,G0241
data/processed/classification/CS-SCS/CLS_01751.png,1,2006228N13247,EP,pacific_ocean,eastern_pacific,2006-08-21T09:00:00Z,CLS-IMG01571,Cyclonic Storm / Severe Cyclonic Storm,CS-SCS,G0244
data/processed/classification/CS-SCS/CLS_01754.png,1,2006262N19069,NI,north_indian_ocean,arabian_sea,2006-09-23T09:00:00Z,CLS-IMG01573,Cyclonic Storm / Severe Cyclonic Storm,CS-SCS,G0249
data/processed/classification/CS-SCS/CLS_01759.png,1,2006294S10168,SP,pacific_ocean,southern_pacific,2006-10-22T09:00:00Z,CLS-IMG01577,Cyclonic Storm / Severe Cyclonic Storm,CS-SCS,G0255
data/processed/classification/CS-SCS/CLS_01760.png,1,2006298N12143,WP,pacific_ocean,western_pacific,2006-10-27T06:00:00Z,CLS-IMG01578,Cyclonic Storm / Severe Cyclonic Storm,CS-SCS,G1002
data/processed/classification/CS-SCS/CLS_01761.png,1,2006300N07078,NI,north_indian_ocean,bay_of_bengal,2006-10-29T06:00:00Z,CLS-IMG01579,Cyclonic Storm / Severe Cyclonic Storm,CS-SCS,G1003
data/processed/classification/CS-SCS/CLS_01762.png,1,2006300N07078,NI,north_indian_ocean,bay_of_bengal,2006-10-29T18:00:00Z,CLS-IMG01580,Cyclonic Storm / Severe Cyclonic Storm,CS-SCS,G1003
data/processed/classification/CS-SCS/CLS_01763.png,1,2006300N07078,NI,north_indian_ocean,bay_of_bengal,2006-10-30T06:00:00Z,CLS-IMG01581,Cyclonic Storm / Severe Cyclonic Storm,CS-SCS,G1003
data/processed/classification/CS-SCS/CLS_01764.png,1,2006312N13256,EP,pacific_ocean,eastern_pacific,2006-11-09T09:00:00Z,CLS-IMG01582,Cyclonic Storm / Severe Cyclonic Storm,CS-SCS,G1004
data/processed/classification/CS-SCS/CLS_01767.png,1,2006322S09172,SP,pacific_ocean,southern_pacific,2006-11-22T03:00:00Z,CLS-IMG01585,Cyclonic Storm / Severe Cyclonic Storm,CS-SCS,G0258
data/processed/classification/CS-SCS/CLS_01769.png,1,2006322S09172,SP,pacific_ocean,southern_pacific,2006-11-24T09:00:00Z,CLS-IMG01586,Cyclonic Storm / Severe Cyclonic Storm,CS-SCS,G0258
data/processed/classification/CS-SCS/CLS_01771.png,1,2006330S06049,SI,south_indian_ocean,,2006-11-30T03:00:00Z,CLS-IMG01587,Cyclonic Storm / Severe Cyclonic Storm,CS-SCS,G1006
data/processed/classification/CS-SCS/CLS_01773.png,1,2006340N08142,WP,pacific_ocean,western_pacific,2006-12-08T15:00:00Z,CLS-IMG01589,Cyclonic Storm / Severe Cyclonic Storm,CS-SCS,G1007
data/processed/classification/CS-SCS/CLS_01774.png,1,2006364S12058,SI,south_indian_ocean,,2007-01-02T00:00:00Z,CLS-IMG01590,Cyclonic Storm / Severe Cyclonic Storm,CS-SCS,G0261
data/processed/classification/CS-SCS/CLS_01776.png,1,2007021S12195,SP,pacific_ocean,southern_pacific,2007-01-23T00:00:00Z,CLS-IMG01591,Cyclonic Storm / Severe Cyclonic Storm,CS-SCS,G0263
data/processed/classification/CS-SCS/CLS_01777.png,1,2007021S12195,SP,pacific_ocean,southern_pacific,2007-01-24T00:00:00Z,CLS-IMG01592,Cyclonic Storm / Severe Cyclonic Storm,CS-SCS,G0263
data/processed/classification/CS-SCS/CLS_01778.png,1,2007021S12183,SP,pacific_ocean,southern_pacific,2007-01-25T09:00:00Z,CLS-IMG01593,Cyclonic Storm / Severe Cyclonic Storm,CS-SCS,G0263
data/processed/classification/CS-SCS/CLS_01779.png,1,2007021S12183,SP,pacific_ocean,southern_pacific,2007-01-26T03:00:00Z,CLS-IMG01594,Cyclonic Storm / Severe Cyclonic Storm,CS-SCS,G0263
data/processed/classification/CS-SCS/CLS_01780.png,1,2007021S12183,SP,pacific_ocean,southern_pacific,2007-01-27T03:00:00Z,CLS-IMG01595,Cyclonic Storm / Severe Cyclonic Storm,CS-SCS,G0263
data/processed/classification/CS-SCS/CLS_01781.png,1,2007033S12177,SP,pacific_ocean,southern_pacific,2007-02-04T06:00:00Z,CLS-IMG01596,Cyclonic Storm / Severe Cyclonic Storm,CS-SCS,G0264
data/processed/classification/CS-SCS/CLS_01785.png,1,2007058S12135,SI,south_indian_ocean,,2007-03-06T12:00:00Z,CLS-IMG01598,Cyclonic Storm / Severe Cyclonic Storm,CS-SCS,G1008
data/processed/classification/CS-SCS/CLS_01786.png,1,2007062S14119,SI,south_indian_ocean,,2007-03-07T00:00:00Z,CLS-IMG01599,Cyclonic Storm / Severe Cyclonic Storm,CS-SCS,G1008
data/processed/classification/CS-SCS/CLS_01790.png,1,2007091S14175,SP,pacific_ocean,southern_pacific,2007-04-04T12:00:00Z,CLS-IMG01602,Cyclonic Storm / Severe Cyclonic Storm,CS-SCS,G0269
data/processed/classification/CS-SCS/CLS_01791.png,1,2007091S14175,SP,pacific_ocean,southern_pacific,2007-04-05T00:00:00Z,CLS-IMG01603,Cyclonic Storm / Severe Cyclonic Storm,CS-SCS,G0269
data/processed/classification/CS-SCS/CLS_01792.png,1,2007091S14175,SP,pacific_ocean,southern_pacific,2007-04-06T09:00:00Z,CLS-IMG01604,Cyclonic Storm / Severe Cyclonic Storm,CS-SCS,G0269
data/processed/classification/CS-SCS/CLS_01793.png,1,2007133N15091,NI,north_indian_ocean,bay_of_bengal,2007-05-14T00:00:00Z,CLS-IMG01605,Cyclonic Storm / Severe Cyclonic Storm,CS-SCS,G1010
data/processed/classification/CS-SCS/CLS_01795.png,1,2007150N14263,EP,pacific_ocean,eastern_pacific,2007-06-01T21:00:00Z,CLS-IMG01607,Cyclonic Storm / Severe Cyclonic Storm,CS-SCS,G1011
data/processed/classification/CS-SCS/CLS_01797.png,1,2007184N16112,WP,pacific_ocean,western_pacific,2007-07-05T00:00:00Z,CLS-IMG01609,Cyclonic Storm / Severe Cyclonic Storm,CS-SCS,G1012
data/processed/classification/CS-SCS/CLS_01799.png,1,2007196N11234,EP,pacific_ocean,eastern_pacific,2007-07-16T00:00:00Z,CLS-IMG01610,Cyclonic Storm / Severe Cyclonic Storm,CS-SCS,G0275
data/processed/classification/CS-SCS/CLS_01800.png,1,2007203N13255,EP,pacific_ocean,eastern_pacific,2007-07-25T00:00:00Z,CLS-IMG01611,Cyclonic Storm / Severe Cyclonic Storm,CS-SCS,G1013
data/processed/classification/CS-SCS/CLS_01802.png,1,2007213N13238,EP,pacific_ocean,eastern_pacific,2007-08-01T00:00:00Z,CLS-IMG01613,Cyclonic Storm / Severe Cyclonic Storm,CS-SCS,G1015
data/processed/classification/CS-SCS/CLS_01804.png,1,2007242N19251,EP,pacific_ocean,eastern_pacific,2007-08-29T21:00:00Z,CLS-IMG01615,Cyclonic Storm / Severe Cyclonic Storm,CS-SCS,G0279
data/processed/classification/CS-SCS/CLS_01805.png,1,2007242N13264,EP,pacific_ocean,eastern_pacific,2007-09-06T03:00:00Z,CLS-IMG01616,Cyclonic Storm / Severe Cyclonic Storm,CS-SCS,G0278
data/processed/classification/CS-SCS/CLS_01806.png,1,2007249N24161,WP,pacific_ocean,western_pacific,2007-09-08T18:00:00Z,CLS-IMG01617,Cyclonic Storm / Severe Cyclonic Storm,CS-SCS,G0280
data/processed/classification/CS-SCS/CLS_01808.png,1,2007261N13254,EP,pacific_ocean,eastern_pacific,2007-09-19T09:00:00Z,CLS-IMG01618,Cyclonic Storm / Severe Cyclonic Storm,CS-SCS,G0281
data/processed/classification/CS-SCS/CLS_01810.png,1,2007274N28173,WP,pacific_ocean,western_pacific,2007-10-05T00:00:00Z,CLS-IMG01620,Cyclonic Storm / Severe Cyclonic Storm,CS-SCS,G1017
data/processed/classification/CS-SCS/CLS_01811.png,1,2007282N19181,WP,pacific_ocean,western_pacific,2007-10-13T21:00:00Z,CLS-IMG01621,Cyclonic Storm / Severe Cyclonic Storm,CS-SCS,G0285
data/processed/classification/CS-SCS/CLS_01812.png,1,2007288N15251,EP,pacific_ocean,eastern_pacific,2007-10-19T18:00:00Z,CLS-IMG01622,Cyclonic Storm / Severe Cyclonic Storm,CS-SCS,G1018
data/processed/classification/CS-SCS/CLS_01813.png,1,2007298N18136,WP,pacific_ocean,western_pacific,2007-10-26T18:00:00Z,CLS-IMG01623,Cyclonic Storm / Severe Cyclonic Storm,CS-SCS,G1019
data/processed/classification/CS-SCS/CLS_01814.png,1,2007300N11068,NI,north_indian_ocean,arabian_sea,2007-10-28T00:00:00Z,CLS-IMG01624,Cyclonic Storm / Severe Cyclonic Storm,CS-SCS,G0286
data/processed/classification/CS-SCS/CLS_01815.png,1,2007300N11068,NI,north_indian_ocean,arabian_sea,2007-10-28T21:00:00Z,CLS-IMG01625,Cyclonic Storm / Severe Cyclonic Storm,CS-SCS,G0286
data/processed/classification/CS-SCS/CLS_01816.png,1,2007300N11068,NI,north_indian_ocean,arabian_sea,2007-10-29T09:00:00Z,CLS-IMG01626,Cyclonic Storm / Severe Cyclonic Storm,CS-SCS,G0286
data/processed/classification/CS-SCS/CLS_01817.png,1,2007306N18133,WP,pacific_ocean,western_pacific,2007-11-03T15:00:00Z,CLS-IMG01627,Cyclonic Storm / Severe Cyclonic Storm,CS-SCS,G1020
data/processed/classification/CS-SCS/CLS_01818.png,1,2007317S10150,SP,pacific_ocean,southern_pacific,2007-11-14T09:00:00Z,CLS-IMG01628,Cyclonic Storm / Severe Cyclonic Storm,CS-SCS,G0287
data/processed/classification/CS-SCS/CLS_01819.png,1,2007315S05095,SI,south_indian_ocean,,2007-11-15T15:00:00Z,CLS-IMG01629,Cyclonic Storm / Severe Cyclonic Storm,CS-SCS,G0288
data/processed/classification/CS-SCS/CLS_01820.png,1,2007317S10150,SP,pacific_ocean,southern_pacific,2007-11-17T00:00:00Z,CLS-IMG01630,Cyclonic Storm / Severe Cyclonic Storm,CS-SCS,G0287
data/processed/classification/CS-SCS/CLS_01821.png,1,2007322S06075,SI,south_indian_ocean,,2007-11-21T00:00:00Z,CLS-IMG01631,Cyclonic Storm / Severe Cyclonic Storm,CS-SCS,G0288
data/processed/classification/CS-SCS/CLS_01822.png,1,2007323N09128,WP,pacific_ocean,western_pacific,2007-11-21T12:00:00Z,CLS-IMG01632,Cyclonic Storm / Severe Cyclonic Storm,CS-SCS,G1021
data/processed/classification/CS-SCS/CLS_01823.png,1,2007324N10140,WP,pacific_ocean,western_pacific,2007-11-27T00:00:00Z,CLS-IMG01633,Cyclonic Storm / Severe Cyclonic Storm,CS-SCS,G1021
data/processed/classification/CS-SCS/CLS_01824.png,1,2007337S12186,SP,pacific_ocean,southern_pacific,2007-12-05T12:00:00Z,CLS-IMG01634,Cyclonic Storm / Severe Cyclonic Storm,CS-SCS,G0290
data/processed/classification/CS-SCS/CLS_01825.png,1,2007346S12073,SI,south_indian_ocean,,2007-12-18T09:00:00Z,CLS-IMG01635,Cyclonic Storm / Severe Cyclonic Storm,CS-SCS,G1022
data/processed/classification/CS-SCS/CLS_01826.png,1,2007352S12088,SI,south_indian_ocean,,2007-12-19T12:00:00Z,CLS-IMG01636,Cyclonic Storm / Severe Cyclonic Storm,CS-SCS,G1023
data/processed/classification/CS-SCS/CLS_01827.png,1,2007360S10116,SI,south_indian_ocean,,2007-12-31T12:00:00Z,CLS-IMG01637,Cyclonic Storm / Severe Cyclonic Storm,CS-SCS,G0291
data/processed/classification/CS-SCS/CLS_01828.png,1,2007363S20043,SI,south_indian_ocean,,2007-12-31T21:00:00Z,CLS-IMG01638,Cyclonic Storm / Severe Cyclonic Storm,CS-SCS,G1024
data/processed/classification/CS-SCS/CLS_01829.png,1,2007365S15134,SI,south_indian_ocean,,2008-01-04T12:00:00Z,CLS-IMG01639,Cyclonic Storm / Severe Cyclonic Storm,CS-SCS,G0292
data/processed/classification/CS-SCS/CLS_01830.png,1,2008008S18184,SP,pacific_ocean,southern_pacific,2008-01-10T06:00:00Z,CLS-IMG01640,Cyclonic Storm / Severe Cyclonic Storm,CS-SCS,G0293
data/processed/classification/CS-SCS/CLS_01831.png,1,2008008S18184,SP,pacific_ocean,southern_pacific,2008-01-10T18:00:00Z,CLS-IMG01641,Cyclonic Storm / Severe Cyclonic Storm,CS-SCS,G0293
data/processed/classification/CS-SCS/CLS_01832.png,1,2008012N12123,WP,pacific_ocean,western_pacific,2008-01-14T03:00:00Z,CLS-IMG01642,Cyclonic Storm / Severe Cyclonic Storm,CS-SCS,G1025
data/processed/classification/CS-SCS/CLS_01838.png,1,2008060S19151,SP,pacific_ocean,southern_pacific,2008-02-29T12:00:00Z,CLS-IMG01646,Cyclonic Storm / Severe Cyclonic Storm,CS-SCS,G0299
data/processed/classification/CS-SCS/CLS_01839.png,1,2008062S10064,SI,south_indian_ocean,,2008-03-06T06:00:00Z,CLS-IMG01647,Cyclonic Storm / Severe Cyclonic Storm,CS-SCS,G1027
data/processed/classification/CS-SCS/CLS_01842.png,1,2008080S17163,SP,pacific_ocean,southern_pacific,2008-03-21T03:00:00Z,CLS-IMG01649,Cyclonic Storm / Severe Cyclonic Storm,CS-SCS,G0302
data/processed/classification/CS-SCS/CLS_01844.png,1,2008079S12069,SI,south_indian_ocean,,2008-03-22T09:00:00Z,CLS-IMG01650,Cyclonic Storm / Severe Cyclonic Storm,CS-SCS,G0301
data/processed/classification/CS-SCS/CLS_01845.png,1,2008083S12102,SI,south_indian_ocean,,2008-03-25T06:00:00Z,CLS-IMG01651,Cyclonic Storm / Severe Cyclonic Storm,CS-SCS,G0303
data/processed/classification/CS-SCS/CLS_01846.png,1,2008104N08128,WP,pacific_ocean,western_pacific,2008-04-19T12:00:00Z,CLS-IMG01652,Cyclonic Storm / Severe Cyclonic Storm,CS-SCS,G1028
data/processed/classification/CS-SCS/CLS_01847.png,1,2008111S08096,SI,south_indian_ocean,,2008-04-22T00:00:00Z,CLS-IMG01653,Cyclonic Storm / Severe Cyclonic Storm,CS-SCS,G0305
data/processed/classification/CS-SCS/CLS_01849.png,1,2008135N16125,WP,pacific_ocean,western_pacific,2008-05-15T18:00:00Z,CLS-IMG01654,Cyclonic Storm / Severe Cyclonic Storm,CS-SCS,G1029
data/processed/classification/CS-SCS/CLS_01850.png,1,2008135N12116,WP,pacific_ocean,western_pacific,2008-05-19T15:00:00Z,CLS-IMG01655,Cyclonic Storm / Severe Cyclonic Storm,CS-SCS,G1030
data/processed/classification/CS-SCS/CLS_01851.png,1,2008147N10141,WP,pacific_ocean,western_pacific,2008-05-28T00:00:00Z,CLS-IMG01656,Cyclonic Storm / Severe Cyclonic Storm,CS-SCS,G1031
data/processed/classification/CS-SCS/CLS_01852.png,1,2008150N10274,EP,pacific_ocean,eastern_pacific,2008-05-29T18:00:00Z,CLS-IMG01657,Cyclonic Storm / Severe Cyclonic Storm,CS-SCS,G1032
data/processed/classification/CS-SCS/CLS_01853.png,1,2008180N14238,EP,pacific_ocean,eastern_pacific,2008-06-30T06:00:00Z,CLS-IMG01658,Cyclonic Storm / Severe Cyclonic Storm,CS-SCS,G0306
data/processed/classification/CS-SCS/CLS_01854.png,1,2008184N15254,EP,pacific_ocean,eastern_pacific,2008-07-03T09:00:00Z,CLS-IMG01659,Cyclonic Storm / Severe Cyclonic Storm,CS-SCS,G0307
data/processed/classification/CS-SCS/CLS_01856.png,1,2008204N13260,EP,pacific_ocean,eastern_pacific,2008-07-22T09:00:00Z,CLS-IMG01661,Cyclonic Storm / Severe Cyclonic Storm,CS-SCS,G0311
data/processed/classification/CS-SCS/CLS_01859.png,1,2008220N12250,EP,pacific_ocean,eastern_pacific,2008-08-12T15:00:00Z,CLS-IMG01663,Cyclonic Storm / Severe Cyclonic Storm,CS-SCS,G1034
data/processed/classification/CS-SCS/CLS_01860.png,1,2008224N24122,WP,pacific_ocean,western_pacific,2008-08-14T00:00:00Z,CLS-IMG01664,Cyclonic Storm / Severe Cyclonic Storm,CS-SCS,G1035
data/processed/classification/CS-SCS/CLS_01861.png,1,2008227N16255,EP,pacific_ocean,eastern_pacific,2008-08-15T12:00:00Z,CLS-IMG01665,Cyclonic Storm / Severe Cyclonic Storm,CS-SCS,G0312
data/processed/classification/CS-SCS/CLS_01862.png,1,2008237N18253,EP,pacific_ocean,eastern_pacific,2008-08-24T09:00:00Z,CLS-IMG01666,Cyclonic Storm / Severe Cyclonic Storm,CS-SCS,G1036
data/processed/classification/CS-SCS/CLS_01863.png,1,2008246N19250,EP,pacific_ocean,eastern_pacific,2008-09-02T15:00:00Z,CLS-IMG01667,Cyclonic Storm / Severe Cyclonic Storm,CS-SCS,G1037
data/processed/classification/CS-SCS/CLS_01864.png,1,2008251N15256,EP,pacific_ocean,eastern_pacific,2008-09-08T21:00:00Z,CLS-IMG01668,Cyclonic Storm / Severe Cyclonic Storm,CS-SCS,G1038
data/processed/classification/CS-SCS/CLS_01866.png,1,2008259N20089,NI,north_indian_ocean,bay_of_bengal,2008-09-16T09:00:00Z,CLS-IMG01670,Cyclonic Storm / Severe Cyclonic Storm,CS-SCS,G0314
data/processed/classification/CS-SCS/CLS_01867.png,1,2008259N20089,NI,north_indian_ocean,bay_of_bengal,2008-09-17T00:00:00Z,CLS-IMG01671,Cyclonic Storm / Severe Cyclonic Storm,CS-SCS,G0314
data/processed/classification/CS-SCS/CLS_01869.png,1,2008283N12271,EP,pacific_ocean,eastern_pacific,2008-10-10T09:00:00Z,CLS-IMG01672,Cyclonic Storm / Severe Cyclonic Storm,CS-SCS,G0316
data/processed/classification/CS-SCS/CLS_01872.png,1,2008298N16085,NI,north_indian_ocean,bay_of_bengal,2008-10-26T09:00:00Z,CLS-IMG01674,Cyclonic Storm / Severe Cyclonic Storm,CS-SCS,G0319
data/processed/classification/CS-SCS/CLS_01873.png,1,2008308N08252,EP,pacific_ocean,eastern_pacific,2008-11-04T09:00:00Z,CLS-IMG01675,Cyclonic Storm / Severe Cyclonic Storm,CS-SCS,G0320
data/processed/classification/CS-SCS/CLS_01875.png,1,2008317N11089,NI,north_indian_ocean,bay_of_bengal,2008-11-14T09:00:00Z,CLS-IMG01677,Cyclonic Storm / Severe Cyclonic Storm,CS-SCS,G0321
data/processed/classification/CS-SCS/CLS_01876.png,1,2008317N11089,NI,north_indian_ocean,bay_of_bengal,2008-11-14T21:00:00Z,CLS-IMG01678,Cyclonic Storm / Severe Cyclonic Storm,CS-SCS,G0321
data/processed/classification/CS-SCS/CLS_01877.png,1,2008317N11089,NI,north_indian_ocean,bay_of_bengal,2008-11-15T12:00:00Z,CLS-IMG01679,Cyclonic Storm / Severe Cyclonic Storm,CS-SCS,G0321
data/processed/classification/CS-SCS/CLS_01878.png,1,2008320N08122,WP,pacific_ocean,western_pacific,2008-11-16T15:00:00Z,CLS-IMG01680,Cyclonic Storm / Severe Cyclonic Storm,CS-SCS,G0322
data/processed/classification/CS-SCS/CLS_01879.png,1,2008319S07086,SI,south_indian_ocean,,2008-11-20T12:00:00Z,CLS-IMG01681,Cyclonic Storm / Severe Cyclonic Storm,CS-SCS,G0324
data/processed/classification/CS-SCS/CLS_01880.png,1,2008329N09082,NI,north_indian_ocean,bay_of_bengal,2008-11-25T18:00:00Z,CLS-IMG01682,Cyclonic Storm / Severe Cyclonic Storm,CS-SCS,G0325
data/processed/classification/CS-SCS/CLS_01881.png,1,2008329N09082,NI,north_indian_ocean,bay_of_bengal,2008-11-26T06:00:00Z,CLS-IMG01683,Cyclonic Storm / Severe Cyclonic Storm,CS-SCS,G0325
data/processed/classification/CS-SCS/CLS_01882.png,1,2008329N09082,NI,north_indian_ocean,bay_of_bengal,2008-11-26T18:00:00Z,CLS-IMG01684,Cyclonic Storm / Severe Cyclonic Storm,CS-SCS,G0325
data/processed/classification/CS-SCS/CLS_01883.png,1,2008329N09082,NI,north_indian_ocean,bay_of_bengal,2008-11-27T06:00:00Z,CLS-IMG01685,Cyclonic Storm / Severe Cyclonic Storm,CS-SCS,G0325
data/processed/classification/CS-SCS/CLS_01885.png,1,2008348S10077,SI,south_indian_ocean,,2008-12-18T03:00:00Z,CLS-IMG01687,Cyclonic Storm / Severe Cyclonic Storm,CS-SCS,G1040
data/processed/classification/CS-SCS/CLS_01886.png,1,2008351S11128,SI,south_indian_ocean,,2008-12-21T21:00:00Z,CLS-IMG01688,Cyclonic Storm / Severe Cyclonic Storm,CS-SCS,G0327
data/processed/classification/CS-SCS/CLS_01888.png,1,2009011S16139,SP,pacific_ocean,southern_pacific,2009-01-11T18:00:00Z,CLS-IMG01689,Cyclonic Storm / Severe Cyclonic Storm,CS-SCS,G1041
data/processed/classification/CS-SCS/CLS_01889.png,1,2009008S13069,SI,south_indian_ocean,,2009-01-11T18:00:00Z,CLS-IMG01690,Cyclonic Storm / Severe Cyclonic Storm,CS-SCS,G1042
data/processed/classification/CS-SCS/CLS_01890.png,1,2009017S15059,SI,south_indian_ocean,,2009-01-20T18:00:00Z,CLS-IMG01691,Cyclonic Storm / Severe Cyclonic Storm,CS-SCS,G0328
data/processed/classification/CS-SCS/CLS_01891.png,1,2009024S17123,SI,south_indian_ocean,,2009-01-27T00:00:00Z,CLS-IMG01692,Cyclonic Storm / Severe Cyclonic Storm,CS-SCS,G1043
data/processed/classification/CS-SCS/CLS_01892.png,1,2009025S12177,SP,pacific_ocean,southern_pacific,2009-01-28T15:00:00Z,CLS-IMG01693,Cyclonic Storm / Severe Cyclonic Storm,CS-SCS,G0329
data/processed/classification/CS-SCS/CLS_01894.png,1,2009031S16147,SP,pacific_ocean,southern_pacific,2009-02-01T12:00:00Z,CLS-IMG01694,Cyclonic Storm / Severe Cyclonic Storm,CS-SCS,G1044
data/processed/classification/CS-SCS/CLS_01895.png,1,2009034S16126,SI,south_indian_ocean,,2009-02-08T12:00:00Z,CLS-IMG01695,Cyclonic Storm / Severe Cyclonic Storm,CS-SCS,G0330
data/processed/classification/CS-SCS/CLS_01898.png,1,2009059S10101,SI,south_indian_ocean,,2009-03-02T09:00:00Z,CLS-IMG01698,Cyclonic Storm / Severe Cyclonic Storm,CS-SCS,G0333
data/processed/classification/CS-SCS/CLS_01899.png,1,2009066S12081,SI,south_indian_ocean,,2009-03-09T15:00:00Z,CLS-IMG01699,Cyclonic Storm / Severe Cyclonic Storm,CS-SCS,G0335
data/processed/classification/CS-SCS/CLS_01900.png,1,2009069S19204,SP,pacific_ocean,southern_pacific,2009-03-12T18:00:00Z,CLS-IMG01700,Cyclonic Storm / Severe Cyclonic Storm,CS-SCS,G0334
data/processed/classification/CS-SCS/CLS_01901.png,1,2009069S19204,SP,pacific_ocean,southern_pacific,2009-03-13T12:00:00Z,CLS-IMG01701,Cyclonic Storm / Severe Cyclonic Storm,CS-SCS,G0334
data/processed/classification/CS-SCS/CLS_01903.png,1,2009075S18197,SP,pacific_ocean,southern_pacific,2009-03-17T18:00:00Z,CLS-IMG01702,Cyclonic Storm / Severe Cyclonic Storm,CS-SCS,G0336
data/processed/classification/CS-SCS/CLS_01904.png,1,2009075S18197,SP,pacific_ocean,southern_pacific,2009-03-19T03:00:00Z,CLS-IMG01703,Cyclonic Storm / Severe Cyclonic Storm,CS-SCS,G0336
data/processed/classification/CS-SCS/CLS_01905.png,1,2009075S18197,SP,pacific_ocean,southern_pacific,2009-03-19T21:00:00Z,CLS-IMG01704,Cyclonic Storm / Severe Cyclonic Storm,CS-SCS,G0336
data/processed/classification/CS-SCS/CLS_01907.png,1,2009082S16039,SI,south_indian_ocean,,2009-03-24T15:00:00Z,CLS-IMG01706,Cyclonic Storm / Severe Cyclonic Storm,CS-SCS,G0337
data/processed/classification/CS-SCS/CLS_01909.png,1,2009092S15178,SP,pacific_ocean,southern_pacific,2009-04-04T12:00:00Z,CLS-IMG01708,Cyclonic Storm / Severe Cyclonic Storm,CS-SCS,G0339
data/processed/classification/CS-SCS/CLS_01910.png,1,2009093S12062,SI,south_indian_ocean,,2009-04-05T00:00:00Z,CLS-IMG01709,Cyclonic Storm / Severe Cyclonic Storm,CS-SCS,G0340
data/processed/classification/CS-SCS/CLS_01911.png,1,2009092S15178,SP,pacific_ocean,southern_pacific,2009-04-05T06:00:00Z,CLS-IMG01710,Cyclonic Storm / Severe Cyclonic Storm,CS-SCS,G0339
data/processed/classification/CS-SCS/CLS_01912.png,1,2009104N13088,NI,north_indian_ocean,bay_of_bengal,2009-04-16T00:00:00Z,CLS-IMG01711,Cyclonic Storm / Severe Cyclonic Storm,CS-SCS,G0341
data/processed/classification/CS-SCS/CLS_01913.png,1,2009104N13088,NI,north_indian_ocean,bay_of_bengal,2009-04-16T15:00:00Z,CLS-IMG01712,Cyclonic Storm / Severe Cyclonic Storm,CS-SCS,G0341
data/processed/classification/CS-SCS/CLS_01914.png,1,2009104N13088,NI,north_indian_ocean,bay_of_bengal,2009-04-17T09:00:00Z,CLS-IMG01713,Cyclonic Storm / Severe Cyclonic Storm,CS-SCS,G0341
data/processed/classification/CS-SCS/CLS_01915.png,1,2009104N13088,NI,north_indian_ocean,bay_of_bengal,2009-04-18T00:00:00Z,CLS-IMG01714,Cyclonic Storm / Severe Cyclonic Storm,CS-SCS,G0341
data/processed/classification/CS-SCS/CLS_01917.png,1,2009121N13124,WP,pacific_ocean,western_pacific,2009-05-03T18:00:00Z,CLS-IMG01715,Cyclonic Storm / Severe Cyclonic Storm,CS-SCS,G1045
data/processed/classification/CS-SCS/CLS_01918.png,1,2009123N10111,WP,pacific_ocean,western_pacific,2009-05-05T06:00:00Z,CLS-IMG01716,Cyclonic Storm / Severe Cyclonic Storm,CS-SCS,G1046
data/processed/classification/CS-SCS/CLS_01919.png,1,2009143N17089,NI,north_indian_ocean,bay_of_bengal,2009-05-24T03:00:00Z,CLS-IMG01717,Cyclonic Storm / Severe Cyclonic Storm,CS-SCS,G0343
data/processed/classification/CS-SCS/CLS_01920.png,1,2009143N17089,NI,north_indian_ocean,bay_of_bengal,2009-05-24T15:00:00Z,CLS-IMG01718,Cyclonic Storm / Severe Cyclonic Storm,CS-SCS,G0343
data/processed/classification/CS-SCS/CLS_01923.png,1,2009173N10132,WP,pacific_ocean,western_pacific,2009-06-23T03:00:00Z,CLS-IMG01720,Cyclonic Storm / Severe Cyclonic Storm,CS-SCS,G1047
data/processed/classification/CS-SCS/CLS_01924.png,1,2009185N13260,EP,pacific_ocean,eastern_pacific,2009-07-06T15:00:00Z,CLS-IMG01721,Cyclonic Storm / Severe Cyclonic Storm,CS-SCS,G1048
data/processed/classification/CS-SCS/CLS_01925.png,1,2009189N17129,WP,pacific_ocean,western_pacific,2009-07-11T00:00:00Z,CLS-IMG01722,Cyclonic Storm / Severe Cyclonic Storm,CS-SCS,G1049
data/processed/classification/CS-SCS/CLS_01928.png,1,2009213N16130,WP,pacific_ocean,western_pacific,2009-08-03T18:00:00Z,CLS-IMG01725,Cyclonic Storm / Severe Cyclonic Storm,CS-SCS,G0348
data/processed/classification/CS-SCS/CLS_01929.png,1,2009215N13252,EP,pacific_ocean,eastern_pacific,2009-08-05T18:00:00Z,CLS-IMG01726,Cyclonic Storm / Severe Cyclonic Storm,CS-SCS,G0350
data/processed/classification/CS-SCS/CLS_01930.png,1,2009219N19140,WP,pacific_ocean,western_pacific,2009-08-12T03:00:00Z,CLS-IMG01727,Cyclonic Storm / Severe Cyclonic Storm,CS-SCS,G1050
data/processed/classification/CS-SCS/CLS_01931.png,1,2009222N09262,EP,pacific_ocean,eastern_pacific,2009-08-13T09:00:00Z,CLS-IMG01728,Cyclonic Storm / Severe Cyclonic Storm,CS-SCS,G0353
data/processed/classification/CS-SCS/CLS_01932.png,1,2009221N10201,WP,pacific_ocean,western_pacific,2009-08-16T21:00:00Z,CLS-IMG01729,Cyclonic Storm / Severe Cyclonic Storm,CS-SCS,G0352
data/processed/classification/CS-SCS/CLS_01934.png,1,2009233N13230,EP,pacific_ocean,eastern_pacific,2009-08-23T15:00:00Z,CLS-IMG01730,Cyclonic Storm / Severe Cyclonic Storm,CS-SCS,G1051
data/processed/classification/CS-SCS/CLS_01935.png,1,2009235N14252,EP,pacific_ocean,eastern_pacific,2009-08-26T12:00:00Z,CLS-IMG01731,Cyclonic Storm / Severe Cyclonic Storm,CS-SCS,G1052
data/processed/classification/CS-SCS/CLS_01938.png,1,2009246N18130,WP,pacific_ocean,western_pacific,2009-09-08T18:00:00Z,CLS-IMG01734,Cyclonic Storm / Severe Cyclonic Storm,CS-SCS,G1053
data/processed/classification/CS-SCS/CLS_01940.png,1,2009255N13155,WP,pacific_ocean,western_pacific,2009-09-12T21:00:00Z,CLS-IMG01736,Cyclonic Storm / Severe Cyclonic Storm,CS-SCS,G1055
data/processed/classification/CS-SCS/CLS_01941.png,1,2009257N14256,EP,pacific_ocean,eastern_pacific,2009-09-16T15:00:00Z,CLS-IMG01737,Cyclonic Storm / Severe Cyclonic Storm,CS-SCS,G0357
data/processed/classification/CS-SCS/CLS_01943.png,1,2009268N14128,WP,pacific_ocean,western_pacific,2009-09-27T06:00:00Z,CLS-IMG01739,Cyclonic Storm / Severe Cyclonic Storm,CS-SCS,G1057
data/processed/classification/CS-SCS/CLS_01950.png,1,2009311N20157,WP,pacific_ocean,western_pacific,2009-11-07T12:00:00Z,CLS-IMG01745,Cyclonic Storm / Severe Cyclonic Storm,CS-SCS,G0361
data/processed/classification/CS-SCS/CLS_01951.png,1,2009313N11072,NI,north_indian_ocean,arabian_sea,2009-11-10T03:00:00Z,CLS-IMG01746,Cyclonic Storm / Severe Cyclonic Storm,CS-SCS,G0362
data/processed/classification/CS-SCS/CLS_01952.png,1,2009313N11072,NI,north_indian_ocean,arabian_sea,2009-11-10T15:00:00Z,CLS-IMG01747,Cyclonic Storm / Severe Cyclonic Storm,CS-SCS,G0362
data/processed/classification/CS-SCS/CLS_01953.png,1,2009313N11072,NI,north_indian_ocean,arabian_sea,2009-11-11T03:00:00Z,CLS-IMG01748,Cyclonic Storm / Severe Cyclonic Storm,CS-SCS,G0362
data/processed/classification/CS-SCS/CLS_01954.png,1,2009325N06148,WP,pacific_ocean,western_pacific,2009-11-23T09:00:00Z,CLS-IMG01749,Cyclonic Storm / Severe Cyclonic Storm,CS-SCS,G1062
data/processed/classification/CS-SCS/CLS_01956.png,1,2009337S07096,SI,south_indian_ocean,,2009-12-10T12:00:00Z,CLS-IMG01751,Cyclonic Storm / Severe Cyclonic Storm,CS-SCS,G1063
data/processed/classification/CS-SCS/CLS_01957.png,1,2009344N06085,NI,north_indian_ocean,bay_of_bengal,2009-12-11T18:00:00Z,CLS-IMG01752,Cyclonic Storm / Severe Cyclonic Storm,CS-SCS,G0366
data/processed/classification/CS-SCS/CLS_01958.png,1,2009344N06085,NI,north_indian_ocean,bay_of_bengal,2009-12-12T06:00:00Z,CLS-IMG01753,Cyclonic Storm / Severe Cyclonic Storm,CS-SCS,G0366
data/processed/classification/CS-SCS/CLS_01959.png,1,2009344N06085,NI,north_indian_ocean,bay_of_bengal,2009-12-12T21:00:00Z,CLS-IMG01754,Cyclonic Storm / Severe Cyclonic Storm,CS-SCS,G0366
data/processed/classification/CS-SCS/CLS_01960.png,1,2009344N06085,NI,north_indian_ocean,bay_of_bengal,2009-12-13T12:00:00Z,CLS-IMG01755,Cyclonic Storm / Severe Cyclonic Storm,CS-SCS,G0366
data/processed/classification/CS-SCS/CLS_01961.png,1,2009342S09140,SI,south_indian_ocean,,2009-12-14T18:00:00Z,CLS-IMG01756,Cyclonic Storm / Severe Cyclonic Storm,CS-SCS,G0368
data/processed/classification/CS-SCS/CLS_01962.png,1,2009346S10172,SP,pacific_ocean,southern_pacific,2009-12-14T21:00:00Z,CLS-IMG01757,Cyclonic Storm / Severe Cyclonic Storm,CS-SCS,G0367
data/processed/classification/CS-SCS/CLS_01963.png,1,2009346S07086,SI,south_indian_ocean,,2009-12-22T03:00:00Z,CLS-IMG01758,Cyclonic Storm / Severe Cyclonic Storm,CS-SCS,G1064
data/processed/classification/CS-SCS/CLS_01964.png,1,2010019S11123,SI,south_indian_ocean,,2010-01-22T00:00:00Z,CLS-IMG01759,Cyclonic Storm / Severe Cyclonic Storm,CS-SCS,G0369
data/processed/classification/CS-SCS/CLS_01966.png,1,2010020S08163,SP,pacific_ocean,southern_pacific,2010-01-24T00:00:00Z,CLS-IMG01760,Cyclonic Storm / Severe Cyclonic Storm,CS-SCS,G0370
data/processed/classification/CS-SCS/CLS_01967.png,1,2010027S17058,SI,south_indian_ocean,,2010-01-28T06:00:00Z,CLS-IMG01761,Cyclonic Storm / Severe Cyclonic Storm,CS-SCS,G1065
data/processed/classification/CS-SCS/CLS_01968.png,1,2010027S14184,SP,pacific_ocean,southern_pacific,2010-01-28T12:00:00Z,CLS-IMG01762,Cyclonic Storm / Severe Cyclonic Storm,CS-SCS,G0371
data/processed/classification/CS-SCS/CLS_01969.png,1,2010027S14184,SP,pacific_ocean,southern_pacific,2010-01-29T18:00:00Z,CLS-IMG01763,Cyclonic Storm / Severe Cyclonic Storm,CS-SCS,G0371
data/processed/classification/CS-SCS/CLS_01971.png,1,2010038S08194,SP,pacific_ocean,southern_pacific,2010-02-08T03:00:00Z,CLS-IMG01765,Cyclonic Storm / Severe Cyclonic Storm,CS-SCS,G0373
data/processed/classification/CS-SCS/CLS_01972.png,1,2010046S10058,SI,south_indian_ocean,,2010-02-16T03:00:00Z,CLS-IMG01766,Cyclonic Storm / Severe Cyclonic Storm,CS-SCS,G0374
data/processed/classification/CS-SCS/CLS_01973.png,1,2010051S06195,SP,pacific_ocean,southern_pacific,2010-02-27T18:00:00Z,CLS-IMG01767,Cyclonic Storm / Severe Cyclonic Storm,CS-SCS,G0375
data/processed/classification/CS-SCS/CLS_01977.png,1,2010110S10118,SI,south_indian_ocean,,2010-04-24T03:00:00Z,CLS-IMG01768,Cyclonic Storm / Severe Cyclonic Storm,CS-SCS,G1066
data/processed/classification/CS-SCS/CLS_01978.png,1,2010137N10090,NI,north_indian_ocean,bay_of_bengal,2010-05-18T09:00:00Z,CLS-IMG01769,Cyclonic Storm / Severe Cyclonic Storm,CS-SCS,G0377
data/processed/classification/CS-SCS/CLS_01979.png,1,2010136N09057,NI,north_indian_ocean,arabian_sea,2010-05-19T18:00:00Z,CLS-IMG01770,Cyclonic Storm / Severe Cyclonic Storm,CS-SCS,G0378
data/processed/classification/CS-SCS/CLS_01980.png,1,2010137N10090,NI,north_indian_ocean,bay_of_bengal,2010-05-19T18:00:00Z,CLS-IMG01771,Cyclonic Storm / Severe Cyclonic Storm,CS-SCS,G0377
data/processed/classification/CS-SCS/CLS_01981.png,1,2010136N09057,NI,north_indian_ocean,arabian_sea,2010-05-20T15:00:00Z,CLS-IMG01772,Cyclonic Storm / Severe Cyclonic Storm,CS-SCS,G0378
data/processed/classification/CS-SCS/CLS_01982.png,1,2010137N10090,NI,north_indian_ocean,bay_of_bengal,2010-05-20T21:00:00Z,CLS-IMG01773,Cyclonic Storm / Severe Cyclonic Storm,CS-SCS,G0377
data/processed/classification/CS-SCS/CLS_01983.png,1,2010136N09057,NI,north_indian_ocean,arabian_sea,2010-05-21T03:00:00Z,CLS-IMG01774,Cyclonic Storm / Severe Cyclonic Storm,CS-SCS,G0378
data/processed/classification/CS-SCS/CLS_01984.png,1,2010136N09057,NI,north_indian_ocean,arabian_sea,2010-05-21T21:00:00Z,CLS-IMG01775,Cyclonic Storm / Severe Cyclonic Storm,CS-SCS,G0378
data/processed/classification/CS-SCS/CLS_01985.png,1,2010149N13266,EP,pacific_ocean,eastern_pacific,2010-05-29T12:00:00Z,CLS-IMG01776,Cyclonic Storm / Severe Cyclonic Storm,CS-SCS,G1067
data/processed/classification/CS-SCS/CLS_01986.png,1,2010166N15255,EP,pacific_ocean,eastern_pacific,2010-06-18T21:00:00Z,CLS-IMG01777,Cyclonic Storm / Severe Cyclonic Storm,CS-SCS,G0380
data/processed/classification/CS-SCS/CLS_01988.png,1,2010234N14267,EP,pacific_ocean,eastern_pacific,2010-08-24T18:00:00Z,CLS-IMG01778,Cyclonic Storm / Severe Cyclonic Storm,CS-SCS,G1068
data/processed/classification/CS-SCS/CLS_01989.png,1,2010241N25125,WP,pacific_ocean,western_pacific,2010-08-31T12:00:00Z,CLS-IMG01779,Cyclonic Storm / Severe Cyclonic Storm,CS-SCS,G0385
data/processed/classification/CS-SCS/CLS_01991.png,1,2010256N17137,WP,pacific_ocean,western_pacific,2010-09-20T03:00:00Z,CLS-IMG01780,Cyclonic Storm / Severe Cyclonic Storm,CS-SCS,G1069
data/processed/classification/CS-SCS/CLS_01992.png,1,2010264N20252,EP,pacific_ocean,eastern_pacific,2010-09-21T03:00:00Z,CLS-IMG01781,Cyclonic Storm / Severe Cyclonic Storm,CS-SCS,G0388
data/processed/classification/CS-SCS/CLS_01995.png,1,2010285N13145,WP,pacific_ocean,western_pacific,2010-10-23T15:00:00Z,CLS-IMG01783,Cyclonic Storm / Severe Cyclonic Storm,CS-SCS,G1070
data/processed/classification/CS-SCS/CLS_01996.png,1,2010298S09087,SI,south_indian_ocean,,2010-10-27T12:00:00Z,CLS-IMG01784,Cyclonic Storm / Severe Cyclonic Storm,CS-SCS,G0391
data/processed/classification/CS-SCS/CLS_02000.png,1,2010331S07089,SI,south_indian_ocean,,2010-12-01T21:00:00Z,CLS-IMG01788,Cyclonic Storm / Severe Cyclonic Storm,CS-SCS,G1072
data/processed/classification/CS-SCS/CLS_02002.png,1,2010358S13152,SP,pacific_ocean,southern_pacific,2010-12-24T18:00:00Z,CLS-IMG01790,Cyclonic Storm / Severe Cyclonic Storm,CS-SCS,G0394
data/processed/classification/CS-SCS/CLS_02003.png,1,2011010S17169,SP,pacific_ocean,southern_pacific,2011-01-13T03:00:00Z,CLS-IMG01791,Cyclonic Storm / Severe Cyclonic Storm,CS-SCS,G0395
data/processed/classification/CS-SCS/CLS_02004.png,1,2011009S15113,SI,south_indian_ocean,,2011-01-13T06:00:00Z,CLS-IMG01792,Cyclonic Storm / Severe Cyclonic Storm,CS-SCS,G1074
data/processed/classification/CS-SCS/CLS_02005.png,1,2011010S17169,SP,pacific_ocean,southern_pacific,2011-01-14T03:00:00Z,CLS-IMG01793,Cyclonic Storm / Severe Cyclonic Storm,CS-SCS,G0395
data/processed/classification/CS-SCS/CLS_02009.png,1,2011022S16146,SP,pacific_ocean,southern_pacific,2011-01-24T18:00:00Z,CLS-IMG01795,Cyclonic Storm / Severe Cyclonic Storm,CS-SCS,G0398
data/processed/classification/CS-SCS/CLS_02011.png,1,2011022S16146,SP,pacific_ocean,southern_pacific,2011-01-29T18:00:00Z,CLS-IMG01797,Cyclonic Storm / Severe Cyclonic Storm,CS-SCS,G0398
data/processed/classification/CS-SCS/CLS_02012.png,1,2011034S19199,SP,pacific_ocean,southern_pacific,2011-02-06T09:00:00Z,CLS-IMG01798,Cyclonic Storm / Severe Cyclonic Storm,CS-SCS,G0399
data/processed/classification/CS-SCS/CLS_02013.png,1,2011034S19199,SP,pacific_ocean,southern_pacific,2011-02-07T09:00:00Z,CLS-IMG01799,Cyclonic Storm / Severe Cyclonic Storm,CS-SCS,G0399
data/processed/classification/CS-SCS/CLS_02014.png,1,2011041S17113,SI,south_indian_ocean,,2011-02-12T00:00:00Z,CLS-IMG01800,Cyclonic Storm / Severe Cyclonic Storm,CS-SCS,G0402
data/processed/classification/CS-SCS/CLS_02015.png,1,2011045S17119,SI,south_indian_ocean,,2011-02-22T00:00:00Z,CLS-IMG01801,Cyclonic Storm / Severe Cyclonic Storm,CS-SCS,G0403
data/processed/classification/CS-SCS/CLS_02017.png,1,2011088S10133,SI,south_indian_ocean,,2011-04-02T00:00:00Z,CLS-IMG01803,Cyclonic Storm / Severe Cyclonic Storm,CS-SCS,G1076
data/processed/classification/CS-SCS/CLS_02018.png,1,2011126N11129,WP,pacific_ocean,western_pacific,2011-05-11T12:00:00Z,CLS-IMG01804,Cyclonic Storm / Severe Cyclonic Storm,CS-SCS,G0408
data/processed/classification/CS-SCS/CLS_02022.png,1,2011205N12130,WP,pacific_ocean,western_pacific,2011-07-29T09:00:00Z,CLS-IMG01808,Cyclonic Storm / Severe Cyclonic Storm,CS-SCS,G0415
data/processed/classification/CS-SCS/CLS_02024.png,1,2011208N09145,WP,pacific_ocean,western_pacific,2011-08-08T03:00:00Z,CLS-IMG01810,Cyclonic Storm / Severe Cyclonic Storm,CS-SCS,G1079
data/processed/classification/CS-SCS/CLS_02025.png,1,2011227N12234,EP,pacific_ocean,eastern_pacific,2011-08-16T09:00:00Z,CLS-IMG01811,Cyclonic Storm / Severe Cyclonic Storm,CS-SCS,G0418
data/processed/classification/CS-SCS/CLS_02026.png,1,2011236N15143,WP,pacific_ocean,western_pacific,2011-08-26T18:00:00Z,CLS-IMG01812,Cyclonic Storm / Severe Cyclonic Storm,CS-SCS,G0420
data/processed/classification/CS-SCS/CLS_02029.png,1,2011270N18139,WP,pacific_ocean,western_pacific,2011-09-27T21:00:00Z,CLS-IMG01815,Cyclonic Storm / Severe Cyclonic Storm,CS-SCS,G1081
data/processed/classification/CS-SCS/CLS_02032.png,1,2011310N11066,NI,north_indian_ocean,arabian_sea,2011-11-08T12:00:00Z,CLS-IMG01818,Cyclonic Storm / Severe Cyclonic Storm,CS-SCS,G0425
data/processed/classification/CS-SCS/CLS_02034.png,1,2011336S06098,SI,south_indian_ocean,,2011-12-05T03:00:00Z,CLS-IMG01820,Cyclonic Storm / Severe Cyclonic Storm,CS-SCS,G0428
data/processed/classification/CS-SCS/CLS_02035.png,1,2011337S13069,SI,south_indian_ocean,,2011-12-06T06:00:00Z,CLS-IMG01821,Cyclonic Storm / Severe Cyclonic Storm,CS-SCS,G1082
data/processed/classification/CS-SCS/CLS_02037.png,1,2011358S11132,SI,south_indian_ocean,,2011-12-25T09:00:00Z,CLS-IMG01822,Cyclonic Storm / Severe Cyclonic Storm,CS-SCS,G0429
data/processed/classification/CS-SCS/CLS_02038.png,1,2011360N09088,NI,north_indian_ocean,bay_of_bengal,2011-12-27T03:00:00Z,CLS-IMG01823,Cyclonic Storm / Severe Cyclonic Storm,CS-SCS,G0430
data/processed/classification/CS-SCS/CLS_02039.png,1,2011361S09095,SI,south_indian_ocean,,2011-12-30T06:00:00Z,CLS-IMG01824,Cyclonic Storm / Severe Cyclonic Storm,CS-SCS,G1083
data/processed/classification/CS-SCS/CLS_02040.png,1,2012017S10074,SI,south_indian_ocean,,2012-01-19T09:00:00Z,CLS-IMG01825,Cyclonic Storm / Severe Cyclonic Storm,CS-SCS,G0433
data/processed/classification/CS-SCS/CLS_02041.png,1,2012024S15116,SI,south_indian_ocean,,2012-01-26T18:00:00Z,CLS-IMG01826,Cyclonic Storm / Severe Cyclonic Storm,CS-SCS,G1084
data/processed/classification/CS-SCS/CLS_02045.png,1,2012042S12110,SI,south_indian_ocean,,2012-02-21T21:00:00Z,CLS-IMG01829,Cyclonic Storm / Severe Cyclonic Storm,CS-SCS,G1085
data/processed/classification/CS-SCS/CLS_02048.png,1,2012066S10101,SI,south_indian_ocean,,2012-03-07T18:00:00Z,CLS-IMG01832,Cyclonic Storm / Severe Cyclonic Storm,CS-SCS,G0438
data/processed/classification/CS-SCS/CLS_02049.png,1,2012070S17112,SI,south_indian_ocean,,2012-03-14T06:00:00Z,CLS-IMG01833,Cyclonic Storm / Severe Cyclonic Storm,CS-SCS,G1086
data/processed/classification/CS-SCS/CLS_02050.png,1,2012092S16166,SP,pacific_ocean,southern_pacific,2012-04-02T09:00:00Z,CLS-IMG01834,Cyclonic Storm / Severe Cyclonic Storm,CS-SCS,G0440
data/processed/classification/CS-SCS/CLS_02051.png,1,2012092S16166,SP,pacific_ocean,southern_pacific,2012-04-03T03:00:00Z,CLS-IMG01835,Cyclonic Storm / Severe Cyclonic Storm,CS-SCS,G0440
data/processed/classification/CS-SCS/CLS_02052.png,1,2012135N10255,EP,pacific_ocean,eastern_pacific,2012-05-15T03:00:00Z,CLS-IMG01836,Cyclonic Storm / Severe Cyclonic Storm,CS-SCS,G0441
data/processed/classification/CS-SCS/CLS_02053.png,1,2012156S07066,SI,south_indian_ocean,,2012-06-06T12:00:00Z,CLS-IMG01837,Cyclonic Storm / Severe Cyclonic Storm,CS-SCS,G1087
data/processed/classification/CS-SCS/CLS_02054.png,1,2012166N09269,EP,pacific_ocean,eastern_pacific,2012-06-14T09:00:00Z,CLS-IMG01838,Cyclonic Storm / Severe Cyclonic Storm,CS-SCS,G1088
data/processed/classification/CS-SCS/CLS_02056.png,1,2012179S09153,SP,pacific_ocean,southern_pacific,2012-06-29T12:00:00Z,CLS-IMG01840,Cyclonic Storm / Severe Cyclonic Storm,CS-SCS,G0443
data/processed/classification/CS-SCS/CLS_02057.png,1,2012193N12259,EP,pacific_ocean,eastern_pacific,2012-07-12T21:00:00Z,CLS-IMG01841,Cyclonic Storm / Severe Cyclonic Storm,CS-SCS,G0445
data/processed/classification/CS-SCS/CLS_02058.png,1,2012196N19144,WP,pacific_ocean,western_pacific,2012-07-17T15:00:00Z,CLS-IMG01842,Cyclonic Storm / Severe Cyclonic Storm,CS-SCS,G1090
data/processed/classification/CS-SCS/CLS_02059.png,1,2012201N15129,WP,pacific_ocean,western_pacific,2012-07-24T09:00:00Z,CLS-IMG01843,Cyclonic Storm / Severe Cyclonic Storm,CS-SCS,G1091
data/processed/classification/CS-SCS/CLS_02062.png,1,2012225N16133,WP,pacific_ocean,western_pacific,2012-08-15T09:00:00Z,CLS-IMG01845,Cyclonic Storm / Severe Cyclonic Storm,CS-SCS,G1092
data/processed/classification/CS-SCS/CLS_02063.png,1,2012232N13141,WP,pacific_ocean,western_pacific,2012-08-20T06:00:00Z,CLS-IMG01846,Cyclonic Storm / Severe Cyclonic Storm,CS-SCS,G0448
data/processed/classification/CS-SCS/CLS_02064.png,1,2012239N11261,EP,pacific_ocean,eastern_pacific,2012-08-31T15:00:00Z,CLS-IMG01847,Cyclonic Storm / Severe Cyclonic Storm,CS-SCS,G1093
data/processed/classification/CS-SCS/CLS_02071.png,1,2012285S04077,SI,south_indian_ocean,,2012-10-13T09:00:00Z,CLS-IMG01853,Cyclonic Storm / Severe Cyclonic Storm,CS-SCS,G0453
data/processed/classification/CS-SCS/CLS_02073.png,1,2012297N11067,NI,north_indian_ocean,arabian_sea,2012-10-24T12:00:00Z,CLS-IMG01855,Cyclonic Storm / Severe Cyclonic Storm,CS-SCS,G0456
data/processed/classification/CS-SCS/CLS_02074.png,1,2012297N11067,NI,north_indian_ocean,arabian_sea,2012-10-25T00:00:00Z,CLS-IMG01856,Cyclonic Storm / Severe Cyclonic Storm,CS-SCS,G0456
data/processed/classification/CS-SCS/CLS_02075.png,1,2012301N11087,NI,north_indian_ocean,bay_of_bengal,2012-10-30T00:00:00Z,CLS-IMG01857,Cyclonic Storm / Severe Cyclonic Storm,CS-SCS,G0457
data/processed/classification/CS-SCS/CLS_02076.png,1,2012301N11087,NI,north_indian_ocean,bay_of_bengal,2012-10-30T12:00:00Z,CLS-IMG01858,Cyclonic Storm / Severe Cyclonic Storm,CS-SCS,G0457
data/processed/classification/CS-SCS/CLS_02077.png,1,2012301N11087,NI,north_indian_ocean,bay_of_bengal,2012-10-31T03:00:00Z,CLS-IMG01859,Cyclonic Storm / Severe Cyclonic Storm,CS-SCS,G0457
data/processed/classification/CS-SCS/CLS_02078.png,1,2012301N11087,NI,north_indian_ocean,arabian_sea,2012-10-31T21:00:00Z,CLS-IMG01860,Cyclonic Storm / Severe Cyclonic Storm,CS-SCS,G0457
data/processed/classification/CS-SCS/CLS_02079.png,1,2012304N14246,EP,pacific_ocean,eastern_pacific,2012-11-02T09:00:00Z,CLS-IMG01861,Cyclonic Storm / Severe Cyclonic Storm,CS-SCS,G1098
data/processed/classification/CS-SCS/CLS_02080.png,1,2012321N14090,NI,north_indian_ocean,bay_of_bengal,2012-11-17T21:00:00Z,CLS-IMG01862,Cyclonic Storm / Severe Cyclonic Storm,CS-SCS,G0458
data/processed/classification/CS-SCS/CLS_02082.png,1,2012357N09064,NI,north_indian_ocean,arabian_sea,2012-12-23T09:00:00Z,CLS-IMG01863,Cyclonic Storm / Severe Cyclonic Storm,CS-SCS,G0459
data/processed/classification/CS-SCS/CLS_02083.png,1,2012357N09064,NI,north_indian_ocean,arabian_sea,2012-12-24T00:00:00Z,CLS-IMG01864,Cyclonic Storm / Severe Cyclonic Storm,CS-SCS,G0459
data/processed/classification/CS-SCS/CLS_02086.png,1,2012362S08071,SI,south_indian_ocean,,2013-01-02T06:00:00Z,CLS-IMG01865,Cyclonic Storm / Severe Cyclonic Storm,CS-SCS,G0461
data/processed/classification/CS-SCS/CLS_02087.png,1,2013001N04141,WP,pacific_ocean,western_pacific,2013-01-04T03:00:00Z,CLS-IMG01866,Cyclonic Storm / Severe Cyclonic Storm,CS-SCS,G1099
data/processed/classification/CS-SCS/CLS_02088.png,1,2013005S10126,SI,south_indian_ocean,,2013-01-08T09:00:00Z,CLS-IMG01867,Cyclonic Storm / Severe Cyclonic Storm,CS-SCS,G1100
data/processed/classification/CS-SCS/CLS_02089.png,1,2013009S11084,SI,south_indian_ocean,,2013-01-15T00:00:00Z,CLS-IMG01868,Cyclonic Storm / Severe Cyclonic Storm,CS-SCS,G1101
data/processed/classification/CS-SCS/CLS_02091.png,1,2013020S16137,SP,pacific_ocean,southern_pacific,2013-01-21T06:00:00Z,CLS-IMG01870,Cyclonic Storm / Severe Cyclonic Storm,CS-SCS,G0463
data/processed/classification/CS-SCS/CLS_02092.png,1,2013020S16137,SP,pacific_ocean,southern_pacific,2013-01-21T18:00:00Z,CLS-IMG01871,Cyclonic Storm / Severe Cyclonic Storm,CS-SCS,G0463
data/processed/classification/CS-SCS/CLS_02093.png,1,2013020S17124,SI,south_indian_ocean,,2013-01-23T03:00:00Z,CLS-IMG01872,Cyclonic Storm / Severe Cyclonic Storm,CS-SCS,G0464
data/processed/classification/CS-SCS/CLS_02095.png,1,2013026S13067,SI,south_indian_ocean,,2013-01-28T06:00:00Z,CLS-IMG01874,Cyclonic Storm / Severe Cyclonic Storm,CS-SCS,G0465
data/processed/classification/CS-SCS/CLS_02100.png,1,2013046S20042,SI,south_indian_ocean,,2013-02-23T15:00:00Z,CLS-IMG01878,Cyclonic Storm / Severe Cyclonic Storm,CS-SCS,G0468
data/processed/classification/CS-SCS/CLS_02102.png,1,2013052S13126,SI,south_indian_ocean,,2013-02-27T21:00:00Z,CLS-IMG01880,Cyclonic Storm / Severe Cyclonic Storm,CS-SCS,G1102
data/processed/classification/CS-SCS/CLS_02104.png,1,2013072S12140,SP,pacific_ocean,southern_pacific,2013-03-15T18:00:00Z,CLS-IMG01881,Cyclonic Storm / Severe Cyclonic Storm,CS-SCS,G0471
data/processed/classification/CS-SCS/CLS_02106.png,1,2013072S12140,SP,pacific_ocean,southern_pacific,2013-03-17T03:00:00Z,CLS-IMG01882,Cyclonic Storm / Severe Cyclonic Storm,CS-SCS,G0471
data/processed/classification/CS-SCS/CLS_02108.png,1,2013093S08074,SI,south_indian_ocean,,2013-04-09T09:00:00Z,CLS-IMG01884,Cyclonic Storm / Severe Cyclonic Storm,CS-SCS,G1103
data/processed/classification/CS-SCS/CLS_02109.png,1,2013117S10155,SP,pacific_ocean,southern_pacific,2013-05-01T03:00:00Z,CLS-IMG01885,Cyclonic Storm / Severe Cyclonic Storm,CS-SCS,G0473
data/processed/classification/CS-SCS/CLS_02111.png,1,2013130N04093,NI,north_indian_ocean,bay_of_bengal,2013-05-11T00:00:00Z,CLS-IMG01886,Cyclonic Storm / Severe Cyclonic Storm,CS-SCS,G0474
data/processed/classification/CS-SCS/CLS_02112.png,1,2013130N04093,NI,north_indian_ocean,bay_of_bengal,2013-05-12T09:00:00Z,CLS-IMG01887,Cyclonic Storm / Severe Cyclonic Storm,CS-SCS,G0474
data/processed/classification/CS-SCS/CLS_02113.png,1,2013130N04093,NI,north_indian_ocean,bay_of_bengal,2013-05-13T00:00:00Z,CLS-IMG01888,Cyclonic Storm / Severe Cyclonic Storm,CS-SCS,G0474
data/processed/classification/CS-SCS/CLS_02114.png,1,2013130N04093,NI,north_indian_ocean,bay_of_bengal,2013-05-13T12:00:00Z,CLS-IMG01889,Cyclonic Storm / Severe Cyclonic Storm,CS-SCS,G0474
data/processed/classification/CS-SCS/CLS_02115.png,1,2013134N07265,EP,pacific_ocean,eastern_pacific,2013-05-16T00:00:00Z,CLS-IMG01890,Cyclonic Storm / Severe Cyclonic Storm,CS-SCS,G0475
data/processed/classification/CS-SCS/CLS_02116.png,1,2013130N04093,NI,north_indian_ocean,bay_of_bengal,2013-05-16T09:00:00Z,CLS-IMG01891,Cyclonic Storm / Severe Cyclonic Storm,CS-SCS,G0474
data/processed/classification/CS-SCS/CLS_02117.png,1,2013149N14264,EP,pacific_ocean,eastern_pacific,2013-05-28T18:00:00Z,CLS-IMG01892,Cyclonic Storm / Severe Cyclonic Storm,CS-SCS,G1104
data/processed/classification/CS-SCS/CLS_02118.png,1,2013158N13129,WP,pacific_ocean,western_pacific,2013-06-10T06:00:00Z,CLS-IMG01893,Cyclonic Storm / Severe Cyclonic Storm,CS-SCS,G0476
data/processed/classification/CS-SCS/CLS_02120.png,1,2013171N15117,WP,pacific_ocean,western_pacific,2013-06-22T00:00:00Z,CLS-IMG01895,Cyclonic Storm / Severe Cyclonic Storm,CS-SCS,G1106
data/processed/classification/CS-SCS/CLS_02122.png,1,2013186N13262,EP,pacific_ocean,eastern_pacific,2013-07-07T18:00:00Z,CLS-IMG01897,Cyclonic Storm / Severe Cyclonic Storm,CS-SCS,G1107
data/processed/classification/CS-SCS/CLS_02123.png,1,2013196N14128,WP,pacific_ocean,western_pacific,2013-07-18T00:00:00Z,CLS-IMG01898,Cyclonic Storm / Severe Cyclonic Storm,CS-SCS,G0479
data/processed/classification/CS-SCS/CLS_02125.png,1,2013210N13122,WP,pacific_ocean,western_pacific,2013-08-02T18:00:00Z,CLS-IMG01900,Cyclonic Storm / Severe Cyclonic Storm,CS-SCS,G1109
data/processed/classification/CS-SCS/CLS_02130.png,1,2013227N08193,WP,pacific_ocean,western_pacific,2013-08-19T18:00:00Z,CLS-IMG01903,Cyclonic Storm / Severe Cyclonic Storm,CS-SCS,G0481
data/processed/classification/CS-SCS/CLS_02132.png,1,2013237N11129,WP,pacific_ocean,western_pacific,2013-08-28T06:00:00Z,CLS-IMG01905,Cyclonic Storm / Severe Cyclonic Storm,CS-SCS,G1112
data/processed/classification/CS-SCS/CLS_02133.png,1,2013241N19254,EP,pacific_ocean,eastern_pacific,2013-08-29T06:00:00Z,CLS-IMG01906,Cyclonic Storm / Severe Cyclonic Storm,CS-SCS,G1113
data/processed/classification/CS-SCS/CLS_02134.png,1,2013242N15245,EP,pacific_ocean,eastern_pacific,2013-08-31T18:00:00Z,CLS-IMG01907,Cyclonic Storm / Severe Cyclonic Storm,CS-SCS,G1114
data/processed/classification/CS-SCS/CLS_02135.png,1,2013248N17255,EP,pacific_ocean,eastern_pacific,2013-09-06T00:00:00Z,CLS-IMG01908,Cyclonic Storm / Severe Cyclonic Storm,CS-SCS,G1115
data/processed/classification/CS-SCS/CLS_02136.png,1,2013257N15259,EP,pacific_ocean,eastern_pacific,2013-09-14T12:00:00Z,CLS-IMG01909,Cyclonic Storm / Severe Cyclonic Storm,CS-SCS,G0485
data/processed/classification/CS-SCS/CLS_02140.png,1,2013286N15251,EP,pacific_ocean,eastern_pacific,2013-10-13T15:00:00Z,CLS-IMG01911,Cyclonic Storm / Severe Cyclonic Storm,CS-SCS,G0491
data/processed/classification/CS-SCS/CLS_02141.png,1,2013287N13243,EP,pacific_ocean,eastern_pacific,2013-10-14T09:00:00Z,CLS-IMG01912,Cyclonic Storm / Severe Cyclonic Storm,CS-SCS,G1116
data/processed/classification/CS-SCS/CLS_02142.png,1,2013282N14132,WP,pacific_ocean,western_pacific,2013-10-15T12:00:00Z,CLS-IMG01913,Cyclonic Storm / Severe Cyclonic Storm,CS-SCS,G1117
data/processed/classification/CS-SCS/CLS_02143.png,1,2013292N09162,WP,pacific_ocean,western_pacific,2013-10-21T12:00:00Z,CLS-IMG01914,Cyclonic Storm / Severe Cyclonic Storm,CS-SCS,G0492
data/processed/classification/CS-SCS/CLS_02144.png,1,2013296S07079,SI,south_indian_ocean,,2013-10-26T12:00:00Z,CLS-IMG01915,Cyclonic Storm / Severe Cyclonic Storm,CS-SCS,G1118
data/processed/classification/CS-SCS/CLS_02145.png,1,2013293N13260,EP,pacific_ocean,eastern_pacific,2013-10-29T06:00:00Z,CLS-IMG01916,Cyclonic Storm / Severe Cyclonic Storm,CS-SCS,G1119
data/processed/classification/CS-SCS/CLS_02147.png,1,2013301N13142,WP,pacific_ocean,western_pacific,2013-11-03T15:00:00Z,CLS-IMG01918,Cyclonic Storm / Severe Cyclonic Storm,CS-SCS,G1121
data/processed/classification/CS-SCS/CLS_02151.png,1,2013324S11113,SI,south_indian_ocean,,2013-11-22T03:00:00Z,CLS-IMG01922,Cyclonic Storm / Severe Cyclonic Storm,CS-SCS,G1122
data/processed/classification/CS-SCS/CLS_02152.png,1,2013324S11113,SP,pacific_ocean,southern_pacific,2013-11-27T06:00:00Z,CLS-IMG01923,Cyclonic Storm / Severe Cyclonic Storm,CS-SCS,G1122
data/processed/classification/CS-SCS/CLS_02155.png,1,2014015S16043,SI,south_indian_ocean,,2014-01-16T15:00:00Z,CLS-IMG01926,Cyclonic Storm / Severe Cyclonic Storm,CS-SCS,G0501
data/processed/classification/CS-SCS/CLS_02156.png,1,2014017S14160,SP,pacific_ocean,southern_pacific,2014-01-17T21:00:00Z,CLS-IMG01927,Cyclonic Storm / Severe Cyclonic Storm,CS-SCS,G0503
data/processed/classification/CS-SCS/CLS_02157.png,1,2014017S14160,SP,pacific_ocean,southern_pacific,2014-01-18T12:00:00Z,CLS-IMG01928,Cyclonic Storm / Severe Cyclonic Storm,CS-SCS,G0503
data/processed/classification/CS-SCS/CLS_02159.png,1,2014027S14155,SP,pacific_ocean,southern_pacific,2014-01-31T00:00:00Z,CLS-IMG01929,Cyclonic Storm / Severe Cyclonic Storm,CS-SCS,G0504
data/processed/classification/CS-SCS/CLS_02160.png,1,2014031S17149,SP,pacific_ocean,southern_pacific,2014-02-04T21:00:00Z,CLS-IMG01930,Cyclonic Storm / Severe Cyclonic Storm,CS-SCS,G0506
data/processed/classification/CS-SCS/CLS_02161.png,1,2014031S17149,SP,pacific_ocean,southern_pacific,2014-02-05T09:00:00Z,CLS-IMG01931,Cyclonic Storm / Severe Cyclonic Storm,CS-SCS,G0506
data/processed/classification/CS-SCS/CLS_02162.png,1,2014034S14058,SI,south_indian_ocean,,2014-02-07T09:00:00Z,CLS-IMG01932,Cyclonic Storm / Severe Cyclonic Storm,CS-SCS,G0507
data/processed/classification/CS-SCS/CLS_02164.png,1,2014048S16039,SI,south_indian_ocean,,2014-02-21T06:00:00Z,CLS-IMG01934,Cyclonic Storm / Severe Cyclonic Storm,CS-SCS,G0509
data/processed/classification/CS-SCS/CLS_02165.png,1,2014056S18175,SP,pacific_ocean,southern_pacific,2014-02-28T21:00:00Z,CLS-IMG01935,Cyclonic Storm / Severe Cyclonic Storm,CS-SCS,G0510
data/processed/classification/CS-SCS/CLS_02167.png,1,2014058N09149,WP,pacific_ocean,western_pacific,2014-03-02T09:00:00Z,CLS-IMG01936,Cyclonic Storm / Severe Cyclonic Storm,CS-SCS,G1123
data/processed/classification/CS-SCS/CLS_02168.png,1,2014056S18175,SP,pacific_ocean,southern_pacific,2014-03-03T03:00:00Z,CLS-IMG01937,Cyclonic Storm / Severe Cyclonic Storm,CS-SCS,G0510
data/processed/classification/CS-SCS/CLS_02173.png,1,2014086S10041,SI,south_indian_ocean,,2014-03-29T09:00:00Z,CLS-IMG01941,Cyclonic Storm / Severe Cyclonic Storm,CS-SCS,G0515
data/processed/classification/CS-SCS/CLS_02181.png,1,2014180N14255,EP,pacific_ocean,eastern_pacific,2014-06-30T00:00:00Z,CLS-IMG01948,Cyclonic Storm / Severe Cyclonic Storm,CS-SCS,G0517
data/processed/classification/CS-SCS/CLS_02182.png,1,2014181N17257,EP,pacific_ocean,eastern_pacific,2014-06-30T06:00:00Z,CLS-IMG01949,Cyclonic Storm / Severe Cyclonic Storm,CS-SCS,G0517
data/processed/classification/CS-SCS/CLS_02185.png,1,2014197N10137,WP,pacific_ocean,western_pacific,2014-07-17T21:00:00Z,CLS-IMG01950,Cyclonic Storm / Severe Cyclonic Storm,CS-SCS,G1127
data/processed/classification/CS-SCS/CLS_02187.png,1,2014207N12255,EP,pacific_ocean,eastern_pacific,2014-07-28T18:00:00Z,CLS-IMG01952,Cyclonic Storm / Severe Cyclonic Storm,CS-SCS,G0520
data/processed/classification/CS-SCS/CLS_02189.png,1,2014229N16246,EP,pacific_ocean,eastern_pacific,2014-08-18T21:00:00Z,CLS-IMG01954,Cyclonic Storm / Severe Cyclonic Storm,CS-SCS,G0524
data/processed/classification/CS-SCS/CLS_02190.png,1,2014246N17254,EP,pacific_ocean,eastern_pacific,2014-09-02T12:00:00Z,CLS-IMG01955,Cyclonic Storm / Severe Cyclonic Storm,CS-SCS,G1128
data/processed/classification/CS-SCS/CLS_02191.png,1,2014248N19129,WP,pacific_ocean,western_pacific,2014-09-09T06:00:00Z,CLS-IMG01956,Cyclonic Storm / Severe Cyclonic Storm,CS-SCS,G1129
data/processed/classification/CS-SCS/CLS_02194.png,1,2014260N13135,WP,pacific_ocean,western_pacific,2014-09-19T06:00:00Z,CLS-IMG01959,Cyclonic Storm / Severe Cyclonic Storm,CS-SCS,G1130
data/processed/classification/CS-SCS/CLS_02195.png,1,2014267N15257,EP,pacific_ocean,eastern_pacific,2014-09-25T03:00:00Z,CLS-IMG01960,Cyclonic Storm / Severe Cyclonic Storm,CS-SCS,G0528
data/processed/classification/CS-SCS/CLS_02197.png,1,2014274N15260,EP,pacific_ocean,eastern_pacific,2014-10-03T06:00:00Z,CLS-IMG01962,Cyclonic Storm / Severe Cyclonic Storm,CS-SCS,G0529
data/processed/classification/CS-SCS/CLS_02198.png,1,2014290N14261,EP,pacific_ocean,eastern_pacific,2014-10-18T15:00:00Z,CLS-IMG01963,Cyclonic Storm / Severe Cyclonic Storm,CS-SCS,G1131
data/processed/classification/CS-SCS/CLS_02200.png,1,2014303N11261,EP,pacific_ocean,eastern_pacific,2014-11-05T03:00:00Z,CLS-IMG01965,Cyclonic Storm / Severe Cyclonic Storm,CS-SCS,G0531
data/processed/classification/CS-SCS/CLS_02201.png,1,2014309N13088,NI,north_indian_ocean,bay_of_bengal,2014-11-06T00:00:00Z,CLS-IMG01966,Cyclonic Storm / Severe Cyclonic Storm,CS-SCS,G0532
data/processed/classification/CS-SCS/CLS_02202.png,1,2014319S06066,SI,south_indian_ocean,,2014-11-19T06:00:00Z,CLS-IMG01967,Cyclonic Storm / Severe Cyclonic Storm,CS-SCS,G1133
data/processed/classification/CS-SCS/CLS_02203.png,1,2014327S08077,SI,south_indian_ocean,,2014-11-28T06:00:00Z,CLS-IMG01968,Cyclonic Storm / Severe Cyclonic Storm,CS-SCS,G0533
data/processed/classification/CS-SCS/CLS_02204.png,1,2014334N02156,WP,pacific_ocean,western_pacific,2014-12-10T18:00:00Z,CLS-IMG01969,Cyclonic Storm / Severe Cyclonic Storm,CS-SCS,G1134
data/processed/classification/CS-SCS/CLS_02205.png,1,2014344S09102,SI,south_indian_ocean,,2014-12-11T06:00:00Z,CLS-IMG01970,Cyclonic Storm / Severe Cyclonic Storm,CS-SCS,G1135
data/processed/classification/CS-SCS/CLS_02206.png,1,2014362N07130,WP,pacific_ocean,western_pacific,2014-12-29T06:00:00Z,CLS-IMG01971,Cyclonic Storm / Severe Cyclonic Storm,CS-SCS,G0535
data/processed/classification/CS-SCS/CLS_02207.png,1,2015013S18038,SI,south_indian_ocean,,2015-01-16T21:00:00Z,CLS-IMG01972,Cyclonic Storm / Severe Cyclonic Storm,CS-SCS,G1136
data/processed/classification/CS-SCS/CLS_02208.png,1,2015012N09146,WP,pacific_ocean,western_pacific,2015-01-18T06:00:00Z,CLS-IMG01973,Cyclonic Storm / Severe Cyclonic Storm,CS-SCS,G0536
data/processed/classification/CS-SCS/CLS_02209.png,1,2015020S12208,SP,pacific_ocean,southern_pacific,2015-01-20T21:00:00Z,CLS-IMG01974,Cyclonic Storm / Severe Cyclonic Storm,CS-SCS,G0537
data/processed/classification/CS-SCS/CLS_02210.png,1,2015020S12208,SP,pacific_ocean,southern_pacific,2015-01-21T12:00:00Z,CLS-IMG01975,Cyclonic Storm / Severe Cyclonic Storm,CS-SCS,G0537
data/processed/classification/CS-SCS/CLS_02211.png,1,2015020S12208,SP,pacific_ocean,southern_pacific,2015-01-22T09:00:00Z,CLS-IMG01976,Cyclonic Storm / Severe Cyclonic Storm,CS-SCS,G0537
data/processed/classification/CS-SCS/CLS_02212.png,1,2015024S11090,SI,south_indian_ocean,,2015-01-27T12:00:00Z,CLS-IMG01977,Cyclonic Storm / Severe Cyclonic Storm,CS-SCS,G0538
data/processed/classification/CS-SCS/CLS_02215.png,1,2015036S20038,SI,south_indian_ocean,,2015-02-07T12:00:00Z,CLS-IMG01980,Cyclonic Storm / Severe Cyclonic Storm,CS-SCS,G1137
data/processed/classification/CS-SCS/CLS_02216.png,1,2015038N08158,WP,pacific_ocean,western_pacific,2015-02-08T06:00:00Z,CLS-IMG01981,Cyclonic Storm / Severe Cyclonic Storm,CS-SCS,G0540
data/processed/classification/CS-SCS/CLS_02217.png,1,2015047S12142,SP,pacific_ocean,southern_pacific,2015-02-17T03:00:00Z,CLS-IMG01982,Cyclonic Storm / Severe Cyclonic Storm,CS-SCS,G0541
data/processed/classification/CS-SCS/CLS_02219.png,1,2015047S15152,SP,pacific_ocean,southern_pacific,2015-02-18T03:00:00Z,CLS-IMG01983,Cyclonic Storm / Severe Cyclonic Storm,CS-SCS,G0541
data/processed/classification/CS-SCS/CLS_02220.png,1,2015050S11094,SI,south_indian_ocean,,2015-02-25T21:00:00Z,CLS-IMG01984,Cyclonic Storm / Severe Cyclonic Storm,CS-SCS,G0542
data/processed/classification/CS-SCS/CLS_02221.png,1,2015063S14042,SI,south_indian_ocean,,2015-03-05T15:00:00Z,CLS-IMG01985,Cyclonic Storm / Severe Cyclonic Storm,CS-SCS,G1138
data/processed/classification/CS-SCS/CLS_02222.png,1,2015064S14052,SI,south_indian_ocean,,2015-03-09T18:00:00Z,CLS-IMG01986,Cyclonic Storm / Severe Cyclonic Storm,CS-SCS,G1139
data/processed/classification/CS-SCS/CLS_02223.png,1,2015068S14113,SI,south_indian_ocean,,2015-03-11T09:00:00Z,CLS-IMG01987,Cyclonic Storm / Severe Cyclonic Storm,CS-SCS,G1140
data/processed/classification/CS-SCS/CLS_02224.png,1,2015079S15182,SP,pacific_ocean,southern_pacific,2015-03-21T21:00:00Z,CLS-IMG01988,Cyclonic Storm / Severe Cyclonic Storm,CS-SCS,G0543
data/processed/classification/CS-SCS/CLS_02225.png,1,2015079S15182,SP,pacific_ocean,southern_pacific,2015-03-22T09:00:00Z,CLS-IMG01989,Cyclonic Storm / Severe Cyclonic Storm,CS-SCS,G0543
data/processed/classification/CS-SCS/CLS_02226.png,1,2015079S15182,SP,pacific_ocean,southern_pacific,2015-03-23T09:00:00Z,CLS-IMG01990,Cyclonic Storm / Severe Cyclonic Storm,CS-SCS,G0543
data/processed/classification/CS-SCS/CLS_02228.png,1,2015092N06161,WP,pacific_ocean,western_pacific,2015-04-04T15:00:00Z,CLS-IMG01991,Cyclonic Storm / Severe Cyclonic Storm,CS-SCS,G0544
data/processed/classification/CS-SCS/CLS_02232.png,1,2015099S13163,SP,pacific_ocean,southern_pacific,2015-04-11T00:00:00Z,CLS-IMG01994,Cyclonic Storm / Severe Cyclonic Storm,CS-SCS,G0546
data/processed/classification/CS-SCS/CLS_02233.png,1,2015099S13163,SP,pacific_ocean,southern_pacific,2015-04-11T18:00:00Z,CLS-IMG01995,Cyclonic Storm / Severe Cyclonic Storm,CS-SCS,G0546
data/processed/classification/CS-SCS/CLS_02235.png,1,2015157N13069,NI,north_indian_ocean,arabian_sea,2015-06-08T12:00:00Z,CLS-IMG01996,Cyclonic Storm / Severe Cyclonic Storm,CS-SCS,G0549
data/processed/classification/CS-SCS/CLS_02236.png,1,2015157N13069,NI,north_indian_ocean,arabian_sea,2015-06-09T21:00:00Z,CLS-IMG01997,Cyclonic Storm / Severe Cyclonic Storm,CS-SCS,G0549
data/processed/classification/CS-SCS/CLS_02237.png,1,2015157N13069,NI,north_indian_ocean,arabian_sea,2015-06-10T12:00:00Z,CLS-IMG01998,Cyclonic Storm / Severe Cyclonic Storm,CS-SCS,G0549
data/processed/classification/CS-SCS/CLS_02238.png,1,2015162N12262,EP,pacific_ocean,eastern_pacific,2015-06-17T09:00:00Z,CLS-IMG01999,Cyclonic Storm / Severe Cyclonic Storm,CS-SCS,G0550
data/processed/classification/CS-SCS/CLS_02240.png,1,2015180S04163,SP,pacific_ocean,southern_pacific,2015-07-01T12:00:00Z,CLS-IMG02000,Cyclonic Storm / Severe Cyclonic Storm,CS-SCS,G0552
data/processed/classification/CS-SCS/CLS_02241.png,1,2015180S04163,SP,pacific_ocean,southern_pacific,2015-07-02T18:00:00Z,CLS-IMG02001,Cyclonic Storm / Severe Cyclonic Storm,CS-SCS,G0552
data/processed/classification/CS-SCS/CLS_02242.png,1,2015183N13130,WP,pacific_ocean,western_pacific,2015-07-07T18:00:00Z,CLS-IMG02002,Cyclonic Storm / Severe Cyclonic Storm,CS-SCS,G0551
data/processed/classification/CS-SCS/CLS_02243.png,1,2015189N13223,EP,pacific_ocean,eastern_pacific,2015-07-08T18:00:00Z,CLS-IMG02003,Cyclonic Storm / Severe Cyclonic Storm,CS-SCS,G1142
data/processed/classification/CS-SCS/CLS_02244.png,1,2015188N08194,EP,pacific_ocean,eastern_pacific,2015-07-11T18:00:00Z,CLS-IMG02004,Cyclonic Storm / Severe Cyclonic Storm,CS-SCS,G0553
data/processed/classification/CS-SCS/CLS_02245.png,1,2015190N12210,EP,pacific_ocean,eastern_pacific,2015-07-12T09:00:00Z,CLS-IMG02005,Cyclonic Storm / Severe Cyclonic Storm,CS-SCS,G0554
data/processed/classification/CS-SCS/CLS_02246.png,1,2015194N13235,EP,pacific_ocean,eastern_pacific,2015-07-13T06:00:00Z,CLS-IMG02006,Cyclonic Storm / Severe Cyclonic Storm,CS-SCS,G0557
data/processed/classification/CS-SCS/CLS_02249.png,1,2015213S08169,SP,pacific_ocean,southern_pacific,2015-08-02T15:00:00Z,CLS-IMG02008,Cyclonic Storm / Severe Cyclonic Storm,CS-SCS,G0559
data/processed/classification/CS-SCS/CLS_02250.png,1,2015213S08169,SP,pacific_ocean,southern_pacific,2015-08-03T06:00:00Z,CLS-IMG02009,Cyclonic Storm / Severe Cyclonic Storm,CS-SCS,G0559
data/processed/classification/CS-SCS/CLS_02251.png,1,2015209N07248,EP,pacific_ocean,eastern_pacific,2015-08-04T18:00:00Z,CLS-IMG02010,Cyclonic Storm / Severe Cyclonic Storm,CS-SCS,G1144
data/processed/classification/CS-SCS/CLS_02252.png,1,2015218N18149,WP,pacific_ocean,western_pacific,2015-08-08T09:00:00Z,CLS-IMG02011,Cyclonic Storm / Severe Cyclonic Storm,CS-SCS,G0560
data/processed/classification/CS-SCS/CLS_02254.png,1,2015226N15164,WP,pacific_ocean,western_pacific,2015-08-15T18:00:00Z,CLS-IMG02012,Cyclonic Storm / Severe Cyclonic Storm,CS-SCS,G1145
data/processed/classification/CS-SCS/CLS_02255.png,1,2015226N12151,WP,pacific_ocean,western_pacific,2015-08-25T09:00:00Z,CLS-IMG02013,Cyclonic Storm / Severe Cyclonic Storm,CS-SCS,G0561
data/processed/classification/CS-SCS/CLS_02256.png,1,2015244N12248,EP,pacific_ocean,eastern_pacific,2015-09-02T12:00:00Z,CLS-IMG02014,Cyclonic Storm / Severe Cyclonic Storm,CS-SCS,G0562
data/processed/classification/CS-SCS/CLS_02257.png,1,2015256N16113,WP,pacific_ocean,western_pacific,2015-09-14T12:00:00Z,CLS-IMG02015,Cyclonic Storm / Severe Cyclonic Storm,CS-SCS,G0563
data/processed/classification/CS-SCS/CLS_02260.png,1,2015266N11214,EP,pacific_ocean,eastern_pacific,2015-09-27T21:00:00Z,CLS-IMG02018,Cyclonic Storm / Severe Cyclonic Storm,CS-SCS,G1148
data/processed/classification/CS-SCS/CLS_02261.png,1,2015270N13257,EP,pacific_ocean,eastern_pacific,2015-09-29T21:00:00Z,CLS-IMG02019,Cyclonic Storm / Severe Cyclonic Storm,CS-SCS,G0564
data/processed/classification/CS-SCS/CLS_02262.png,1,2015274N17167,WP,pacific_ocean,western_pacific,2015-10-05T00:00:00Z,CLS-IMG02020,Cyclonic Storm / Severe Cyclonic Storm,CS-SCS,G1149
data/processed/classification/CS-SCS/CLS_02264.png,1,2015286S10175,SP,pacific_ocean,southern_pacific,2015-10-16T21:00:00Z,CLS-IMG02022,Cyclonic Storm / Severe Cyclonic Storm,CS-SCS,G0568
data/processed/classification/CS-SCS/CLS_02266.png,1,2015309N14067,NI,north_indian_ocean,arabian_sea,2015-11-05T21:00:00Z,CLS-IMG02023,Cyclonic Storm / Severe Cyclonic Storm,CS-SCS,G0569
data/processed/classification/CS-SCS/CLS_02267.png,1,2015322N13253,EP,pacific_ocean,eastern_pacific,2015-11-19T21:00:00Z,CLS-IMG02024,Cyclonic Storm / Severe Cyclonic Storm,CS-SCS,G0570
data/processed/classification/CS-SCS/CLS_02268.png,1,2015323S05080,SI,south_indian_ocean,,2015-11-22T06:00:00Z,CLS-IMG02025,Cyclonic Storm / Severe Cyclonic Storm,CS-SCS,G0571
data/processed/classification/CS-SCS/CLS_02270.png,1,2015330S10178,SP,pacific_ocean,southern_pacific,2015-11-27T18:00:00Z,CLS-IMG02026,Cyclonic Storm / Severe Cyclonic Storm,CS-SCS,G0572
data/processed/classification/CS-SCS/CLS_02271.png,1,2015330S10178,SP,pacific_ocean,southern_pacific,2015-11-28T18:00:00Z,CLS-IMG02027,Cyclonic Storm / Severe Cyclonic Storm,CS-SCS,G0572
data/processed/classification/CS-SCS/CLS_02272.png,1,2015342S09079,SI,south_indian_ocean,,2015-12-10T21:00:00Z,CLS-IMG02028,Cyclonic Storm / Severe Cyclonic Storm,CS-SCS,G0573
data/processed/classification/CS-SCS/CLS_02274.png,1,2016006N02188,EP,pacific_ocean,eastern_pacific,2016-01-10T00:00:00Z,CLS-IMG02030,Cyclonic Storm / Severe Cyclonic Storm,CS-SCS,G0574
data/processed/classification/CS-SCS/CLS_02276.png,1,2016040S16155,SP,pacific_ocean,southern_pacific,2016-02-10T21:00:00Z,CLS-IMG02032,Cyclonic Storm / Severe Cyclonic Storm,CS-SCS,G0577
data/processed/classification/CS-SCS/CLS_02277.png,1,2016039S14061,SI,south_indian_ocean,,2016-02-11T00:00:00Z,CLS-IMG02033,Cyclonic Storm / Severe Cyclonic Storm,CS-SCS,G0576
data/processed/classification/CS-SCS/CLS_02278.png,1,2016040S16155,SP,pacific_ocean,southern_pacific,2016-02-11T18:00:00Z,CLS-IMG02034,Cyclonic Storm / Severe Cyclonic Storm,CS-SCS,G0577
data/processed/classification/CS-SCS/CLS_02280.png,1,2016055S15202,SP,pacific_ocean,southern_pacific,2016-02-25T06:00:00Z,CLS-IMG02036,Cyclonic Storm / Severe Cyclonic Storm,CS-SCS,G0578
data/processed/classification/CS-SCS/CLS_02281.png,1,2016074S16137,SP,pacific_ocean,southern_pacific,2016-03-16T06:00:00Z,CLS-IMG02037,Cyclonic Storm / Severe Cyclonic Storm,CS-SCS,G0579
data/processed/classification/CS-SCS/CLS_02282.png,1,2016075S11087,SI,south_indian_ocean,,2016-03-20T12:00:00Z,CLS-IMG02038,Cyclonic Storm / Severe Cyclonic Storm,CS-SCS,G1153
data/processed/classification/CS-SCS/CLS_02283.png,1,2016087S13073,SI,south_indian_ocean,,2016-03-29T12:00:00Z,CLS-IMG02039,Cyclonic Storm / Severe Cyclonic Storm,CS-SCS,G1154
data/processed/classification/CS-SCS/CLS_02288.png,1,2016138N10081,NI,north_indian_ocean,bay_of_bengal,2016-05-18T06:00:00Z,CLS-IMG02044,Cyclonic Storm / Severe Cyclonic Storm,CS-SCS,G1155
data/processed/classification/CS-SCS/CLS_02289.png,1,2016138N10081,NI,north_indian_ocean,bay_of_bengal,2016-05-19T03:00:00Z,CLS-IMG02045,Cyclonic Storm / Severe Cyclonic Storm,CS-SCS,G1155
data/processed/classification/CS-SCS/CLS_02290.png,1,2016138N10081,NI,north_indian_ocean,bay_of_bengal,2016-05-19T18:00:00Z,CLS-IMG02046,Cyclonic Storm / Severe Cyclonic Storm,CS-SCS,G1155
data/processed/classification/CS-SCS/CLS_02291.png,1,2016138N10081,NI,north_indian_ocean,bay_of_bengal,2016-05-20T06:00:00Z,CLS-IMG02047,Cyclonic Storm / Severe Cyclonic Storm,CS-SCS,G1155
data/processed/classification/CS-SCS/CLS_02292.png,1,2016138N10081,NI,north_indian_ocean,bay_of_bengal,2016-05-20T18:00:00Z,CLS-IMG02048,Cyclonic Storm / Severe Cyclonic Storm,CS-SCS,G1155
data/processed/classification/CS-SCS/CLS_02293.png,1,2016138N10081,NI,north_indian_ocean,bay_of_bengal,2016-05-21T12:00:00Z,CLS-IMG02049,Cyclonic Storm / Severe Cyclonic Storm,CS-SCS,G1155
data/processed/classification/CS-SCS/CLS_02294.png,1,2016178N22068,NI,north_indian_ocean,arabian_sea,2016-06-27T06:00:00Z,CLS-IMG02050,Cyclonic Storm / Severe Cyclonic Storm,CS-SCS,G0583
data/processed/classification/CS-SCS/CLS_02295.png,1,2016183N13246,EP,pacific_ocean,eastern_pacific,2016-07-04T00:00:00Z,CLS-IMG02051,Cyclonic Storm / Severe Cyclonic Storm,CS-SCS,G1156
data/processed/classification/CS-SCS/CLS_02300.png,1,2016211N11128,WP,pacific_ocean,western_pacific,2016-07-31T12:00:00Z,CLS-IMG02055,Cyclonic Storm / Severe Cyclonic Storm,CS-SCS,G1157
data/processed/classification/CS-SCS/CLS_02302.png,1,2016220N18258,EP,pacific_ocean,eastern_pacific,2016-08-08T21:00:00Z,CLS-IMG02057,Cyclonic Storm / Severe Cyclonic Storm,CS-SCS,G0590
data/processed/classification/CS-SCS/CLS_02303.png,1,2016228N22117,WP,pacific_ocean,western_pacific,2016-08-19T03:00:00Z,CLS-IMG02058,Cyclonic Storm / Severe Cyclonic Storm,CS-SCS,G1158
data/processed/classification/CS-SCS/CLS_02304.png,1,2016232N22153,WP,pacific_ocean,western_pacific,2016-08-20T12:00:00Z,CLS-IMG02059,Cyclonic Storm / Severe Cyclonic Storm,CS-SCS,G0592
data/processed/classification/CS-SCS/CLS_02306.png,1,2016236N13146,WP,pacific_ocean,western_pacific,2016-08-23T09:00:00Z,CLS-IMG02061,Cyclonic Storm / Severe Cyclonic Storm,CS-SCS,G1160
data/processed/classification/CS-SCS/CLS_02308.png,1,2016256N12146,WP,pacific_ocean,western_pacific,2016-09-12T18:00:00Z,CLS-IMG02063,Cyclonic Storm / Severe Cyclonic Storm,CS-SCS,G1162
data/processed/classification/CS-SCS/CLS_02309.png,1,2016255N12247,EP,pacific_ocean,eastern_pacific,2016-09-15T06:00:00Z,CLS-IMG02064,Cyclonic Storm / Severe Cyclonic Storm,CS-SCS,G1163
data/processed/classification/CS-SCS/CLS_02310.png,1,2016262N16251,EP,pacific_ocean,eastern_pacific,2016-09-18T21:00:00Z,CLS-IMG02065,Cyclonic Storm / Severe Cyclonic Storm,CS-SCS,G0596
data/processed/classification/CS-SCS/CLS_02311.png,1,2016270N15240,EP,pacific_ocean,eastern_pacific,2016-09-28T15:00:00Z,CLS-IMG02066,Cyclonic Storm / Severe Cyclonic Storm,CS-SCS,G0599
data/processed/classification/CS-SCS/CLS_02313.png,1,2016269N15165,WP,pacific_ocean,western_pacific,2016-09-30T18:00:00Z,CLS-IMG02067,Cyclonic Storm / Severe Cyclonic Storm,CS-SCS,G1164
data/processed/classification/CS-SCS/CLS_02314.png,1,2016278N16181,WP,pacific_ocean,western_pacific,2016-10-09T06:00:00Z,CLS-IMG02068,Cyclonic Storm / Severe Cyclonic Storm,CS-SCS,G1165
data/processed/classification/CS-SCS/CLS_02315.png,1,2016287N12131,WP,pacific_ocean,western_pacific,2016-10-14T09:00:00Z,CLS-IMG02069,Cyclonic Storm / Severe Cyclonic Storm,CS-SCS,G1166
data/processed/classification/CS-SCS/CLS_02316.png,1,2016296N11262,EP,pacific_ocean,eastern_pacific,2016-10-23T12:00:00Z,CLS-IMG02070,Cyclonic Storm / Severe Cyclonic Storm,CS-SCS,G1167
data/processed/classification/CS-SCS/CLS_02317.png,1,2016295N13089,NI,north_indian_ocean,bay_of_bengal,2016-10-25T00:00:00Z,CLS-IMG02071,Cyclonic Storm / Severe Cyclonic Storm,CS-SCS,G0602
data/processed/classification/CS-SCS/CLS_02318.png,1,2016295N13089,NI,north_indian_ocean,bay_of_bengal,2016-10-25T12:00:00Z,CLS-IMG02072,Cyclonic Storm / Severe Cyclonic Storm,CS-SCS,G0602
data/processed/classification/CS-SCS/CLS_02320.png,1,2016313N11163,WP,pacific_ocean,western_pacific,2016-11-09T18:00:00Z,CLS-IMG02074,Cyclonic Storm / Severe Cyclonic Storm,CS-SCS,G0603
data/processed/classification/CS-SCS/CLS_02321.png,1,2016328N09130,WP,pacific_ocean,western_pacific,2016-11-25T03:00:00Z,CLS-IMG02075,Cyclonic Storm / Severe Cyclonic Storm,CS-SCS,G1169
data/processed/classification/CS-SCS/CLS_02323.png,1,2016335N07088,NI,north_indian_ocean,bay_of_bengal,2016-11-30T03:00:00Z,CLS-IMG02076,Cyclonic Storm / Severe Cyclonic Storm,CS-SCS,G0604
data/processed/classification/CS-SCS/CLS_02324.png,1,2016335N07088,NI,north_indian_ocean,bay_of_bengal,2016-11-30T15:00:00Z,CLS-IMG02077,Cyclonic Storm / Severe Cyclonic Storm,CS-SCS,G0604
data/processed/classification/CS-SCS/CLS_02325.png,1,2016335N07088,NI,north_indian_ocean,bay_of_bengal,2016-12-01T03:00:00Z,CLS-IMG02078,Cyclonic Storm / Severe Cyclonic Storm,CS-SCS,G0604
data/processed/classification/CS-SCS/CLS_02327.png,1,2016355N07146,WP,pacific_ocean,western_pacific,2016-12-27T12:00:00Z,CLS-IMG02080,Cyclonic Storm / Severe Cyclonic Storm,CS-SCS,G1171
data/processed/classification/CS-SCS/CLS_02329.png,1,2017033S14056,SI,south_indian_ocean,,2017-02-10T03:00:00Z,CLS-IMG02082,Cyclonic Storm / Severe Cyclonic Storm,CS-SCS,G0607
data/processed/classification/CS-SCS/CLS_02331.png,1,2017046S17137,SP,pacific_ocean,southern_pacific,2017-02-16T18:00:00Z,CLS-IMG02084,Cyclonic Storm / Severe Cyclonic Storm,CS-SCS,G0609
data/processed/classification/CS-SCS/CLS_02332.png,1,2017046S17137,SP,pacific_ocean,southern_pacific,2017-02-19T18:00:00Z,CLS-IMG02085,Cyclonic Storm / Severe Cyclonic Storm,CS-SCS,G0609
data/processed/classification/CS-SCS/CLS_02334.png,1,2017051S18189,SP,pacific_ocean,southern_pacific,2017-02-21T00:00:00Z,CLS-IMG02086,Cyclonic Storm / Severe Cyclonic Storm,CS-SCS,G0610
data/processed/classification/CS-SCS/CLS_02335.png,1,2017052S16178,SP,pacific_ocean,southern_pacific,2017-02-21T12:00:00Z,CLS-IMG02087,Cyclonic Storm / Severe Cyclonic Storm,CS-SCS,G0610
data/processed/classification/CS-SCS/CLS_02336.png,1,2017051S18189,SP,pacific_ocean,southern_pacific,2017-02-22T03:00:00Z,CLS-IMG02088,Cyclonic Storm / Severe Cyclonic Storm,CS-SCS,G0610
data/processed/classification/CS-SCS/CLS_02337.png,1,2017052S16178,SP,pacific_ocean,southern_pacific,2017-02-22T09:00:00Z,CLS-IMG02089,Cyclonic Storm / Severe Cyclonic Storm,CS-SCS,G0610
data/processed/classification/CS-SCS/CLS_02339.png,1,2017065S14079,SI,south_indian_ocean,,2017-03-09T09:00:00Z,CLS-IMG02091,Cyclonic Storm / Severe Cyclonic Storm,CS-SCS,G0612
data/processed/classification/CS-SCS/CLS_02340.png,1,2017081S10096,SI,south_indian_ocean,,2017-03-23T21:00:00Z,CLS-IMG02092,Cyclonic Storm / Severe Cyclonic Storm,CS-SCS,G0614
data/processed/classification/CS-SCS/CLS_02341.png,1,2017094S17191,SP,pacific_ocean,southern_pacific,2017-04-05T15:00:00Z,CLS-IMG02093,Cyclonic Storm / Severe Cyclonic Storm,CS-SCS,G0617
data/processed/classification/CS-SCS/CLS_02342.png,1,2017094S17191,SP,pacific_ocean,southern_pacific,2017-04-06T03:00:00Z,CLS-IMG02094,Cyclonic Storm / Severe Cyclonic Storm,CS-SCS,G0617
data/processed/classification/CS-SCS/CLS_02343.png,1,2017094S17191,SP,pacific_ocean,southern_pacific,2017-04-06T18:00:00Z,CLS-IMG02095,Cyclonic Storm / Severe Cyclonic Storm,CS-SCS,G0617
data/processed/classification/CS-SCS/CLS_02347.png,1,2017113N09144,WP,pacific_ocean,western_pacific,2017-04-26T18:00:00Z,CLS-IMG02099,Cyclonic Storm / Severe Cyclonic Storm,CS-SCS,G1172
data/processed/classification/CS-SCS/CLS_02348.png,1,2017127S18184,SP,pacific_ocean,southern_pacific,2017-05-09T21:00:00Z,CLS-IMG02100,Cyclonic Storm / Severe Cyclonic Storm,CS-SCS,G0620
data/processed/classification/CS-SCS/CLS_02349.png,1,2017130N09269,EP,pacific_ocean,eastern_pacific,2017-05-10T09:00:00Z,CLS-IMG02101,Cyclonic Storm / Severe Cyclonic Storm,CS-SCS,G0621
data/processed/classification/CS-SCS/CLS_02351.png,1,2017127S18184,SP,pacific_ocean,southern_pacific,2017-05-11T03:00:00Z,CLS-IMG02102,Cyclonic Storm / Severe Cyclonic Storm,CS-SCS,G0620
data/processed/classification/CS-SCS/CLS_02356.png,1,2017163N14265,EP,pacific_ocean,eastern_pacific,2017-06-13T03:00:00Z,CLS-IMG02106,Cyclonic Storm / Severe Cyclonic Storm,CS-SCS,G0624
data/processed/classification/CS-SCS/CLS_02357.png,1,2017195N16114,WP,pacific_ocean,western_pacific,2017-07-17T03:00:00Z,CLS-IMG02107,Cyclonic Storm / Severe Cyclonic Storm,CS-SCS,G0626
data/processed/classification/CS-SCS/CLS_02358.png,1,2017202N19124,WP,pacific_ocean,western_pacific,2017-07-22T09:00:00Z,CLS-IMG02108,Cyclonic Storm / Severe Cyclonic Storm,CS-SCS,G0629
data/processed/classification/CS-SCS/CLS_02359.png,1,2017199N14255,EP,pacific_ocean,eastern_pacific,2017-07-25T06:00:00Z,CLS-IMG02109,Cyclonic Storm / Severe Cyclonic Storm,CS-SCS,G0627
data/processed/classification/CS-SCS/CLS_02360.png,1,2017203N14248,EP,pacific_ocean,eastern_pacific,2017-07-31T12:00:00Z,CLS-IMG02110,Cyclonic Storm / Severe Cyclonic Storm,CS-SCS,G0627
data/processed/classification/CS-SCS/CLS_02361.png,1,2017212N27158,WP,pacific_ocean,western_pacific,2017-08-05T00:00:00Z,CLS-IMG02111,Cyclonic Storm / Severe Cyclonic Storm,CS-SCS,G0631
data/processed/classification/CS-SCS/CLS_02362.png,1,2017223N16172,WP,pacific_ocean,western_pacific,2017-08-11T12:00:00Z,CLS-IMG02112,Cyclonic Storm / Severe Cyclonic Storm,CS-SCS,G1173
data/processed/classification/CS-SCS/CLS_02363.png,1,2017224N19253,EP,pacific_ocean,eastern_pacific,2017-08-12T09:00:00Z,CLS-IMG02113,Cyclonic Storm / Severe Cyclonic Storm,CS-SCS,G0632
data/processed/classification/CS-SCS/CLS_02364.png,1,2017230N13249,EP,pacific_ocean,eastern_pacific,2017-08-19T03:00:00Z,CLS-IMG02114,Cyclonic Storm / Severe Cyclonic Storm,CS-SCS,G1174
data/processed/classification/CS-SCS/CLS_02365.png,1,2017242N17253,EP,pacific_ocean,eastern_pacific,2017-08-31T06:00:00Z,CLS-IMG02115,Cyclonic Storm / Severe Cyclonic Storm,CS-SCS,G1175
data/processed/classification/CS-SCS/CLS_02368.png,1,2017253N14130,WP,pacific_ocean,western_pacific,2017-09-12T12:00:00Z,CLS-IMG02116,Cyclonic Storm / Severe Cyclonic Storm,CS-SCS,G1176
data/processed/classification/CS-SCS/CLS_02370.png,1,2017254N16251,EP,pacific_ocean,eastern_pacific,2017-09-17T03:00:00Z,CLS-IMG02117,Cyclonic Storm / Severe Cyclonic Storm,CS-SCS,G0635
data/processed/classification/CS-SCS/CLS_02371.png,1,2017257N16251,EP,pacific_ocean,eastern_pacific,2017-09-18T12:00:00Z,CLS-IMG02118,Cyclonic Storm / Severe Cyclonic Storm,CS-SCS,G1177
data/processed/classification/CS-SCS/CLS_02374.png,1,2017300N10271,EP,pacific_ocean,eastern_pacific,2017-10-27T15:00:00Z,CLS-IMG02120,Cyclonic Storm / Severe Cyclonic Storm,CS-SCS,G1179
data/processed/classification/CS-SCS/CLS_02377.png,1,2017321N07124,WP,pacific_ocean,western_pacific,2017-11-18T06:00:00Z,CLS-IMG02123,Cyclonic Storm / Severe Cyclonic Storm,CS-SCS,G1180
data/processed/classification/CS-SCS/CLS_02378.png,1,2017332S08098,SI,south_indian_ocean,,2017-11-30T00:00:00Z,CLS-IMG02124,Cyclonic Storm / Severe Cyclonic Storm,CS-SCS,G0641
data/processed/classification/CS-SCS/CLS_02381.png,1,2017347N11131,WP,pacific_ocean,western_pacific,2017-12-15T00:00:00Z,CLS-IMG02127,Cyclonic Storm / Severe Cyclonic Storm,CS-SCS,G1181
data/processed/classification/CS-SCS/CLS_02382.png,1,2017354N08134,WP,pacific_ocean,western_pacific,2017-12-21T21:00:00Z,CLS-IMG02128,Cyclonic Storm / Severe Cyclonic Storm,CS-SCS,G1182
data/processed/classification/CS-SCS/CLS_02384.png,1,2018004S09096,SI,south_indian_ocean,,2018-01-05T21:00:00Z,CLS-IMG02130,Cyclonic Storm / Severe Cyclonic Storm,CS-SCS,G1183
data/processed/classification/CS-SCS/CLS_02385.png,1,2017364S12065,SI,south_indian_ocean,,2018-01-06T09:00:00Z,CLS-IMG02131,Cyclonic Storm / Severe Cyclonic Storm,CS-SCS,G0644
data/processed/classification/CS-SCS/CLS_02387.png,1,2018010S10069,SI,south_indian_ocean,,2018-01-13T15:00:00Z,CLS-IMG02133,Cyclonic Storm / Severe Cyclonic Storm,CS-SCS,G0646
data/processed/classification/CS-SCS/CLS_02388.png,1,2018027S11156,SP,pacific_ocean,southern_pacific,2018-01-27T18:00:00Z,CLS-IMG02134,Cyclonic Storm / Severe Cyclonic Storm,CS-SCS,G0647
data/processed/classification/CS-SCS/CLS_02390.png,1,2018027S11156,SP,pacific_ocean,southern_pacific,2018-01-29T12:00:00Z,CLS-IMG02135,Cyclonic Storm / Severe Cyclonic Storm,CS-SCS,G0647
data/processed/classification/CS-SCS/CLS_02391.png,1,2018027S11156,SP,pacific_ocean,southern_pacific,2018-01-30T15:00:00Z,CLS-IMG02136,Cyclonic Storm / Severe Cyclonic Storm,CS-SCS,G0647
data/processed/classification/CS-SCS/CLS_02392.png,1,2018039N08151,WP,pacific_ocean,western_pacific,2018-02-12T15:00:00Z,CLS-IMG02137,Cyclonic Storm / Severe Cyclonic Storm,CS-SCS,G1184
data/processed/classification/CS-SCS/CLS_02393.png,1,2018044S10133,SI,south_indian_ocean,,2018-02-17T12:00:00Z,CLS-IMG02138,Cyclonic Storm / Severe Cyclonic Storm,CS-SCS,G1185
data/processed/classification/CS-SCS/CLS_02395.png,1,2018070S10160,SP,pacific_ocean,southern_pacific,2018-03-12T18:00:00Z,CLS-IMG02140,Cyclonic Storm / Severe Cyclonic Storm,CS-SCS,G0650
data/processed/classification/CS-SCS/CLS_02396.png,1,2018070S10160,SP,pacific_ocean,southern_pacific,2018-03-13T06:00:00Z,CLS-IMG02141,Cyclonic Storm / Severe Cyclonic Storm,CS-SCS,G0650
data/processed/classification/CS-SCS/CLS_02398.png,1,2018073S12057,SI,south_indian_ocean,,2018-03-17T03:00:00Z,CLS-IMG02142,Cyclonic Storm / Severe Cyclonic Storm,CS-SCS,G0651
data/processed/classification/CS-SCS/CLS_02402.png,1,2018082S12164,SP,pacific_ocean,southern_pacific,2018-04-05T03:00:00Z,CLS-IMG02146,Cyclonic Storm / Severe Cyclonic Storm,CS-SCS,G0653
data/processed/classification/CS-SCS/CLS_02403.png,1,2018082S12164,SP,pacific_ocean,southern_pacific,2018-04-06T00:00:00Z,CLS-IMG02147,Cyclonic Storm / Severe Cyclonic Storm,CS-SCS,G0653
data/processed/classification/CS-SCS/CLS_02404.png,1,2018096S15172,SP,pacific_ocean,southern_pacific,2018-04-09T00:00:00Z,CLS-IMG02148,Cyclonic Storm / Severe Cyclonic Storm,CS-SCS,G0656
data/processed/classification/CS-SCS/CLS_02405.png,1,2018096S15172,SP,pacific_ocean,southern_pacific,2018-04-09T12:00:00Z,CLS-IMG02149,Cyclonic Storm / Severe Cyclonic Storm,CS-SCS,G0656
data/processed/classification/CS-SCS/CLS_02406.png,1,2018117S07098,SI,south_indian_ocean,,2018-04-28T18:00:00Z,CLS-IMG02150,Cyclonic Storm / Severe Cyclonic Storm,CS-SCS,G1186
data/processed/classification/CS-SCS/CLS_02408.png,1,2018136N11054,NI,north_indian_ocean,arabian_sea,2018-05-17T09:00:00Z,CLS-IMG02151,Cyclonic Storm / Severe Cyclonic Storm,CS-SCS,G0660
data/processed/classification/CS-SCS/CLS_02409.png,1,2018136N11054,NI,north_indian_ocean,arabian_sea,2018-05-17T21:00:00Z,CLS-IMG02152,Cyclonic Storm / Severe Cyclonic Storm,CS-SCS,G0660
data/processed/classification/CS-SCS/CLS_02410.png,1,2018148N17090,NI,north_indian_ocean,bay_of_bengal,2018-05-29T00:00:00Z,CLS-IMG02153,Cyclonic Storm / Severe Cyclonic Storm,CS-SCS,G0662
data/processed/classification/CS-SCS/CLS_02411.png,1,2018153N12113,WP,pacific_ocean,western_pacific,2018-06-06T06:00:00Z,CLS-IMG02154,Cyclonic Storm / Severe Cyclonic Storm,CS-SCS,G0663
data/processed/classification/CS-SCS/CLS_02412.png,1,2018157N14255,EP,pacific_ocean,eastern_pacific,2018-06-06T18:00:00Z,CLS-IMG02155,Cyclonic Storm / Severe Cyclonic Storm,CS-SCS,G1187
data/processed/classification/CS-SCS/CLS_02413.png,1,2018155N10132,WP,pacific_ocean,western_pacific,2018-06-10T12:00:00Z,CLS-IMG02156,Cyclonic Storm / Severe Cyclonic Storm,CS-SCS,G1188
data/processed/classification/CS-SCS/CLS_02415.png,1,2018165N22117,WP,pacific_ocean,western_pacific,2018-06-15T15:00:00Z,CLS-IMG02158,Cyclonic Storm / Severe Cyclonic Storm,CS-SCS,G0665
data/processed/classification/CS-SCS/CLS_02416.png,1,2018166N15260,EP,pacific_ocean,eastern_pacific,2018-06-17T09:00:00Z,CLS-IMG02159,Cyclonic Storm / Severe Cyclonic Storm,CS-SCS,G1189
data/processed/classification/CS-SCS/CLS_02418.png,1,2018182N11256,EP,pacific_ocean,eastern_pacific,2018-07-05T21:00:00Z,CLS-IMG02161,Cyclonic Storm / Severe Cyclonic Storm,CS-SCS,G0667
data/processed/classification/CS-SCS/CLS_02419.png,1,2018195N19138,WP,pacific_ocean,western_pacific,2018-07-18T21:00:00Z,CLS-IMG02162,Cyclonic Storm / Severe Cyclonic Storm,CS-SCS,G1190
data/processed/classification/CS-SCS/CLS_02422.png,1,2018208N13238,EP,pacific_ocean,eastern_pacific,2018-07-26T21:00:00Z,CLS-IMG02165,Cyclonic Storm / Severe Cyclonic Storm,CS-SCS,G1193
data/processed/classification/CS-SCS/CLS_02423.png,1,2018217N12266,EP,pacific_ocean,eastern_pacific,2018-08-05T15:00:00Z,CLS-IMG02166,Cyclonic Storm / Severe Cyclonic Storm,CS-SCS,G0670
data/processed/classification/CS-SCS/CLS_02424.png,1,2018219N15237,EP,pacific_ocean,eastern_pacific,2018-08-09T03:00:00Z,CLS-IMG02167,Cyclonic Storm / Severe Cyclonic Storm,CS-SCS,G0670
data/processed/classification/CS-SCS/CLS_02426.png,1,2018229N11160,WP,pacific_ocean,western_pacific,2018-08-23T21:00:00Z,CLS-IMG02169,Cyclonic Storm / Severe Cyclonic Storm,CS-SCS,G0674
data/processed/classification/CS-SCS/CLS_02428.png,1,2018238N13239,EP,pacific_ocean,eastern_pacific,2018-09-01T18:00:00Z,CLS-IMG02171,Cyclonic Storm / Severe Cyclonic Storm,CS-SCS,G1195
data/processed/classification/CS-SCS/CLS_02429.png,1,2018250N12170,WP,pacific_ocean,western_pacific,2018-09-08T06:00:00Z,CLS-IMG02172,Cyclonic Storm / Severe Cyclonic Storm,CS-SCS,G1196
data/processed/classification/CS-SCS/CLS_02430.png,1,2018251N15248,EP,pacific_ocean,eastern_pacific,2018-09-10T03:00:00Z,CLS-IMG02173,Cyclonic Storm / Severe Cyclonic Storm,CS-SCS,G0675
data/processed/classification/CS-SCS/CLS_02431.png,1,2018256S07076,SI,south_indian_ocean,,2018-09-17T00:00:00Z,CLS-IMG02174,Cyclonic Storm / Severe Cyclonic Storm,CS-SCS,G1197
data/processed/classification/CS-SCS/CLS_02432.png,1,2018269S09157,SP,pacific_ocean,southern_pacific,2018-09-27T06:00:00Z,CLS-IMG02175,Cyclonic Storm / Severe Cyclonic Storm,CS-SCS,G0679
data/processed/classification/CS-SCS/CLS_02433.png,1,2018269S09157,SP,pacific_ocean,southern_pacific,2018-09-28T03:00:00Z,CLS-IMG02176,Cyclonic Storm / Severe Cyclonic Storm,CS-SCS,G0679
data/processed/classification/CS-SCS/CLS_02435.png,1,2018288N17257,EP,pacific_ocean,eastern_pacific,2018-10-15T15:00:00Z,CLS-IMG02178,Cyclonic Storm / Severe Cyclonic Storm,CS-SCS,G1199
data/processed/classification/CS-SCS/CLS_02436.png,1,2018306N14249,EP,pacific_ocean,eastern_pacific,2018-11-05T18:00:00Z,CLS-IMG02179,Cyclonic Storm / Severe Cyclonic Storm,CS-SCS,G0683
data/processed/classification/CS-SCS/CLS_02438.png,1,2018313S05090,SI,south_indian_ocean,,2018-11-11T06:00:00Z,CLS-IMG02181,Cyclonic Storm / Severe Cyclonic Storm,CS-SCS,G0686
data/processed/classification/CS-SCS/CLS_02440.png,1,2018347N07089,NI,north_indian_ocean,bay_of_bengal,2018-12-15T21:00:00Z,CLS-IMG02183,Cyclonic Storm / Severe Cyclonic Storm,CS-SCS,G0688
data/processed/classification/CS-SCS/CLS_02441.png,1,2018347N07089,NI,north_indian_ocean,bay_of_bengal,2018-12-16T09:00:00Z,CLS-IMG02184,Cyclonic Storm / Severe Cyclonic Storm,CS-SCS,G0688
data/processed/classification/CS-SCS/CLS_02442.png,1,2018347N07089,NI,north_indian_ocean,bay_of_bengal,2018-12-17T00:00:00Z,CLS-IMG02185,Cyclonic Storm / Severe Cyclonic Storm,CS-SCS,G0688
data/processed/classification/CS-SCS/CLS_02445.png,1,2019001S10162,SP,pacific_ocean,southern_pacific,2019-01-02T21:00:00Z,CLS-IMG02187,Cyclonic Storm / Severe Cyclonic Storm,CS-SCS,G0690
data/processed/classification/CS-SCS/CLS_02448.png,1,2019001S10162,SP,pacific_ocean,southern_pacific,2019-01-06T21:00:00Z,CLS-IMG02189,Cyclonic Storm / Severe Cyclonic Storm,CS-SCS,G0690
data/processed/classification/CS-SCS/CLS_02450.png,1,2019021S09128,SI,south_indian_ocean,,2019-01-28T15:00:00Z,CLS-IMG02190,Cyclonic Storm / Severe Cyclonic Storm,CS-SCS,G1200
data/processed/classification/CS-SCS/CLS_02454.png,1,2019067S11115,SI,south_indian_ocean,,2019-03-14T12:00:00Z,CLS-IMG02194,Cyclonic Storm / Severe Cyclonic Storm,CS-SCS,G0696
data/processed/classification/CS-SCS/CLS_02455.png,1,2019093S07133,SI,south_indian_ocean,,2019-04-08T12:00:00Z,CLS-IMG02195,Cyclonic Storm / Severe Cyclonic Storm,CS-SCS,G1201
data/processed/classification/CS-SCS/CLS_02458.png,1,2019129S10160,SP,pacific_ocean,southern_pacific,2019-05-11T21:00:00Z,CLS-IMG02196,Cyclonic Storm / Severe Cyclonic Storm,CS-SCS,G0700
data/processed/classification/CS-SCS/CLS_02459.png,1,2019129S10160,SP,pacific_ocean,southern_pacific,2019-05-12T18:00:00Z,CLS-IMG02197,Cyclonic Storm / Severe Cyclonic Storm,CS-SCS,G0700
data/processed/classification/CS-SCS/CLS_02461.png,1,2019177N15256,EP,pacific_ocean,eastern_pacific,2019-06-26T18:00:00Z,CLS-IMG02198,Cyclonic Storm / Severe Cyclonic Storm,CS-SCS,G0701
data/processed/classification/CS-SCS/CLS_02462.png,1,2019182N18114,WP,pacific_ocean,western_pacific,2019-07-03T12:00:00Z,CLS-IMG02199,Cyclonic Storm / Severe Cyclonic Storm,CS-SCS,G1202
data/processed/classification/CS-SCS/CLS_02466.png,1,2019205N23137,WP,pacific_ocean,western_pacific,2019-07-26T12:00:00Z,CLS-IMG02203,Cyclonic Storm / Severe Cyclonic Storm,CS-SCS,G0702
data/processed/classification/CS-SCS/CLS_02472.png,1,2019233N15255,EP,pacific_ocean,eastern_pacific,2019-08-23T15:00:00Z,CLS-IMG02207,Cyclonic Storm / Severe Cyclonic Storm,CS-SCS,G0706
data/processed/classification/CS-SCS/CLS_02474.png,1,2019255N15251,EP,pacific_ocean,eastern_pacific,2019-09-14T09:00:00Z,CLS-IMG02209,Cyclonic Storm / Severe Cyclonic Storm,CS-SCS,G1208
data/processed/classification/CS-SCS/CLS_02475.png,1,2019255N09162,WP,pacific_ocean,western_pacific,2019-09-15T12:00:00Z,CLS-IMG02210,Cyclonic Storm / Severe Cyclonic Storm,CS-SCS,G1209
data/processed/classification/CS-SCS/CLS_02476.png,1,2019260N12262,EP,pacific_ocean,eastern_pacific,2019-09-17T09:00:00Z,CLS-IMG02211,Cyclonic Storm / Severe Cyclonic Storm,CS-SCS,G1210
data/processed/classification/CS-SCS/CLS_02479.png,1,2019264N19071,NI,north_indian_ocean,arabian_sea,2019-09-23T03:00:00Z,CLS-IMG02212,Cyclonic Storm / Severe Cyclonic Storm,CS-SCS,G0711
data/processed/classification/CS-SCS/CLS_02480.png,1,2019268N10155,WP,pacific_ocean,western_pacific,2019-09-28T03:00:00Z,CLS-IMG02213,Cyclonic Storm / Severe Cyclonic Storm,CS-SCS,G1211
data/processed/classification/CS-SCS/CLS_02483.png,1,2019290N11234,EP,pacific_ocean,eastern_pacific,2019-10-18T00:00:00Z,CLS-IMG02216,Cyclonic Storm / Severe Cyclonic Storm,CS-SCS,G0713
data/processed/classification/CS-SCS/CLS_02484.png,1,2019293N17257,EP,pacific_ocean,eastern_pacific,2019-10-20T18:00:00Z,CLS-IMG02217,Cyclonic Storm / Severe Cyclonic Storm,CS-SCS,G1213
data/processed/classification/CS-SCS/CLS_02488.png,1,2019326S08163,SP,pacific_ocean,southern_pacific,2019-11-24T06:00:00Z,CLS-IMG02220,Cyclonic Storm / Severe Cyclonic Storm,CS-SCS,G0717
data/processed/classification/CS-SCS/CLS_02489.png,1,2019326S08163,SP,pacific_ocean,southern_pacific,2019-11-26T03:00:00Z,CLS-IMG02221,Cyclonic Storm / Severe Cyclonic Storm,CS-SCS,G0717
data/processed/classification/CS-SCS/CLS_02494.png,1,2019359S08175,SP,pacific_ocean,southern_pacific,2019-12-31T21:00:00Z,CLS-IMG02226,Cyclonic Storm / Severe Cyclonic Storm,CS-SCS,G0721
data/processed/classification/CS-SCS/CLS_02495.png,1,2020005S13121,SI,south_indian_ocean,,2020-01-07T09:00:00Z,CLS-IMG02227,Cyclonic Storm / Severe Cyclonic Storm,CS-SCS,G0723
data/processed/classification/CS-SCS/CLS_02496.png,1,2020005S08133,SI,south_indian_ocean,,2020-01-15T06:00:00Z,CLS-IMG02228,Cyclonic Storm / Severe Cyclonic Storm,CS-SCS,G0723
data/processed/classification/CS-SCS/CLS_02497.png,1,2020019S11063,SI,south_indian_ocean,,2020-01-22T21:00:00Z,CLS-IMG02229,Cyclonic Storm / Severe Cyclonic Storm,CS-SCS,G0725
data/processed/classification/CS-SCS/CLS_02498.png,1,2020022S17043,SI,south_indian_ocean,,2020-01-24T21:00:00Z,CLS-IMG02230,Cyclonic Storm / Severe Cyclonic Storm,CS-SCS,G1215
data/processed/classification/CS-SCS/CLS_02501.png,1,2020037S13163,SP,pacific_ocean,southern_pacific,2020-02-09T06:00:00Z,CLS-IMG02231,Cyclonic Storm / Severe Cyclonic Storm,CS-SCS,G0728
data/processed/classification/CS-SCS/CLS_02502.png,1,2020034S17129,SI,south_indian_ocean,,2020-02-09T12:00:00Z,CLS-IMG02232,Cyclonic Storm / Severe Cyclonic Storm,CS-SCS,G1216
data/processed/classification/CS-SCS/CLS_02503.png,1,2020037S13163,SP,pacific_ocean,southern_pacific,2020-02-12T15:00:00Z,CLS-IMG02233,Cyclonic Storm / Severe Cyclonic Storm,CS-SCS,G0728
data/processed/classification/CS-SCS/CLS_02504.png,1,2020045S15075,SI,south_indian_ocean,,2020-02-15T00:00:00Z,CLS-IMG02234,Cyclonic Storm / Severe Cyclonic Storm,CS-SCS,G1217
data/processed/classification/CS-SCS/CLS_02505.png,1,2020051S13186,SP,pacific_ocean,southern_pacific,2020-02-21T00:00:00Z,CLS-IMG02235,Cyclonic Storm / Severe Cyclonic Storm,CS-SCS,G0729
data/processed/classification/CS-SCS/CLS_02506.png,1,2020052S11181,SP,pacific_ocean,southern_pacific,2020-02-21T12:00:00Z,CLS-IMG02236,Cyclonic Storm / Severe Cyclonic Storm,CS-SCS,G0729
data/processed/classification/CS-SCS/CLS_02507.png,1,2020052S11181,SP,pacific_ocean,southern_pacific,2020-02-22T03:00:00Z,CLS-IMG02237,Cyclonic Storm / Severe Cyclonic Storm,CS-SCS,G0729
data/processed/classification/CS-SCS/CLS_02512.png,1,2020069S11113,SI,south_indian_ocean,,2020-03-12T18:00:00Z,CLS-IMG02241,Cyclonic Storm / Severe Cyclonic Storm,CS-SCS,G1218
data/processed/classification/CS-SCS/CLS_02513.png,1,2020073S14149,SP,pacific_ocean,southern_pacific,2020-03-14T12:00:00Z,CLS-IMG02242,Cyclonic Storm / Severe Cyclonic Storm,CS-SCS,G1219
data/processed/classification/CS-SCS/CLS_02514.png,1,2020072S14054,SI,south_indian_ocean,,2020-03-14T21:00:00Z,CLS-IMG02243,Cyclonic Storm / Severe Cyclonic Storm,CS-SCS,G0731
data/processed/classification/CS-SCS/CLS_02515.png,1,2020073S14149,SP,pacific_ocean,southern_pacific,2020-03-15T18:00:00Z,CLS-IMG02244,Cyclonic Storm / Severe Cyclonic Storm,CS-SCS,G1219
data/processed/classification/CS-SCS/CLS_02516.png,1,2020073S14149,SP,pacific_ocean,southern_pacific,2020-03-16T09:00:00Z,CLS-IMG02245,Cyclonic Storm / Severe Cyclonic Storm,CS-SCS,G1219
data/processed/classification/CS-SCS/CLS_02517.png,1,2020092S12069,SI,south_indian_ocean,,2020-04-03T00:00:00Z,CLS-IMG02246,Cyclonic Storm / Severe Cyclonic Storm,CS-SCS,G1220
data/processed/classification/CS-SCS/CLS_02518.png,1,2020104S12091,SI,south_indian_ocean,,2020-04-14T15:00:00Z,CLS-IMG02247,Cyclonic Storm / Severe Cyclonic Storm,CS-SCS,G0732
data/processed/classification/CS-SCS/CLS_02520.png,1,2020139S04095,SI,south_indian_ocean,,2020-05-21T06:00:00Z,CLS-IMG02249,Cyclonic Storm / Severe Cyclonic Storm,CS-SCS,G0733
data/processed/classification/CS-SCS/CLS_02521.png,1,2020152N12269,EP,pacific_ocean,eastern_pacific,2020-05-31T12:00:00Z,CLS-IMG02250,Cyclonic Storm / Severe Cyclonic Storm,CS-SCS,G1222
data/processed/classification/CS-SCS/CLS_02522.png,1,2020153N13072,NI,north_indian_ocean,arabian_sea,2020-06-02T09:00:00Z,CLS-IMG02251,Cyclonic Storm / Severe Cyclonic Storm,CS-SCS,G0734
data/processed/classification/CS-SCS/CLS_02523.png,1,2020176N10228,EP,pacific_ocean,eastern_pacific,2020-06-25T18:00:00Z,CLS-IMG02252,Cyclonic Storm / Severe Cyclonic Storm,CS-SCS,G1223
data/processed/classification/CS-SCS/CLS_02526.png,1,2020202N15241,EP,pacific_ocean,eastern_pacific,2020-07-22T03:00:00Z,CLS-IMG02253,Cyclonic Storm / Severe Cyclonic Storm,CS-SCS,G1224
data/processed/classification/CS-SCS/CLS_02527.png,1,2020211N14124,WP,pacific_ocean,western_pacific,2020-08-01T06:00:00Z,CLS-IMG02254,Cyclonic Storm / Severe Cyclonic Storm,CS-SCS,G0738
data/processed/classification/CS-SCS/CLS_02528.png,1,2020213N15131,WP,pacific_ocean,western_pacific,2020-08-04T00:00:00Z,CLS-IMG02255,Cyclonic Storm / Severe Cyclonic Storm,CS-SCS,G0738
data/processed/classification/CS-SCS/CLS_02529.png,1,2020222N26149,WP,pacific_ocean,western_pacific,2020-08-09T09:00:00Z,CLS-IMG02256,Cyclonic Storm / Severe Cyclonic Storm,CS-SCS,G1225
data/processed/classification/CS-SCS/CLS_02530.png,1,2020222N15117,WP,pacific_ocean,western_pacific,2020-08-10T00:00:00Z,CLS-IMG02257,Cyclonic Storm / Severe Cyclonic Storm,CS-SCS,G1226
data/processed/classification/CS-SCS/CLS_02531.png,1,2020221N13262,EP,pacific_ocean,eastern_pacific,2020-08-10T15:00:00Z,CLS-IMG02258,Cyclonic Storm / Severe Cyclonic Storm,CS-SCS,G0739
data/processed/classification/CS-SCS/CLS_02534.png,1,2020230N11264,EP,pacific_ocean,eastern_pacific,2020-08-21T15:00:00Z,CLS-IMG02261,Cyclonic Storm / Severe Cyclonic Storm,CS-SCS,G1229
data/processed/classification/CS-SCS/CLS_02535.png,1,2020238N16252,EP,pacific_ocean,eastern_pacific,2020-08-26T06:00:00Z,CLS-IMG02262,Cyclonic Storm / Severe Cyclonic Storm,CS-SCS,G1230
data/processed/classification/CS-SCS/CLS_02536.png,1,2020239N15243,EP,pacific_ocean,eastern_pacific,2020-08-27T12:00:00Z,CLS-IMG02263,Cyclonic Storm / Severe Cyclonic Storm,CS-SCS,G1231
data/processed/classification/CS-SCS/CLS_02537.png,1,2020257N16248,EP,pacific_ocean,eastern_pacific,2020-09-15T15:00:00Z,CLS-IMG02264,Cyclonic Storm / Severe Cyclonic Storm,CS-SCS,G1232
data/processed/classification/CS-SCS/CLS_02539.png,1,2020265N16252,EP,pacific_ocean,eastern_pacific,2020-09-22T09:00:00Z,CLS-IMG02265,Cyclonic Storm / Severe Cyclonic Storm,CS-SCS,G1233
data/processed/classification/CS-SCS/CLS_02544.png,1,2020291N06141,WP,pacific_ocean,western_pacific,2020-10-20T09:00:00Z,CLS-IMG02270,Cyclonic Storm / Severe Cyclonic Storm,CS-SCS,G1237
data/processed/classification/CS-SCS/CLS_02546.png,1,2020309N14245,EP,pacific_ocean,eastern_pacific,2020-11-05T06:00:00Z,CLS-IMG02272,Cyclonic Storm / Severe Cyclonic Storm,CS-SCS,G1239
data/processed/classification/CS-SCS/CLS_02547.png,1,2020317S04092,SI,south_indian_ocean,,2020-11-15T00:00:00Z,CLS-IMG02273,Cyclonic Storm / Severe Cyclonic Storm,CS-SCS,G0747
data/processed/classification/CS-SCS/CLS_02549.png,1,2020326N11063,NI,north_indian_ocean,arabian_sea,2020-11-23T06:00:00Z,CLS-IMG02274,Cyclonic Storm / Severe Cyclonic Storm,CS-SCS,G0748
data/processed/classification/CS-SCS/CLS_02550.png,1,2020327N08086,NI,north_indian_ocean,bay_of_bengal,2020-11-24T18:00:00Z,CLS-IMG02275,Cyclonic Storm / Severe Cyclonic Storm,CS-SCS,G0749
data/processed/classification/CS-SCS/CLS_02551.png,1,2020327N08086,NI,north_indian_ocean,bay_of_bengal,2020-11-26T03:00:00Z,CLS-IMG02276,Cyclonic Storm / Severe Cyclonic Storm,CS-SCS,G0749
data/processed/classification/CS-SCS/CLS_02552.png,1,2020335N06090,NI,north_indian_ocean,bay_of_bengal,2020-12-04T03:00:00Z,CLS-IMG02277,Cyclonic Storm / Severe Cyclonic Storm,CS-SCS,G0751
data/processed/classification/CS-SCS/CLS_02554.png,1,2020332S11091,SI,south_indian_ocean,,2020-12-10T09:00:00Z,CLS-IMG02278,Cyclonic Storm / Severe Cyclonic Storm,CS-SCS,G0750
data/processed/classification/CS-SCS/CLS_02555.png,1,2020345S13183,SP,pacific_ocean,southern_pacific,2020-12-11T12:00:00Z,CLS-IMG02279,Cyclonic Storm / Severe Cyclonic Storm,CS-SCS,G0752
data/processed/classification/CS-SCS/CLS_02556.png,1,2020345S13183,SP,pacific_ocean,southern_pacific,2020-12-12T06:00:00Z,CLS-IMG02280,Cyclonic Storm / Severe Cyclonic Storm,CS-SCS,G0752
data/processed/classification/CS-SCS/CLS_02561.png,1,2021001S14136,SP,pacific_ocean,southern_pacific,2021-01-03T18:00:00Z,CLS-IMG02285,Cyclonic Storm / Severe Cyclonic Storm,CS-SCS,G0757
data/processed/classification/CS-SCS/CLS_02564.png,1,2021013S12099,SI,south_indian_ocean,,2021-01-16T21:00:00Z,CLS-IMG02286,Cyclonic Storm / Severe Cyclonic Storm,CS-SCS,G0758
data/processed/classification/CS-SCS/CLS_02565.png,1,2021015S14147,SP,pacific_ocean,southern_pacific,2021-01-17T00:00:00Z,CLS-IMG02287,Cyclonic Storm / Severe Cyclonic Storm,CS-SCS,G0760
data/processed/classification/CS-SCS/CLS_02566.png,1,2021015S14147,SP,pacific_ocean,southern_pacific,2021-01-18T18:00:00Z,CLS-IMG02288,Cyclonic Storm / Severe Cyclonic Storm,CS-SCS,G0760
data/processed/classification/CS-SCS/CLS_02567.png,1,2021012S12086,SI,south_indian_ocean,,2021-01-19T03:00:00Z,CLS-IMG02289,Cyclonic Storm / Severe Cyclonic Storm,CS-SCS,G0759
data/processed/classification/CS-SCS/CLS_02568.png,1,2021020S13107,SI,south_indian_ocean,,2021-01-20T12:00:00Z,CLS-IMG02290,Cyclonic Storm / Severe Cyclonic Storm,CS-SCS,G0762
data/processed/classification/CS-SCS/CLS_02569.png,1,2021018S11133,SI,south_indian_ocean,,2021-01-21T21:00:00Z,CLS-IMG02291,Cyclonic Storm / Severe Cyclonic Storm,CS-SCS,G0761
data/processed/classification/CS-SCS/CLS_02576.png,1,2021028S15128,SI,south_indian_ocean,,2021-02-04T15:00:00Z,CLS-IMG02298,Cyclonic Storm / Severe Cyclonic Storm,CS-SCS,G0764
data/processed/classification/CS-SCS/CLS_02577.png,1,2021038S14178,SP,pacific_ocean,southern_pacific,2021-02-09T18:00:00Z,CLS-IMG02299,Cyclonic Storm / Severe Cyclonic Storm,CS-SCS,G0765
data/processed/classification/CS-SCS/CLS_02578.png,1,2021038S14178,SP,pacific_ocean,southern_pacific,2021-02-10T12:00:00Z,CLS-IMG02300,Cyclonic Storm / Severe Cyclonic Storm,CS-SCS,G0765
data/processed/classification/CS-SCS/CLS_02579.png,1,2021042S23040,SI,south_indian_ocean,,2021-02-18T06:00:00Z,CLS-IMG02301,Cyclonic Storm / Severe Cyclonic Storm,CS-SCS,G0766
data/processed/classification/CS-SCS/CLS_02581.png,1,2021062S18040,SI,south_indian_ocean,,2021-03-08T03:00:00Z,CLS-IMG02302,Cyclonic Storm / Severe Cyclonic Storm,CS-SCS,G0767
data/processed/classification/CS-SCS/CLS_02584.png,1,2021099S15159,SP,pacific_ocean,southern_pacific,2021-04-11T03:00:00Z,CLS-IMG02303,Cyclonic Storm / Severe Cyclonic Storm,CS-SCS,G0770
data/processed/classification/CS-SCS/CLS_02585.png,1,2021093S11122,SI,south_indian_ocean,,2021-04-11T18:00:00Z,CLS-IMG02304,Cyclonic Storm / Severe Cyclonic Storm,CS-SCS,G0769
data/processed/classification/CS-SCS/CLS_02586.png,1,2021099S15159,SP,pacific_ocean,southern_pacific,2021-04-12T00:00:00Z,CLS-IMG02305,Cyclonic Storm / Severe Cyclonic Storm,CS-SCS,G0770
data/processed/classification/CS-SCS/CLS_02587.png,1,2021108S11067,SI,south_indian_ocean,,2021-04-23T09:00:00Z,CLS-IMG02306,Cyclonic Storm / Severe Cyclonic Storm,CS-SCS,G0771
data/processed/classification/CS-SCS/CLS_02589.png,1,2021143N15090,NI,north_indian_ocean,bay_of_bengal,2021-05-24T09:00:00Z,CLS-IMG02308,Cyclonic Storm / Severe Cyclonic Storm,CS-SCS,G0774
data/processed/classification/CS-SCS/CLS_02590.png,1,2021143N15090,NI,north_indian_ocean,bay_of_bengal,2021-05-24T21:00:00Z,CLS-IMG02309,Cyclonic Storm / Severe Cyclonic Storm,CS-SCS,G0774
data/processed/classification/CS-SCS/CLS_02591.png,1,2021143N15090,NI,north_indian_ocean,bay_of_bengal,2021-05-26T03:00:00Z,CLS-IMG02310,Cyclonic Storm / Severe Cyclonic Storm,CS-SCS,G0774
data/processed/classification/CS-SCS/CLS_02592.png,1,2021151N11257,EP,pacific_ocean,eastern_pacific,2021-06-01T03:00:00Z,CLS-IMG02311,Cyclonic Storm / Severe Cyclonic Storm,CS-SCS,G1241
data/processed/classification/CS-SCS/CLS_02594.png,1,2021169N14260,EP,pacific_ocean,eastern_pacific,2021-06-19T15:00:00Z,CLS-IMG02312,Cyclonic Storm / Severe Cyclonic Storm,CS-SCS,G1242
data/processed/classification/CS-SCS/CLS_02595.png,1,2021171N09152,WP,pacific_ocean,western_pacific,2021-06-24T03:00:00Z,CLS-IMG02313,Cyclonic Storm / Severe Cyclonic Storm,CS-SCS,G0776
data/processed/classification/CS-SCS/CLS_02596.png,1,2021176N15259,EP,pacific_ocean,eastern_pacific,2021-06-29T06:00:00Z,CLS-IMG02314,Cyclonic Storm / Severe Cyclonic Storm,CS-SCS,G1243
data/processed/classification/CS-SCS/CLS_02597.png,1,2021198N15254,EP,pacific_ocean,eastern_pacific,2021-07-17T18:00:00Z,CLS-IMG02315,Cyclonic Storm / Severe Cyclonic Storm,CS-SCS,G0777
data/processed/classification/CS-SCS/CLS_02598.png,1,2021198N19117,WP,pacific_ocean,western_pacific,2021-07-18T21:00:00Z,CLS-IMG02316,Cyclonic Storm / Severe Cyclonic Storm,CS-SCS,G1244
data/processed/classification/CS-SCS/CLS_02599.png,1,2021212N12248,EP,pacific_ocean,eastern_pacific,2021-07-31T03:00:00Z,CLS-IMG02317,Cyclonic Storm / Severe Cyclonic Storm,CS-SCS,G1245
data/processed/classification/CS-SCS/CLS_02600.png,1,2021213N14253,EP,pacific_ocean,eastern_pacific,2021-08-02T12:00:00Z,CLS-IMG02318,Cyclonic Storm / Severe Cyclonic Storm,CS-SCS,G1245
data/processed/classification/CS-SCS/CLS_02601.png,1,2021214N20155,WP,pacific_ocean,western_pacific,2021-08-02T18:00:00Z,CLS-IMG02319,Cyclonic Storm / Severe Cyclonic Storm,CS-SCS,G0779
data/processed/classification/CS-SCS/CLS_02602.png,1,2021208N13245,EP,pacific_ocean,eastern_pacific,2021-08-06T03:00:00Z,CLS-IMG02320,Cyclonic Storm / Severe Cyclonic Storm,CS-SCS,G1246
data/processed/classification/CS-SCS/CLS_02603.png,1,2021216N22144,WP,pacific_ocean,western_pacific,2021-08-06T03:00:00Z,CLS-IMG02321,Cyclonic Storm / Severe Cyclonic Storm,CS-SCS,G0779
data/processed/classification/CS-SCS/CLS_02606.png,1,2021235N20251,EP,pacific_ocean,eastern_pacific,2021-08-23T09:00:00Z,CLS-IMG02324,Cyclonic Storm / Severe Cyclonic Storm,CS-SCS,G1249
data/processed/classification/CS-SCS/CLS_02608.png,1,2021244N24164,WP,pacific_ocean,western_pacific,2021-09-02T12:00:00Z,CLS-IMG02326,Cyclonic Storm / Severe Cyclonic Storm,CS-SCS,G1250
data/processed/classification/CS-SCS/CLS_02609.png,1,2021248N11131,WP,pacific_ocean,western_pacific,2021-09-07T06:00:00Z,CLS-IMG02327,Cyclonic Storm / Severe Cyclonic Storm,CS-SCS,G1251
data/processed/classification/CS-SCS/CLS_02610.png,1,2021250N17254,EP,pacific_ocean,eastern_pacific,2021-09-08T21:00:00Z,CLS-IMG02328,Cyclonic Storm / Severe Cyclonic Storm,CS-SCS,G0782
data/processed/classification/CS-SCS/CLS_02611.png,1,2021264N13119,WP,pacific_ocean,western_pacific,2021-09-23T12:00:00Z,CLS-IMG02329,Cyclonic Storm / Severe Cyclonic Storm,CS-SCS,G1252
data/processed/classification/CS-SCS/CLS_02612.png,1,2021280N14137,WP,pacific_ocean,western_pacific,2021-10-11T09:00:00Z,CLS-IMG02330,Cyclonic Storm / Severe Cyclonic Storm,CS-SCS,G0785
data/processed/classification/CS-SCS/CLS_02613.png,1,2021296N13260,EP,pacific_ocean,eastern_pacific,2021-10-23T03:00:00Z,CLS-IMG02331,Cyclonic Storm / Severe Cyclonic Storm,CS-SCS,G0786
data/processed/classification/CS-SCS/CLS_02614.png,1,2021311N13248,EP,pacific_ocean,eastern_pacific,2021-11-08T09:00:00Z,CLS-IMG02332,Cyclonic Storm / Severe Cyclonic Storm,CS-SCS,G1253
data/processed/classification/CS-SCS/CLS_02615.png,1,2021323S10103,SI,south_indian_ocean,,2021-11-21T21:00:00Z,CLS-IMG02333,Cyclonic Storm / Severe Cyclonic Storm,CS-SCS,G0789
data/processed/classification/CS-SCS/CLS_02618.png,1,2021335N08096,NI,north_indian_ocean,bay_of_bengal,2021-12-03T09:00:00Z,CLS-IMG02335,Cyclonic Storm / Severe Cyclonic Storm,CS-SCS,G0791
data/processed/classification/CS-SCS/CLS_02619.png,1,2021335N08096,NI,north_indian_ocean,bay_of_bengal,2021-12-03T21:00:00Z,CLS-IMG02336,Cyclonic Storm / Severe Cyclonic Storm,CS-SCS,G0791
data/processed/classification/CS-SCS/CLS_02620.png,1,2021335N08096,NI,north_indian_ocean,bay_of_bengal,2021-12-04T12:00:00Z,CLS-IMG02337,Cyclonic Storm / Severe Cyclonic Storm,CS-SCS,G0791
data/processed/classification/CS-SCS/CLS_02621.png,1,2021343S09155,SP,pacific_ocean,southern_pacific,2021-12-11T18:00:00Z,CLS-IMG02338,Cyclonic Storm / Severe Cyclonic Storm,CS-SCS,G0793
data/processed/classification/CS-SCS/CLS_02622.png,1,2021343S09155,SP,pacific_ocean,southern_pacific,2021-12-12T06:00:00Z,CLS-IMG02339,Cyclonic Storm / Severe Cyclonic Storm,CS-SCS,G0793
data/processed/classification/CS-SCS/CLS_02624.png,1,2021358S09130,SP,pacific_ocean,southern_pacific,2021-12-31T06:00:00Z,CLS-IMG02340,Cyclonic Storm / Severe Cyclonic Storm,CS-SCS,G0795
data/processed/classification/CS-SCS/CLS_02625.png,1,2021358S09130,SP,pacific_ocean,southern_pacific,2021-12-31T18:00:00Z,CLS-IMG02341,Cyclonic Storm / Severe Cyclonic Storm,CS-SCS,G0795
data/processed/classification/CS-SCS/CLS_02635.png,1,2022034S16082,SI,south_indian_ocean,,2022-02-06T00:00:00Z,CLS-IMG02350,Cyclonic Storm / Severe Cyclonic Storm,CS-SCS,G1254
data/processed/classification/CS-SCS/CLS_02636.png,1,2022038S19164,SP,pacific_ocean,southern_pacific,2022-02-09T15:00:00Z,CLS-IMG02351,Cyclonic Storm / Severe Cyclonic Storm,CS-SCS,G0800
data/processed/classification/CS-SCS/CLS_02637.png,1,2022042S12063,SI,south_indian_ocean,,2022-02-14T21:00:00Z,CLS-IMG02352,Cyclonic Storm / Severe Cyclonic Storm,CS-SCS,G0801
data/processed/classification/CS-SCS/CLS_02639.png,1,2022055S13129,SI,south_indian_ocean,,2022-02-26T15:00:00Z,CLS-IMG02354,Cyclonic Storm / Severe Cyclonic Storm,CS-SCS,G1255
data/processed/classification/CS-SCS/CLS_02640.png,1,2022059S10106,SI,south_indian_ocean,,2022-03-02T03:00:00Z,CLS-IMG02355,Cyclonic Storm / Severe Cyclonic Storm,CS-SCS,G0804
data/processed/classification/CS-SCS/CLS_02644.png,1,2022062N06085,NI,north_indian_ocean,bay_of_bengal,2022-03-05T06:00:00Z,CLS-IMG02359,Cyclonic Storm / Severe Cyclonic Storm,CS-SCS,G0805
data/processed/classification/CS-SCS/CLS_02652.png,1,2022110S12051,SI,south_indian_ocean,,2022-04-23T06:00:00Z,CLS-IMG02366,Cyclonic Storm / Severe Cyclonic Storm,CS-SCS,G1258
data/processed/classification/CS-SCS/CLS_02653.png,1,2022126N07095,NI,north_indian_ocean,bay_of_bengal,2022-05-10T15:00:00Z,CLS-IMG02367,Cyclonic Storm / Severe Cyclonic Storm,CS-SCS,G0809
data/processed/classification/CS-SCS/CLS_02654.png,1,2022126S06088,SI,south_indian_ocean,,2022-05-10T21:00:00Z,CLS-IMG02368,Cyclonic Storm / Severe Cyclonic Storm,CS-SCS,G1259
data/processed/classification/CS-SCS/CLS_02655.png,1,2022126N07095,NI,north_indian_ocean,bay_of_bengal,2022-05-11T06:00:00Z,CLS-IMG02369,Cyclonic Storm / Severe Cyclonic Storm,CS-SCS,G0809
data/processed/classification/CS-SCS/CLS_02656.png,1,2022137S13171,SP,pacific_ocean,southern_pacific,2022-05-18T15:00:00Z,CLS-IMG02370,Cyclonic Storm / Severe Cyclonic Storm,CS-SCS,G0810
data/processed/classification/CS-SCS/CLS_02657.png,1,2022137S13171,SP,pacific_ocean,southern_pacific,2022-05-19T03:00:00Z,CLS-IMG02371,Cyclonic Storm / Severe Cyclonic Storm,CS-SCS,G0810
data/processed/classification/CS-SCS/CLS_02658.png,1,2022137S13171,SP,pacific_ocean,southern_pacific,2022-05-19T15:00:00Z,CLS-IMG02372,Cyclonic Storm / Severe Cyclonic Storm,CS-SCS,G0810
data/processed/classification/CS-SCS/CLS_02659.png,1,2022165N14258,EP,pacific_ocean,eastern_pacific,2022-06-15T09:00:00Z,CLS-IMG02373,Cyclonic Storm / Severe Cyclonic Storm,CS-SCS,G1260
data/processed/classification/CS-SCS/CLS_02660.png,1,2022167N11269,EP,pacific_ocean,eastern_pacific,2022-06-27T21:00:00Z,CLS-IMG02374,Cyclonic Storm / Severe Cyclonic Storm,CS-SCS,G1261
data/processed/classification/CS-SCS/CLS_02662.png,1,2022197N12260,EP,pacific_ocean,eastern_pacific,2022-07-19T15:00:00Z,CLS-IMG02375,Cyclonic Storm / Severe Cyclonic Storm,CS-SCS,G1262
data/processed/classification/CS-SCS/CLS_02663.png,1,2022208S08092,SI,south_indian_ocean,,2022-07-29T18:00:00Z,CLS-IMG02376,Cyclonic Storm / Severe Cyclonic Storm,CS-SCS,G0814
data/processed/classification/CS-SCS/CLS_02664.png,1,2022209N16246,EP,pacific_ocean,eastern_pacific,2022-07-31T06:00:00Z,CLS-IMG02377,Cyclonic Storm / Severe Cyclonic Storm,CS-SCS,G0813
data/processed/classification/CS-SCS/CLS_02666.png,1,2022224N22067,NI,north_indian_ocean,arabian_sea,2022-08-12T15:00:00Z,CLS-IMG02379,Cyclonic Storm / Severe Cyclonic Storm,CS-SCS,G0815
data/processed/classification/CS-SCS/CLS_02667.png,1,2022225N15253,EP,pacific_ocean,eastern_pacific,2022-08-15T12:00:00Z,CLS-IMG02380,Cyclonic Storm / Severe Cyclonic Storm,CS-SCS,G1264
data/processed/classification/CS-SCS/CLS_02670.png,1,2022232N18131,WP,pacific_ocean,western_pacific,2022-08-22T06:00:00Z,CLS-IMG02383,Cyclonic Storm / Severe Cyclonic Storm,CS-SCS,G1265
data/processed/classification/CS-SCS/CLS_02671.png,1,2022233N22151,WP,pacific_ocean,western_pacific,2022-08-23T00:00:00Z,CLS-IMG02384,Cyclonic Storm / Severe Cyclonic Storm,CS-SCS,G1266
data/processed/classification/CS-SCS/CLS_02672.png,1,2022239N22150,WP,pacific_ocean,western_pacific,2022-08-28T09:00:00Z,CLS-IMG02385,Cyclonic Storm / Severe Cyclonic Storm,CS-SCS,G0817
data/processed/classification/CS-SCS/CLS_02676.png,1,2022259N12265,EP,pacific_ocean,eastern_pacific,2022-09-16T15:00:00Z,CLS-IMG02389,Cyclonic Storm / Severe Cyclonic Storm,CS-SCS,G1269
data/processed/classification/CS-SCS/CLS_02677.png,1,2022255N16256,EP,pacific_ocean,eastern_pacific,2022-09-18T06:00:00Z,CLS-IMG02390,Cyclonic Storm / Severe Cyclonic Storm,CS-SCS,G1270
data/processed/classification/CS-SCS/CLS_02682.png,1,2022268S09088,SI,south_indian_ocean,,2022-09-27T03:00:00Z,CLS-IMG02394,Cyclonic Storm / Severe Cyclonic Storm,CS-SCS,G0820
data/processed/classification/CS-SCS/CLS_02686.png,1,2022284N15152,WP,pacific_ocean,western_pacific,2022-10-13T21:00:00Z,CLS-IMG02398,Cyclonic Storm / Severe Cyclonic Storm,CS-SCS,G1277
data/processed/classification/CS-SCS/CLS_02687.png,1,2022285N12116,WP,pacific_ocean,western_pacific,2022-10-14T18:00:00Z,CLS-IMG02399,Cyclonic Storm / Severe Cyclonic Storm,CS-SCS,G1278
data/processed/classification/CS-SCS/CLS_02688.png,1,2022293N15259,EP,pacific_ocean,eastern_pacific,2022-10-20T12:00:00Z,CLS-IMG02400,Cyclonic Storm / Severe Cyclonic Storm,CS-SCS,G0823
data/processed/classification/CS-SCS/CLS_02689.png,1,2022295N13093,NI,north_indian_ocean,bay_of_bengal,2022-10-24T00:00:00Z,CLS-IMG02401,Cyclonic Storm / Severe Cyclonic Storm,CS-SCS,G0824
data/processed/classification/CS-SCS/CLS_02690.png,1,2022295N13093,NI,north_indian_ocean,bay_of_bengal,2022-10-24T15:00:00Z,CLS-IMG02402,Cyclonic Storm / Severe Cyclonic Storm,CS-SCS,G0824
data/processed/classification/CS-SCS/CLS_02692.png,1,2022305S04091,SI,south_indian_ocean,,2022-11-04T12:00:00Z,CLS-IMG02404,Cyclonic Storm / Severe Cyclonic Storm,CS-SCS,G1280
data/processed/classification/CS-SCS/CLS_02693.png,1,2022316N20167,WP,pacific_ocean,western_pacific,2022-11-13T00:00:00Z,CLS-IMG02405,Cyclonic Storm / Severe Cyclonic Storm,CS-SCS,G1281
data/processed/classification/CS-SCS/CLS_02694.png,1,2022338N05100,NI,north_indian_ocean,bay_of_bengal,2022-12-08T00:00:00Z,CLS-IMG02406,Cyclonic Storm / Severe Cyclonic Storm,CS-SCS,G0825
data/processed/classification/CS-SCS/CLS_02695.png,1,2022338N05100,NI,north_indian_ocean,bay_of_bengal,2022-12-08T15:00:00Z,CLS-IMG02407,Cyclonic Storm / Severe Cyclonic Storm,CS-SCS,G0825
data/processed/classification/CS-SCS/CLS_02696.png,1,2022338N05100,NI,north_indian_ocean,bay_of_bengal,2022-12-09T03:00:00Z,CLS-IMG02408,Cyclonic Storm / Severe Cyclonic Storm,CS-SCS,G0825
data/processed/classification/CS-SCS/CLS_02697.png,1,2022355S10128,SI,south_indian_ocean,,2022-12-22T21:00:00Z,CLS-IMG02409,Cyclonic Storm / Severe Cyclonic Storm,CS-SCS,G0828
data/processed/classification/CS-SCS/CLS_02698.png,1,2023005S18142,SP,pacific_ocean,southern_pacific,2023-01-06T15:00:00Z,CLS-IMG02410,Cyclonic Storm / Severe Cyclonic Storm,CS-SCS,G0829
data/processed/classification/CS-SCS/CLS_02699.png,1,2023005S18142,SP,pacific_ocean,southern_pacific,2023-01-07T03:00:00Z,CLS-IMG02411,Cyclonic Storm / Severe Cyclonic Storm,CS-SCS,G0829
data/processed/classification/CS-SCS/CLS_02701.png,1,2023013S08081,SI,south_indian_ocean,,2023-01-18T21:00:00Z,CLS-IMG02413,Cyclonic Storm / Severe Cyclonic Storm,CS-SCS,G0830
data/processed/classification/CS-SCS/CLS_02702.png,1,2023020S18156,SP,pacific_ocean,southern_pacific,2023-01-20T21:00:00Z,CLS-IMG02414,Cyclonic Storm / Severe Cyclonic Storm,CS-SCS,G0832
data/processed/classification/CS-SCS/CLS_02703.png,1,2023036S12163,SP,pacific_ocean,southern_pacific,2023-02-07T21:00:00Z,CLS-IMG02415,Cyclonic Storm / Severe Cyclonic Storm,CS-SCS,G0834
data/processed/classification/CS-SCS/CLS_02704.png,1,2023036S12163,SP,pacific_ocean,southern_pacific,2023-02-08T18:00:00Z,CLS-IMG02416,Cyclonic Storm / Severe Cyclonic Storm,CS-SCS,G0834
data/processed/classification/CS-SCS/CLS_02705.png,1,2023050S09094,SI,south_indian_ocean,,2023-02-26T03:00:00Z,CLS-IMG02417,Cyclonic Storm / Severe Cyclonic Storm,CS-SCS,G0835
data/processed/classification/CS-SCS/CLS_02706.png,1,2023087S10096,SI,south_indian_ocean,,2023-03-29T12:00:00Z,CLS-IMG02418,Cyclonic Storm / Severe Cyclonic Storm,CS-SCS,G1282
data/processed/classification/CS-SCS/CLS_02708.png,1,2023132S03090,SI,south_indian_ocean,,2023-05-20T00:00:00Z,CLS-IMG02420,Cyclonic Storm / Severe Cyclonic Storm,CS-SCS,G0839
data/processed/classification/CS-SCS/CLS_02710.png,1,2023160N20092,NI,north_indian_ocean,bay_of_bengal,2023-06-09T03:00:00Z,CLS-IMG02422,Cyclonic Storm / Severe Cyclonic Storm,CS-SCS,G0841
data/processed/classification/CS-SCS/CLS_02712.png,1,2023179N15256,EP,pacific_ocean,eastern_pacific,2023-07-01T12:00:00Z,CLS-IMG02423,Cyclonic Storm / Severe Cyclonic Storm,CS-SCS,G1284
data/processed/classification/CS-SCS/CLS_02715.png,1,2023218N25145,WP,pacific_ocean,western_pacific,2023-08-15T09:00:00Z,CLS-IMG02425,Cyclonic Storm / Severe Cyclonic Storm,CS-SCS,G0846
data/processed/classification/CS-SCS/CLS_02717.png,1,2023234N19154,WP,pacific_ocean,western_pacific,2023-08-28T00:00:00Z,CLS-IMG02426,Cyclonic Storm / Severe Cyclonic Storm,CS-SCS,G1285
data/processed/classification/CS-SCS/CLS_02718.png,1,2023239N16242,EP,pacific_ocean,eastern_pacific,2023-08-29T06:00:00Z,CLS-IMG02427,Cyclonic Storm / Severe Cyclonic Storm,CS-SCS,G1286
data/processed/classification/CS-SCS/CLS_02719.png,1,2023241N10158,WP,pacific_ocean,western_pacific,2023-08-31T21:00:00Z,CLS-IMG02428,Cyclonic Storm / Severe Cyclonic Storm,CS-SCS,G1287
data/processed/classification/CS-SCS/CLS_02720.png,1,2023239N18144,WP,pacific_ocean,western_pacific,2023-09-04T12:00:00Z,CLS-IMG02429,Cyclonic Storm / Severe Cyclonic Storm,CS-SCS,G0849
data/processed/classification/CS-SCS/CLS_02721.png,1,2023248N12257,EP,pacific_ocean,eastern_pacific,2023-09-05T21:00:00Z,CLS-IMG02430,Cyclonic Storm / Severe Cyclonic Storm,CS-SCS,G1288
data/processed/classification/CS-SCS/CLS_02724.png,1,2023271N14144,WP,pacific_ocean,western_pacific,2023-10-01T00:00:00Z,CLS-IMG02432,Cyclonic Storm / Severe Cyclonic Storm,CS-SCS,G1290
data/processed/classification/CS-SCS/CLS_02725.png,1,2023276N11254,EP,pacific_ocean,eastern_pacific,2023-10-08T09:00:00Z,CLS-IMG02433,Cyclonic Storm / Severe Cyclonic Storm,CS-SCS,G0852
data/processed/classification/CS-SCS/CLS_02728.png,1,2023316S08168,SP,pacific_ocean,southern_pacific,2023-11-13T15:00:00Z,CLS-IMG02436,Cyclonic Storm / Severe Cyclonic Storm,CS-SCS,G0859
data/processed/classification/CS-SCS/CLS_02729.png,1,2023316S08168,SP,pacific_ocean,southern_pacific,2023-11-15T18:00:00Z,CLS-IMG02437,Cyclonic Storm / Severe Cyclonic Storm,CS-SCS,G0859
data/processed/classification/CS-SCS/CLS_02731.png,1,2023334N08088,NI,north_indian_ocean,bay_of_bengal,2023-12-03T12:00:00Z,CLS-IMG02439,Cyclonic Storm / Severe Cyclonic Storm,CS-SCS,G0861
data/processed/classification/CS-SCS/CLS_02732.png,1,2023334N08088,NI,north_indian_ocean,bay_of_bengal,2023-12-04T03:00:00Z,CLS-IMG02440,Cyclonic Storm / Severe Cyclonic Storm,CS-SCS,G0861
data/processed/classification/CS-SCS/CLS_02736.png,1,2024022S16058,SI,south_indian_ocean,,2024-01-24T15:00:00Z,CLS-IMG02442,Cyclonic Storm / Severe Cyclonic Storm,CS-SCS,G0864
data/processed/classification/CS-SCS/CLS_02737.png,1,2024017S15151,SP,pacific_ocean,southern_pacific,2024-01-25T03:00:00Z,CLS-IMG02443,Cyclonic Storm / Severe Cyclonic Storm,CS-SCS,G0863
data/processed/classification/CS-SCS/CLS_02738.png,1,2024029S15063,SI,south_indian_ocean,,2024-01-30T18:00:00Z,CLS-IMG02444,Cyclonic Storm / Severe Cyclonic Storm,CS-SCS,G0865
data/processed/classification/CS-SCS/CLS_02739.png,1,2024017S15151,SP,pacific_ocean,southern_pacific,2024-02-01T12:00:00Z,CLS-IMG02445,Cyclonic Storm / Severe Cyclonic Storm,CS-SCS,G0863
data/processed/classification/CS-SCS/CLS_02741.png,1,2024035S16188,SP,pacific_ocean,southern_pacific,2024-02-07T03:00:00Z,CLS-IMG02446,Cyclonic Storm / Severe Cyclonic Storm,CS-SCS,G0866
data/processed/classification/CS-SCS/CLS_02742.png,1,2024037S09184,SP,pacific_ocean,southern_pacific,2024-02-07T15:00:00Z,CLS-IMG02447,Cyclonic Storm / Severe Cyclonic Storm,CS-SCS,G0866
data/processed/classification/CS-SCS/CLS_02743.png,1,2024035S16188,SP,pacific_ocean,southern_pacific,2024-02-08T03:00:00Z,CLS-IMG02448,Cyclonic Storm / Severe Cyclonic Storm,CS-SCS,G0866
data/processed/classification/CS-SCS/CLS_02747.png,1,2024044S15134,SP,pacific_ocean,southern_pacific,2024-02-15T18:00:00Z,CLS-IMG02452,Cyclonic Storm / Severe Cyclonic Storm,CS-SCS,G0870
data/processed/classification/CS-SCS/CLS_02748.png,1,2024044S15134,SP,pacific_ocean,southern_pacific,2024-02-16T06:00:00Z,CLS-IMG02453,Cyclonic Storm / Severe Cyclonic Storm,CS-SCS,G0870
data/processed/classification/CS-SCS/CLS_02751.png,1,2024044S15134,SI,south_indian_ocean,,2024-02-23T15:00:00Z,CLS-IMG02456,Cyclonic Storm / Severe Cyclonic Storm,CS-SCS,G0870
data/processed/classification/CS-SCS/CLS_02752.png,1,2024061S11062,SI,south_indian_ocean,,2024-03-11T09:00:00Z,CLS-IMG02457,Cyclonic Storm / Severe Cyclonic Storm,CS-SCS,G1294
data/processed/classification/CS-SCS/CLS_02753.png,1,2024073S14128,SP,pacific_ocean,southern_pacific,2024-03-15T15:00:00Z,CLS-IMG02458,Cyclonic Storm / Severe Cyclonic Storm,CS-SCS,G0872
data/processed/classification/CS-SCS/CLS_02754.png,1,2024067S10090,SI,south_indian_ocean,,2024-03-17T03:00:00Z,CLS-IMG02459,Cyclonic Storm / Severe Cyclonic Storm,CS-SCS,G1295
data/processed/classification/CS-SCS/CLS_02755.png,1,2024082S08054,SI,south_indian_ocean,,2024-03-26T00:00:00Z,CLS-IMG02460,Cyclonic Storm / Severe Cyclonic Storm,CS-SCS,G0873
data/processed/classification/CS-SCS/CLS_02756.png,1,2024100S11152,SP,pacific_ocean,southern_pacific,2024-04-10T15:00:00Z,CLS-IMG02461,Cyclonic Storm / Severe Cyclonic Storm,CS-SCS,G0874
data/processed/classification/CS-SCS/CLS_02757.png,1,2024100S11152,SP,pacific_ocean,southern_pacific,2024-04-11T12:00:00Z,CLS-IMG02462,Cyclonic Storm / Severe Cyclonic Storm,CS-SCS,G0874
data/processed/classification/CS-SCS/CLS_02758.png,1,2024100S11152,SP,pacific_ocean,southern_pacific,2024-04-12T00:00:00Z,CLS-IMG02463,Cyclonic Storm / Severe Cyclonic Storm,CS-SCS,G0874
data/processed/classification/CS-SCS/CLS_02759.png,1,2024121S07047,SI,south_indian_ocean,,2024-05-01T21:00:00Z,CLS-IMG02464,Cyclonic Storm / Severe Cyclonic Storm,CS-SCS,G1296
data/processed/classification/CS-SCS/CLS_02766.png,1,2024186N15256,EP,pacific_ocean,eastern_pacific,2024-07-05T00:00:00Z,CLS-IMG02470,Cyclonic Storm / Severe Cyclonic Storm,CS-SCS,G1298
data/processed/classification/CS-SCS/CLS_02767.png,1,2024207N16250,EP,pacific_ocean,eastern_pacific,2024-07-26T03:00:00Z,CLS-IMG02471,Cyclonic Storm / Severe Cyclonic Storm,CS-SCS,G1299
data/processed/classification/CS-SCS/CLS_02768.png,1,2024213N14254,EP,pacific_ocean,eastern_pacific,2024-08-01T09:00:00Z,CLS-IMG02472,Cyclonic Storm / Severe Cyclonic Storm,CS-SCS,G1300
data/processed/classification/CS-SCS/CLS_02769.png,1,2024218N14254,EP,pacific_ocean,eastern_pacific,2024-08-07T06:00:00Z,CLS-IMG02473,Cyclonic Storm / Severe Cyclonic Storm,CS-SCS,G1301
data/processed/classification/CS-SCS/CLS_02771.png,1,2024225N22135,WP,pacific_ocean,western_pacific,2024-08-18T09:00:00Z,CLS-IMG02474,Cyclonic Storm / Severe Cyclonic Storm,CS-SCS,G1302
data/processed/classification/CS-SCS/CLS_02772.png,1,2024246N22147,WP,pacific_ocean,western_pacific,2024-09-05T21:00:00Z,CLS-IMG02475,Cyclonic Storm / Severe Cyclonic Storm,CS-SCS,G1303
data/processed/classification/CS-SCS/CLS_02773.png,1,2024253N11148,WP,pacific_ocean,western_pacific,2024-09-12T03:00:00Z,CLS-IMG02476,Cyclonic Storm / Severe Cyclonic Storm,CS-SCS,G0883
data/processed/classification/CS-SCS/CLS_02774.png,1,2024256N18254,EP,pacific_ocean,eastern_pacific,2024-09-14T03:00:00Z,CLS-IMG02477,Cyclonic Storm / Severe Cyclonic Storm,CS-SCS,G1304
data/processed/classification/CS-SCS/CLS_02776.png,1,2024269N14150,WP,pacific_ocean,western_pacific,2024-09-26T21:00:00Z,CLS-IMG02478,Cyclonic Storm / Severe Cyclonic Storm,CS-SCS,G1305
data/processed/classification/CS-SCS/CLS_02777.png,1,2024270N24128,WP,pacific_ocean,western_pacific,2024-09-28T15:00:00Z,CLS-IMG02479,Cyclonic Storm / Severe Cyclonic Storm,CS-SCS,G1306
data/processed/classification/CS-SCS/CLS_02778.png,1,2024278N11150,WP,pacific_ocean,western_pacific,2024-10-09T21:00:00Z,CLS-IMG02480,Cyclonic Storm / Severe Cyclonic Storm,CS-SCS,G0885
data/processed/classification/CS-SCS/CLS_02784.png,1,2024329N04089,NI,north_indian_ocean,bay_of_bengal,2024-11-30T00:00:00Z,CLS-IMG02485,Cyclonic Storm / Severe Cyclonic Storm,CS-SCS,G0893
data/processed/classification/CS-SCS/CLS_02785.png,1,2024329N04089,NI,north_indian_ocean,bay_of_bengal,2024-11-30T15:00:00Z,CLS-IMG02486,Cyclonic Storm / Severe Cyclonic Storm,CS-SCS,G0893
data/processed/classification/CS-SCS/CLS_02787.png,1,2025159N15258,EP,pacific_ocean,eastern_pacific,2025-06-10T09:00:00Z,CLS-IMG02488,Cyclonic Storm / Severe Cyclonic Storm,CS-SCS,G0896
data/processed/classification/CS-SCS/CLS_02788.png,1,2025159N12250,EP,pacific_ocean,eastern_pacific,2025-06-10T15:00:00Z,CLS-IMG02489,Cyclonic Storm / Severe Cyclonic Storm,CS-SCS,G0896
data/processed/classification/CS-SCS/CLS_02789.png,1,2025168N11269,EP,pacific_ocean,eastern_pacific,2025-06-17T15:00:00Z,CLS-IMG02490,Cyclonic Storm / Severe Cyclonic Storm,CS-SCS,G1307
data/processed/classification/CS-SCS/CLS_02790.png,1,2025180N13261,EP,pacific_ocean,eastern_pacific,2025-06-30T18:00:00Z,CLS-IMG02491,Cyclonic Storm / Severe Cyclonic Storm,CS-SCS,G0897
data/processed/classification/CS-SCS/CLS_02791.png,1,2025212N13247,EP,pacific_ocean,eastern_pacific,2025-07-31T00:00:00Z,CLS-IMG02492,Cyclonic Storm / Severe Cyclonic Storm,CS-SCS,G1308
data/processed/classification/CS-SCS/CLS_02792.png,1,2025216N13243,EP,pacific_ocean,eastern_pacific,2025-08-07T00:00:00Z,CLS-IMG02493,Cyclonic Storm / Severe Cyclonic Storm,CS-SCS,G1309
data/processed/classification/CS-SCS/CLS_02793.png,1,2025219N13264,EP,pacific_ocean,eastern_pacific,2025-08-10T03:00:00Z,CLS-IMG02494,Cyclonic Storm / Severe Cyclonic Storm,CS-SCS,G0898
data/processed/classification/CS-SCS/CLS_02794.png,1,2025237N16251,EP,pacific_ocean,eastern_pacific,2025-08-27T00:00:00Z,CLS-IMG02495,Cyclonic Storm / Severe Cyclonic Storm,CS-SCS,G1310
data/processed/classification/CS-SCS/CLS_02795.png,1,2025245N17255,EP,pacific_ocean,eastern_pacific,2025-09-04T12:00:00Z,CLS-IMG02496,Cyclonic Storm / Severe Cyclonic Storm,CS-SCS,G1311
data/processed/classification/CS-SCS/CLS_02796.png,1,2025265N14261,EP,pacific_ocean,eastern_pacific,2025-09-28T00:00:00Z,CLS-IMG02497,Cyclonic Storm / Severe Cyclonic Storm,CS-SCS,G1312
data/processed/classification/VSCS/CLS_02801.png,2,1999343S11123,SI,south_indian_ocean,,1999-12-12T15:00:00Z,CLS-IMG02501,Very Severe Cyclonic Storm,VSCS,G0000
data/processed/classification/VSCS/CLS_02802.png,2,1999357S08076,SI,south_indian_ocean,,1999-12-27T21:00:00Z,CLS-IMG02502,Very Severe Cyclonic Storm,VSCS,G0001
data/processed/classification/VSCS/CLS_02803.png,2,2000006S15164,SP,pacific_ocean,southern_pacific,2000-01-08T00:00:00Z,CLS-IMG02503,Very Severe Cyclonic Storm,VSCS,G0002
data/processed/classification/VSCS/CLS_02804.png,2,2000003S13082,SI,south_indian_ocean,,2000-01-08T06:00:00Z,CLS-IMG02504,Very Severe Cyclonic Storm,VSCS,G0900
data/processed/classification/VSCS/CLS_02805.png,2,2000006S15164,SP,pacific_ocean,southern_pacific,2000-01-08T15:00:00Z,CLS-IMG02505,Very Severe Cyclonic Storm,VSCS,G0002
data/processed/classification/VSCS/CLS_02808.png,2,2000024S12100,SI,south_indian_ocean,,2000-01-29T03:00:00Z,CLS-IMG02508,Very Severe Cyclonic Storm,VSCS,G0005
data/processed/classification/VSCS/CLS_02811.png,2,2000032S11116,SI,south_indian_ocean,,2000-02-17T09:00:00Z,CLS-IMG02510,Very Severe Cyclonic Storm,VSCS,G0007
data/processed/classification/VSCS/CLS_02816.png,2,2000060S17123,SI,south_indian_ocean,,2000-03-05T09:00:00Z,CLS-IMG02514,Very Severe Cyclonic Storm,VSCS,G0012
data/processed/classification/VSCS/CLS_02821.png,2,2000083S17102,SI,south_indian_ocean,,2000-03-27T00:00:00Z,CLS-IMG02519,Very Severe Cyclonic Storm,VSCS,G1314
data/processed/classification/VSCS/CLS_02822.png,2,2000083S17102,SI,south_indian_ocean,,2000-03-30T03:00:00Z,CLS-IMG02520,Very Severe Cyclonic Storm,VSCS,G1314
data/processed/classification/VSCS/CLS_02826.png,2,2000105S09127,SI,south_indian_ocean,,2000-04-20T03:00:00Z,CLS-IMG02523,Very Severe Cyclonic Storm,VSCS,G0017
data/processed/classification/VSCS/CLS_02831.png,2,2000185N15117,WP,pacific_ocean,western_pacific,2000-07-07T15:00:00Z,CLS-IMG02528,Very Severe Cyclonic Storm,VSCS,G1317
data/processed/classification/VSCS/CLS_02835.png,2,2000214N22155,WP,pacific_ocean,western_pacific,2000-08-08T06:00:00Z,CLS-IMG02532,Very Severe Cyclonic Storm,VSCS,G0023
data/processed/classification/VSCS/CLS_02836.png,2,2000222N14143,WP,pacific_ocean,western_pacific,2000-08-11T12:00:00Z,CLS-IMG02533,Very Severe Cyclonic Storm,VSCS,G0023
data/processed/classification/VSCS/CLS_02837.png,2,2000223N18257,EP,pacific_ocean,eastern_pacific,2000-08-14T00:00:00Z,CLS-IMG02534,Very Severe Cyclonic Storm,VSCS,G0905
data/processed/classification/VSCS/CLS_02842.png,2,2000248N17117,WP,pacific_ocean,western_pacific,2000-09-07T06:00:00Z,CLS-IMG02535,Very Severe Cyclonic Storm,VSCS,G0908
data/processed/classification/VSCS/CLS_02843.png,2,2000249N15258,EP,pacific_ocean,eastern_pacific,2000-09-10T06:00:00Z,CLS-IMG02536,Very Severe Cyclonic Storm,VSCS,G0031
data/processed/classification/VSCS/CLS_02845.png,2,2000258N22138,WP,pacific_ocean,western_pacific,2000-09-16T09:00:00Z,CLS-IMG02537,Very Severe Cyclonic Storm,VSCS,G0032
data/processed/classification/VSCS/CLS_02846.png,2,2000260N15178,WP,pacific_ocean,western_pacific,2000-09-24T00:00:00Z,CLS-IMG02538,Very Severe Cyclonic Storm,VSCS,G0910
data/processed/classification/VSCS/CLS_02849.png,2,2000331N09092,NI,north_indian_ocean,bay_of_bengal,2000-11-28T15:00:00Z,CLS-IMG02540,Very Severe Cyclonic Storm,VSCS,G0039
data/processed/classification/VSCS/CLS_02850.png,2,2000331N09092,NI,north_indian_ocean,bay_of_bengal,2000-11-29T03:00:00Z,CLS-IMG02541,Very Severe Cyclonic Storm,VSCS,G0039
data/processed/classification/VSCS/CLS_02851.png,2,2000333S11140,SI,south_indian_ocean,,2000-12-07T00:00:00Z,CLS-IMG02542,Very Severe Cyclonic Storm,VSCS,G0040
data/processed/classification/VSCS/CLS_02852.png,2,2000333S11140,SI,south_indian_ocean,,2000-12-09T00:00:00Z,CLS-IMG02543,Very Severe Cyclonic Storm,VSCS,G0040
data/processed/classification/VSCS/CLS_02853.png,2,2000358N08086,NI,north_indian_ocean,bay_of_bengal,2000-12-26T12:00:00Z,CLS-IMG02544,Very Severe Cyclonic Storm,VSCS,G0041
data/processed/classification/VSCS/CLS_02856.png,2,2000366S09068,SI,south_indian_ocean,,2001-01-08T09:00:00Z,CLS-IMG02545,Very Severe Cyclonic Storm,VSCS,G1321
data/processed/classification/VSCS/CLS_02858.png,2,2001003S09091,SI,south_indian_ocean,,2001-01-14T00:00:00Z,CLS-IMG02546,Very Severe Cyclonic Storm,VSCS,G1322
data/processed/classification/VSCS/CLS_02859.png,2,2001018S12086,SI,south_indian_ocean,,2001-01-20T21:00:00Z,CLS-IMG02547,Very Severe Cyclonic Storm,VSCS,G0043
data/processed/classification/VSCS/CLS_02860.png,2,2001056S11163,SP,pacific_ocean,southern_pacific,2001-02-27T12:00:00Z,CLS-IMG02548,Very Severe Cyclonic Storm,VSCS,G1323
data/processed/classification/VSCS/CLS_02861.png,2,2001056S11163,SP,pacific_ocean,southern_pacific,2001-02-28T03:00:00Z,CLS-IMG02549,Very Severe Cyclonic Storm,VSCS,G1323
data/processed/classification/VSCS/CLS_02862.png,2,2001056S11163,SP,pacific_ocean,southern_pacific,2001-02-28T15:00:00Z,CLS-IMG02550,Very Severe Cyclonic Storm,VSCS,G1323
data/processed/classification/VSCS/CLS_02863.png,2,2001056S11163,SP,pacific_ocean,southern_pacific,2001-03-03T06:00:00Z,CLS-IMG02551,Very Severe Cyclonic Storm,VSCS,G1323
data/processed/classification/VSCS/CLS_02865.png,2,2001064S10052,SI,south_indian_ocean,,2001-03-12T12:00:00Z,CLS-IMG02552,Very Severe Cyclonic Storm,VSCS,G0919
data/processed/classification/VSCS/CLS_02866.png,2,2001091S11111,SI,south_indian_ocean,,2001-04-04T03:00:00Z,CLS-IMG02553,Very Severe Cyclonic Storm,VSCS,G0920
data/processed/classification/VSCS/CLS_02869.png,2,2001094S12172,SP,pacific_ocean,southern_pacific,2001-04-07T12:00:00Z,CLS-IMG02555,Very Severe Cyclonic Storm,VSCS,G0051
data/processed/classification/VSCS/CLS_02870.png,2,2001094S12172,SP,pacific_ocean,southern_pacific,2001-04-08T00:00:00Z,CLS-IMG02556,Very Severe Cyclonic Storm,VSCS,G0051
data/processed/classification/VSCS/CLS_02871.png,2,2001094S12172,SP,pacific_ocean,southern_pacific,2001-04-08T15:00:00Z,CLS-IMG02557,Very Severe Cyclonic Storm,VSCS,G0051
data/processed/classification/VSCS/CLS_02872.png,2,2001106S08137,SI,south_indian_ocean,,2001-04-19T03:00:00Z,CLS-IMG02558,Very Severe Cyclonic Storm,VSCS,G0052
data/processed/classification/VSCS/CLS_02873.png,2,2001141N14068,NI,north_indian_ocean,arabian_sea,2001-05-22T15:00:00Z,CLS-IMG02559,Very Severe Cyclonic Storm,VSCS,G1324
data/processed/classification/VSCS/CLS_02874.png,2,2001141N14068,NI,north_indian_ocean,arabian_sea,2001-05-23T06:00:00Z,CLS-IMG02560,Very Severe Cyclonic Storm,VSCS,G1324
data/processed/classification/VSCS/CLS_02875.png,2,2001141N14068,NI,north_indian_ocean,arabian_sea,2001-05-25T12:00:00Z,CLS-IMG02561,Very Severe Cyclonic Storm,VSCS,G1324
data/processed/classification/VSCS/CLS_02876.png,2,2001141N14068,NI,north_indian_ocean,arabian_sea,2001-05-26T00:00:00Z,CLS-IMG02562,Very Severe Cyclonic Storm,VSCS,G1324
data/processed/classification/VSCS/CLS_02878.png,2,2001170N11138,WP,pacific_ocean,western_pacific,2001-06-22T15:00:00Z,CLS-IMG02564,Very Severe Cyclonic Storm,VSCS,G1326
data/processed/classification/VSCS/CLS_02879.png,2,2001180N15118,WP,pacific_ocean,western_pacific,2001-07-01T06:00:00Z,CLS-IMG02565,Very Severe Cyclonic Storm,VSCS,G1327
data/processed/classification/VSCS/CLS_02880.png,2,2001181N08141,WP,pacific_ocean,western_pacific,2001-07-04T09:00:00Z,CLS-IMG02566,Very Severe Cyclonic Storm,VSCS,G1328
data/processed/classification/VSCS/CLS_02881.png,2,2001202N11266,EP,pacific_ocean,eastern_pacific,2001-07-24T12:00:00Z,CLS-IMG02567,Very Severe Cyclonic Storm,VSCS,G0921
data/processed/classification/VSCS/CLS_02882.png,2,2001204N19127,WP,pacific_ocean,western_pacific,2001-07-24T21:00:00Z,CLS-IMG02568,Very Severe Cyclonic Storm,VSCS,G0058
data/processed/classification/VSCS/CLS_02883.png,2,2001202N23152,WP,pacific_ocean,western_pacific,2001-07-26T12:00:00Z,CLS-IMG02569,Very Severe Cyclonic Storm,VSCS,G0057
data/processed/classification/VSCS/CLS_02884.png,2,2001212N10158,WP,pacific_ocean,western_pacific,2001-08-03T12:00:00Z,CLS-IMG02570,Very Severe Cyclonic Storm,VSCS,G0059
data/processed/classification/VSCS/CLS_02885.png,2,2001225N18146,WP,pacific_ocean,western_pacific,2001-08-17T15:00:00Z,CLS-IMG02571,Very Severe Cyclonic Storm,VSCS,G0922
data/processed/classification/VSCS/CLS_02892.png,2,2001248N23125,WP,pacific_ocean,western_pacific,2001-09-15T06:00:00Z,CLS-IMG02576,Very Severe Cyclonic Storm,VSCS,G0063
data/processed/classification/VSCS/CLS_02893.png,2,2001259N20138,WP,pacific_ocean,western_pacific,2001-09-20T06:00:00Z,CLS-IMG02577,Very Severe Cyclonic Storm,VSCS,G0925
data/processed/classification/VSCS/CLS_02894.png,2,2001265N16244,EP,pacific_ocean,eastern_pacific,2001-09-23T12:00:00Z,CLS-IMG02578,Very Severe Cyclonic Storm,VSCS,G1331
data/processed/classification/VSCS/CLS_02895.png,2,2001264N21126,WP,pacific_ocean,western_pacific,2001-09-23T21:00:00Z,CLS-IMG02579,Very Severe Cyclonic Storm,VSCS,G0066
data/processed/classification/VSCS/CLS_02897.png,2,2001264N13269,EP,pacific_ocean,eastern_pacific,2001-09-27T15:00:00Z,CLS-IMG02581,Very Severe Cyclonic Storm,VSCS,G1333
data/processed/classification/VSCS/CLS_02899.png,2,2001284N16132,WP,pacific_ocean,western_pacific,2001-10-15T00:00:00Z,CLS-IMG02582,Very Severe Cyclonic Storm,VSCS,G0927
data/processed/classification/VSCS/CLS_02901.png,2,2001294N11235,EP,pacific_ocean,eastern_pacific,2001-10-21T18:00:00Z,CLS-IMG02584,Very Severe Cyclonic Storm,VSCS,G0071
data/processed/classification/VSCS/CLS_02902.png,2,2001294N11235,EP,pacific_ocean,eastern_pacific,2001-10-22T12:00:00Z,CLS-IMG02585,Very Severe Cyclonic Storm,VSCS,G0071
data/processed/classification/VSCS/CLS_02904.png,2,2001304N12237,EP,pacific_ocean,eastern_pacific,2001-11-02T09:00:00Z,CLS-IMG02586,Very Severe Cyclonic Storm,VSCS,G0073
data/processed/classification/VSCS/CLS_02905.png,2,2001309N10130,WP,pacific_ocean,western_pacific,2001-11-09T00:00:00Z,CLS-IMG02587,Very Severe Cyclonic Storm,VSCS,G0074
data/processed/classification/VSCS/CLS_02907.png,2,2001347N04162,WP,pacific_ocean,western_pacific,2001-12-20T18:00:00Z,CLS-IMG02589,Very Severe Cyclonic Storm,VSCS,G0931
data/processed/classification/VSCS/CLS_02908.png,2,2001361N01106,WP,pacific_ocean,western_pacific,2001-12-27T03:00:00Z,CLS-IMG02590,Very Severe Cyclonic Storm,VSCS,G0081
data/processed/classification/VSCS/CLS_02909.png,2,2001363S10185,SP,pacific_ocean,southern_pacific,2001-12-30T09:00:00Z,CLS-IMG02591,Very Severe Cyclonic Storm,VSCS,G0080
data/processed/classification/VSCS/CLS_02910.png,2,2001363S10185,SP,pacific_ocean,southern_pacific,2002-01-01T09:00:00Z,CLS-IMG02592,Very Severe Cyclonic Storm,VSCS,G0080
data/processed/classification/VSCS/CLS_02911.png,2,2002017S07078,SI,south_indian_ocean,,2002-01-18T03:00:00Z,CLS-IMG02593,Very Severe Cyclonic Storm,VSCS,G1334
data/processed/classification/VSCS/CLS_02912.png,2,2002017S07078,SI,south_indian_ocean,,2002-01-18T15:00:00Z,CLS-IMG02594,Very Severe Cyclonic Storm,VSCS,G1334
data/processed/classification/VSCS/CLS_02913.png,2,2002023S10089,SI,south_indian_ocean,,2002-01-26T06:00:00Z,CLS-IMG02595,Very Severe Cyclonic Storm,VSCS,G0084
data/processed/classification/VSCS/CLS_02918.png,2,2002042S20156,SP,pacific_ocean,southern_pacific,2002-02-11T21:00:00Z,CLS-IMG02598,Very Severe Cyclonic Storm,VSCS,G0086
data/processed/classification/VSCS/CLS_02919.png,2,2002042S20156,SP,pacific_ocean,southern_pacific,2002-02-12T09:00:00Z,CLS-IMG02599,Very Severe Cyclonic Storm,VSCS,G0086
data/processed/classification/VSCS/CLS_02920.png,2,2002045S18049,SI,south_indian_ocean,,2002-02-21T12:00:00Z,CLS-IMG02600,Very Severe Cyclonic Storm,VSCS,G1336
data/processed/classification/VSCS/CLS_02921.png,2,2002057N06156,WP,pacific_ocean,western_pacific,2002-03-02T09:00:00Z,CLS-IMG02601,Very Severe Cyclonic Storm,VSCS,G1337
data/processed/classification/VSCS/CLS_02922.png,2,2002063S11066,SI,south_indian_ocean,,2002-03-07T18:00:00Z,CLS-IMG02602,Very Severe Cyclonic Storm,VSCS,G1338
data/processed/classification/VSCS/CLS_02923.png,2,2002063S11066,SI,south_indian_ocean,,2002-03-13T00:00:00Z,CLS-IMG02603,Very Severe Cyclonic Storm,VSCS,G1338
data/processed/classification/VSCS/CLS_02924.png,2,2002081S08084,SI,south_indian_ocean,,2002-03-26T09:00:00Z,CLS-IMG02604,Very Severe Cyclonic Storm,VSCS,G0091
data/processed/classification/VSCS/CLS_02926.png,2,2002122S07063,SI,south_indian_ocean,,2002-05-06T21:00:00Z,CLS-IMG02606,Very Severe Cyclonic Storm,VSCS,G0933
data/processed/classification/VSCS/CLS_02927.png,2,2002145N11259,EP,pacific_ocean,eastern_pacific,2002-05-29T03:00:00Z,CLS-IMG02607,Very Severe Cyclonic Storm,VSCS,G0098
data/processed/classification/VSCS/CLS_02928.png,2,2002145N11259,EP,pacific_ocean,eastern_pacific,2002-05-31T00:00:00Z,CLS-IMG02608,Very Severe Cyclonic Storm,VSCS,G0098
data/processed/classification/VSCS/CLS_02929.png,2,2002155N20112,WP,pacific_ocean,western_pacific,2002-06-09T03:00:00Z,CLS-IMG02609,Very Severe Cyclonic Storm,VSCS,G0099
data/processed/classification/VSCS/CLS_02930.png,2,2002178N04155,WP,pacific_ocean,western_pacific,2002-07-03T21:00:00Z,CLS-IMG02610,Very Severe Cyclonic Storm,VSCS,G0100
data/processed/classification/VSCS/CLS_02931.png,2,2002187N11160,WP,pacific_ocean,western_pacific,2002-07-14T15:00:00Z,CLS-IMG02611,Very Severe Cyclonic Storm,VSCS,G0100
data/processed/classification/VSCS/CLS_02932.png,2,2002202N13254,EP,pacific_ocean,eastern_pacific,2002-07-22T12:00:00Z,CLS-IMG02612,Very Severe Cyclonic Storm,VSCS,G0102
data/processed/classification/VSCS/CLS_02933.png,2,2002200N21150,WP,pacific_ocean,western_pacific,2002-07-23T12:00:00Z,CLS-IMG02613,Very Severe Cyclonic Storm,VSCS,G0937
data/processed/classification/VSCS/CLS_02934.png,2,2002195N11172,WP,pacific_ocean,western_pacific,2002-07-23T18:00:00Z,CLS-IMG02614,Very Severe Cyclonic Storm,VSCS,G0937
data/processed/classification/VSCS/CLS_02935.png,2,2002202N13254,EP,pacific_ocean,eastern_pacific,2002-07-24T09:00:00Z,CLS-IMG02615,Very Severe Cyclonic Storm,VSCS,G0102
data/processed/classification/VSCS/CLS_02936.png,2,2002204N12263,EP,pacific_ocean,eastern_pacific,2002-07-27T06:00:00Z,CLS-IMG02616,Very Severe Cyclonic Storm,VSCS,G0102
data/processed/classification/VSCS/CLS_02938.png,2,2002234N13253,EP,pacific_ocean,eastern_pacific,2002-08-23T00:00:00Z,CLS-IMG02618,Very Severe Cyclonic Storm,VSCS,G1339
data/processed/classification/VSCS/CLS_02939.png,2,2002237N10202,EP,pacific_ocean,eastern_pacific,2002-08-28T03:00:00Z,CLS-IMG02619,Very Severe Cyclonic Storm,VSCS,G1340
data/processed/classification/VSCS/CLS_02940.png,2,2002242N14257,EP,pacific_ocean,eastern_pacific,2002-09-03T18:00:00Z,CLS-IMG02620,Very Severe Cyclonic Storm,VSCS,G1341
data/processed/classification/VSCS/CLS_02941.png,2,2002237N10202,WP,pacific_ocean,western_pacific,2002-09-06T03:00:00Z,CLS-IMG02621,Very Severe Cyclonic Storm,VSCS,G1340
data/processed/classification/VSCS/CLS_02942.png,2,2002240N16155,WP,pacific_ocean,western_pacific,2002-09-06T12:00:00Z,CLS-IMG02622,Very Severe Cyclonic Storm,VSCS,G1342
data/processed/classification/VSCS/CLS_02943.png,2,2002268N15163,WP,pacific_ocean,western_pacific,2002-09-27T18:00:00Z,CLS-IMG02623,Very Severe Cyclonic Storm,VSCS,G0943
data/processed/classification/VSCS/CLS_02944.png,2,2002295N11261,EP,pacific_ocean,eastern_pacific,2002-10-23T21:00:00Z,CLS-IMG02624,Very Severe Cyclonic Storm,VSCS,G1343
data/processed/classification/VSCS/CLS_02945.png,2,2002295N11261,EP,pacific_ocean,eastern_pacific,2002-10-25T21:00:00Z,CLS-IMG02625,Very Severe Cyclonic Storm,VSCS,G1343
data/processed/classification/VSCS/CLS_02946.png,2,2002298N17169,WP,pacific_ocean,western_pacific,2002-10-28T12:00:00Z,CLS-IMG02626,Very Severe Cyclonic Storm,VSCS,G1344
data/processed/classification/VSCS/CLS_02950.png,2,2002319S06078,SI,south_indian_ocean,,2002-11-20T18:00:00Z,CLS-IMG02630,Very Severe Cyclonic Storm,VSCS,G0110
data/processed/classification/VSCS/CLS_02951.png,2,2002323N09155,WP,pacific_ocean,western_pacific,2002-11-22T21:00:00Z,CLS-IMG02631,Very Severe Cyclonic Storm,VSCS,G1345
data/processed/classification/VSCS/CLS_02953.png,2,2002358S08185,SP,pacific_ocean,southern_pacific,2002-12-26T09:00:00Z,CLS-IMG02632,Very Severe Cyclonic Storm,VSCS,G1346
data/processed/classification/VSCS/CLS_02954.png,2,2002356S07070,SI,south_indian_ocean,,2002-12-26T09:00:00Z,CLS-IMG02633,Very Severe Cyclonic Storm,VSCS,G0113
data/processed/classification/VSCS/CLS_02955.png,2,2002356S07070,SI,south_indian_ocean,,2002-12-28T03:00:00Z,CLS-IMG02634,Very Severe Cyclonic Storm,VSCS,G0113
data/processed/classification/VSCS/CLS_02956.png,2,2002358S08185,SP,pacific_ocean,southern_pacific,2002-12-30T12:00:00Z,CLS-IMG02635,Very Severe Cyclonic Storm,VSCS,G1346
data/processed/classification/VSCS/CLS_02959.png,2,2003011S09182,SP,pacific_ocean,southern_pacific,2003-01-12T18:00:00Z,CLS-IMG02638,Very Severe Cyclonic Storm,VSCS,G0116
data/processed/classification/VSCS/CLS_02960.png,2,2003011S09182,SP,pacific_ocean,southern_pacific,2003-01-13T06:00:00Z,CLS-IMG02639,Very Severe Cyclonic Storm,VSCS,G0116
data/processed/classification/VSCS/CLS_02961.png,2,2003011S09182,SP,pacific_ocean,southern_pacific,2003-01-15T03:00:00Z,CLS-IMG02640,Very Severe Cyclonic Storm,VSCS,G0116
data/processed/classification/VSCS/CLS_02962.png,2,2003021S10163,SP,pacific_ocean,southern_pacific,2003-01-28T00:00:00Z,CLS-IMG02641,Very Severe Cyclonic Storm,VSCS,G0119
data/processed/classification/VSCS/CLS_02963.png,2,2003021S10163,SP,pacific_ocean,southern_pacific,2003-01-30T15:00:00Z,CLS-IMG02642,Very Severe Cyclonic Storm,VSCS,G0119
data/processed/classification/VSCS/CLS_02964.png,2,2003036S10197,SP,pacific_ocean,southern_pacific,2003-02-06T15:00:00Z,CLS-IMG02643,Very Severe Cyclonic Storm,VSCS,G1347
data/processed/classification/VSCS/CLS_02965.png,2,2003036S10197,SP,pacific_ocean,southern_pacific,2003-02-07T09:00:00Z,CLS-IMG02644,Very Severe Cyclonic Storm,VSCS,G1347
data/processed/classification/VSCS/CLS_02967.png,2,2003036S10197,SP,pacific_ocean,southern_pacific,2003-02-10T09:00:00Z,CLS-IMG02645,Very Severe Cyclonic Storm,VSCS,G1347
data/processed/classification/VSCS/CLS_02968.png,2,2003034S12117,SI,south_indian_ocean,,2003-02-11T06:00:00Z,CLS-IMG02646,Very Severe Cyclonic Storm,VSCS,G0120
data/processed/classification/VSCS/CLS_02970.png,2,2003037S12061,SI,south_indian_ocean,,2003-02-12T12:00:00Z,CLS-IMG02647,Very Severe Cyclonic Storm,VSCS,G0121
data/processed/classification/VSCS/CLS_02971.png,2,2003039S15066,SI,south_indian_ocean,,2003-02-13T06:00:00Z,CLS-IMG02648,Very Severe Cyclonic Storm,VSCS,G0121
data/processed/classification/VSCS/CLS_02972.png,2,2003037S12061,SI,south_indian_ocean,,2003-02-14T12:00:00Z,CLS-IMG02649,Very Severe Cyclonic Storm,VSCS,G0121
data/processed/classification/VSCS/CLS_02973.png,2,2003056S21042,SI,south_indian_ocean,,2003-02-27T18:00:00Z,CLS-IMG02650,Very Severe Cyclonic Storm,VSCS,G0122
data/processed/classification/VSCS/CLS_02976.png,2,2003068S14172,SP,pacific_ocean,southern_pacific,2003-03-12T03:00:00Z,CLS-IMG02651,Very Severe Cyclonic Storm,VSCS,G0123
data/processed/classification/VSCS/CLS_02977.png,2,2003061S21148,SP,pacific_ocean,southern_pacific,2003-03-12T06:00:00Z,CLS-IMG02652,Very Severe Cyclonic Storm,VSCS,G0123
data/processed/classification/VSCS/CLS_02978.png,2,2003068S14172,SP,pacific_ocean,southern_pacific,2003-03-12T15:00:00Z,CLS-IMG02653,Very Severe Cyclonic Storm,VSCS,G0123
data/processed/classification/VSCS/CLS_02979.png,2,2003068S14172,SP,pacific_ocean,southern_pacific,2003-03-13T21:00:00Z,CLS-IMG02654,Very Severe Cyclonic Storm,VSCS,G0123
data/processed/classification/VSCS/CLS_02981.png,2,2003061S21148,SP,pacific_ocean,southern_pacific,2003-03-14T09:00:00Z,CLS-IMG02656,Very Severe Cyclonic Storm,VSCS,G0123
data/processed/classification/VSCS/CLS_02982.png,2,2003061S21148,SP,pacific_ocean,southern_pacific,2003-03-14T21:00:00Z,CLS-IMG02657,Very Severe Cyclonic Storm,VSCS,G0123
data/processed/classification/VSCS/CLS_02983.png,2,2003088S07131,SI,south_indian_ocean,,2003-04-03T03:00:00Z,CLS-IMG02658,Very Severe Cyclonic Storm,VSCS,G1349
data/processed/classification/VSCS/CLS_02984.png,2,2003098N03159,WP,pacific_ocean,western_pacific,2003-04-13T21:00:00Z,CLS-IMG02659,Very Severe Cyclonic Storm,VSCS,G1350
data/processed/classification/VSCS/CLS_02985.png,2,2003122S11065,SI,south_indian_ocean,,2003-05-09T03:00:00Z,CLS-IMG02660,Very Severe Cyclonic Storm,VSCS,G0949
data/processed/classification/VSCS/CLS_02986.png,2,2003138N04148,WP,pacific_ocean,western_pacific,2003-05-22T09:00:00Z,CLS-IMG02661,Very Severe Cyclonic Storm,VSCS,G0127
data/processed/classification/VSCS/CLS_02987.png,2,2003155S10172,SP,pacific_ocean,southern_pacific,2003-06-06T21:00:00Z,CLS-IMG02662,Very Severe Cyclonic Storm,VSCS,G0128
data/processed/classification/VSCS/CLS_02988.png,2,2003155S10172,SP,pacific_ocean,southern_pacific,2003-06-07T09:00:00Z,CLS-IMG02663,Very Severe Cyclonic Storm,VSCS,G0128
data/processed/classification/VSCS/CLS_02989.png,2,2003155S10172,SP,pacific_ocean,southern_pacific,2003-06-08T06:00:00Z,CLS-IMG02664,Very Severe Cyclonic Storm,VSCS,G0128
data/processed/classification/VSCS/CLS_02995.png,2,2003235N20253,EP,pacific_ocean,eastern_pacific,2003-08-24T03:00:00Z,CLS-IMG02669,Very Severe Cyclonic Storm,VSCS,G0951
data/processed/classification/VSCS/CLS_02997.png,2,2003240N14230,EP,pacific_ocean,eastern_pacific,2003-08-30T15:00:00Z,CLS-IMG02671,Very Severe Cyclonic Storm,VSCS,G0139
data/processed/classification/VSCS/CLS_02999.png,2,2003247N10153,WP,pacific_ocean,western_pacific,2003-09-12T15:00:00Z,CLS-IMG02672,Very Severe Cyclonic Storm,VSCS,G0953
data/processed/classification/VSCS/CLS_03000.png,2,2003257N15252,EP,pacific_ocean,eastern_pacific,2003-09-15T12:00:00Z,CLS-IMG02673,Very Severe Cyclonic Storm,VSCS,G0141
data/processed/classification/VSCS/CLS_03006.png,2,2003294N10260,EP,pacific_ocean,eastern_pacific,2003-10-21T21:00:00Z,CLS-IMG02679,Very Severe Cyclonic Storm,VSCS,G0954
data/processed/classification/VSCS/CLS_03007.png,2,2003290N15132,WP,pacific_ocean,western_pacific,2003-10-26T00:00:00Z,CLS-IMG02680,Very Severe Cyclonic Storm,VSCS,G1352
data/processed/classification/VSCS/CLS_03009.png,2,2003302N11133,WP,pacific_ocean,western_pacific,2003-11-01T03:00:00Z,CLS-IMG02682,Very Severe Cyclonic Storm,VSCS,G0955
data/processed/classification/VSCS/CLS_03010.png,2,2003313S05079,SI,south_indian_ocean,,2003-11-12T15:00:00Z,CLS-IMG02683,Very Severe Cyclonic Storm,VSCS,G0149
data/processed/classification/VSCS/CLS_03011.png,2,2003315N09067,NI,north_indian_ocean,arabian_sea,2003-11-13T12:00:00Z,CLS-IMG02684,Very Severe Cyclonic Storm,VSCS,G0149
data/processed/classification/VSCS/CLS_03012.png,2,2003315N09067,NI,north_indian_ocean,arabian_sea,2003-11-14T09:00:00Z,CLS-IMG02685,Very Severe Cyclonic Storm,VSCS,G0149
data/processed/classification/VSCS/CLS_03013.png,2,2003319N13172,WP,pacific_ocean,western_pacific,2003-11-23T00:00:00Z,CLS-IMG02686,Very Severe Cyclonic Storm,VSCS,G1353
data/processed/classification/VSCS/CLS_03014.png,2,2003340S07093,SI,south_indian_ocean,,2003-12-09T15:00:00Z,CLS-IMG02687,Very Severe Cyclonic Storm,VSCS,G0152
data/processed/classification/VSCS/CLS_03016.png,2,2003350S10140,SI,south_indian_ocean,,2003-12-20T12:00:00Z,CLS-IMG02689,Very Severe Cyclonic Storm,VSCS,G0153
data/processed/classification/VSCS/CLS_03020.png,2,2004026S12063,SI,south_indian_ocean,,2004-01-28T18:00:00Z,CLS-IMG02693,Very Severe Cyclonic Storm,VSCS,G1355
data/processed/classification/VSCS/CLS_03021.png,2,2004025S16044,SI,south_indian_ocean,,2004-02-02T21:00:00Z,CLS-IMG02694,Very Severe Cyclonic Storm,VSCS,G0158
data/processed/classification/VSCS/CLS_03022.png,2,2004052S15172,SP,pacific_ocean,southern_pacific,2004-02-23T21:00:00Z,CLS-IMG02695,Very Severe Cyclonic Storm,VSCS,G1356
data/processed/classification/VSCS/CLS_03023.png,2,2004052S15172,SP,pacific_ocean,southern_pacific,2004-02-24T15:00:00Z,CLS-IMG02696,Very Severe Cyclonic Storm,VSCS,G1356
data/processed/classification/VSCS/CLS_03024.png,2,2004052S15172,SP,pacific_ocean,southern_pacific,2004-02-25T03:00:00Z,CLS-IMG02697,Very Severe Cyclonic Storm,VSCS,G1356
data/processed/classification/VSCS/CLS_03025.png,2,2004052S15172,SP,pacific_ocean,southern_pacific,2004-02-28T06:00:00Z,CLS-IMG02698,Very Severe Cyclonic Storm,VSCS,G1356
data/processed/classification/VSCS/CLS_03026.png,2,2004056S18125,SI,south_indian_ocean,,2004-02-28T15:00:00Z,CLS-IMG02699,Very Severe Cyclonic Storm,VSCS,G0160
data/processed/classification/VSCS/CLS_03031.png,2,2004068S13089,SI,south_indian_ocean,,2004-03-12T06:00:00Z,CLS-IMG02701,Very Severe Cyclonic Storm,VSCS,G0957
data/processed/classification/VSCS/CLS_03035.png,2,2004125S08084,SI,south_indian_ocean,,2004-05-13T15:00:00Z,CLS-IMG02705,Very Severe Cyclonic Storm,VSCS,G0168
data/processed/classification/VSCS/CLS_03038.png,2,2004156N16117,WP,pacific_ocean,western_pacific,2004-06-10T18:00:00Z,CLS-IMG02707,Very Severe Cyclonic Storm,VSCS,G0959
data/processed/classification/VSCS/CLS_03039.png,2,2004158N07142,WP,pacific_ocean,western_pacific,2004-06-12T06:00:00Z,CLS-IMG02708,Very Severe Cyclonic Storm,VSCS,G0171
data/processed/classification/VSCS/CLS_03040.png,2,2004164N06139,WP,pacific_ocean,western_pacific,2004-06-15T03:00:00Z,CLS-IMG02709,Very Severe Cyclonic Storm,VSCS,G0172
data/processed/classification/VSCS/CLS_03042.png,2,2004177N12154,WP,pacific_ocean,western_pacific,2004-06-28T09:00:00Z,CLS-IMG02711,Very Severe Cyclonic Storm,VSCS,G0961
data/processed/classification/VSCS/CLS_03043.png,2,2004201N14247,EP,pacific_ocean,eastern_pacific,2004-07-22T09:00:00Z,CLS-IMG02712,Very Severe Cyclonic Storm,VSCS,G0174
data/processed/classification/VSCS/CLS_03046.png,2,2004209N12247,EP,pacific_ocean,eastern_pacific,2004-07-30T06:00:00Z,CLS-IMG02714,Very Severe Cyclonic Storm,VSCS,G0963
data/processed/classification/VSCS/CLS_03047.png,2,2004219N15137,WP,pacific_ocean,western_pacific,2004-08-11T06:00:00Z,CLS-IMG02715,Very Severe Cyclonic Storm,VSCS,G0964
data/processed/classification/VSCS/CLS_03048.png,2,2004231N09147,WP,pacific_ocean,western_pacific,2004-08-23T09:00:00Z,CLS-IMG02716,Very Severe Cyclonic Storm,VSCS,G0965
data/processed/classification/VSCS/CLS_03049.png,2,2004236N17250,EP,pacific_ocean,eastern_pacific,2004-08-24T21:00:00Z,CLS-IMG02717,Very Severe Cyclonic Storm,VSCS,G1361
data/processed/classification/VSCS/CLS_03050.png,2,2004230N09172,WP,pacific_ocean,western_pacific,2004-08-30T03:00:00Z,CLS-IMG02718,Very Severe Cyclonic Storm,VSCS,G0965
data/processed/classification/VSCS/CLS_03052.png,2,2004244N12257,EP,pacific_ocean,eastern_pacific,2004-09-04T03:00:00Z,CLS-IMG02720,Very Severe Cyclonic Storm,VSCS,G0182
data/processed/classification/VSCS/CLS_03053.png,2,2004252N15250,EP,pacific_ocean,eastern_pacific,2004-09-15T12:00:00Z,CLS-IMG02721,Very Severe Cyclonic Storm,VSCS,G1363
data/processed/classification/VSCS/CLS_03055.png,2,2004263N13153,WP,pacific_ocean,western_pacific,2004-09-29T00:00:00Z,CLS-IMG02723,Very Severe Cyclonic Storm,VSCS,G1365
data/processed/classification/VSCS/CLS_03057.png,2,2004288N09164,WP,pacific_ocean,western_pacific,2004-10-17T21:00:00Z,CLS-IMG02724,Very Severe Cyclonic Storm,VSCS,G0186
data/processed/classification/VSCS/CLS_03058.png,2,2004284N07157,WP,pacific_ocean,western_pacific,2004-10-19T18:00:00Z,CLS-IMG02725,Very Severe Cyclonic Storm,VSCS,G1366
data/processed/classification/VSCS/CLS_03059.png,2,2004312S05085,SI,south_indian_ocean,,2004-11-09T00:00:00Z,CLS-IMG02726,Very Severe Cyclonic Storm,VSCS,G0190
data/processed/classification/VSCS/CLS_03060.png,2,2004325S06078,SI,south_indian_ocean,,2004-11-22T06:00:00Z,CLS-IMG02727,Very Severe Cyclonic Storm,VSCS,G1367
data/processed/classification/VSCS/CLS_03061.png,2,2004325S06078,SI,south_indian_ocean,,2004-11-26T12:00:00Z,CLS-IMG02728,Very Severe Cyclonic Storm,VSCS,G1367
data/processed/classification/VSCS/CLS_03065.png,2,2004333N06154,WP,pacific_ocean,western_pacific,2004-12-03T09:00:00Z,CLS-IMG02732,Very Severe Cyclonic Storm,VSCS,G0192
data/processed/classification/VSCS/CLS_03066.png,2,2004357S06095,SI,south_indian_ocean,,2004-12-25T06:00:00Z,CLS-IMG02733,Very Severe Cyclonic Storm,VSCS,G1368
data/processed/classification/VSCS/CLS_03067.png,2,2004357S06095,SI,south_indian_ocean,,2004-12-27T18:00:00Z,CLS-IMG02734,Very Severe Cyclonic Storm,VSCS,G1368
data/processed/classification/VSCS/CLS_03068.png,2,2005003S09177,SP,pacific_ocean,southern_pacific,2005-01-08T00:00:00Z,CLS-IMG02735,Very Severe Cyclonic Storm,VSCS,G1369
data/processed/classification/VSCS/CLS_03069.png,2,2005003S09177,SP,pacific_ocean,southern_pacific,2005-01-08T12:00:00Z,CLS-IMG02736,Very Severe Cyclonic Storm,VSCS,G1369
data/processed/classification/VSCS/CLS_03070.png,2,2005003S09177,SP,pacific_ocean,southern_pacific,2005-01-09T09:00:00Z,CLS-IMG02737,Very Severe Cyclonic Storm,VSCS,G1369
data/processed/classification/VSCS/CLS_03071.png,2,2005003S09177,SP,pacific_ocean,southern_pacific,2005-01-10T21:00:00Z,CLS-IMG02738,Very Severe Cyclonic Storm,VSCS,G1369
data/processed/classification/VSCS/CLS_03072.png,2,2005013N05153,WP,pacific_ocean,western_pacific,2005-01-17T18:00:00Z,CLS-IMG02739,Very Severe Cyclonic Storm,VSCS,G0199
data/processed/classification/VSCS/CLS_03073.png,2,2005017S09061,SI,south_indian_ocean,,2005-01-20T21:00:00Z,CLS-IMG02740,Very Severe Cyclonic Storm,VSCS,G0200
data/processed/classification/VSCS/CLS_03074.png,2,2005017S09061,SI,south_indian_ocean,,2005-01-23T15:00:00Z,CLS-IMG02741,Very Severe Cyclonic Storm,VSCS,G0200
data/processed/classification/VSCS/CLS_03078.png,2,2005042S12190,SP,pacific_ocean,southern_pacific,2005-02-13T21:00:00Z,CLS-IMG02745,Very Severe Cyclonic Storm,VSCS,G0205
data/processed/classification/VSCS/CLS_03079.png,2,2005041S13181,SP,pacific_ocean,southern_pacific,2005-02-14T00:00:00Z,CLS-IMG02746,Very Severe Cyclonic Storm,VSCS,G0205
data/processed/classification/VSCS/CLS_03080.png,2,2005042S12190,SP,pacific_ocean,southern_pacific,2005-02-15T21:00:00Z,CLS-IMG02747,Very Severe Cyclonic Storm,VSCS,G0205
data/processed/classification/VSCS/CLS_03081.png,2,2005041S13181,SP,pacific_ocean,southern_pacific,2005-02-19T06:00:00Z,CLS-IMG02748,Very Severe Cyclonic Storm,VSCS,G0205
data/processed/classification/VSCS/CLS_03082.png,2,2005054S09173,SP,pacific_ocean,southern_pacific,2005-02-25T12:00:00Z,CLS-IMG02749,Very Severe Cyclonic Storm,VSCS,G1370
data/processed/classification/VSCS/CLS_03083.png,2,2005054S09173,SP,pacific_ocean,southern_pacific,2005-03-04T00:00:00Z,CLS-IMG02750,Very Severe Cyclonic Storm,VSCS,G1370
data/processed/classification/VSCS/CLS_03084.png,2,2005063S12141,SP,pacific_ocean,southern_pacific,2005-03-06T12:00:00Z,CLS-IMG02751,Very Severe Cyclonic Storm,VSCS,G1371
data/processed/classification/VSCS/CLS_03085.png,2,2005063S12141,SP,pacific_ocean,southern_pacific,2005-03-07T00:00:00Z,CLS-IMG02752,Very Severe Cyclonic Storm,VSCS,G1371
data/processed/classification/VSCS/CLS_03086.png,2,2005063S12141,SP,pacific_ocean,southern_pacific,2005-03-10T03:00:00Z,CLS-IMG02753,Very Severe Cyclonic Storm,VSCS,G1371
data/processed/classification/VSCS/CLS_03087.png,2,2005063S12141,SP,pacific_ocean,southern_pacific,2005-03-11T06:00:00Z,CLS-IMG02754,Very Severe Cyclonic Storm,VSCS,G1371
data/processed/classification/VSCS/CLS_03088.png,2,2005067S12120,SI,south_indian_ocean,,2005-03-11T06:00:00Z,CLS-IMG02755,Very Severe Cyclonic Storm,VSCS,G0207
data/processed/classification/VSCS/CLS_03089.png,2,2005067S12120,SI,south_indian_ocean,,2005-03-12T09:00:00Z,CLS-IMG02756,Very Severe Cyclonic Storm,VSCS,G0207
data/processed/classification/VSCS/CLS_03091.png,2,2005063S12141,SI,south_indian_ocean,,2005-03-16T06:00:00Z,CLS-IMG02758,Very Severe Cyclonic Storm,VSCS,G1371
data/processed/classification/VSCS/CLS_03093.png,2,2005079S10067,SI,south_indian_ocean,,2005-03-24T09:00:00Z,CLS-IMG02759,Very Severe Cyclonic Storm,VSCS,G0208
data/processed/classification/VSCS/CLS_03094.png,2,2005092S11102,SI,south_indian_ocean,,2005-04-07T18:00:00Z,CLS-IMG02760,Very Severe Cyclonic Storm,VSCS,G1372
data/processed/classification/VSCS/CLS_03095.png,2,2005092S11102,SI,south_indian_ocean,,2005-04-11T18:00:00Z,CLS-IMG02761,Very Severe Cyclonic Storm,VSCS,G1372
data/processed/classification/VSCS/CLS_03098.png,2,2005148N06156,WP,pacific_ocean,western_pacific,2005-06-08T12:00:00Z,CLS-IMG02764,Very Severe Cyclonic Storm,VSCS,G0973
data/processed/classification/VSCS/CLS_03099.png,2,2005192N22155,WP,pacific_ocean,western_pacific,2005-07-13T15:00:00Z,CLS-IMG02765,Very Severe Cyclonic Storm,VSCS,G1373
data/processed/classification/VSCS/CLS_03100.png,2,2005211N09141,WP,pacific_ocean,western_pacific,2005-08-03T12:00:00Z,CLS-IMG02766,Very Severe Cyclonic Storm,VSCS,G0977
data/processed/classification/VSCS/CLS_03108.png,2,2005241N15155,WP,pacific_ocean,western_pacific,2005-08-30T15:00:00Z,CLS-IMG02772,Very Severe Cyclonic Storm,VSCS,G1374
data/processed/classification/VSCS/CLS_03110.png,2,2005248N08142,WP,pacific_ocean,western_pacific,2005-09-09T06:00:00Z,CLS-IMG02774,Very Severe Cyclonic Storm,VSCS,G0981
data/processed/classification/VSCS/CLS_03111.png,2,2005255N15246,EP,pacific_ocean,eastern_pacific,2005-09-17T12:00:00Z,CLS-IMG02775,Very Severe Cyclonic Storm,VSCS,G0217
data/processed/classification/VSCS/CLS_03112.png,2,2005255N15246,EP,pacific_ocean,eastern_pacific,2005-09-18T09:00:00Z,CLS-IMG02776,Very Severe Cyclonic Storm,VSCS,G0217
data/processed/classification/VSCS/CLS_03113.png,2,2005261N14252,EP,pacific_ocean,eastern_pacific,2005-09-20T03:00:00Z,CLS-IMG02777,Very Severe Cyclonic Storm,VSCS,G0217
data/processed/classification/VSCS/CLS_03114.png,2,2005258N12242,EP,pacific_ocean,eastern_pacific,2005-09-20T09:00:00Z,CLS-IMG02778,Very Severe Cyclonic Storm,VSCS,G0217
data/processed/classification/VSCS/CLS_03115.png,2,2005261N14252,EP,pacific_ocean,eastern_pacific,2005-09-20T15:00:00Z,CLS-IMG02779,Very Severe Cyclonic Storm,VSCS,G0217
data/processed/classification/VSCS/CLS_03116.png,2,2005262N20155,WP,pacific_ocean,western_pacific,2005-09-22T12:00:00Z,CLS-IMG02780,Very Severe Cyclonic Storm,VSCS,G1375
data/processed/classification/VSCS/CLS_03117.png,2,2005262N13127,WP,pacific_ocean,western_pacific,2005-09-26T06:00:00Z,CLS-IMG02781,Very Severe Cyclonic Storm,VSCS,G1376
data/processed/classification/VSCS/CLS_03119.png,2,2005271N17255,EP,pacific_ocean,eastern_pacific,2005-10-02T00:00:00Z,CLS-IMG02782,Very Severe Cyclonic Storm,VSCS,G0985
data/processed/classification/VSCS/CLS_03120.png,2,2005282N22138,WP,pacific_ocean,western_pacific,2005-10-18T12:00:00Z,CLS-IMG02783,Very Severe Cyclonic Storm,VSCS,G0219
data/processed/classification/VSCS/CLS_03121.png,2,2005301N13117,WP,pacific_ocean,western_pacific,2005-10-31T18:00:00Z,CLS-IMG02784,Very Severe Cyclonic Storm,VSCS,G1377
data/processed/classification/VSCS/CLS_03122.png,2,2005316N05134,WP,pacific_ocean,western_pacific,2005-11-17T12:00:00Z,CLS-IMG02785,Very Severe Cyclonic Storm,VSCS,G0223
data/processed/classification/VSCS/CLS_03123.png,2,2005322S04095,SI,south_indian_ocean,,2005-11-25T03:00:00Z,CLS-IMG02786,Very Severe Cyclonic Storm,VSCS,G0224
data/processed/classification/VSCS/CLS_03124.png,2,2006025S18147,SP,pacific_ocean,southern_pacific,2006-01-29T18:00:00Z,CLS-IMG02787,Very Severe Cyclonic Storm,VSCS,G0989
data/processed/classification/VSCS/CLS_03125.png,2,2006025S18147,SP,pacific_ocean,southern_pacific,2006-01-30T12:00:00Z,CLS-IMG02788,Very Severe Cyclonic Storm,VSCS,G0989
data/processed/classification/VSCS/CLS_03126.png,2,2006025S18147,SP,pacific_ocean,southern_pacific,2006-01-31T00:00:00Z,CLS-IMG02789,Very Severe Cyclonic Storm,VSCS,G0989
data/processed/classification/VSCS/CLS_03128.png,2,2006040S15181,SP,pacific_ocean,southern_pacific,2006-02-13T00:00:00Z,CLS-IMG02791,Very Severe Cyclonic Storm,VSCS,G0231
data/processed/classification/VSCS/CLS_03129.png,2,2006040S15181,SP,pacific_ocean,southern_pacific,2006-02-13T18:00:00Z,CLS-IMG02792,Very Severe Cyclonic Storm,VSCS,G0231
data/processed/classification/VSCS/CLS_03130.png,2,2006040S15181,SP,pacific_ocean,southern_pacific,2006-02-14T15:00:00Z,CLS-IMG02793,Very Severe Cyclonic Storm,VSCS,G0231
data/processed/classification/VSCS/CLS_03131.png,2,2006054S09082,SI,south_indian_ocean,,2006-02-25T06:00:00Z,CLS-IMG02794,Very Severe Cyclonic Storm,VSCS,G0991
data/processed/classification/VSCS/CLS_03132.png,2,2006074S13158,SP,pacific_ocean,southern_pacific,2006-03-18T21:00:00Z,CLS-IMG02795,Very Severe Cyclonic Storm,VSCS,G0235
data/processed/classification/VSCS/CLS_03133.png,2,2006074S13158,SP,pacific_ocean,southern_pacific,2006-03-19T09:00:00Z,CLS-IMG02796,Very Severe Cyclonic Storm,VSCS,G0235
data/processed/classification/VSCS/CLS_03135.png,2,2006075S14185,SP,pacific_ocean,southern_pacific,2006-03-21T12:00:00Z,CLS-IMG02797,Very Severe Cyclonic Storm,VSCS,G0235
data/processed/classification/VSCS/CLS_03136.png,2,2006075S14185,SP,pacific_ocean,southern_pacific,2006-03-22T03:00:00Z,CLS-IMG02798,Very Severe Cyclonic Storm,VSCS,G0235
data/processed/classification/VSCS/CLS_03138.png,2,2006075S14185,SP,pacific_ocean,southern_pacific,2006-03-22T15:00:00Z,CLS-IMG02799,Very Severe Cyclonic Storm,VSCS,G0235
data/processed/classification/VSCS/CLS_03140.png,2,2006075S14185,SP,pacific_ocean,southern_pacific,2006-03-23T21:00:00Z,CLS-IMG02800,Very Severe Cyclonic Storm,VSCS,G0235
data/processed/classification/VSCS/CLS_03141.png,2,2006078S12119,SI,south_indian_ocean,,2006-03-25T15:00:00Z,CLS-IMG02801,Very Severe Cyclonic Storm,VSCS,G0236
data/processed/classification/VSCS/CLS_03142.png,2,2006081S14129,SI,south_indian_ocean,,2006-03-27T18:00:00Z,CLS-IMG02802,Very Severe Cyclonic Storm,VSCS,G1378
data/processed/classification/VSCS/CLS_03148.png,2,2006114N08090,NI,north_indian_ocean,bay_of_bengal,2006-04-27T09:00:00Z,CLS-IMG02807,Very Severe Cyclonic Storm,VSCS,G0237
data/processed/classification/VSCS/CLS_03149.png,2,2006114N08090,NI,north_indian_ocean,bay_of_bengal,2006-04-27T21:00:00Z,CLS-IMG02808,Very Severe Cyclonic Storm,VSCS,G0237
data/processed/classification/VSCS/CLS_03150.png,2,2006114N08090,NI,north_indian_ocean,bay_of_bengal,2006-04-29T12:00:00Z,CLS-IMG02809,Very Severe Cyclonic Storm,VSCS,G0237
data/processed/classification/VSCS/CLS_03151.png,2,2006128N09138,WP,pacific_ocean,western_pacific,2006-05-12T12:00:00Z,CLS-IMG02810,Very Severe Cyclonic Storm,VSCS,G1380
data/processed/classification/VSCS/CLS_03152.png,2,2006180N06140,WP,pacific_ocean,western_pacific,2006-07-07T18:00:00Z,CLS-IMG02811,Very Severe Cyclonic Storm,VSCS,G1381
data/processed/classification/VSCS/CLS_03154.png,2,2006192N13250,EP,pacific_ocean,eastern_pacific,2006-07-12T09:00:00Z,CLS-IMG02812,Very Severe Cyclonic Storm,VSCS,G0239
data/processed/classification/VSCS/CLS_03155.png,2,2006193N13258,EP,pacific_ocean,eastern_pacific,2006-07-13T15:00:00Z,CLS-IMG02813,Very Severe Cyclonic Storm,VSCS,G0239
data/processed/classification/VSCS/CLS_03156.png,2,2006193N13258,EP,pacific_ocean,eastern_pacific,2006-07-15T06:00:00Z,CLS-IMG02814,Very Severe Cyclonic Storm,VSCS,G0239
data/processed/classification/VSCS/CLS_03158.png,2,2006198N12252,EP,pacific_ocean,eastern_pacific,2006-07-24T18:00:00Z,CLS-IMG02815,Very Severe Cyclonic Storm,VSCS,G1382
data/processed/classification/VSCS/CLS_03159.png,2,2006209N13130,WP,pacific_ocean,western_pacific,2006-08-03T00:00:00Z,CLS-IMG02816,Very Severe Cyclonic Storm,VSCS,G1000
data/processed/classification/VSCS/CLS_03160.png,2,2006228N13247,EP,pacific_ocean,eastern_pacific,2006-08-18T00:00:00Z,CLS-IMG02817,Very Severe Cyclonic Storm,VSCS,G0244
data/processed/classification/VSCS/CLS_03162.png,2,2006228N10218,EP,pacific_ocean,eastern_pacific,2006-08-21T09:00:00Z,CLS-IMG02818,Very Severe Cyclonic Storm,VSCS,G1383
data/processed/classification/VSCS/CLS_03163.png,2,2006234N12258,EP,pacific_ocean,eastern_pacific,2006-08-25T06:00:00Z,CLS-IMG02819,Very Severe Cyclonic Storm,VSCS,G0243
data/processed/classification/VSCS/CLS_03164.png,2,2006234N12258,EP,pacific_ocean,eastern_pacific,2006-08-25T18:00:00Z,CLS-IMG02820,Very Severe Cyclonic Storm,VSCS,G0243
data/processed/classification/VSCS/CLS_03170.png,2,2006257N16259,EP,pacific_ocean,eastern_pacific,2006-09-15T18:00:00Z,CLS-IMG02824,Very Severe Cyclonic Storm,VSCS,G0247
data/processed/classification/VSCS/CLS_03171.png,2,2006259N19155,WP,pacific_ocean,western_pacific,2006-09-19T00:00:00Z,CLS-IMG02825,Very Severe Cyclonic Storm,VSCS,G0246
data/processed/classification/VSCS/CLS_03172.png,2,2006268N12129,WP,pacific_ocean,western_pacific,2006-10-01T00:00:00Z,CLS-IMG02826,Very Severe Cyclonic Storm,VSCS,G0250
data/processed/classification/VSCS/CLS_03173.png,2,2006282N13160,WP,pacific_ocean,western_pacific,2006-10-14T18:00:00Z,CLS-IMG02827,Very Severe Cyclonic Storm,VSCS,G1384
data/processed/classification/VSCS/CLS_03174.png,2,2006294S10168,SP,pacific_ocean,southern_pacific,2006-10-22T21:00:00Z,CLS-IMG02828,Very Severe Cyclonic Storm,VSCS,G0255
data/processed/classification/VSCS/CLS_03176.png,2,2006294S10168,SP,pacific_ocean,southern_pacific,2006-10-23T15:00:00Z,CLS-IMG02829,Very Severe Cyclonic Storm,VSCS,G0255
data/processed/classification/VSCS/CLS_03177.png,2,2006294N16254,EP,pacific_ocean,eastern_pacific,2006-10-23T21:00:00Z,CLS-IMG02830,Very Severe Cyclonic Storm,VSCS,G0254
data/processed/classification/VSCS/CLS_03178.png,2,2006294S10168,SP,pacific_ocean,southern_pacific,2006-10-25T03:00:00Z,CLS-IMG02831,Very Severe Cyclonic Storm,VSCS,G0255
data/processed/classification/VSCS/CLS_03179.png,2,2006298N12143,WP,pacific_ocean,western_pacific,2006-11-02T00:00:00Z,CLS-IMG02832,Very Severe Cyclonic Storm,VSCS,G1002
data/processed/classification/VSCS/CLS_03183.png,2,2006322S09172,SP,pacific_ocean,southern_pacific,2006-11-23T21:00:00Z,CLS-IMG02834,Very Severe Cyclonic Storm,VSCS,G0258
data/processed/classification/VSCS/CLS_03184.png,2,2006329N06150,WP,pacific_ocean,western_pacific,2006-12-02T15:00:00Z,CLS-IMG02835,Very Severe Cyclonic Storm,VSCS,G0260
data/processed/classification/VSCS/CLS_03185.png,2,2006340N08142,WP,pacific_ocean,western_pacific,2006-12-12T06:00:00Z,CLS-IMG02836,Very Severe Cyclonic Storm,VSCS,G1007
data/processed/classification/VSCS/CLS_03188.png,2,2006364S12058,SI,south_indian_ocean,,2007-01-03T03:00:00Z,CLS-IMG02839,Very Severe Cyclonic Storm,VSCS,G0261
data/processed/classification/VSCS/CLS_03189.png,2,2007021S12183,SP,pacific_ocean,southern_pacific,2007-01-24T21:00:00Z,CLS-IMG02840,Very Severe Cyclonic Storm,VSCS,G0263
data/processed/classification/VSCS/CLS_03193.png,2,2007043S11071,SI,south_indian_ocean,,2007-02-22T15:00:00Z,CLS-IMG02843,Very Severe Cyclonic Storm,VSCS,G1387
data/processed/classification/VSCS/CLS_03194.png,2,2007052S10093,SI,south_indian_ocean,,2007-02-24T21:00:00Z,CLS-IMG02844,Very Severe Cyclonic Storm,VSCS,G0266
data/processed/classification/VSCS/CLS_03196.png,2,2007050S16079,SI,south_indian_ocean,,2007-03-01T06:00:00Z,CLS-IMG02845,Very Severe Cyclonic Storm,VSCS,G1388
data/processed/classification/VSCS/CLS_03197.png,2,2007058S12135,SI,south_indian_ocean,,2007-03-08T03:00:00Z,CLS-IMG02846,Very Severe Cyclonic Storm,VSCS,G1008
data/processed/classification/VSCS/CLS_03198.png,2,2007058S12135,SI,south_indian_ocean,,2007-03-08T21:00:00Z,CLS-IMG02847,Very Severe Cyclonic Storm,VSCS,G1008
data/processed/classification/VSCS/CLS_03204.png,2,2007085S11085,SI,south_indian_ocean,,2007-03-30T21:00:00Z,CLS-IMG02852,Very Severe Cyclonic Storm,VSCS,G1389
data/processed/classification/VSCS/CLS_03205.png,2,2007090N06158,WP,pacific_ocean,western_pacific,2007-04-02T06:00:00Z,CLS-IMG02853,Very Severe Cyclonic Storm,VSCS,G1390
data/processed/classification/VSCS/CLS_03206.png,2,2007133N15091,NI,north_indian_ocean,bay_of_bengal,2007-05-14T18:00:00Z,CLS-IMG02854,Very Severe Cyclonic Storm,VSCS,G1010
data/processed/classification/VSCS/CLS_03210.png,2,2007188N04148,WP,pacific_ocean,western_pacific,2007-07-10T15:00:00Z,CLS-IMG02857,Very Severe Cyclonic Storm,VSCS,G1392
data/processed/classification/VSCS/CLS_03211.png,2,2007196N11234,EP,pacific_ocean,eastern_pacific,2007-07-16T18:00:00Z,CLS-IMG02858,Very Severe Cyclonic Storm,VSCS,G0275
data/processed/classification/VSCS/CLS_03212.png,2,2007208N20155,WP,pacific_ocean,western_pacific,2007-07-29T21:00:00Z,CLS-IMG02859,Very Severe Cyclonic Storm,VSCS,G1393
data/processed/classification/VSCS/CLS_03214.png,2,2007221N13234,EP,pacific_ocean,eastern_pacific,2007-08-14T21:00:00Z,CLS-IMG02861,Very Severe Cyclonic Storm,VSCS,G1394
data/processed/classification/VSCS/CLS_03216.png,2,2007242N13264,EP,pacific_ocean,eastern_pacific,2007-09-04T18:00:00Z,CLS-IMG02863,Very Severe Cyclonic Storm,VSCS,G0278
data/processed/classification/VSCS/CLS_03217.png,2,2007249N24161,WP,pacific_ocean,western_pacific,2007-09-10T15:00:00Z,CLS-IMG02864,Very Severe Cyclonic Storm,VSCS,G0280
data/processed/classification/VSCS/CLS_03220.png,2,2007261N13254,EP,pacific_ocean,eastern_pacific,2007-09-20T00:00:00Z,CLS-IMG02867,Very Severe Cyclonic Storm,VSCS,G0281
data/processed/classification/VSCS/CLS_03221.png,2,2007261N13254,EP,pacific_ocean,eastern_pacific,2007-09-21T09:00:00Z,CLS-IMG02868,Very Severe Cyclonic Storm,VSCS,G0281
data/processed/classification/VSCS/CLS_03222.png,2,2007272N17125,WP,pacific_ocean,western_pacific,2007-10-03T00:00:00Z,CLS-IMG02869,Very Severe Cyclonic Storm,VSCS,G0282
data/processed/classification/VSCS/CLS_03223.png,2,2007274N18131,WP,pacific_ocean,western_pacific,2007-10-07T00:00:00Z,CLS-IMG02870,Very Severe Cyclonic Storm,VSCS,G0283
data/processed/classification/VSCS/CLS_03226.png,2,2007314N10093,NI,north_indian_ocean,bay_of_bengal,2007-11-12T03:00:00Z,CLS-IMG02872,Very Severe Cyclonic Storm,VSCS,G1398
data/processed/classification/VSCS/CLS_03227.png,2,2007314N10093,NI,north_indian_ocean,bay_of_bengal,2007-11-15T21:00:00Z,CLS-IMG02873,Very Severe Cyclonic Storm,VSCS,G1398
data/processed/classification/VSCS/CLS_03228.png,2,2007317S10150,SP,pacific_ocean,southern_pacific,2007-11-16T09:00:00Z,CLS-IMG02874,Very Severe Cyclonic Storm,VSCS,G0287
data/processed/classification/VSCS/CLS_03229.png,2,2007322S06075,SI,south_indian_ocean,,2007-11-20T00:00:00Z,CLS-IMG02875,Very Severe Cyclonic Storm,VSCS,G0288
data/processed/classification/VSCS/CLS_03230.png,2,2007324N10140,WP,pacific_ocean,western_pacific,2007-11-22T00:00:00Z,CLS-IMG02876,Very Severe Cyclonic Storm,VSCS,G1021
data/processed/classification/VSCS/CLS_03232.png,2,2007337S12186,SP,pacific_ocean,southern_pacific,2007-12-06T06:00:00Z,CLS-IMG02877,Very Severe Cyclonic Storm,VSCS,G0290
data/processed/classification/VSCS/CLS_03233.png,2,2007337S12186,SP,pacific_ocean,southern_pacific,2007-12-08T12:00:00Z,CLS-IMG02878,Very Severe Cyclonic Storm,VSCS,G0290
data/processed/classification/VSCS/CLS_03234.png,2,2008015S16162,SP,pacific_ocean,southern_pacific,2008-01-17T15:00:00Z,CLS-IMG02879,Very Severe Cyclonic Storm,VSCS,G0294
data/processed/classification/VSCS/CLS_03235.png,2,2008015S16162,SP,pacific_ocean,southern_pacific,2008-01-18T03:00:00Z,CLS-IMG02880,Very Severe Cyclonic Storm,VSCS,G0294
data/processed/classification/VSCS/CLS_03236.png,2,2008015S16162,SP,pacific_ocean,southern_pacific,2008-01-19T21:00:00Z,CLS-IMG02881,Very Severe Cyclonic Storm,VSCS,G0294
data/processed/classification/VSCS/CLS_03240.png,2,2008026S12179,SP,pacific_ocean,southern_pacific,2008-01-30T06:00:00Z,CLS-IMG02884,Very Severe Cyclonic Storm,VSCS,G1400
data/processed/classification/VSCS/CLS_03241.png,2,2008026S12179,SP,pacific_ocean,southern_pacific,2008-01-30T21:00:00Z,CLS-IMG02885,Very Severe Cyclonic Storm,VSCS,G1400
data/processed/classification/VSCS/CLS_03242.png,2,2008026S12179,SP,pacific_ocean,southern_pacific,2008-02-01T18:00:00Z,CLS-IMG02886,Very Severe Cyclonic Storm,VSCS,G1400
data/processed/classification/VSCS/CLS_03243.png,2,2008026S12179,SP,pacific_ocean,southern_pacific,2008-02-02T12:00:00Z,CLS-IMG02887,Very Severe Cyclonic Storm,VSCS,G1400
data/processed/classification/VSCS/CLS_03244.png,2,2008033S11083,SI,south_indian_ocean,,2008-02-06T06:00:00Z,CLS-IMG02888,Very Severe Cyclonic Storm,VSCS,G1401
data/processed/classification/VSCS/CLS_03246.png,2,2008033S11083,SI,south_indian_ocean,,2008-02-10T15:00:00Z,CLS-IMG02890,Very Severe Cyclonic Storm,VSCS,G1401
data/processed/classification/VSCS/CLS_03250.png,2,2008058S15131,SI,south_indian_ocean,,2008-03-02T12:00:00Z,CLS-IMG02893,Very Severe Cyclonic Storm,VSCS,G0298
data/processed/classification/VSCS/CLS_03251.png,2,2008062S10064,SI,south_indian_ocean,,2008-03-07T03:00:00Z,CLS-IMG02894,Very Severe Cyclonic Storm,VSCS,G1027
data/processed/classification/VSCS/CLS_03253.png,2,2008083S12102,SI,south_indian_ocean,,2008-03-28T06:00:00Z,CLS-IMG02896,Very Severe Cyclonic Storm,VSCS,G0303
data/processed/classification/VSCS/CLS_03254.png,2,2008104N08128,WP,pacific_ocean,western_pacific,2008-04-18T18:00:00Z,CLS-IMG02897,Very Severe Cyclonic Storm,VSCS,G1028
data/processed/classification/VSCS/CLS_03255.png,2,2008117N11090,NI,north_indian_ocean,bay_of_bengal,2008-04-28T18:00:00Z,CLS-IMG02898,Very Severe Cyclonic Storm,VSCS,G1402
data/processed/classification/VSCS/CLS_03256.png,2,2008117N11090,NI,north_indian_ocean,bay_of_bengal,2008-04-29T06:00:00Z,CLS-IMG02899,Very Severe Cyclonic Storm,VSCS,G1402
data/processed/classification/VSCS/CLS_03257.png,2,2008117N11090,NI,north_indian_ocean,bay_of_bengal,2008-04-29T18:00:00Z,CLS-IMG02900,Very Severe Cyclonic Storm,VSCS,G1402
data/processed/classification/VSCS/CLS_03258.png,2,2008117N11090,NI,north_indian_ocean,bay_of_bengal,2008-04-30T15:00:00Z,CLS-IMG02901,Very Severe Cyclonic Storm,VSCS,G1402
data/processed/classification/VSCS/CLS_03259.png,2,2008117N11090,NI,north_indian_ocean,bay_of_bengal,2008-05-01T09:00:00Z,CLS-IMG02902,Very Severe Cyclonic Storm,VSCS,G1402
data/processed/classification/VSCS/CLS_03260.png,2,2008117N11090,NI,north_indian_ocean,bay_of_bengal,2008-05-03T00:00:00Z,CLS-IMG02903,Very Severe Cyclonic Storm,VSCS,G1402
data/processed/classification/VSCS/CLS_03262.png,2,2008135N12116,WP,pacific_ocean,western_pacific,2008-05-17T15:00:00Z,CLS-IMG02905,Very Severe Cyclonic Storm,VSCS,G1030
data/processed/classification/VSCS/CLS_03263.png,2,2008147N10141,WP,pacific_ocean,western_pacific,2008-06-02T03:00:00Z,CLS-IMG02906,Very Severe Cyclonic Storm,VSCS,G1031
data/processed/classification/VSCS/CLS_03268.png,2,2008193N20126,WP,pacific_ocean,western_pacific,2008-07-17T21:00:00Z,CLS-IMG02911,Very Severe Cyclonic Storm,VSCS,G0310
data/processed/classification/VSCS/CLS_03269.png,2,2008198N10265,EP,pacific_ocean,eastern_pacific,2008-07-18T18:00:00Z,CLS-IMG02912,Very Severe Cyclonic Storm,VSCS,G1406
data/processed/classification/VSCS/CLS_03271.png,2,2008204N13260,EP,pacific_ocean,eastern_pacific,2008-07-25T21:00:00Z,CLS-IMG02913,Very Severe Cyclonic Storm,VSCS,G0311
data/processed/classification/VSCS/CLS_03273.png,2,2008220N12250,EP,pacific_ocean,eastern_pacific,2008-08-11T03:00:00Z,CLS-IMG02915,Very Severe Cyclonic Storm,VSCS,G1034
data/processed/classification/VSCS/CLS_03274.png,2,2008220N12250,EP,pacific_ocean,eastern_pacific,2008-08-11T15:00:00Z,CLS-IMG02916,Very Severe Cyclonic Storm,VSCS,G1034
data/processed/classification/VSCS/CLS_03275.png,2,2008229N13147,WP,pacific_ocean,western_pacific,2008-08-20T18:00:00Z,CLS-IMG02917,Very Severe Cyclonic Storm,VSCS,G1408
data/processed/classification/VSCS/CLS_03276.png,2,2008252N16128,WP,pacific_ocean,western_pacific,2008-09-14T06:00:00Z,CLS-IMG02918,Very Severe Cyclonic Storm,VSCS,G1409
data/processed/classification/VSCS/CLS_03277.png,2,2008262N16142,WP,pacific_ocean,western_pacific,2008-09-21T12:00:00Z,CLS-IMG02919,Very Severe Cyclonic Storm,VSCS,G0315
data/processed/classification/VSCS/CLS_03279.png,2,2008275N16245,EP,pacific_ocean,eastern_pacific,2008-10-04T09:00:00Z,CLS-IMG02920,Very Severe Cyclonic Storm,VSCS,G1410
data/processed/classification/VSCS/CLS_03280.png,2,2008278N13261,EP,pacific_ocean,eastern_pacific,2008-10-07T12:00:00Z,CLS-IMG02921,Very Severe Cyclonic Storm,VSCS,G0316
data/processed/classification/VSCS/CLS_03281.png,2,2008278N13261,EP,pacific_ocean,eastern_pacific,2008-10-10T18:00:00Z,CLS-IMG02922,Very Severe Cyclonic Storm,VSCS,G0316
data/processed/classification/VSCS/CLS_03282.png,2,2008343N16168,WP,pacific_ocean,western_pacific,2008-12-17T00:00:00Z,CLS-IMG02923,Very Severe Cyclonic Storm,VSCS,G1411
data/processed/classification/VSCS/CLS_03283.png,2,2008351S11128,SI,south_indian_ocean,,2008-12-26T00:00:00Z,CLS-IMG02924,Very Severe Cyclonic Storm,VSCS,G0327
data/processed/classification/VSCS/CLS_03284.png,2,2009017S20043,SI,south_indian_ocean,,2009-01-19T18:00:00Z,CLS-IMG02925,Very Severe Cyclonic Storm,VSCS,G0328
data/processed/classification/VSCS/CLS_03285.png,2,2009032S15071,SI,south_indian_ocean,,2009-02-09T21:00:00Z,CLS-IMG02926,Very Severe Cyclonic Storm,VSCS,G1412
data/processed/classification/VSCS/CLS_03286.png,2,2009051S11075,SI,south_indian_ocean,,2009-02-23T00:00:00Z,CLS-IMG02927,Very Severe Cyclonic Storm,VSCS,G0332
data/processed/classification/VSCS/CLS_03292.png,2,2009082S16039,SI,south_indian_ocean,,2009-03-26T00:00:00Z,CLS-IMG02933,Very Severe Cyclonic Storm,VSCS,G0337
data/processed/classification/VSCS/CLS_03293.png,2,2009093S12062,SI,south_indian_ocean,,2009-04-06T06:00:00Z,CLS-IMG02934,Very Severe Cyclonic Storm,VSCS,G0340
data/processed/classification/VSCS/CLS_03294.png,2,2009121N13124,WP,pacific_ocean,western_pacific,2009-05-06T15:00:00Z,CLS-IMG02935,Very Severe Cyclonic Storm,VSCS,G1045
data/processed/classification/VSCS/CLS_03295.png,2,2009123N10111,WP,pacific_ocean,western_pacific,2009-05-06T18:00:00Z,CLS-IMG02936,Very Severe Cyclonic Storm,VSCS,G1046
data/processed/classification/VSCS/CLS_03296.png,2,2009143N17089,NI,north_indian_ocean,bay_of_bengal,2009-05-25T06:00:00Z,CLS-IMG02937,Very Severe Cyclonic Storm,VSCS,G0343
data/processed/classification/VSCS/CLS_03297.png,2,2009164N10131,WP,pacific_ocean,western_pacific,2009-06-20T06:00:00Z,CLS-IMG02938,Very Severe Cyclonic Storm,VSCS,G1415
data/processed/classification/VSCS/CLS_03301.png,2,2009196N14129,WP,pacific_ocean,western_pacific,2009-07-18T09:00:00Z,CLS-IMG02941,Very Severe Cyclonic Storm,VSCS,G1416
data/processed/classification/VSCS/CLS_03303.png,2,2009215N10242,EP,pacific_ocean,eastern_pacific,2009-08-09T00:00:00Z,CLS-IMG02943,Very Severe Cyclonic Storm,VSCS,G0350
data/processed/classification/VSCS/CLS_03304.png,2,2009222N09262,EP,pacific_ocean,eastern_pacific,2009-08-16T18:00:00Z,CLS-IMG02944,Very Severe Cyclonic Storm,VSCS,G0353
data/processed/classification/VSCS/CLS_03305.png,2,2009228N11163,WP,pacific_ocean,western_pacific,2009-08-25T06:00:00Z,CLS-IMG02945,Very Severe Cyclonic Storm,VSCS,G1417
data/processed/classification/VSCS/CLS_03306.png,2,2009239N12270,EP,pacific_ocean,eastern_pacific,2009-08-29T21:00:00Z,CLS-IMG02946,Very Severe Cyclonic Storm,VSCS,G1418
data/processed/classification/VSCS/CLS_03309.png,2,2009255N13155,WP,pacific_ocean,western_pacific,2009-09-19T12:00:00Z,CLS-IMG02949,Very Severe Cyclonic Storm,VSCS,G1055
data/processed/classification/VSCS/CLS_03312.png,2,2009288N07267,EP,pacific_ocean,eastern_pacific,2009-10-17T00:00:00Z,CLS-IMG02950,Very Severe Cyclonic Storm,VSCS,G0360
data/processed/classification/VSCS/CLS_03314.png,2,2009299N12153,WP,pacific_ocean,western_pacific,2009-10-30T06:00:00Z,CLS-IMG02952,Very Severe Cyclonic Storm,VSCS,G1419
data/processed/classification/VSCS/CLS_03315.png,2,2009317S10073,SI,south_indian_ocean,,2009-11-14T21:00:00Z,CLS-IMG02953,Very Severe Cyclonic Storm,VSCS,G0363
data/processed/classification/VSCS/CLS_03316.png,2,2009317S10073,SI,south_indian_ocean,,2009-11-17T18:00:00Z,CLS-IMG02954,Very Severe Cyclonic Storm,VSCS,G0363
data/processed/classification/VSCS/CLS_03317.png,2,2009325N06148,WP,pacific_ocean,western_pacific,2009-11-30T21:00:00Z,CLS-IMG02955,Very Severe Cyclonic Storm,VSCS,G1062
data/processed/classification/VSCS/CLS_03318.png,2,2009337S07096,SI,south_indian_ocean,,2009-12-08T03:00:00Z,CLS-IMG02956,Very Severe Cyclonic Storm,VSCS,G1063
data/processed/classification/VSCS/CLS_03320.png,2,2009346S10172,SP,pacific_ocean,southern_pacific,2009-12-13T18:00:00Z,CLS-IMG02957,Very Severe Cyclonic Storm,VSCS,G0367
data/processed/classification/VSCS/CLS_03321.png,2,2009346S10172,SP,pacific_ocean,southern_pacific,2009-12-14T06:00:00Z,CLS-IMG02958,Very Severe Cyclonic Storm,VSCS,G0367
data/processed/classification/VSCS/CLS_03322.png,2,2009342S09140,SI,south_indian_ocean,,2009-12-20T15:00:00Z,CLS-IMG02959,Very Severe Cyclonic Storm,VSCS,G0368
data/processed/classification/VSCS/CLS_03323.png,2,2010002S09096,SI,south_indian_ocean,,2010-01-10T18:00:00Z,CLS-IMG02960,Very Severe Cyclonic Storm,VSCS,G1420
data/processed/classification/VSCS/CLS_03324.png,2,2010019S11123,SI,south_indian_ocean,,2010-01-21T06:00:00Z,CLS-IMG02961,Very Severe Cyclonic Storm,VSCS,G0369
data/processed/classification/VSCS/CLS_03325.png,2,2010029S12177,SP,pacific_ocean,southern_pacific,2010-02-03T12:00:00Z,CLS-IMG02962,Very Severe Cyclonic Storm,VSCS,G1421
data/processed/classification/VSCS/CLS_03326.png,2,2010029S12177,SP,pacific_ocean,southern_pacific,2010-02-04T00:00:00Z,CLS-IMG02963,Very Severe Cyclonic Storm,VSCS,G1421
data/processed/classification/VSCS/CLS_03327.png,2,2010029S12177,SP,pacific_ocean,southern_pacific,2010-02-06T03:00:00Z,CLS-IMG02964,Very Severe Cyclonic Storm,VSCS,G1421
data/processed/classification/VSCS/CLS_03328.png,2,2010038S08194,SP,pacific_ocean,southern_pacific,2010-02-09T15:00:00Z,CLS-IMG02965,Very Severe Cyclonic Storm,VSCS,G0373
data/processed/classification/VSCS/CLS_03329.png,2,2010038S08194,SP,pacific_ocean,southern_pacific,2010-02-10T03:00:00Z,CLS-IMG02966,Very Severe Cyclonic Storm,VSCS,G0373
data/processed/classification/VSCS/CLS_03330.png,2,2010038S08194,SP,pacific_ocean,southern_pacific,2010-02-10T21:00:00Z,CLS-IMG02967,Very Severe Cyclonic Storm,VSCS,G0373
data/processed/classification/VSCS/CLS_03331.png,2,2010040S11185,SP,pacific_ocean,southern_pacific,2010-02-12T18:00:00Z,CLS-IMG02968,Very Severe Cyclonic Storm,VSCS,G1422
data/processed/classification/VSCS/CLS_03332.png,2,2010040S11185,SP,pacific_ocean,southern_pacific,2010-02-13T09:00:00Z,CLS-IMG02969,Very Severe Cyclonic Storm,VSCS,G1422
data/processed/classification/VSCS/CLS_03333.png,2,2010040S11185,SP,pacific_ocean,southern_pacific,2010-02-15T03:00:00Z,CLS-IMG02970,Very Severe Cyclonic Storm,VSCS,G1422
data/processed/classification/VSCS/CLS_03334.png,2,2010040S11185,SP,pacific_ocean,southern_pacific,2010-02-15T15:00:00Z,CLS-IMG02971,Very Severe Cyclonic Storm,VSCS,G1422
data/processed/classification/VSCS/CLS_03336.png,2,2010046S10058,SI,south_indian_ocean,,2010-02-20T12:00:00Z,CLS-IMG02972,Very Severe Cyclonic Storm,VSCS,G0374
data/processed/classification/VSCS/CLS_03345.png,2,2010080S06089,SI,south_indian_ocean,,2010-03-24T15:00:00Z,CLS-IMG02981,Very Severe Cyclonic Storm,VSCS,G0376
data/processed/classification/VSCS/CLS_03347.png,2,2010084S09138,SP,pacific_ocean,southern_pacific,2010-03-29T12:00:00Z,CLS-IMG02982,Very Severe Cyclonic Storm,VSCS,G1424
data/processed/classification/VSCS/CLS_03348.png,2,2010091S09093,SI,south_indian_ocean,,2010-04-05T00:00:00Z,CLS-IMG02983,Very Severe Cyclonic Storm,VSCS,G1425
data/processed/classification/VSCS/CLS_03349.png,2,2010137N10090,NI,north_indian_ocean,bay_of_bengal,2010-05-19T00:00:00Z,CLS-IMG02984,Very Severe Cyclonic Storm,VSCS,G0377
data/processed/classification/VSCS/CLS_03350.png,2,2010151N14065,NI,north_indian_ocean,arabian_sea,2010-06-01T18:00:00Z,CLS-IMG02985,Very Severe Cyclonic Storm,VSCS,G0379
data/processed/classification/VSCS/CLS_03351.png,2,2010151N14065,NI,north_indian_ocean,arabian_sea,2010-06-04T06:00:00Z,CLS-IMG02986,Very Severe Cyclonic Storm,VSCS,G0379
data/processed/classification/VSCS/CLS_03356.png,2,2010233N17119,WP,pacific_ocean,western_pacific,2010-08-24T00:00:00Z,CLS-IMG02990,Very Severe Cyclonic Storm,VSCS,G0383
data/processed/classification/VSCS/CLS_03357.png,2,2010234N14267,EP,pacific_ocean,eastern_pacific,2010-08-26T18:00:00Z,CLS-IMG02991,Very Severe Cyclonic Storm,VSCS,G1068
data/processed/classification/VSCS/CLS_03358.png,2,2010240N15142,WP,pacific_ocean,western_pacific,2010-08-30T15:00:00Z,CLS-IMG02992,Very Severe Cyclonic Storm,VSCS,G0385
data/processed/classification/VSCS/CLS_03359.png,2,2010249N24125,WP,pacific_ocean,western_pacific,2010-09-09T12:00:00Z,CLS-IMG02993,Very Severe Cyclonic Storm,VSCS,G1427
data/processed/classification/VSCS/CLS_03360.png,2,2010263N15149,WP,pacific_ocean,western_pacific,2010-09-25T03:00:00Z,CLS-IMG02994,Very Severe Cyclonic Storm,VSCS,G1428
data/processed/classification/VSCS/CLS_03365.png,2,2010331S07089,SI,south_indian_ocean,,2010-12-02T12:00:00Z,CLS-IMG02997,Very Severe Cyclonic Storm,VSCS,G1072
data/processed/classification/VSCS/CLS_03366.png,2,2010331S07089,SI,south_indian_ocean,,2010-12-03T00:00:00Z,CLS-IMG02998,Very Severe Cyclonic Storm,VSCS,G1072
data/processed/classification/VSCS/CLS_03370.png,2,2011020S13182,SP,pacific_ocean,southern_pacific,2011-01-24T21:00:00Z,CLS-IMG03002,Very Severe Cyclonic Storm,VSCS,G0397
data/processed/classification/VSCS/CLS_03371.png,2,2011020S13182,SP,pacific_ocean,southern_pacific,2011-01-27T18:00:00Z,CLS-IMG03003,Very Severe Cyclonic Storm,VSCS,G0397
data/processed/classification/VSCS/CLS_03374.png,2,2011028S13180,SP,pacific_ocean,southern_pacific,2011-02-03T00:00:00Z,CLS-IMG03005,Very Severe Cyclonic Storm,VSCS,G0400
data/processed/classification/VSCS/CLS_03375.png,2,2011038S11062,SI,south_indian_ocean,,2011-02-14T06:00:00Z,CLS-IMG03006,Very Severe Cyclonic Storm,VSCS,G0401
data/processed/classification/VSCS/CLS_03376.png,2,2011045S17119,SI,south_indian_ocean,,2011-02-19T06:00:00Z,CLS-IMG03007,Very Severe Cyclonic Storm,VSCS,G0403
data/processed/classification/VSCS/CLS_03381.png,2,2011045S14132,SI,south_indian_ocean,,2011-02-24T03:00:00Z,CLS-IMG03011,Very Severe Cyclonic Storm,VSCS,G1430
data/processed/classification/VSCS/CLS_03382.png,2,2011082S17184,SP,pacific_ocean,southern_pacific,2011-03-25T09:00:00Z,CLS-IMG03012,Very Severe Cyclonic Storm,VSCS,G0405
data/processed/classification/VSCS/CLS_03383.png,2,2011082S17184,SP,pacific_ocean,southern_pacific,2011-03-26T03:00:00Z,CLS-IMG03013,Very Severe Cyclonic Storm,VSCS,G0405
data/processed/classification/VSCS/CLS_03384.png,2,2011082S17184,SP,pacific_ocean,southern_pacific,2011-03-26T15:00:00Z,CLS-IMG03014,Very Severe Cyclonic Storm,VSCS,G0405
data/processed/classification/VSCS/CLS_03385.png,2,2011082S17184,SP,pacific_ocean,southern_pacific,2011-03-27T06:00:00Z,CLS-IMG03015,Very Severe Cyclonic Storm,VSCS,G0405
data/processed/classification/VSCS/CLS_03386.png,2,2011140N08142,WP,pacific_ocean,western_pacific,2011-05-24T09:00:00Z,CLS-IMG03016,Very Severe Cyclonic Storm,VSCS,G0409
data/processed/classification/VSCS/CLS_03387.png,2,2011158N11260,EP,pacific_ocean,eastern_pacific,2011-06-09T00:00:00Z,CLS-IMG03017,Very Severe Cyclonic Storm,VSCS,G0410
data/processed/classification/VSCS/CLS_03388.png,2,2011170N12263,EP,pacific_ocean,eastern_pacific,2011-06-20T18:00:00Z,CLS-IMG03018,Very Severe Cyclonic Storm,VSCS,G0413
data/processed/classification/VSCS/CLS_03390.png,2,2011192N18158,WP,pacific_ocean,western_pacific,2011-07-13T12:00:00Z,CLS-IMG03020,Very Severe Cyclonic Storm,VSCS,G1431
data/processed/classification/VSCS/CLS_03392.png,2,2011199N10271,EP,pacific_ocean,eastern_pacific,2011-07-22T09:00:00Z,CLS-IMG03021,Very Severe Cyclonic Storm,VSCS,G0414
data/processed/classification/VSCS/CLS_03393.png,2,2011205N12130,WP,pacific_ocean,western_pacific,2011-07-27T00:00:00Z,CLS-IMG03022,Very Severe Cyclonic Storm,VSCS,G0415
data/processed/classification/VSCS/CLS_03394.png,2,2011212N10264,EP,pacific_ocean,eastern_pacific,2011-08-01T21:00:00Z,CLS-IMG03023,Very Severe Cyclonic Storm,VSCS,G0416
data/processed/classification/VSCS/CLS_03396.png,2,2011208N09145,WP,pacific_ocean,western_pacific,2011-08-05T03:00:00Z,CLS-IMG03024,Very Severe Cyclonic Storm,VSCS,G1079
data/processed/classification/VSCS/CLS_03400.png,2,2011233N12129,WP,pacific_ocean,western_pacific,2011-08-28T15:00:00Z,CLS-IMG03027,Very Severe Cyclonic Storm,VSCS,G0420
data/processed/classification/VSCS/CLS_03402.png,2,2011266N13139,WP,pacific_ocean,western_pacific,2011-09-25T12:00:00Z,CLS-IMG03029,Very Severe Cyclonic Storm,VSCS,G1432
data/processed/classification/VSCS/CLS_03403.png,2,2011264N13264,EP,pacific_ocean,eastern_pacific,2011-09-28T06:00:00Z,CLS-IMG03030,Very Severe Cyclonic Storm,VSCS,G1433
data/processed/classification/VSCS/CLS_03404.png,2,2011264N13264,EP,pacific_ocean,eastern_pacific,2011-09-28T21:00:00Z,CLS-IMG03031,Very Severe Cyclonic Storm,VSCS,G1433
data/processed/classification/VSCS/CLS_03406.png,2,2011278N12248,EP,pacific_ocean,eastern_pacific,2011-10-07T21:00:00Z,CLS-IMG03032,Very Severe Cyclonic Storm,VSCS,G1434
data/processed/classification/VSCS/CLS_03407.png,2,2011279N10257,EP,pacific_ocean,eastern_pacific,2011-10-08T21:00:00Z,CLS-IMG03033,Very Severe Cyclonic Storm,VSCS,G1435
data/processed/classification/VSCS/CLS_03410.png,2,2011336S06098,SI,south_indian_ocean,,2011-12-08T12:00:00Z,CLS-IMG03035,Very Severe Cyclonic Storm,VSCS,G0428
data/processed/classification/VSCS/CLS_03411.png,2,2011360N09088,NI,north_indian_ocean,bay_of_bengal,2011-12-28T00:00:00Z,CLS-IMG03036,Very Severe Cyclonic Storm,VSCS,G0430
data/processed/classification/VSCS/CLS_03412.png,2,2011360N09088,NI,north_indian_ocean,bay_of_bengal,2011-12-28T15:00:00Z,CLS-IMG03037,Very Severe Cyclonic Storm,VSCS,G0430
data/processed/classification/VSCS/CLS_03413.png,2,2011360N09088,NI,north_indian_ocean,bay_of_bengal,2011-12-29T03:00:00Z,CLS-IMG03038,Very Severe Cyclonic Storm,VSCS,G0430
data/processed/classification/VSCS/CLS_03414.png,2,2011360N09088,NI,north_indian_ocean,bay_of_bengal,2011-12-29T15:00:00Z,CLS-IMG03039,Very Severe Cyclonic Storm,VSCS,G0430
data/processed/classification/VSCS/CLS_03415.png,2,2011361S09095,SI,south_indian_ocean,,2011-12-31T00:00:00Z,CLS-IMG03040,Very Severe Cyclonic Storm,VSCS,G1083
data/processed/classification/VSCS/CLS_03416.png,2,2012009S12118,SI,south_indian_ocean,,2012-01-11T15:00:00Z,CLS-IMG03041,Very Severe Cyclonic Storm,VSCS,G0432
data/processed/classification/VSCS/CLS_03418.png,2,2012017S10074,SI,south_indian_ocean,,2012-01-21T00:00:00Z,CLS-IMG03043,Very Severe Cyclonic Storm,VSCS,G0433
data/processed/classification/VSCS/CLS_03420.png,2,2012024S15116,SI,south_indian_ocean,,2012-02-01T00:00:00Z,CLS-IMG03045,Very Severe Cyclonic Storm,VSCS,G1084
data/processed/classification/VSCS/CLS_03426.png,2,2012066S10101,SI,south_indian_ocean,,2012-03-09T18:00:00Z,CLS-IMG03051,Very Severe Cyclonic Storm,VSCS,G0438
data/processed/classification/VSCS/CLS_03428.png,2,2012070S17112,SI,south_indian_ocean,,2012-03-15T09:00:00Z,CLS-IMG03052,Very Severe Cyclonic Storm,VSCS,G1086
data/processed/classification/VSCS/CLS_03429.png,2,2012070S17112,SI,south_indian_ocean,,2012-03-16T06:00:00Z,CLS-IMG03053,Very Severe Cyclonic Storm,VSCS,G1086
data/processed/classification/VSCS/CLS_03430.png,2,2012142N09262,EP,pacific_ocean,eastern_pacific,2012-05-24T06:00:00Z,CLS-IMG03054,Very Severe Cyclonic Storm,VSCS,G0442
data/processed/classification/VSCS/CLS_03431.png,2,2012141N11148,WP,pacific_ocean,western_pacific,2012-05-25T21:00:00Z,CLS-IMG03055,Very Severe Cyclonic Storm,VSCS,G1439
data/processed/classification/VSCS/CLS_03432.png,2,2012152N12130,WP,pacific_ocean,western_pacific,2012-06-05T06:00:00Z,CLS-IMG03056,Very Severe Cyclonic Storm,VSCS,G1440
data/processed/classification/VSCS/CLS_03434.png,2,2012166N09269,EP,pacific_ocean,eastern_pacific,2012-06-15T15:00:00Z,CLS-IMG03057,Very Severe Cyclonic Storm,VSCS,G1088
data/processed/classification/VSCS/CLS_03435.png,2,2012166N09269,EP,pacific_ocean,eastern_pacific,2012-06-16T06:00:00Z,CLS-IMG03058,Very Severe Cyclonic Storm,VSCS,G1088
data/processed/classification/VSCS/CLS_03436.png,2,2012186N12255,EP,pacific_ocean,eastern_pacific,2012-07-07T03:00:00Z,CLS-IMG03059,Very Severe Cyclonic Storm,VSCS,G0444
data/processed/classification/VSCS/CLS_03437.png,2,2012186N12255,EP,pacific_ocean,eastern_pacific,2012-07-07T18:00:00Z,CLS-IMG03060,Very Severe Cyclonic Storm,VSCS,G0444
data/processed/classification/VSCS/CLS_03438.png,2,2012189N10262,EP,pacific_ocean,eastern_pacific,2012-07-09T09:00:00Z,CLS-IMG03061,Very Severe Cyclonic Storm,VSCS,G0445
data/processed/classification/VSCS/CLS_03440.png,2,2012193N12259,EP,pacific_ocean,eastern_pacific,2012-07-14T21:00:00Z,CLS-IMG03062,Very Severe Cyclonic Storm,VSCS,G0445
data/processed/classification/VSCS/CLS_03443.png,2,2012209N25149,WP,pacific_ocean,western_pacific,2012-08-02T12:00:00Z,CLS-IMG03064,Very Severe Cyclonic Storm,VSCS,G1442
data/processed/classification/VSCS/CLS_03446.png,2,2012225N16133,WP,pacific_ocean,western_pacific,2012-08-16T00:00:00Z,CLS-IMG03067,Very Severe Cyclonic Storm,VSCS,G1092
data/processed/classification/VSCS/CLS_03448.png,2,2012230N21126,WP,pacific_ocean,western_pacific,2012-08-25T03:00:00Z,CLS-IMG03068,Very Severe Cyclonic Storm,VSCS,G0448
data/processed/classification/VSCS/CLS_03450.png,2,2012239N11261,EP,pacific_ocean,eastern_pacific,2012-08-30T21:00:00Z,CLS-IMG03069,Very Severe Cyclonic Storm,VSCS,G1093
data/processed/classification/VSCS/CLS_03452.png,2,2012260N13237,EP,pacific_ocean,eastern_pacific,2012-09-17T18:00:00Z,CLS-IMG03071,Very Severe Cyclonic Storm,VSCS,G0449
data/processed/classification/VSCS/CLS_03454.png,2,2012263N15141,WP,pacific_ocean,western_pacific,2012-09-29T18:00:00Z,CLS-IMG03073,Very Severe Cyclonic Storm,VSCS,G1446
data/processed/classification/VSCS/CLS_03457.png,2,2012285S04077,SI,south_indian_ocean,,2012-10-15T21:00:00Z,CLS-IMG03076,Very Severe Cyclonic Storm,VSCS,G0453
data/processed/classification/VSCS/CLS_03460.png,2,2012337S06089,SI,south_indian_ocean,,2012-12-08T03:00:00Z,CLS-IMG03079,Very Severe Cyclonic Storm,VSCS,G1449
data/processed/classification/VSCS/CLS_03461.png,2,2012337S06089,SI,south_indian_ocean,,2012-12-11T09:00:00Z,CLS-IMG03080,Very Severe Cyclonic Storm,VSCS,G1449
data/processed/classification/VSCS/CLS_03462.png,2,2012346S14180,SP,pacific_ocean,southern_pacific,2012-12-12T15:00:00Z,CLS-IMG03081,Very Severe Cyclonic Storm,VSCS,G1450
data/processed/classification/VSCS/CLS_03463.png,2,2012346S14180,SP,pacific_ocean,southern_pacific,2012-12-13T09:00:00Z,CLS-IMG03082,Very Severe Cyclonic Storm,VSCS,G1450
data/processed/classification/VSCS/CLS_03464.png,2,2012346S14180,SP,pacific_ocean,southern_pacific,2012-12-18T03:00:00Z,CLS-IMG03083,Very Severe Cyclonic Storm,VSCS,G1450
data/processed/classification/VSCS/CLS_03465.png,2,2012346S14180,SP,pacific_ocean,southern_pacific,2012-12-18T18:00:00Z,CLS-IMG03084,Very Severe Cyclonic Storm,VSCS,G1450
data/processed/classification/VSCS/CLS_03466.png,2,2012362S08165,SP,pacific_ocean,southern_pacific,2012-12-29T15:00:00Z,CLS-IMG03085,Very Severe Cyclonic Storm,VSCS,G1451
data/processed/classification/VSCS/CLS_03467.png,2,2012362S08165,SP,pacific_ocean,southern_pacific,2012-12-31T15:00:00Z,CLS-IMG03086,Very Severe Cyclonic Storm,VSCS,G1451
data/processed/classification/VSCS/CLS_03468.png,2,2012362S08165,SP,pacific_ocean,southern_pacific,2013-01-01T03:00:00Z,CLS-IMG03087,Very Severe Cyclonic Storm,VSCS,G1451
data/processed/classification/VSCS/CLS_03469.png,2,2012362S08071,SI,south_indian_ocean,,2013-01-03T06:00:00Z,CLS-IMG03088,Very Severe Cyclonic Storm,VSCS,G0461
data/processed/classification/VSCS/CLS_03470.png,2,2012362S08071,SI,south_indian_ocean,,2013-01-04T18:00:00Z,CLS-IMG03089,Very Severe Cyclonic Storm,VSCS,G0461
data/processed/classification/VSCS/CLS_03471.png,2,2013005S10126,SI,south_indian_ocean,,2013-01-10T18:00:00Z,CLS-IMG03090,Very Severe Cyclonic Storm,VSCS,G1100
data/processed/classification/VSCS/CLS_03472.png,2,2013005S10126,SI,south_indian_ocean,,2013-01-13T12:00:00Z,CLS-IMG03091,Very Severe Cyclonic Storm,VSCS,G1100
data/processed/classification/VSCS/CLS_03476.png,2,2013026S13067,SI,south_indian_ocean,,2013-01-29T00:00:00Z,CLS-IMG03095,Very Severe Cyclonic Storm,VSCS,G0465
data/processed/classification/VSCS/CLS_03478.png,2,2013046S20042,SI,south_indian_ocean,,2013-02-20T12:00:00Z,CLS-IMG03097,Very Severe Cyclonic Storm,VSCS,G0468
data/processed/classification/VSCS/CLS_03479.png,2,2013046S20042,SI,south_indian_ocean,,2013-02-22T21:00:00Z,CLS-IMG03098,Very Severe Cyclonic Storm,VSCS,G0468
data/processed/classification/VSCS/CLS_03480.png,2,2013052S13126,SI,south_indian_ocean,,2013-02-25T06:00:00Z,CLS-IMG03099,Very Severe Cyclonic Storm,VSCS,G1102
data/processed/classification/VSCS/CLS_03482.png,2,2013064S18149,SP,pacific_ocean,southern_pacific,2013-03-08T21:00:00Z,CLS-IMG03100,Very Severe Cyclonic Storm,VSCS,G1452
data/processed/classification/VSCS/CLS_03483.png,2,2013064S18149,SP,pacific_ocean,southern_pacific,2013-03-09T18:00:00Z,CLS-IMG03101,Very Severe Cyclonic Storm,VSCS,G1452
data/processed/classification/VSCS/CLS_03484.png,2,2013064S18149,SP,pacific_ocean,southern_pacific,2013-03-11T21:00:00Z,CLS-IMG03102,Very Severe Cyclonic Storm,VSCS,G1452
data/processed/classification/VSCS/CLS_03485.png,2,2013064S18149,SP,pacific_ocean,southern_pacific,2013-03-12T15:00:00Z,CLS-IMG03103,Very Severe Cyclonic Storm,VSCS,G1452
data/processed/classification/VSCS/CLS_03488.png,2,2013093S08074,SI,south_indian_ocean,,2013-04-14T12:00:00Z,CLS-IMG03106,Very Severe Cyclonic Storm,VSCS,G1103
data/processed/classification/VSCS/CLS_03489.png,2,2013117S10155,SP,pacific_ocean,southern_pacific,2013-04-30T12:00:00Z,CLS-IMG03107,Very Severe Cyclonic Storm,VSCS,G0473
data/processed/classification/VSCS/CLS_03490.png,2,2013149N14264,EP,pacific_ocean,eastern_pacific,2013-05-29T21:00:00Z,CLS-IMG03108,Very Severe Cyclonic Storm,VSCS,G1104
data/processed/classification/VSCS/CLS_03491.png,2,2013175N12256,EP,pacific_ocean,eastern_pacific,2013-06-26T00:00:00Z,CLS-IMG03109,Very Severe Cyclonic Storm,VSCS,G0477
data/processed/classification/VSCS/CLS_03492.png,2,2013178N09133,WP,pacific_ocean,western_pacific,2013-07-01T12:00:00Z,CLS-IMG03110,Very Severe Cyclonic Storm,VSCS,G1453
data/processed/classification/VSCS/CLS_03496.png,2,2013186N13262,EP,pacific_ocean,eastern_pacific,2013-07-07T06:00:00Z,CLS-IMG03113,Very Severe Cyclonic Storm,VSCS,G1107
data/processed/classification/VSCS/CLS_03501.png,2,2013242N15245,EP,pacific_ocean,eastern_pacific,2013-09-01T06:00:00Z,CLS-IMG03118,Very Severe Cyclonic Storm,VSCS,G1114
data/processed/classification/VSCS/CLS_03502.png,2,2013259N17132,WP,pacific_ocean,western_pacific,2013-09-18T15:00:00Z,CLS-IMG03119,Very Severe Cyclonic Storm,VSCS,G1455
data/processed/classification/VSCS/CLS_03503.png,2,2013257N15259,EP,pacific_ocean,eastern_pacific,2013-09-19T09:00:00Z,CLS-IMG03120,Very Severe Cyclonic Storm,VSCS,G0485
data/processed/classification/VSCS/CLS_03504.png,2,2013262N14149,WP,pacific_ocean,western_pacific,2013-09-26T18:00:00Z,CLS-IMG03121,Very Severe Cyclonic Storm,VSCS,G0486
data/processed/classification/VSCS/CLS_03506.png,2,2013274N18152,WP,pacific_ocean,western_pacific,2013-10-08T03:00:00Z,CLS-IMG03123,Very Severe Cyclonic Storm,VSCS,G0488
data/processed/classification/VSCS/CLS_03507.png,2,2013281N12098,NI,north_indian_ocean,bay_of_bengal,2013-10-10T03:00:00Z,CLS-IMG03124,Very Severe Cyclonic Storm,VSCS,G0489
data/processed/classification/VSCS/CLS_03509.png,2,2013282N14132,WP,pacific_ocean,western_pacific,2013-10-12T21:00:00Z,CLS-IMG03126,Very Severe Cyclonic Storm,VSCS,G1117
data/processed/classification/VSCS/CLS_03510.png,2,2013281N12098,NI,north_indian_ocean,bay_of_bengal,2013-10-13T00:00:00Z,CLS-IMG03127,Very Severe Cyclonic Storm,VSCS,G0489
data/processed/classification/VSCS/CLS_03512.png,2,2013293N13260,EP,pacific_ocean,eastern_pacific,2013-10-20T21:00:00Z,CLS-IMG03128,Very Severe Cyclonic Storm,VSCS,G1119
data/processed/classification/VSCS/CLS_03513.png,2,2013292N09162,WP,pacific_ocean,western_pacific,2013-10-26T00:00:00Z,CLS-IMG03129,Very Severe Cyclonic Storm,VSCS,G0492
data/processed/classification/VSCS/CLS_03514.png,2,2013293N13260,EP,pacific_ocean,eastern_pacific,2013-10-27T12:00:00Z,CLS-IMG03130,Very Severe Cyclonic Storm,VSCS,G1119
data/processed/classification/VSCS/CLS_03515.png,2,2013301N13142,WP,pacific_ocean,western_pacific,2013-10-31T06:00:00Z,CLS-IMG03131,Very Severe Cyclonic Storm,VSCS,G1121
data/processed/classification/VSCS/CLS_03516.png,2,2013306N07162,WP,pacific_ocean,western_pacific,2013-11-10T09:00:00Z,CLS-IMG03132,Very Severe Cyclonic Storm,VSCS,G1457
data/processed/classification/VSCS/CLS_03528.png,2,2013348S10082,SI,south_indian_ocean,,2013-12-18T03:00:00Z,CLS-IMG03144,Very Severe Cyclonic Storm,VSCS,G1458
data/processed/classification/VSCS/CLS_03533.png,2,2013362S09053,SI,south_indian_ocean,,2014-01-03T15:00:00Z,CLS-IMG03148,Very Severe Cyclonic Storm,VSCS,G1460
data/processed/classification/VSCS/CLS_03534.png,2,2014004S17183,SP,pacific_ocean,southern_pacific,2014-01-08T15:00:00Z,CLS-IMG03149,Very Severe Cyclonic Storm,VSCS,G1461
data/processed/classification/VSCS/CLS_03535.png,2,2014004S17183,SP,pacific_ocean,southern_pacific,2014-01-09T03:00:00Z,CLS-IMG03150,Very Severe Cyclonic Storm,VSCS,G1461
data/processed/classification/VSCS/CLS_03536.png,2,2014004S17183,SP,pacific_ocean,southern_pacific,2014-01-12T15:00:00Z,CLS-IMG03151,Very Severe Cyclonic Storm,VSCS,G1461
data/processed/classification/VSCS/CLS_03538.png,2,2014004S17183,SP,pacific_ocean,southern_pacific,2014-01-13T03:00:00Z,CLS-IMG03153,Very Severe Cyclonic Storm,VSCS,G1461
data/processed/classification/VSCS/CLS_03539.png,2,2014048S16039,SI,south_indian_ocean,,2014-02-20T06:00:00Z,CLS-IMG03154,Very Severe Cyclonic Storm,VSCS,G0509
data/processed/classification/VSCS/CLS_03540.png,2,2014058N09149,WP,pacific_ocean,western_pacific,2014-03-05T00:00:00Z,CLS-IMG03155,Very Severe Cyclonic Storm,VSCS,G1123
data/processed/classification/VSCS/CLS_03543.png,2,2014066S09138,SI,south_indian_ocean,,2014-03-24T21:00:00Z,CLS-IMG03158,Very Severe Cyclonic Storm,VSCS,G0514
data/processed/classification/VSCS/CLS_03544.png,2,2014086S10041,SI,south_indian_ocean,,2014-03-31T09:00:00Z,CLS-IMG03159,Very Severe Cyclonic Storm,VSCS,G0515
data/processed/classification/VSCS/CLS_03550.png,2,2014142N10254,EP,pacific_ocean,eastern_pacific,2014-05-24T12:00:00Z,CLS-IMG03163,Very Severe Cyclonic Storm,VSCS,G1463
data/processed/classification/VSCS/CLS_03552.png,2,2014160N15259,EP,pacific_ocean,eastern_pacific,2014-06-14T03:00:00Z,CLS-IMG03164,Very Severe Cyclonic Storm,VSCS,G1464
data/processed/classification/VSCS/CLS_03554.png,2,2014190N08154,WP,pacific_ocean,western_pacific,2014-07-16T15:00:00Z,CLS-IMG03166,Very Severe Cyclonic Storm,VSCS,G1466
data/processed/classification/VSCS/CLS_03555.png,2,2014197N10137,WP,pacific_ocean,western_pacific,2014-07-21T18:00:00Z,CLS-IMG03167,Very Severe Cyclonic Storm,VSCS,G1127
data/processed/classification/VSCS/CLS_03556.png,2,2014207N12255,EP,pacific_ocean,eastern_pacific,2014-07-27T18:00:00Z,CLS-IMG03168,Very Severe Cyclonic Storm,VSCS,G0520
data/processed/classification/VSCS/CLS_03558.png,2,2014212N11242,EP,pacific_ocean,eastern_pacific,2014-08-06T12:00:00Z,CLS-IMG03170,Very Severe Cyclonic Storm,VSCS,G0523
data/processed/classification/VSCS/CLS_03559.png,2,2014214N13249,EP,pacific_ocean,eastern_pacific,2014-08-06T21:00:00Z,CLS-IMG03171,Very Severe Cyclonic Storm,VSCS,G0523
data/processed/classification/VSCS/CLS_03561.png,2,2014214N13249,EP,pacific_ocean,eastern_pacific,2014-08-10T03:00:00Z,CLS-IMG03172,Very Severe Cyclonic Storm,VSCS,G0523
data/processed/classification/VSCS/CLS_03565.png,2,2014225N15255,EP,pacific_ocean,eastern_pacific,2014-08-23T15:00:00Z,CLS-IMG03173,Very Severe Cyclonic Storm,VSCS,G1467
data/processed/classification/VSCS/CLS_03568.png,2,2014246N17254,EP,pacific_ocean,eastern_pacific,2014-09-05T09:00:00Z,CLS-IMG03176,Very Severe Cyclonic Storm,VSCS,G1128
data/processed/classification/VSCS/CLS_03572.png,2,2014267N15257,EP,pacific_ocean,eastern_pacific,2014-09-28T21:00:00Z,CLS-IMG03179,Very Severe Cyclonic Storm,VSCS,G0528
data/processed/classification/VSCS/CLS_03574.png,2,2014274N15260,EP,pacific_ocean,eastern_pacific,2014-10-04T09:00:00Z,CLS-IMG03180,Very Severe Cyclonic Storm,VSCS,G0529
data/processed/classification/VSCS/CLS_03576.png,2,2014279N11096,NI,north_indian_ocean,bay_of_bengal,2014-10-10T00:00:00Z,CLS-IMG03182,Very Severe Cyclonic Storm,VSCS,G0530
data/processed/classification/VSCS/CLS_03577.png,2,2014279N11096,NI,north_indian_ocean,bay_of_bengal,2014-10-10T18:00:00Z,CLS-IMG03183,Very Severe Cyclonic Storm,VSCS,G0530
data/processed/classification/VSCS/CLS_03578.png,2,2014279N11096,NI,north_indian_ocean,bay_of_bengal,2014-10-12T18:00:00Z,CLS-IMG03184,Very Severe Cyclonic Storm,VSCS,G0530
data/processed/classification/VSCS/CLS_03581.png,2,2014297N11062,NI,north_indian_ocean,arabian_sea,2014-10-27T03:00:00Z,CLS-IMG03186,Very Severe Cyclonic Storm,VSCS,G1470
data/processed/classification/VSCS/CLS_03582.png,2,2014297N11062,NI,north_indian_ocean,arabian_sea,2014-10-27T15:00:00Z,CLS-IMG03187,Very Severe Cyclonic Storm,VSCS,G1470
data/processed/classification/VSCS/CLS_03583.png,2,2014297N11062,NI,north_indian_ocean,arabian_sea,2014-10-29T09:00:00Z,CLS-IMG03188,Very Severe Cyclonic Storm,VSCS,G1470
data/processed/classification/VSCS/CLS_03584.png,2,2014297N11062,NI,north_indian_ocean,arabian_sea,2014-10-29T21:00:00Z,CLS-IMG03189,Very Severe Cyclonic Storm,VSCS,G1470
data/processed/classification/VSCS/CLS_03585.png,2,2014303N11261,EP,pacific_ocean,eastern_pacific,2014-11-02T18:00:00Z,CLS-IMG03190,Very Severe Cyclonic Storm,VSCS,G0531
data/processed/classification/VSCS/CLS_03586.png,2,2014303N11261,EP,pacific_ocean,eastern_pacific,2014-11-04T12:00:00Z,CLS-IMG03191,Very Severe Cyclonic Storm,VSCS,G0531
data/processed/classification/VSCS/CLS_03587.png,2,2014303N13141,WP,pacific_ocean,western_pacific,2014-11-05T12:00:00Z,CLS-IMG03192,Very Severe Cyclonic Storm,VSCS,G1471
data/processed/classification/VSCS/CLS_03588.png,2,2014319S06066,SI,south_indian_ocean,,2014-11-17T18:00:00Z,CLS-IMG03193,Very Severe Cyclonic Storm,VSCS,G1133
data/processed/classification/VSCS/CLS_03589.png,2,2014334N02156,WP,pacific_ocean,western_pacific,2014-12-07T06:00:00Z,CLS-IMG03194,Very Severe Cyclonic Storm,VSCS,G1134
data/processed/classification/VSCS/CLS_03590.png,2,2014356S08101,SI,south_indian_ocean,,2014-12-29T15:00:00Z,CLS-IMG03195,Very Severe Cyclonic Storm,VSCS,G1472
data/processed/classification/VSCS/CLS_03591.png,2,2014356S08101,SI,south_indian_ocean,,2014-12-30T18:00:00Z,CLS-IMG03196,Very Severe Cyclonic Storm,VSCS,G1472
data/processed/classification/VSCS/CLS_03592.png,2,2015009S19054,SI,south_indian_ocean,,2015-01-11T21:00:00Z,CLS-IMG03197,Very Severe Cyclonic Storm,VSCS,G1473
data/processed/classification/VSCS/CLS_03593.png,2,2015012N09146,WP,pacific_ocean,western_pacific,2015-01-17T00:00:00Z,CLS-IMG03198,Very Severe Cyclonic Storm,VSCS,G0536
data/processed/classification/VSCS/CLS_03594.png,2,2015024S15078,SI,south_indian_ocean,,2015-01-28T12:00:00Z,CLS-IMG03199,Very Severe Cyclonic Storm,VSCS,G1474
data/processed/classification/VSCS/CLS_03597.png,2,2015024S15078,SI,south_indian_ocean,,2015-02-01T15:00:00Z,CLS-IMG03202,Very Severe Cyclonic Storm,VSCS,G1474
data/processed/classification/VSCS/CLS_03599.png,2,2015038N08158,WP,pacific_ocean,western_pacific,2015-02-09T12:00:00Z,CLS-IMG03204,Very Severe Cyclonic Storm,VSCS,G0540
data/processed/classification/VSCS/CLS_03600.png,2,2015047S12142,SP,pacific_ocean,southern_pacific,2015-02-18T03:00:00Z,CLS-IMG03205,Very Severe Cyclonic Storm,VSCS,G0541
data/processed/classification/VSCS/CLS_03601.png,2,2015047S12142,SP,pacific_ocean,southern_pacific,2015-02-19T00:00:00Z,CLS-IMG03206,Very Severe Cyclonic Storm,VSCS,G0541
data/processed/classification/VSCS/CLS_03602.png,2,2015047S15152,SP,pacific_ocean,southern_pacific,2015-02-19T00:00:00Z,CLS-IMG03207,Very Severe Cyclonic Storm,VSCS,G0541
data/processed/classification/VSCS/CLS_03603.png,2,2015047S12142,SP,pacific_ocean,southern_pacific,2015-02-19T15:00:00Z,CLS-IMG03208,Very Severe Cyclonic Storm,VSCS,G0541
data/processed/classification/VSCS/CLS_03604.png,2,2015047S15152,SP,pacific_ocean,southern_pacific,2015-02-20T06:00:00Z,CLS-IMG03209,Very Severe Cyclonic Storm,VSCS,G0541
data/processed/classification/VSCS/CLS_03607.png,2,2015068S14113,SI,south_indian_ocean,,2015-03-12T21:00:00Z,CLS-IMG03212,Very Severe Cyclonic Storm,VSCS,G1140
data/processed/classification/VSCS/CLS_03609.png,2,2015068S12151,SP,pacific_ocean,southern_pacific,2015-03-18T06:00:00Z,CLS-IMG03214,Very Severe Cyclonic Storm,VSCS,G1476
data/processed/classification/VSCS/CLS_03610.png,2,2015068S12151,SP,pacific_ocean,southern_pacific,2015-03-18T18:00:00Z,CLS-IMG03215,Very Severe Cyclonic Storm,VSCS,G1476
data/processed/classification/VSCS/CLS_03611.png,2,2015068S12151,SP,pacific_ocean,southern_pacific,2015-03-20T06:00:00Z,CLS-IMG03216,Very Severe Cyclonic Storm,VSCS,G1476
data/processed/classification/VSCS/CLS_03612.png,2,2015068S12151,SP,pacific_ocean,southern_pacific,2015-03-22T00:00:00Z,CLS-IMG03217,Very Severe Cyclonic Storm,VSCS,G1476
data/processed/classification/VSCS/CLS_03613.png,2,2015068S12151,SI,south_indian_ocean,,2015-03-23T00:00:00Z,CLS-IMG03218,Very Severe Cyclonic Storm,VSCS,G1476
data/processed/classification/VSCS/CLS_03616.png,2,2015117S12115,SI,south_indian_ocean,,2015-04-29T12:00:00Z,CLS-IMG03221,Very Severe Cyclonic Storm,VSCS,G0547
data/processed/classification/VSCS/CLS_03617.png,2,2015117S12115,SI,south_indian_ocean,,2015-05-01T03:00:00Z,CLS-IMG03222,Very Severe Cyclonic Storm,VSCS,G0547
data/processed/classification/VSCS/CLS_03618.png,2,2015122N07144,WP,pacific_ocean,western_pacific,2015-05-06T03:00:00Z,CLS-IMG03223,Very Severe Cyclonic Storm,VSCS,G1477
data/processed/classification/VSCS/CLS_03619.png,2,2015127N04158,WP,pacific_ocean,western_pacific,2015-05-13T15:00:00Z,CLS-IMG03224,Very Severe Cyclonic Storm,VSCS,G1478
data/processed/classification/VSCS/CLS_03621.png,2,2015148N11250,EP,pacific_ocean,eastern_pacific,2015-06-02T09:00:00Z,CLS-IMG03225,Very Severe Cyclonic Storm,VSCS,G0548
data/processed/classification/VSCS/CLS_03624.png,2,2015162N12262,EP,pacific_ocean,eastern_pacific,2015-06-13T12:00:00Z,CLS-IMG03227,Very Severe Cyclonic Storm,VSCS,G0550
data/processed/classification/VSCS/CLS_03625.png,2,2015162N12262,EP,pacific_ocean,eastern_pacific,2015-06-16T12:00:00Z,CLS-IMG03228,Very Severe Cyclonic Storm,VSCS,G0550
data/processed/classification/VSCS/CLS_03626.png,2,2015183N13130,WP,pacific_ocean,western_pacific,2015-07-09T03:00:00Z,CLS-IMG03229,Very Severe Cyclonic Storm,VSCS,G0551
data/processed/classification/VSCS/CLS_03627.png,2,2015180N09160,WP,pacific_ocean,western_pacific,2015-07-11T03:00:00Z,CLS-IMG03230,Very Severe Cyclonic Storm,VSCS,G1480
data/processed/classification/VSCS/CLS_03628.png,2,2015192N11263,EP,pacific_ocean,eastern_pacific,2015-07-14T12:00:00Z,CLS-IMG03231,Very Severe Cyclonic Storm,VSCS,G0555
data/processed/classification/VSCS/CLS_03629.png,2,2015184N08172,WP,pacific_ocean,western_pacific,2015-07-15T09:00:00Z,CLS-IMG03232,Very Severe Cyclonic Storm,VSCS,G0556
data/processed/classification/VSCS/CLS_03630.png,2,2015188N08194,WP,pacific_ocean,western_pacific,2015-07-21T21:00:00Z,CLS-IMG03233,Very Severe Cyclonic Storm,VSCS,G0553
data/processed/classification/VSCS/CLS_03631.png,2,2015209N07248,EP,pacific_ocean,eastern_pacific,2015-08-03T00:00:00Z,CLS-IMG03234,Very Severe Cyclonic Storm,VSCS,G1144
data/processed/classification/VSCS/CLS_03632.png,2,2015218N12231,EP,pacific_ocean,eastern_pacific,2015-08-10T12:00:00Z,CLS-IMG03235,Very Severe Cyclonic Storm,VSCS,G1481
data/processed/classification/VSCS/CLS_03633.png,2,2015226N15164,WP,pacific_ocean,western_pacific,2015-08-16T21:00:00Z,CLS-IMG03236,Very Severe Cyclonic Storm,VSCS,G1145
data/processed/classification/VSCS/CLS_03634.png,2,2015226N12151,WP,pacific_ocean,western_pacific,2015-08-22T18:00:00Z,CLS-IMG03237,Very Severe Cyclonic Storm,VSCS,G0561
data/processed/classification/VSCS/CLS_03637.png,2,2015229N08212,EP,pacific_ocean,eastern_pacific,2015-08-29T06:00:00Z,CLS-IMG03240,Very Severe Cyclonic Storm,VSCS,G1484
data/processed/classification/VSCS/CLS_03639.png,2,2015229N08212,WP,pacific_ocean,western_pacific,2015-09-02T18:00:00Z,CLS-IMG03242,Very Severe Cyclonic Storm,VSCS,G1484
data/processed/classification/VSCS/CLS_03640.png,2,2015238N10255,EP,pacific_ocean,eastern_pacific,2015-09-04T00:00:00Z,CLS-IMG03243,Very Severe Cyclonic Storm,VSCS,G1485
data/processed/classification/VSCS/CLS_03641.png,2,2015248N10256,EP,pacific_ocean,eastern_pacific,2015-09-09T09:00:00Z,CLS-IMG03244,Very Severe Cyclonic Storm,VSCS,G1486
data/processed/classification/VSCS/CLS_03644.png,2,2015270N13257,EP,pacific_ocean,eastern_pacific,2015-09-28T15:00:00Z,CLS-IMG03246,Very Severe Cyclonic Storm,VSCS,G0564
data/processed/classification/VSCS/CLS_03646.png,2,2015274N13201,EP,pacific_ocean,eastern_pacific,2015-10-06T18:00:00Z,CLS-IMG03248,Very Severe Cyclonic Storm,VSCS,G1487
data/processed/classification/VSCS/CLS_03648.png,2,2015285N14151,WP,pacific_ocean,western_pacific,2015-10-15T18:00:00Z,CLS-IMG03249,Very Severe Cyclonic Storm,VSCS,G1488
data/processed/classification/VSCS/CLS_03649.png,2,2015286N12163,WP,pacific_ocean,western_pacific,2015-10-20T15:00:00Z,CLS-IMG03250,Very Severe Cyclonic Storm,VSCS,G1489
data/processed/classification/VSCS/CLS_03650.png,2,2015293N13266,EP,pacific_ocean,eastern_pacific,2015-10-22T09:00:00Z,CLS-IMG03251,Very Severe Cyclonic Storm,VSCS,G1490
data/processed/classification/VSCS/CLS_03651.png,2,2015288N10243,EP,pacific_ocean,eastern_pacific,2015-10-25T09:00:00Z,CLS-IMG03252,Very Severe Cyclonic Storm,VSCS,G1491
data/processed/classification/VSCS/CLS_03655.png,2,2015309N14067,NI,north_indian_ocean,arabian_sea,2015-11-07T15:00:00Z,CLS-IMG03255,Very Severe Cyclonic Storm,VSCS,G0569
data/processed/classification/VSCS/CLS_03656.png,2,2015309N14067,NI,north_indian_ocean,arabian_sea,2015-11-08T18:00:00Z,CLS-IMG03256,Very Severe Cyclonic Storm,VSCS,G0569
data/processed/classification/VSCS/CLS_03657.png,2,2015321N04164,WP,pacific_ocean,western_pacific,2015-11-24T00:00:00Z,CLS-IMG03257,Very Severe Cyclonic Storm,VSCS,G1493
data/processed/classification/VSCS/CLS_03658.png,2,2015328N11260,EP,pacific_ocean,eastern_pacific,2015-11-25T09:00:00Z,CLS-IMG03258,Very Severe Cyclonic Storm,VSCS,G1494
data/processed/classification/VSCS/CLS_03660.png,2,2015364S09190,SP,pacific_ocean,southern_pacific,2015-12-31T15:00:00Z,CLS-IMG03260,Very Severe Cyclonic Storm,VSCS,G1495
data/processed/classification/VSCS/CLS_03661.png,2,2015364S09190,SP,pacific_ocean,southern_pacific,2016-01-01T06:00:00Z,CLS-IMG03261,Very Severe Cyclonic Storm,VSCS,G1495
data/processed/classification/VSCS/CLS_03662.png,2,2015364S09190,SP,pacific_ocean,southern_pacific,2016-01-01T21:00:00Z,CLS-IMG03262,Very Severe Cyclonic Storm,VSCS,G1495
data/processed/classification/VSCS/CLS_03664.png,2,2015364S09190,SP,pacific_ocean,southern_pacific,2016-01-08T18:00:00Z,CLS-IMG03263,Very Severe Cyclonic Storm,VSCS,G1495
data/processed/classification/VSCS/CLS_03666.png,2,2016006N02188,EP,pacific_ocean,eastern_pacific,2016-01-12T12:00:00Z,CLS-IMG03264,Very Severe Cyclonic Storm,VSCS,G0574
data/processed/classification/VSCS/CLS_03667.png,2,2016006N02188,EP,pacific_ocean,eastern_pacific,2016-01-13T03:00:00Z,CLS-IMG03265,Very Severe Cyclonic Storm,VSCS,G0574
data/processed/classification/VSCS/CLS_03669.png,2,2016014S13195,SP,pacific_ocean,southern_pacific,2016-01-16T12:00:00Z,CLS-IMG03266,Very Severe Cyclonic Storm,VSCS,G1496
data/processed/classification/VSCS/CLS_03670.png,2,2016014S13195,SP,pacific_ocean,southern_pacific,2016-01-17T09:00:00Z,CLS-IMG03267,Very Severe Cyclonic Storm,VSCS,G1496
data/processed/classification/VSCS/CLS_03671.png,2,2016014S13195,SP,pacific_ocean,southern_pacific,2016-01-17T21:00:00Z,CLS-IMG03268,Very Severe Cyclonic Storm,VSCS,G1496
data/processed/classification/VSCS/CLS_03673.png,2,2016014S13195,SP,pacific_ocean,southern_pacific,2016-01-20T15:00:00Z,CLS-IMG03269,Very Severe Cyclonic Storm,VSCS,G1496
data/processed/classification/VSCS/CLS_03674.png,2,2016020S14078,SI,south_indian_ocean,,2016-01-23T15:00:00Z,CLS-IMG03270,Very Severe Cyclonic Storm,VSCS,G0575
data/processed/classification/VSCS/CLS_03676.png,2,2016041S14170,SP,pacific_ocean,southern_pacific,2016-02-12T03:00:00Z,CLS-IMG03272,Very Severe Cyclonic Storm,VSCS,G0577
data/processed/classification/VSCS/CLS_03679.png,2,2016041S14170,SP,pacific_ocean,southern_pacific,2016-02-16T18:00:00Z,CLS-IMG03274,Very Severe Cyclonic Storm,VSCS,G0577
data/processed/classification/VSCS/CLS_03680.png,2,2016041S14170,SP,pacific_ocean,southern_pacific,2016-02-17T06:00:00Z,CLS-IMG03275,Very Severe Cyclonic Storm,VSCS,G0577
data/processed/classification/VSCS/CLS_03681.png,2,2016041S14170,SP,pacific_ocean,southern_pacific,2016-02-22T15:00:00Z,CLS-IMG03276,Very Severe Cyclonic Storm,VSCS,G0577
data/processed/classification/VSCS/CLS_03684.png,2,2016075S11087,SI,south_indian_ocean,,2016-03-18T12:00:00Z,CLS-IMG03277,Very Severe Cyclonic Storm,VSCS,G1153
data/processed/classification/VSCS/CLS_03688.png,2,2016102S12074,SI,south_indian_ocean,,2016-04-22T18:00:00Z,CLS-IMG03281,Very Severe Cyclonic Storm,VSCS,G1497
data/processed/classification/VSCS/CLS_03690.png,2,2016185N11253,EP,pacific_ocean,eastern_pacific,2016-07-04T15:00:00Z,CLS-IMG03283,Very Severe Cyclonic Storm,VSCS,G1498
data/processed/classification/VSCS/CLS_03691.png,2,2016185N08145,WP,pacific_ocean,western_pacific,2016-07-08T03:00:00Z,CLS-IMG03284,Very Severe Cyclonic Storm,VSCS,G1499
data/processed/classification/VSCS/CLS_03692.png,2,2016185N11253,EP,pacific_ocean,eastern_pacific,2016-07-09T03:00:00Z,CLS-IMG03285,Very Severe Cyclonic Storm,VSCS,G1498
data/processed/classification/VSCS/CLS_03695.png,2,2016194N15255,EP,pacific_ocean,eastern_pacific,2016-07-18T12:00:00Z,CLS-IMG03288,Very Severe Cyclonic Storm,VSCS,G0588
data/processed/classification/VSCS/CLS_03699.png,2,2016207N17116,WP,pacific_ocean,western_pacific,2016-07-27T18:00:00Z,CLS-IMG03291,Very Severe Cyclonic Storm,VSCS,G1500
data/processed/classification/VSCS/CLS_03700.png,2,2016211N11128,WP,pacific_ocean,western_pacific,2016-08-01T06:00:00Z,CLS-IMG03292,Very Severe Cyclonic Storm,VSCS,G1157
data/processed/classification/VSCS/CLS_03701.png,2,2016216N17149,WP,pacific_ocean,western_pacific,2016-08-06T12:00:00Z,CLS-IMG03293,Very Severe Cyclonic Storm,VSCS,G1501
data/processed/classification/VSCS/CLS_03702.png,2,2016230N15138,WP,pacific_ocean,western_pacific,2016-08-22T00:00:00Z,CLS-IMG03294,Very Severe Cyclonic Storm,VSCS,G1502
data/processed/classification/VSCS/CLS_03704.png,2,2016230N25160,WP,pacific_ocean,western_pacific,2016-08-29T09:00:00Z,CLS-IMG03296,Very Severe Cyclonic Storm,VSCS,G1503
data/processed/classification/VSCS/CLS_03706.png,2,2016244N21123,WP,pacific_ocean,western_pacific,2016-09-03T03:00:00Z,CLS-IMG03298,Very Severe Cyclonic Storm,VSCS,G1504
data/processed/classification/VSCS/CLS_03707.png,2,2016237N14253,EP,pacific_ocean,eastern_pacific,2016-09-03T12:00:00Z,CLS-IMG03299,Very Severe Cyclonic Storm,VSCS,G1505
data/processed/classification/VSCS/CLS_03708.png,2,2016237N14253,EP,pacific_ocean,eastern_pacific,2016-09-04T00:00:00Z,CLS-IMG03300,Very Severe Cyclonic Storm,VSCS,G1505
data/processed/classification/VSCS/CLS_03709.png,2,2016248N15255,EP,pacific_ocean,eastern_pacific,2016-09-05T18:00:00Z,CLS-IMG03301,Very Severe Cyclonic Storm,VSCS,G0593
data/processed/classification/VSCS/CLS_03710.png,2,2016253N13144,WP,pacific_ocean,western_pacific,2016-09-11T06:00:00Z,CLS-IMG03302,Very Severe Cyclonic Storm,VSCS,G0594
data/processed/classification/VSCS/CLS_03711.png,2,2016256N12146,WP,pacific_ocean,western_pacific,2016-09-14T03:00:00Z,CLS-IMG03303,Very Severe Cyclonic Storm,VSCS,G1162
data/processed/classification/VSCS/CLS_03712.png,2,2016255N12247,EP,pacific_ocean,eastern_pacific,2016-09-15T18:00:00Z,CLS-IMG03304,Very Severe Cyclonic Storm,VSCS,G1163
data/processed/classification/VSCS/CLS_03713.png,2,2016262N16251,EP,pacific_ocean,eastern_pacific,2016-09-20T00:00:00Z,CLS-IMG03305,Very Severe Cyclonic Storm,VSCS,G0596
data/processed/classification/VSCS/CLS_03714.png,2,2016265N10150,WP,pacific_ocean,western_pacific,2016-09-24T15:00:00Z,CLS-IMG03306,Very Severe Cyclonic Storm,VSCS,G0597
data/processed/classification/VSCS/CLS_03715.png,2,2016270N12223,EP,pacific_ocean,eastern_pacific,2016-09-28T06:00:00Z,CLS-IMG03307,Very Severe Cyclonic Storm,VSCS,G0598
data/processed/classification/VSCS/CLS_03717.png,2,2016278N16181,WP,pacific_ocean,western_pacific,2016-10-10T00:00:00Z,CLS-IMG03308,Very Severe Cyclonic Storm,VSCS,G1165
data/processed/classification/VSCS/CLS_03718.png,2,2016287N12131,WP,pacific_ocean,western_pacific,2016-10-16T18:00:00Z,CLS-IMG03309,Very Severe Cyclonic Storm,VSCS,G1166
data/processed/classification/VSCS/CLS_03719.png,2,2016288N06146,WP,pacific_ocean,western_pacific,2016-10-20T21:00:00Z,CLS-IMG03310,Very Severe Cyclonic Storm,VSCS,G0601
data/processed/classification/VSCS/CLS_03720.png,2,2016296N11262,EP,pacific_ocean,eastern_pacific,2016-10-27T09:00:00Z,CLS-IMG03311,Very Severe Cyclonic Storm,VSCS,G1167
data/processed/classification/VSCS/CLS_03721.png,2,2016328N09130,WP,pacific_ocean,western_pacific,2016-11-27T03:00:00Z,CLS-IMG03312,Very Severe Cyclonic Storm,VSCS,G1169
data/processed/classification/VSCS/CLS_03722.png,2,2016341N08092,NI,north_indian_ocean,bay_of_bengal,2016-12-10T21:00:00Z,CLS-IMG03313,Very Severe Cyclonic Storm,VSCS,G0605
data/processed/classification/VSCS/CLS_03723.png,2,2016341N08092,NI,north_indian_ocean,bay_of_bengal,2016-12-11T09:00:00Z,CLS-IMG03314,Very Severe Cyclonic Storm,VSCS,G0605
data/processed/classification/VSCS/CLS_03724.png,2,2016341N08092,NI,north_indian_ocean,bay_of_bengal,2016-12-11T21:00:00Z,CLS-IMG03315,Very Severe Cyclonic Storm,VSCS,G0605
data/processed/classification/VSCS/CLS_03725.png,2,2016341N08092,NI,north_indian_ocean,bay_of_bengal,2016-12-12T12:00:00Z,CLS-IMG03316,Very Severe Cyclonic Storm,VSCS,G0605
data/processed/classification/VSCS/CLS_03727.png,2,2017033S14056,SI,south_indian_ocean,,2017-02-09T00:00:00Z,CLS-IMG03317,Very Severe Cyclonic Storm,VSCS,G0607
data/processed/classification/VSCS/CLS_03728.png,2,2017033S14056,SI,south_indian_ocean,,2017-02-09T12:00:00Z,CLS-IMG03318,Very Severe Cyclonic Storm,VSCS,G0607
data/processed/classification/VSCS/CLS_03732.png,2,2017082S14152,SP,pacific_ocean,southern_pacific,2017-03-25T18:00:00Z,CLS-IMG03322,Very Severe Cyclonic Storm,VSCS,G0613
data/processed/classification/VSCS/CLS_03733.png,2,2017082S14152,SP,pacific_ocean,southern_pacific,2017-03-26T06:00:00Z,CLS-IMG03323,Very Severe Cyclonic Storm,VSCS,G0613
data/processed/classification/VSCS/CLS_03734.png,2,2017082S14152,SP,pacific_ocean,southern_pacific,2017-03-27T03:00:00Z,CLS-IMG03324,Very Severe Cyclonic Storm,VSCS,G0613
data/processed/classification/VSCS/CLS_03735.png,2,2017082S14152,SP,pacific_ocean,southern_pacific,2017-03-28T09:00:00Z,CLS-IMG03325,Very Severe Cyclonic Storm,VSCS,G0613
data/processed/classification/VSCS/CLS_03736.png,2,2017094S10115,SI,south_indian_ocean,,2017-04-07T00:00:00Z,CLS-IMG03326,Very Severe Cyclonic Storm,VSCS,G0615
data/processed/classification/VSCS/CLS_03737.png,2,2017094S10115,SI,south_indian_ocean,,2017-04-09T09:00:00Z,CLS-IMG03327,Very Severe Cyclonic Storm,VSCS,G0615
data/processed/classification/VSCS/CLS_03748.png,2,2017127S18184,SP,pacific_ocean,southern_pacific,2017-05-11T15:00:00Z,CLS-IMG03336,Very Severe Cyclonic Storm,VSCS,G0620
data/processed/classification/VSCS/CLS_03749.png,2,2017127S18184,SP,pacific_ocean,southern_pacific,2017-05-12T09:00:00Z,CLS-IMG03337,Very Severe Cyclonic Storm,VSCS,G0620
data/processed/classification/VSCS/CLS_03751.png,2,2017175N13264,EP,pacific_ocean,eastern_pacific,2017-06-26T21:00:00Z,CLS-IMG03339,Very Severe Cyclonic Storm,VSCS,G1509
data/processed/classification/VSCS/CLS_03752.png,2,2017175N13264,EP,pacific_ocean,eastern_pacific,2017-06-27T09:00:00Z,CLS-IMG03340,Very Severe Cyclonic Storm,VSCS,G1509
data/processed/classification/VSCS/CLS_03753.png,2,2017189N11250,EP,pacific_ocean,eastern_pacific,2017-07-08T21:00:00Z,CLS-IMG03341,Very Severe Cyclonic Storm,VSCS,G1510
data/processed/classification/VSCS/CLS_03755.png,2,2017193N12252,EP,pacific_ocean,eastern_pacific,2017-07-13T21:00:00Z,CLS-IMG03342,Very Severe Cyclonic Storm,VSCS,G1511
data/processed/classification/VSCS/CLS_03756.png,2,2017202N08274,EP,pacific_ocean,eastern_pacific,2017-07-24T09:00:00Z,CLS-IMG03343,Very Severe Cyclonic Storm,VSCS,G0627
data/processed/classification/VSCS/CLS_03757.png,2,2017203N14248,EP,pacific_ocean,eastern_pacific,2017-07-25T18:00:00Z,CLS-IMG03344,Very Severe Cyclonic Storm,VSCS,G0627
data/processed/classification/VSCS/CLS_03758.png,2,2017202N08274,EP,pacific_ocean,eastern_pacific,2017-07-27T15:00:00Z,CLS-IMG03345,Very Severe Cyclonic Storm,VSCS,G0627
data/processed/classification/VSCS/CLS_03759.png,2,2017206N13129,WP,pacific_ocean,western_pacific,2017-07-28T18:00:00Z,CLS-IMG03346,Very Severe Cyclonic Storm,VSCS,G0630
data/processed/classification/VSCS/CLS_03760.png,2,2017200N26162,WP,pacific_ocean,western_pacific,2017-07-29T00:00:00Z,CLS-IMG03347,Very Severe Cyclonic Storm,VSCS,G1512
data/processed/classification/VSCS/CLS_03761.png,2,2017223N16172,WP,pacific_ocean,western_pacific,2017-08-13T21:00:00Z,CLS-IMG03348,Very Severe Cyclonic Storm,VSCS,G1173
data/processed/classification/VSCS/CLS_03762.png,2,2017230N13249,EP,pacific_ocean,eastern_pacific,2017-08-20T21:00:00Z,CLS-IMG03349,Very Severe Cyclonic Storm,VSCS,G1174
data/processed/classification/VSCS/CLS_03763.png,2,2017232N19130,WP,pacific_ocean,western_pacific,2017-08-22T12:00:00Z,CLS-IMG03350,Very Severe Cyclonic Storm,VSCS,G0633
data/processed/classification/VSCS/CLS_03764.png,2,2017239N18147,WP,pacific_ocean,western_pacific,2017-08-31T15:00:00Z,CLS-IMG03351,Very Severe Cyclonic Storm,VSCS,G1513
data/processed/classification/VSCS/CLS_03765.png,2,2017252N14147,WP,pacific_ocean,western_pacific,2017-09-12T12:00:00Z,CLS-IMG03352,Very Severe Cyclonic Storm,VSCS,G1176
data/processed/classification/VSCS/CLS_03766.png,2,2017257N16258,EP,pacific_ocean,eastern_pacific,2017-09-14T12:00:00Z,CLS-IMG03353,Very Severe Cyclonic Storm,VSCS,G1514
data/processed/classification/VSCS/CLS_03767.png,2,2017257N16251,EP,pacific_ocean,eastern_pacific,2017-09-16T00:00:00Z,CLS-IMG03354,Very Severe Cyclonic Storm,VSCS,G1177
data/processed/classification/VSCS/CLS_03768.png,2,2017254N16251,EP,pacific_ocean,eastern_pacific,2017-09-17T15:00:00Z,CLS-IMG03355,Very Severe Cyclonic Storm,VSCS,G0635
data/processed/classification/VSCS/CLS_03770.png,2,2017288N09138,WP,pacific_ocean,western_pacific,2017-10-19T15:00:00Z,CLS-IMG03356,Very Severe Cyclonic Storm,VSCS,G1515
data/processed/classification/VSCS/CLS_03771.png,2,2017292N13151,WP,pacific_ocean,western_pacific,2017-10-28T06:00:00Z,CLS-IMG03357,Very Severe Cyclonic Storm,VSCS,G1516
data/processed/classification/VSCS/CLS_03773.png,2,2017333N06082,NI,north_indian_ocean,arabian_sea,2017-12-01T00:00:00Z,CLS-IMG03359,Very Severe Cyclonic Storm,VSCS,G1517
data/processed/classification/VSCS/CLS_03774.png,2,2017333N06082,NI,north_indian_ocean,arabian_sea,2017-12-01T12:00:00Z,CLS-IMG03360,Very Severe Cyclonic Storm,VSCS,G1517
data/processed/classification/VSCS/CLS_03775.png,2,2017333N06082,NI,north_indian_ocean,arabian_sea,2017-12-02T03:00:00Z,CLS-IMG03361,Very Severe Cyclonic Storm,VSCS,G1517
data/processed/classification/VSCS/CLS_03776.png,2,2017333N06082,NI,north_indian_ocean,arabian_sea,2017-12-03T06:00:00Z,CLS-IMG03362,Very Severe Cyclonic Storm,VSCS,G1517
data/processed/classification/VSCS/CLS_03777.png,2,2017333N06082,NI,north_indian_ocean,arabian_sea,2017-12-03T18:00:00Z,CLS-IMG03363,Very Severe Cyclonic Storm,VSCS,G1517
data/processed/classification/VSCS/CLS_03778.png,2,2017333N06082,NI,north_indian_ocean,arabian_sea,2017-12-04T12:00:00Z,CLS-IMG03364,Very Severe Cyclonic Storm,VSCS,G1517
data/processed/classification/VSCS/CLS_03779.png,2,2017354N08134,WP,pacific_ocean,western_pacific,2017-12-23T21:00:00Z,CLS-IMG03365,Very Severe Cyclonic Storm,VSCS,G1182
data/processed/classification/VSCS/CLS_03781.png,2,2017364S12065,SI,south_indian_ocean,,2018-01-05T09:00:00Z,CLS-IMG03366,Very Severe Cyclonic Storm,VSCS,G0644
data/processed/classification/VSCS/CLS_03782.png,2,2018004S09096,SI,south_indian_ocean,,2018-01-07T15:00:00Z,CLS-IMG03367,Very Severe Cyclonic Storm,VSCS,G1183
data/processed/classification/VSCS/CLS_03783.png,2,2018004S09096,SI,south_indian_ocean,,2018-01-09T00:00:00Z,CLS-IMG03368,Very Severe Cyclonic Storm,VSCS,G1183
data/processed/classification/VSCS/CLS_03785.png,2,2018010S10069,SI,south_indian_ocean,,2018-01-17T09:00:00Z,CLS-IMG03369,Very Severe Cyclonic Storm,VSCS,G0646
data/processed/classification/VSCS/CLS_03788.png,2,2018038S15172,SP,pacific_ocean,southern_pacific,2018-02-10T06:00:00Z,CLS-IMG03372,Very Severe Cyclonic Storm,VSCS,G1519
data/processed/classification/VSCS/CLS_03789.png,2,2018038S15172,SP,pacific_ocean,southern_pacific,2018-02-11T00:00:00Z,CLS-IMG03373,Very Severe Cyclonic Storm,VSCS,G1519
data/processed/classification/VSCS/CLS_03790.png,2,2018038S15172,SP,pacific_ocean,southern_pacific,2018-02-16T15:00:00Z,CLS-IMG03374,Very Severe Cyclonic Storm,VSCS,G1519
data/processed/classification/VSCS/CLS_03791.png,2,2018038S15172,SP,pacific_ocean,southern_pacific,2018-02-17T03:00:00Z,CLS-IMG03375,Very Severe Cyclonic Storm,VSCS,G1519
data/processed/classification/VSCS/CLS_03792.png,2,2018044S10133,SI,south_indian_ocean,,2018-02-18T00:00:00Z,CLS-IMG03376,Very Severe Cyclonic Storm,VSCS,G1185
data/processed/classification/VSCS/CLS_03793.png,2,2018044S10133,SI,south_indian_ocean,,2018-02-18T12:00:00Z,CLS-IMG03377,Very Severe Cyclonic Storm,VSCS,G1185
data/processed/classification/VSCS/CLS_03795.png,2,2018064S16172,SP,pacific_ocean,southern_pacific,2018-03-07T12:00:00Z,CLS-IMG03379,Very Severe Cyclonic Storm,VSCS,G0649
data/processed/classification/VSCS/CLS_03796.png,2,2018064S16172,SP,pacific_ocean,southern_pacific,2018-03-08T21:00:00Z,CLS-IMG03380,Very Severe Cyclonic Storm,VSCS,G0649
data/processed/classification/VSCS/CLS_03797.png,2,2018064S16172,SP,pacific_ocean,southern_pacific,2018-03-09T09:00:00Z,CLS-IMG03381,Very Severe Cyclonic Storm,VSCS,G0649
data/processed/classification/VSCS/CLS_03798.png,2,2018064S16172,SP,pacific_ocean,southern_pacific,2018-03-10T06:00:00Z,CLS-IMG03382,Very Severe Cyclonic Storm,VSCS,G0649
data/processed/classification/VSCS/CLS_03799.png,2,2018073S12057,SI,south_indian_ocean,,2018-03-16T06:00:00Z,CLS-IMG03383,Very Severe Cyclonic Storm,VSCS,G0651
data/processed/classification/VSCS/CLS_03802.png,2,2018073S09129,SI,south_indian_ocean,,2018-03-23T21:00:00Z,CLS-IMG03385,Very Severe Cyclonic Storm,VSCS,G1520
data/processed/classification/VSCS/CLS_03804.png,2,2018096S15172,SP,pacific_ocean,southern_pacific,2018-04-10T00:00:00Z,CLS-IMG03387,Very Severe Cyclonic Storm,VSCS,G0656
data/processed/classification/VSCS/CLS_03805.png,2,2018096S15172,SP,pacific_ocean,southern_pacific,2018-04-10T15:00:00Z,CLS-IMG03388,Very Severe Cyclonic Storm,VSCS,G0656
data/processed/classification/VSCS/CLS_03806.png,2,2018111S07055,SI,south_indian_ocean,,2018-04-24T00:00:00Z,CLS-IMG03389,Very Severe Cyclonic Storm,VSCS,G0657
data/processed/classification/VSCS/CLS_03807.png,2,2018117S07098,SI,south_indian_ocean,,2018-04-30T18:00:00Z,CLS-IMG03390,Very Severe Cyclonic Storm,VSCS,G1186
data/processed/classification/VSCS/CLS_03808.png,2,2018136N11054,NI,north_indian_ocean,arabian_sea,2018-05-18T18:00:00Z,CLS-IMG03391,Very Severe Cyclonic Storm,VSCS,G0660
data/processed/classification/VSCS/CLS_03813.png,2,2018157N14255,EP,pacific_ocean,eastern_pacific,2018-06-07T21:00:00Z,CLS-IMG03396,Very Severe Cyclonic Storm,VSCS,G1187
data/processed/classification/VSCS/CLS_03817.png,2,2018182N11256,EP,pacific_ocean,eastern_pacific,2018-07-04T09:00:00Z,CLS-IMG03399,Very Severe Cyclonic Storm,VSCS,G0667
data/processed/classification/VSCS/CLS_03818.png,2,2018184N10147,WP,pacific_ocean,western_pacific,2018-07-11T09:00:00Z,CLS-IMG03400,Very Severe Cyclonic Storm,VSCS,G1522
data/processed/classification/VSCS/CLS_03819.png,2,2018202N21159,WP,pacific_ocean,western_pacific,2018-07-25T06:00:00Z,CLS-IMG03401,Very Severe Cyclonic Storm,VSCS,G0668
data/processed/classification/VSCS/CLS_03823.png,2,2018218N14255,EP,pacific_ocean,eastern_pacific,2018-08-08T15:00:00Z,CLS-IMG03404,Very Severe Cyclonic Storm,VSCS,G0670
data/processed/classification/VSCS/CLS_03825.png,2,2018222N16147,WP,pacific_ocean,western_pacific,2018-08-12T12:00:00Z,CLS-IMG03405,Very Severe Cyclonic Storm,VSCS,G0671
data/processed/classification/VSCS/CLS_03826.png,2,2018213N12245,EP,pacific_ocean,eastern_pacific,2018-08-12T15:00:00Z,CLS-IMG03406,Very Severe Cyclonic Storm,VSCS,G1524
data/processed/classification/VSCS/CLS_03829.png,2,2018229N11160,WP,pacific_ocean,western_pacific,2018-08-20T12:00:00Z,CLS-IMG03408,Very Severe Cyclonic Storm,VSCS,G0674
data/processed/classification/VSCS/CLS_03832.png,2,2018238N13239,EP,pacific_ocean,eastern_pacific,2018-08-31T21:00:00Z,CLS-IMG03410,Very Severe Cyclonic Storm,VSCS,G1195
data/processed/classification/VSCS/CLS_03833.png,2,2018244N14252,EP,pacific_ocean,eastern_pacific,2018-09-06T03:00:00Z,CLS-IMG03411,Very Severe Cyclonic Storm,VSCS,G1526
data/processed/classification/VSCS/CLS_03835.png,2,2018244N14252,EP,pacific_ocean,eastern_pacific,2018-09-08T06:00:00Z,CLS-IMG03413,Very Severe Cyclonic Storm,VSCS,G1526
data/processed/classification/VSCS/CLS_03836.png,2,2018268N14253,EP,pacific_ocean,eastern_pacific,2018-09-29T12:00:00Z,CLS-IMG03414,Very Severe Cyclonic Storm,VSCS,G0678
data/processed/classification/VSCS/CLS_03839.png,2,2018269N11220,EP,pacific_ocean,eastern_pacific,2018-10-01T00:00:00Z,CLS-IMG03417,Very Severe Cyclonic Storm,VSCS,G1529
data/processed/classification/VSCS/CLS_03840.png,2,2018269N11220,EP,pacific_ocean,eastern_pacific,2018-10-05T00:00:00Z,CLS-IMG03418,Very Severe Cyclonic Storm,VSCS,G1529
data/processed/classification/VSCS/CLS_03843.png,2,2018281N14088,NI,north_indian_ocean,bay_of_bengal,2018-10-10T03:00:00Z,CLS-IMG03421,Very Severe Cyclonic Storm,VSCS,G0681
data/processed/classification/VSCS/CLS_03847.png,2,2018281N14088,NI,north_indian_ocean,bay_of_bengal,2018-10-11T12:00:00Z,CLS-IMG03425,Very Severe Cyclonic Storm,VSCS,G0681
data/processed/classification/VSCS/CLS_03848.png,2,2018292N14261,EP,pacific_ocean,eastern_pacific,2018-10-21T09:00:00Z,CLS-IMG03426,Very Severe Cyclonic Storm,VSCS,G1531
data/processed/classification/VSCS/CLS_03852.png,2,2018314N12093,NI,north_indian_ocean,bay_of_bengal,2018-11-15T12:00:00Z,CLS-IMG03429,Very Severe Cyclonic Storm,VSCS,G0685
data/processed/classification/VSCS/CLS_03853.png,2,2018314N12093,NI,north_indian_ocean,bay_of_bengal,2018-11-16T00:00:00Z,CLS-IMG03430,Very Severe Cyclonic Storm,VSCS,G0685
data/processed/classification/VSCS/CLS_03855.png,2,2018311N07179,WP,pacific_ocean,western_pacific,2018-11-24T18:00:00Z,CLS-IMG03432,Very Severe Cyclonic Storm,VSCS,G1532
data/processed/classification/VSCS/CLS_03856.png,2,2018334S09156,SP,pacific_ocean,southern_pacific,2018-12-12T15:00:00Z,CLS-IMG03433,Very Severe Cyclonic Storm,VSCS,G0689
data/processed/classification/VSCS/CLS_03858.png,2,2018334S09156,SP,pacific_ocean,southern_pacific,2018-12-13T15:00:00Z,CLS-IMG03434,Very Severe Cyclonic Storm,VSCS,G0689
data/processed/classification/VSCS/CLS_03859.png,2,2018334S09156,SP,pacific_ocean,southern_pacific,2018-12-14T03:00:00Z,CLS-IMG03435,Very Severe Cyclonic Storm,VSCS,G0689
data/processed/classification/VSCS/CLS_03860.png,2,2018334S09156,SP,pacific_ocean,southern_pacific,2018-12-14T15:00:00Z,CLS-IMG03436,Very Severe Cyclonic Storm,VSCS,G0689
data/processed/classification/VSCS/CLS_03862.png,2,2018351S09059,SI,south_indian_ocean,,2018-12-20T06:00:00Z,CLS-IMG03437,Very Severe Cyclonic Storm,VSCS,G1533
data/processed/classification/VSCS/CLS_03864.png,2,2018351S09059,SI,south_indian_ocean,,2018-12-24T09:00:00Z,CLS-IMG03439,Very Severe Cyclonic Storm,VSCS,G1533
data/processed/classification/VSCS/CLS_03865.png,2,2019021S09128,SI,south_indian_ocean,,2019-01-27T00:00:00Z,CLS-IMG03440,Very Severe Cyclonic Storm,VSCS,G1200
data/processed/classification/VSCS/CLS_03868.png,2,2019035S13070,SI,south_indian_ocean,,2019-02-08T21:00:00Z,CLS-IMG03441,Very Severe Cyclonic Storm,VSCS,G1535
data/processed/classification/VSCS/CLS_03869.png,2,2019035S11058,SI,south_indian_ocean,,2019-02-10T21:00:00Z,CLS-IMG03442,Very Severe Cyclonic Storm,VSCS,G1536
data/processed/classification/VSCS/CLS_03870.png,2,2019042S17162,SP,pacific_ocean,southern_pacific,2019-02-15T12:00:00Z,CLS-IMG03443,Very Severe Cyclonic Storm,VSCS,G0694
data/processed/classification/VSCS/CLS_03871.png,2,2019042S17162,SP,pacific_ocean,southern_pacific,2019-02-16T03:00:00Z,CLS-IMG03444,Very Severe Cyclonic Storm,VSCS,G0694
data/processed/classification/VSCS/CLS_03872.png,2,2019042S17162,SP,pacific_ocean,southern_pacific,2019-02-19T03:00:00Z,CLS-IMG03445,Very Severe Cyclonic Storm,VSCS,G0694
data/processed/classification/VSCS/CLS_03874.png,2,2019042S17162,SP,pacific_ocean,southern_pacific,2019-02-20T03:00:00Z,CLS-IMG03446,Very Severe Cyclonic Storm,VSCS,G0694
data/processed/classification/VSCS/CLS_03878.png,2,2019060S10078,SI,south_indian_ocean,,2019-03-06T03:00:00Z,CLS-IMG03450,Very Severe Cyclonic Storm,VSCS,G1537
data/processed/classification/VSCS/CLS_03880.png,2,2019063S18038,SI,south_indian_ocean,,2019-03-10T15:00:00Z,CLS-IMG03451,Very Severe Cyclonic Storm,VSCS,G1538
data/processed/classification/VSCS/CLS_03881.png,2,2019063S18038,SI,south_indian_ocean,,2019-03-15T06:00:00Z,CLS-IMG03452,Very Severe Cyclonic Storm,VSCS,G1538
data/processed/classification/VSCS/CLS_03882.png,2,2019067S11115,SI,south_indian_ocean,,2019-03-16T06:00:00Z,CLS-IMG03453,Very Severe Cyclonic Storm,VSCS,G0696
data/processed/classification/VSCS/CLS_03883.png,2,2019074S08151,SP,pacific_ocean,southern_pacific,2019-03-18T15:00:00Z,CLS-IMG03454,Very Severe Cyclonic Storm,VSCS,G1539
data/processed/classification/VSCS/CLS_03885.png,2,2019077S13123,SI,south_indian_ocean,,2019-03-20T09:00:00Z,CLS-IMG03455,Very Severe Cyclonic Storm,VSCS,G1540
data/processed/classification/VSCS/CLS_03886.png,2,2019074S08151,SP,pacific_ocean,southern_pacific,2019-03-21T15:00:00Z,CLS-IMG03456,Very Severe Cyclonic Storm,VSCS,G1539
data/processed/classification/VSCS/CLS_03887.png,2,2019074S08151,SP,pacific_ocean,southern_pacific,2019-03-22T03:00:00Z,CLS-IMG03457,Very Severe Cyclonic Storm,VSCS,G1539
data/processed/classification/VSCS/CLS_03888.png,2,2019074S08151,SP,pacific_ocean,southern_pacific,2019-03-23T15:00:00Z,CLS-IMG03458,Very Severe Cyclonic Storm,VSCS,G1539
data/processed/classification/VSCS/CLS_03889.png,2,2019077S13123,SI,south_indian_ocean,,2019-03-24T21:00:00Z,CLS-IMG03459,Very Severe Cyclonic Storm,VSCS,G1540
data/processed/classification/VSCS/CLS_03890.png,2,2019078S13066,SI,south_indian_ocean,,2019-03-29T15:00:00Z,CLS-IMG03460,Very Severe Cyclonic Storm,VSCS,G1541
data/processed/classification/VSCS/CLS_03893.png,2,2019112S04079,SI,south_indian_ocean,,2019-04-28T15:00:00Z,CLS-IMG03463,Very Severe Cyclonic Storm,VSCS,G0698
data/processed/classification/VSCS/CLS_03901.png,2,2019177N15256,EP,pacific_ocean,eastern_pacific,2019-06-28T00:00:00Z,CLS-IMG03471,Very Severe Cyclonic Storm,VSCS,G0701
data/processed/classification/VSCS/CLS_03902.png,2,2019181N10252,EP,pacific_ocean,eastern_pacific,2019-07-01T21:00:00Z,CLS-IMG03472,Very Severe Cyclonic Storm,VSCS,G1544
data/processed/classification/VSCS/CLS_03903.png,2,2019209N11237,EP,pacific_ocean,eastern_pacific,2019-07-30T00:00:00Z,CLS-IMG03473,Very Severe Cyclonic Storm,VSCS,G1545
data/processed/classification/VSCS/CLS_03905.png,2,2019209N11237,EP,pacific_ocean,eastern_pacific,2019-08-01T06:00:00Z,CLS-IMG03475,Very Severe Cyclonic Storm,VSCS,G1545
data/processed/classification/VSCS/CLS_03907.png,2,2019216N16147,WP,pacific_ocean,western_pacific,2019-08-09T21:00:00Z,CLS-IMG03477,Very Severe Cyclonic Storm,VSCS,G1546
data/processed/classification/VSCS/CLS_03909.png,2,2019243N06136,WP,pacific_ocean,western_pacific,2019-09-07T03:00:00Z,CLS-IMG03479,Very Severe Cyclonic Storm,VSCS,G1547
data/processed/classification/VSCS/CLS_03911.png,2,2019255N15251,EP,pacific_ocean,eastern_pacific,2019-09-16T15:00:00Z,CLS-IMG03481,Very Severe Cyclonic Storm,VSCS,G1208
data/processed/classification/VSCS/CLS_03912.png,2,2019255N15251,EP,pacific_ocean,eastern_pacific,2019-09-17T06:00:00Z,CLS-IMG03482,Very Severe Cyclonic Storm,VSCS,G1208
data/processed/classification/VSCS/CLS_03913.png,2,2019260N12262,EP,pacific_ocean,eastern_pacific,2019-09-20T21:00:00Z,CLS-IMG03483,Very Severe Cyclonic Storm,VSCS,G1210
data/processed/classification/VSCS/CLS_03915.png,2,2019264N19071,NI,north_indian_ocean,arabian_sea,2019-09-23T18:00:00Z,CLS-IMG03485,Very Severe Cyclonic Storm,VSCS,G0711
data/processed/classification/VSCS/CLS_03916.png,2,2019264N19071,NI,north_indian_ocean,arabian_sea,2019-09-24T12:00:00Z,CLS-IMG03486,Very Severe Cyclonic Storm,VSCS,G0711
data/processed/classification/VSCS/CLS_03917.png,2,2019268N10155,WP,pacific_ocean,western_pacific,2019-09-30T06:00:00Z,CLS-IMG03487,Very Severe Cyclonic Storm,VSCS,G1211
data/processed/classification/VSCS/CLS_03918.png,2,2019278N16165,WP,pacific_ocean,western_pacific,2019-10-06T21:00:00Z,CLS-IMG03488,Very Severe Cyclonic Storm,VSCS,G1550
data/processed/classification/VSCS/CLS_03919.png,2,2019290N08169,WP,pacific_ocean,western_pacific,2019-10-20T12:00:00Z,CLS-IMG03489,Very Severe Cyclonic Storm,VSCS,G1551
data/processed/classification/VSCS/CLS_03921.png,2,2019296N15066,NI,north_indian_ocean,arabian_sea,2019-10-25T18:00:00Z,CLS-IMG03491,Very Severe Cyclonic Storm,VSCS,G1553
data/processed/classification/VSCS/CLS_03922.png,2,2019296N15066,NI,north_indian_ocean,arabian_sea,2019-10-26T09:00:00Z,CLS-IMG03492,Very Severe Cyclonic Storm,VSCS,G1553
data/processed/classification/VSCS/CLS_03923.png,2,2019296N15066,NI,north_indian_ocean,arabian_sea,2019-10-30T06:00:00Z,CLS-IMG03493,Very Severe Cyclonic Storm,VSCS,G1553
data/processed/classification/VSCS/CLS_03924.png,2,2019301N05081,NI,north_indian_ocean,arabian_sea,2019-11-03T00:00:00Z,CLS-IMG03494,Very Severe Cyclonic Storm,VSCS,G0715
data/processed/classification/VSCS/CLS_03925.png,2,2019301N05081,NI,north_indian_ocean,arabian_sea,2019-11-03T15:00:00Z,CLS-IMG03495,Very Severe Cyclonic Storm,VSCS,G0715
data/processed/classification/VSCS/CLS_03926.png,2,2019306N10162,WP,pacific_ocean,western_pacific,2019-11-04T09:00:00Z,CLS-IMG03496,Very Severe Cyclonic Storm,VSCS,G1554
data/processed/classification/VSCS/CLS_03927.png,2,2019301N05081,NI,north_indian_ocean,arabian_sea,2019-11-05T15:00:00Z,CLS-IMG03497,Very Severe Cyclonic Storm,VSCS,G0715
data/processed/classification/VSCS/CLS_03929.png,2,2019308N13114,WP,pacific_ocean,western_pacific,2019-11-08T06:00:00Z,CLS-IMG03499,Very Severe Cyclonic Storm,VSCS,G1555
data/processed/classification/VSCS/CLS_03936.png,2,2019326S08163,SP,pacific_ocean,southern_pacific,2019-11-25T06:00:00Z,CLS-IMG03506,Very Severe Cyclonic Storm,VSCS,G0717
data/processed/classification/VSCS/CLS_03937.png,2,2019329N09160,WP,pacific_ocean,western_pacific,2019-11-30T18:00:00Z,CLS-IMG03507,Very Severe Cyclonic Storm,VSCS,G0719
data/processed/classification/VSCS/CLS_03942.png,2,2019359S08175,SP,pacific_ocean,southern_pacific,2019-12-27T15:00:00Z,CLS-IMG03512,Very Severe Cyclonic Storm,VSCS,G0721
data/processed/classification/VSCS/CLS_03943.png,2,2019359S08175,SP,pacific_ocean,southern_pacific,2019-12-28T12:00:00Z,CLS-IMG03513,Very Severe Cyclonic Storm,VSCS,G0721
data/processed/classification/VSCS/CLS_03944.png,2,2019359S08175,SP,pacific_ocean,southern_pacific,2019-12-29T00:00:00Z,CLS-IMG03514,Very Severe Cyclonic Storm,VSCS,G0721
data/processed/classification/VSCS/CLS_03945.png,2,2019359S08175,SP,pacific_ocean,southern_pacific,2019-12-29T12:00:00Z,CLS-IMG03515,Very Severe Cyclonic Storm,VSCS,G0721
data/processed/classification/VSCS/CLS_03947.png,2,2020005S08133,SI,south_indian_ocean,,2020-01-12T18:00:00Z,CLS-IMG03517,Very Severe Cyclonic Storm,VSCS,G0723
data/processed/classification/VSCS/CLS_03948.png,2,2020005S08133,SI,south_indian_ocean,,2020-01-13T18:00:00Z,CLS-IMG03518,Very Severe Cyclonic Storm,VSCS,G0723
data/processed/classification/VSCS/CLS_03953.png,2,2020034S17129,SI,south_indian_ocean,,2020-02-07T09:00:00Z,CLS-IMG03523,Very Severe Cyclonic Storm,VSCS,G1216
data/processed/classification/VSCS/CLS_03954.png,2,2020034S17129,SI,south_indian_ocean,,2020-02-07T21:00:00Z,CLS-IMG03524,Very Severe Cyclonic Storm,VSCS,G1216
data/processed/classification/VSCS/CLS_03955.png,2,2020037S13163,SP,pacific_ocean,southern_pacific,2020-02-10T21:00:00Z,CLS-IMG03525,Very Severe Cyclonic Storm,VSCS,G0728
data/processed/classification/VSCS/CLS_03956.png,2,2020037S13163,SP,pacific_ocean,southern_pacific,2020-02-11T15:00:00Z,CLS-IMG03526,Very Severe Cyclonic Storm,VSCS,G0728
data/processed/classification/VSCS/CLS_03957.png,2,2020037S13163,SP,pacific_ocean,southern_pacific,2020-02-12T03:00:00Z,CLS-IMG03527,Very Severe Cyclonic Storm,VSCS,G0728
data/processed/classification/VSCS/CLS_03958.png,2,2020045S15075,SI,south_indian_ocean,,2020-02-16T12:00:00Z,CLS-IMG03528,Very Severe Cyclonic Storm,VSCS,G1217
data/processed/classification/VSCS/CLS_03959.png,2,2020045S15075,SI,south_indian_ocean,,2020-02-17T00:00:00Z,CLS-IMG03529,Very Severe Cyclonic Storm,VSCS,G1217
data/processed/classification/VSCS/CLS_03962.png,2,2020073S14149,SP,pacific_ocean,southern_pacific,2020-03-15T06:00:00Z,CLS-IMG03532,Very Severe Cyclonic Storm,VSCS,G1219
data/processed/classification/VSCS/CLS_03963.png,2,2020072S14054,SI,south_indian_ocean,,2020-03-16T09:00:00Z,CLS-IMG03533,Very Severe Cyclonic Storm,VSCS,G0731
data/processed/classification/VSCS/CLS_03964.png,2,2020092S12069,SI,south_indian_ocean,,2020-04-03T12:00:00Z,CLS-IMG03534,Very Severe Cyclonic Storm,VSCS,G1220
data/processed/classification/VSCS/CLS_03965.png,2,2020092S09155,SP,pacific_ocean,southern_pacific,2020-04-03T15:00:00Z,CLS-IMG03535,Very Severe Cyclonic Storm,VSCS,G1558
data/processed/classification/VSCS/CLS_03966.png,2,2020092S12069,SI,south_indian_ocean,,2020-04-05T12:00:00Z,CLS-IMG03536,Very Severe Cyclonic Storm,VSCS,G1220
data/processed/classification/VSCS/CLS_03967.png,2,2020092S09155,SP,pacific_ocean,southern_pacific,2020-04-09T09:00:00Z,CLS-IMG03537,Very Severe Cyclonic Storm,VSCS,G1558
data/processed/classification/VSCS/CLS_03969.png,2,2020136N10088,NI,north_indian_ocean,bay_of_bengal,2020-05-17T09:00:00Z,CLS-IMG03539,Very Severe Cyclonic Storm,VSCS,G1559
data/processed/classification/VSCS/CLS_03970.png,2,2020136N10088,NI,north_indian_ocean,bay_of_bengal,2020-05-20T18:00:00Z,CLS-IMG03540,Very Severe Cyclonic Storm,VSCS,G1559
data/processed/classification/VSCS/CLS_03971.png,2,2020153N13072,NI,north_indian_ocean,arabian_sea,2020-06-02T21:00:00Z,CLS-IMG03541,Very Severe Cyclonic Storm,VSCS,G0734
data/processed/classification/VSCS/CLS_03972.png,2,2020153N13072,NI,north_indian_ocean,arabian_sea,2020-06-03T09:00:00Z,CLS-IMG03542,Very Severe Cyclonic Storm,VSCS,G0734
data/processed/classification/VSCS/CLS_03973.png,2,2020202N15241,EP,pacific_ocean,eastern_pacific,2020-07-26T06:00:00Z,CLS-IMG03543,Very Severe Cyclonic Storm,VSCS,G1224
data/processed/classification/VSCS/CLS_03975.png,2,2020222N15117,WP,pacific_ocean,western_pacific,2020-08-10T18:00:00Z,CLS-IMG03544,Very Severe Cyclonic Storm,VSCS,G1226
data/processed/classification/VSCS/CLS_03976.png,2,2020221N13262,EP,pacific_ocean,eastern_pacific,2020-08-11T21:00:00Z,CLS-IMG03545,Very Severe Cyclonic Storm,VSCS,G0739
data/processed/classification/VSCS/CLS_03977.png,2,2020230N11264,EP,pacific_ocean,eastern_pacific,2020-08-19T21:00:00Z,CLS-IMG03546,Very Severe Cyclonic Storm,VSCS,G1229
data/processed/classification/VSCS/CLS_03978.png,2,2020230N11264,EP,pacific_ocean,eastern_pacific,2020-08-20T12:00:00Z,CLS-IMG03547,Very Severe Cyclonic Storm,VSCS,G1229
data/processed/classification/VSCS/CLS_03979.png,2,2020234N19123,WP,pacific_ocean,western_pacific,2020-08-24T12:00:00Z,CLS-IMG03548,Very Severe Cyclonic Storm,VSCS,G1560
data/processed/classification/VSCS/CLS_03981.png,2,2020244N25146,WP,pacific_ocean,western_pacific,2020-09-02T12:00:00Z,CLS-IMG03550,Very Severe Cyclonic Storm,VSCS,G1562
data/processed/classification/VSCS/CLS_03985.png,2,2020291N06141,WP,pacific_ocean,western_pacific,2020-10-23T03:00:00Z,CLS-IMG03554,Very Severe Cyclonic Storm,VSCS,G1237
data/processed/classification/VSCS/CLS_03987.png,2,2020299N11144,WP,pacific_ocean,western_pacific,2020-11-01T09:00:00Z,CLS-IMG03556,Very Severe Cyclonic Storm,VSCS,G0745
data/processed/classification/VSCS/CLS_03988.png,2,2020317S04092,SI,south_indian_ocean,,2020-11-15T21:00:00Z,CLS-IMG03557,Very Severe Cyclonic Storm,VSCS,G0747
data/processed/classification/VSCS/CLS_03989.png,2,2020326N11063,NI,north_indian_ocean,arabian_sea,2020-11-22T03:00:00Z,CLS-IMG03558,Very Severe Cyclonic Storm,VSCS,G0748
data/processed/classification/VSCS/CLS_03990.png,2,2020326N11063,NI,north_indian_ocean,arabian_sea,2020-11-22T18:00:00Z,CLS-IMG03559,Very Severe Cyclonic Storm,VSCS,G0748
data/processed/classification/VSCS/CLS_03991.png,2,2020327N08086,NI,north_indian_ocean,bay_of_bengal,2020-11-25T09:00:00Z,CLS-IMG03560,Very Severe Cyclonic Storm,VSCS,G0749
data/processed/classification/VSCS/CLS_03996.png,2,2021012S12086,SI,south_indian_ocean,,2021-01-22T12:00:00Z,CLS-IMG03565,Very Severe Cyclonic Storm,VSCS,G0759
data/processed/classification/VSCS/CLS_03997.png,2,2021012S12086,SI,south_indian_ocean,,2021-01-23T09:00:00Z,CLS-IMG03566,Very Severe Cyclonic Storm,VSCS,G0759
data/processed/classification/VSCS/CLS_04001.png,2,2021035S11080,SI,south_indian_ocean,,2021-02-10T12:00:00Z,CLS-IMG03570,Very Severe Cyclonic Storm,VSCS,G1565
data/processed/classification/VSCS/CLS_04002.png,2,2021035S11080,SI,south_indian_ocean,,2021-02-11T21:00:00Z,CLS-IMG03571,Very Severe Cyclonic Storm,VSCS,G1565
data/processed/classification/VSCS/CLS_04003.png,2,2021042S23040,SI,south_indian_ocean,,2021-02-19T09:00:00Z,CLS-IMG03572,Very Severe Cyclonic Storm,VSCS,G0766
data/processed/classification/VSCS/CLS_04004.png,2,2021042S23040,SI,south_indian_ocean,,2021-02-20T00:00:00Z,CLS-IMG03573,Very Severe Cyclonic Storm,VSCS,G0766
data/processed/classification/VSCS/CLS_04005.png,2,2021053S13128,SI,south_indian_ocean,,2021-03-02T09:00:00Z,CLS-IMG03574,Very Severe Cyclonic Storm,VSCS,G0768
data/processed/classification/VSCS/CLS_04006.png,2,2021058S14149,SP,pacific_ocean,southern_pacific,2021-03-03T03:00:00Z,CLS-IMG03575,Very Severe Cyclonic Storm,VSCS,G1566
data/processed/classification/VSCS/CLS_04007.png,2,2021058S14149,SP,pacific_ocean,southern_pacific,2021-03-03T15:00:00Z,CLS-IMG03576,Very Severe Cyclonic Storm,VSCS,G1566
data/processed/classification/VSCS/CLS_04008.png,2,2021058S14149,SP,pacific_ocean,southern_pacific,2021-03-06T18:00:00Z,CLS-IMG03577,Very Severe Cyclonic Storm,VSCS,G1566
data/processed/classification/VSCS/CLS_04010.png,2,2021093S11122,SI,south_indian_ocean,,2021-04-11T03:00:00Z,CLS-IMG03579,Very Severe Cyclonic Storm,VSCS,G0769
data/processed/classification/VSCS/CLS_04011.png,2,2021102N06144,WP,pacific_ocean,western_pacific,2021-04-23T03:00:00Z,CLS-IMG03580,Very Severe Cyclonic Storm,VSCS,G1568
data/processed/classification/VSCS/CLS_04012.png,2,2021133N10071,NI,north_indian_ocean,arabian_sea,2021-05-15T18:00:00Z,CLS-IMG03581,Very Severe Cyclonic Storm,VSCS,G0772
data/processed/classification/VSCS/CLS_04013.png,2,2021133N10071,NI,north_indian_ocean,arabian_sea,2021-05-18T06:00:00Z,CLS-IMG03582,Very Severe Cyclonic Storm,VSCS,G0772
data/processed/classification/VSCS/CLS_04014.png,2,2021143N15090,NI,north_indian_ocean,bay_of_bengal,2021-05-25T15:00:00Z,CLS-IMG03583,Very Severe Cyclonic Storm,VSCS,G0774
data/processed/classification/VSCS/CLS_04015.png,2,2021171N09152,WP,pacific_ocean,western_pacific,2021-06-25T06:00:00Z,CLS-IMG03584,Very Severe Cyclonic Storm,VSCS,G0776
data/processed/classification/VSCS/CLS_04016.png,2,2021176N15259,EP,pacific_ocean,eastern_pacific,2021-06-26T18:00:00Z,CLS-IMG03585,Very Severe Cyclonic Storm,VSCS,G1243
data/processed/classification/VSCS/CLS_04017.png,2,2021176N15259,EP,pacific_ocean,eastern_pacific,2021-06-27T21:00:00Z,CLS-IMG03586,Very Severe Cyclonic Storm,VSCS,G1243
data/processed/classification/VSCS/CLS_04018.png,2,2021195N13249,EP,pacific_ocean,eastern_pacific,2021-07-15T12:00:00Z,CLS-IMG03587,Very Severe Cyclonic Storm,VSCS,G1569
data/processed/classification/VSCS/CLS_04019.png,2,2021195N13249,EP,pacific_ocean,eastern_pacific,2021-07-19T12:00:00Z,CLS-IMG03588,Very Severe Cyclonic Storm,VSCS,G1569
data/processed/classification/VSCS/CLS_04020.png,2,2021198N19117,WP,pacific_ocean,western_pacific,2021-07-20T15:00:00Z,CLS-IMG03589,Very Severe Cyclonic Storm,VSCS,G1244
data/processed/classification/VSCS/CLS_04021.png,2,2021197N17135,WP,pacific_ocean,western_pacific,2021-07-23T21:00:00Z,CLS-IMG03590,Very Severe Cyclonic Storm,VSCS,G1570
data/processed/classification/VSCS/CLS_04022.png,2,2021212N12248,EP,pacific_ocean,eastern_pacific,2021-08-02T00:00:00Z,CLS-IMG03591,Very Severe Cyclonic Storm,VSCS,G1245
data/processed/classification/VSCS/CLS_04023.png,2,2021212N12248,EP,pacific_ocean,eastern_pacific,2021-08-02T12:00:00Z,CLS-IMG03592,Very Severe Cyclonic Storm,VSCS,G1245
data/processed/classification/VSCS/CLS_04026.png,2,2021248N11131,WP,pacific_ocean,western_pacific,2021-09-07T21:00:00Z,CLS-IMG03595,Very Severe Cyclonic Storm,VSCS,G1251
data/processed/classification/VSCS/CLS_04027.png,2,2021250N17254,EP,pacific_ocean,eastern_pacific,2021-09-09T15:00:00Z,CLS-IMG03596,Very Severe Cyclonic Storm,VSCS,G0782
data/processed/classification/VSCS/CLS_04028.png,2,2021248N12141,WP,pacific_ocean,western_pacific,2021-09-13T12:00:00Z,CLS-IMG03597,Very Severe Cyclonic Storm,VSCS,G0781
data/processed/classification/VSCS/CLS_04032.png,2,2021296N13260,EP,pacific_ocean,eastern_pacific,2021-10-24T03:00:00Z,CLS-IMG03601,Very Severe Cyclonic Storm,VSCS,G0786
data/processed/classification/VSCS/CLS_04034.png,2,2021343S09155,SP,pacific_ocean,southern_pacific,2021-12-12T18:00:00Z,CLS-IMG03602,Very Severe Cyclonic Storm,VSCS,G0793
data/processed/classification/VSCS/CLS_04035.png,2,2021343S09155,SP,pacific_ocean,southern_pacific,2021-12-14T06:00:00Z,CLS-IMG03603,Very Severe Cyclonic Storm,VSCS,G0793
data/processed/classification/VSCS/CLS_04036.png,2,2021346N05145,WP,pacific_ocean,western_pacific,2021-12-14T18:00:00Z,CLS-IMG03604,Very Severe Cyclonic Storm,VSCS,G1573
data/processed/classification/VSCS/CLS_04038.png,2,2022024S09090,SI,south_indian_ocean,,2022-02-01T12:00:00Z,CLS-IMG03605,Very Severe Cyclonic Storm,VSCS,G1574
data/processed/classification/VSCS/CLS_04039.png,2,2022038S19164,SP,pacific_ocean,southern_pacific,2022-02-10T12:00:00Z,CLS-IMG03606,Very Severe Cyclonic Storm,VSCS,G0800
data/processed/classification/VSCS/CLS_04040.png,2,2022038S19164,SP,pacific_ocean,southern_pacific,2022-02-11T12:00:00Z,CLS-IMG03607,Very Severe Cyclonic Storm,VSCS,G0800
data/processed/classification/VSCS/CLS_04041.png,2,2022037S10103,SI,south_indian_ocean,,2022-02-18T15:00:00Z,CLS-IMG03608,Very Severe Cyclonic Storm,VSCS,G1575
data/processed/classification/VSCS/CLS_04042.png,2,2022037S10103,SI,south_indian_ocean,,2022-02-19T06:00:00Z,CLS-IMG03609,Very Severe Cyclonic Storm,VSCS,G1575
data/processed/classification/VSCS/CLS_04049.png,2,2022080S09087,SI,south_indian_ocean,,2022-03-24T12:00:00Z,CLS-IMG03616,Very Severe Cyclonic Storm,VSCS,G0806
data/processed/classification/VSCS/CLS_04051.png,2,2022096N03150,WP,pacific_ocean,western_pacific,2022-04-12T21:00:00Z,CLS-IMG03617,Very Severe Cyclonic Storm,VSCS,G1576
data/processed/classification/VSCS/CLS_04052.png,2,2022110S12051,SI,south_indian_ocean,,2022-04-25T18:00:00Z,CLS-IMG03618,Very Severe Cyclonic Storm,VSCS,G1258
data/processed/classification/VSCS/CLS_04053.png,2,2022126N07095,NI,north_indian_ocean,bay_of_bengal,2022-05-08T06:00:00Z,CLS-IMG03619,Very Severe Cyclonic Storm,VSCS,G0809
data/processed/classification/VSCS/CLS_04054.png,2,2022126N07095,NI,north_indian_ocean,bay_of_bengal,2022-05-10T00:00:00Z,CLS-IMG03620,Very Severe Cyclonic Storm,VSCS,G0809
data/processed/classification/VSCS/CLS_04055.png,2,2022148N13263,EP,pacific_ocean,eastern_pacific,2022-05-29T12:00:00Z,CLS-IMG03621,Very Severe Cyclonic Storm,VSCS,G0811
data/processed/classification/VSCS/CLS_04056.png,2,2022148N13263,EP,pacific_ocean,eastern_pacific,2022-05-30T12:00:00Z,CLS-IMG03622,Very Severe Cyclonic Storm,VSCS,G0811
data/processed/classification/VSCS/CLS_04057.png,2,2022165N14258,EP,pacific_ocean,eastern_pacific,2022-06-17T03:00:00Z,CLS-IMG03623,Very Severe Cyclonic Storm,VSCS,G1260
data/processed/classification/VSCS/CLS_04058.png,2,2022165N14258,EP,pacific_ocean,eastern_pacific,2022-06-17T18:00:00Z,CLS-IMG03624,Very Severe Cyclonic Storm,VSCS,G1260
data/processed/classification/VSCS/CLS_04059.png,2,2022180N15117,WP,pacific_ocean,western_pacific,2022-07-02T06:00:00Z,CLS-IMG03625,Very Severe Cyclonic Storm,VSCS,G0812
data/processed/classification/VSCS/CLS_04060.png,2,2022179N08310,EP,pacific_ocean,eastern_pacific,2022-07-04T12:00:00Z,CLS-IMG03626,Very Severe Cyclonic Storm,VSCS,G1577
data/processed/classification/VSCS/CLS_04061.png,2,2022179N08310,EP,pacific_ocean,eastern_pacific,2022-07-06T06:00:00Z,CLS-IMG03627,Very Severe Cyclonic Storm,VSCS,G1577
data/processed/classification/VSCS/CLS_04064.png,2,2022197N12260,EP,pacific_ocean,eastern_pacific,2022-07-17T00:00:00Z,CLS-IMG03629,Very Severe Cyclonic Storm,VSCS,G1262
data/processed/classification/VSCS/CLS_04067.png,2,2022219N14255,EP,pacific_ocean,eastern_pacific,2022-08-09T15:00:00Z,CLS-IMG03631,Very Severe Cyclonic Storm,VSCS,G1580
data/processed/classification/VSCS/CLS_04068.png,2,2022232N18131,WP,pacific_ocean,western_pacific,2022-08-23T03:00:00Z,CLS-IMG03632,Very Severe Cyclonic Storm,VSCS,G1265
data/processed/classification/VSCS/CLS_04069.png,2,2022233N22151,WP,pacific_ocean,western_pacific,2022-08-25T00:00:00Z,CLS-IMG03633,Very Severe Cyclonic Storm,VSCS,G1266
data/processed/classification/VSCS/CLS_04070.png,2,2022239N22150,WP,pacific_ocean,western_pacific,2022-09-05T18:00:00Z,CLS-IMG03634,Very Severe Cyclonic Storm,VSCS,G0817
data/processed/classification/VSCS/CLS_04076.png,2,2022272N14258,EP,pacific_ocean,eastern_pacific,2022-10-03T09:00:00Z,CLS-IMG03640,Very Severe Cyclonic Storm,VSCS,G0821
data/processed/classification/VSCS/CLS_04078.png,2,2022293N15259,EP,pacific_ocean,eastern_pacific,2022-10-21T21:00:00Z,CLS-IMG03642,Very Severe Cyclonic Storm,VSCS,G0823
data/processed/classification/VSCS/CLS_04082.png,2,2023013S08081,SI,south_indian_ocean,,2023-01-25T03:00:00Z,CLS-IMG03645,Very Severe Cyclonic Storm,VSCS,G0830
data/processed/classification/VSCS/CLS_04083.png,2,2023036S12163,SP,pacific_ocean,southern_pacific,2023-02-09T09:00:00Z,CLS-IMG03646,Very Severe Cyclonic Storm,VSCS,G0834
data/processed/classification/VSCS/CLS_04084.png,2,2023036S12163,SP,pacific_ocean,southern_pacific,2023-02-09T21:00:00Z,CLS-IMG03647,Very Severe Cyclonic Storm,VSCS,G0834
data/processed/classification/VSCS/CLS_04085.png,2,2023036S12163,SP,pacific_ocean,southern_pacific,2023-02-10T09:00:00Z,CLS-IMG03648,Very Severe Cyclonic Storm,VSCS,G0834
data/processed/classification/VSCS/CLS_04086.png,2,2023032S12091,SI,south_indian_ocean,,2023-02-13T09:00:00Z,CLS-IMG03649,Very Severe Cyclonic Storm,VSCS,G0833
data/processed/classification/VSCS/CLS_04087.png,2,2023032S12091,SI,south_indian_ocean,,2023-02-13T21:00:00Z,CLS-IMG03650,Very Severe Cyclonic Storm,VSCS,G0833
data/processed/classification/VSCS/CLS_04090.png,2,2023050S09094,SI,south_indian_ocean,,2023-02-24T15:00:00Z,CLS-IMG03652,Very Severe Cyclonic Storm,VSCS,G0835
data/processed/classification/VSCS/CLS_04099.png,2,2023087S10096,SI,south_indian_ocean,,2023-03-30T09:00:00Z,CLS-IMG03661,Very Severe Cyclonic Storm,VSCS,G1282
data/processed/classification/VSCS/CLS_04105.png,2,2023132S03090,SI,south_indian_ocean,,2023-05-15T00:00:00Z,CLS-IMG03666,Very Severe Cyclonic Storm,VSCS,G0839
data/processed/classification/VSCS/CLS_04107.png,2,2023156N10067,NI,north_indian_ocean,arabian_sea,2023-06-08T00:00:00Z,CLS-IMG03668,Very Severe Cyclonic Storm,VSCS,G1585
data/processed/classification/VSCS/CLS_04108.png,2,2023156N12135,WP,pacific_ocean,western_pacific,2023-06-08T06:00:00Z,CLS-IMG03669,Very Severe Cyclonic Storm,VSCS,G0840
data/processed/classification/VSCS/CLS_04109.png,2,2023156N10067,NI,north_indian_ocean,arabian_sea,2023-06-08T21:00:00Z,CLS-IMG03670,Very Severe Cyclonic Storm,VSCS,G1585
data/processed/classification/VSCS/CLS_04110.png,2,2023156N10067,NI,north_indian_ocean,arabian_sea,2023-06-09T15:00:00Z,CLS-IMG03671,Very Severe Cyclonic Storm,VSCS,G1585
data/processed/classification/VSCS/CLS_04111.png,2,2023156N10067,NI,north_indian_ocean,arabian_sea,2023-06-11T15:00:00Z,CLS-IMG03672,Very Severe Cyclonic Storm,VSCS,G1585
data/processed/classification/VSCS/CLS_04112.png,2,2023156N10067,NI,north_indian_ocean,arabian_sea,2023-06-12T15:00:00Z,CLS-IMG03673,Very Severe Cyclonic Storm,VSCS,G1585
data/processed/classification/VSCS/CLS_04113.png,2,2023156N10067,NI,north_indian_ocean,arabian_sea,2023-06-13T21:00:00Z,CLS-IMG03674,Very Severe Cyclonic Storm,VSCS,G1585
data/processed/classification/VSCS/CLS_04115.png,2,2023179N15256,EP,pacific_ocean,eastern_pacific,2023-06-30T03:00:00Z,CLS-IMG03675,Very Severe Cyclonic Storm,VSCS,G1284
data/processed/classification/VSCS/CLS_04116.png,2,2023180N13264,EP,pacific_ocean,eastern_pacific,2023-06-30T12:00:00Z,CLS-IMG03676,Very Severe Cyclonic Storm,VSCS,G1284
data/processed/classification/VSCS/CLS_04120.png,2,2023218N25145,WP,pacific_ocean,western_pacific,2023-08-09T21:00:00Z,CLS-IMG03680,Very Severe Cyclonic Storm,VSCS,G0846
data/processed/classification/VSCS/CLS_04126.png,2,2023241N10158,WP,pacific_ocean,western_pacific,2023-08-31T06:00:00Z,CLS-IMG03685,Very Severe Cyclonic Storm,VSCS,G1287
data/processed/classification/VSCS/CLS_04128.png,2,2023239N18144,WP,pacific_ocean,western_pacific,2023-09-02T15:00:00Z,CLS-IMG03686,Very Severe Cyclonic Storm,VSCS,G0849
data/processed/classification/VSCS/CLS_04129.png,2,2023248N12257,EP,pacific_ocean,eastern_pacific,2023-09-06T09:00:00Z,CLS-IMG03687,Very Severe Cyclonic Storm,VSCS,G1288
data/processed/classification/VSCS/CLS_04132.png,2,2023279N08157,WP,pacific_ocean,western_pacific,2023-10-10T00:00:00Z,CLS-IMG03688,Very Severe Cyclonic Storm,VSCS,G0853
data/processed/classification/VSCS/CLS_04133.png,2,2023276N11254,EP,pacific_ocean,eastern_pacific,2023-10-10T06:00:00Z,CLS-IMG03689,Very Severe Cyclonic Storm,VSCS,G0852
data/processed/classification/VSCS/CLS_04134.png,2,2023290N12256,EP,pacific_ocean,eastern_pacific,2023-10-18T21:00:00Z,CLS-IMG03690,Very Severe Cyclonic Storm,VSCS,G0854
data/processed/classification/VSCS/CLS_04135.png,2,2023292N11063,NI,north_indian_ocean,arabian_sea,2023-10-21T15:00:00Z,CLS-IMG03691,Very Severe Cyclonic Storm,VSCS,G0855
data/processed/classification/VSCS/CLS_04136.png,2,2023292S03172,SP,pacific_ocean,southern_pacific,2023-10-22T18:00:00Z,CLS-IMG03692,Very Severe Cyclonic Storm,VSCS,G0856
data/processed/classification/VSCS/CLS_04137.png,2,2023292N11063,NI,north_indian_ocean,arabian_sea,2023-10-23T09:00:00Z,CLS-IMG03693,Very Severe Cyclonic Storm,VSCS,G0855
data/processed/classification/VSCS/CLS_04138.png,2,2023293N12089,NI,north_indian_ocean,bay_of_bengal,2023-10-23T21:00:00Z,CLS-IMG03694,Very Severe Cyclonic Storm,VSCS,G0857
data/processed/classification/VSCS/CLS_04139.png,2,2023293N12089,NI,north_indian_ocean,bay_of_bengal,2023-10-24T15:00:00Z,CLS-IMG03695,Very Severe Cyclonic Storm,VSCS,G0857
data/processed/classification/VSCS/CLS_04140.png,2,2023292S03172,SP,pacific_ocean,southern_pacific,2023-10-25T03:00:00Z,CLS-IMG03696,Very Severe Cyclonic Storm,VSCS,G0856
data/processed/classification/VSCS/CLS_04142.png,2,2023316S08168,SP,pacific_ocean,southern_pacific,2023-11-14T06:00:00Z,CLS-IMG03698,Very Severe Cyclonic Storm,VSCS,G0859
data/processed/classification/VSCS/CLS_04143.png,2,2023316S08168,SP,pacific_ocean,southern_pacific,2023-11-14T18:00:00Z,CLS-IMG03699,Very Severe Cyclonic Storm,VSCS,G0859
data/processed/classification/VSCS/CLS_04144.png,2,2023316S08168,SP,pacific_ocean,southern_pacific,2023-11-15T06:00:00Z,CLS-IMG03700,Very Severe Cyclonic Storm,VSCS,G0859
data/processed/classification/VSCS/CLS_04145.png,2,2023334N08088,NI,north_indian_ocean,bay_of_bengal,2023-12-04T18:00:00Z,CLS-IMG03701,Very Severe Cyclonic Storm,VSCS,G0861
data/processed/classification/VSCS/CLS_04146.png,2,2023337S08165,SP,pacific_ocean,southern_pacific,2023-12-06T09:00:00Z,CLS-IMG03702,Very Severe Cyclonic Storm,VSCS,G1589
data/processed/classification/VSCS/CLS_04147.png,2,2023337S08165,SP,pacific_ocean,southern_pacific,2023-12-06T21:00:00Z,CLS-IMG03703,Very Severe Cyclonic Storm,VSCS,G1589
data/processed/classification/VSCS/CLS_04148.png,2,2023337S08165,SP,pacific_ocean,southern_pacific,2023-12-09T03:00:00Z,CLS-IMG03704,Very Severe Cyclonic Storm,VSCS,G1589
data/processed/classification/VSCS/CLS_04149.png,2,2023337S08165,SP,pacific_ocean,southern_pacific,2023-12-09T15:00:00Z,CLS-IMG03705,Very Severe Cyclonic Storm,VSCS,G1589
data/processed/classification/VSCS/CLS_04150.png,2,2023364S19035,SI,south_indian_ocean,,2024-01-01T12:00:00Z,CLS-IMG03706,Very Severe Cyclonic Storm,VSCS,G1590
data/processed/classification/VSCS/CLS_04153.png,2,2024012S09093,SI,south_indian_ocean,,2024-01-19T21:00:00Z,CLS-IMG03708,Very Severe Cyclonic Storm,VSCS,G0865
data/processed/classification/VSCS/CLS_04154.png,2,2024012S09093,SI,south_indian_ocean,,2024-01-30T18:00:00Z,CLS-IMG03709,Very Severe Cyclonic Storm,VSCS,G0865
data/processed/classification/VSCS/CLS_04156.png,2,2024044S14066,SI,south_indian_ocean,,2024-02-19T15:00:00Z,CLS-IMG03710,Very Severe Cyclonic Storm,VSCS,G0869
data/processed/classification/VSCS/CLS_04157.png,2,2024073S14128,SP,pacific_ocean,southern_pacific,2024-03-17T03:00:00Z,CLS-IMG03711,Very Severe Cyclonic Storm,VSCS,G0872
data/processed/classification/VSCS/CLS_04158.png,2,2024073S14128,SP,pacific_ocean,southern_pacific,2024-03-17T15:00:00Z,CLS-IMG03712,Very Severe Cyclonic Storm,VSCS,G0872
data/processed/classification/VSCS/CLS_04159.png,2,2024073S14128,SP,pacific_ocean,southern_pacific,2024-03-18T06:00:00Z,CLS-IMG03713,Very Severe Cyclonic Storm,VSCS,G0872
data/processed/classification/VSCS/CLS_04160.png,2,2024067S10090,SI,south_indian_ocean,,2024-03-21T03:00:00Z,CLS-IMG03714,Very Severe Cyclonic Storm,VSCS,G1295
data/processed/classification/VSCS/CLS_04161.png,2,2024067S10090,SI,south_indian_ocean,,2024-03-23T12:00:00Z,CLS-IMG03715,Very Severe Cyclonic Storm,VSCS,G1295
data/processed/classification/VSCS/CLS_04162.png,2,2024082S08054,SI,south_indian_ocean,,2024-03-27T06:00:00Z,CLS-IMG03716,Very Severe Cyclonic Storm,VSCS,G0873
data/processed/classification/VSCS/CLS_04163.png,2,2024096S11120,SI,south_indian_ocean,,2024-04-06T21:00:00Z,CLS-IMG03717,Very Severe Cyclonic Storm,VSCS,G0875
data/processed/classification/VSCS/CLS_04164.png,2,2024121S07047,SI,south_indian_ocean,,2024-05-03T12:00:00Z,CLS-IMG03718,Very Severe Cyclonic Storm,VSCS,G1296
data/processed/classification/VSCS/CLS_04166.png,2,2024201N12133,WP,pacific_ocean,western_pacific,2024-07-22T12:00:00Z,CLS-IMG03720,Very Severe Cyclonic Storm,VSCS,G1591
data/processed/classification/VSCS/CLS_04167.png,2,2024213N14254,EP,pacific_ocean,eastern_pacific,2024-08-02T21:00:00Z,CLS-IMG03721,Very Severe Cyclonic Storm,VSCS,G1300
data/processed/classification/VSCS/CLS_04170.png,2,2024231N14251,EP,pacific_ocean,eastern_pacific,2024-08-21T12:00:00Z,CLS-IMG03723,Very Severe Cyclonic Storm,VSCS,G1593
data/processed/classification/VSCS/CLS_04171.png,2,2024235N16223,EP,pacific_ocean,eastern_pacific,2024-08-25T18:00:00Z,CLS-IMG03724,Very Severe Cyclonic Storm,VSCS,G1594
data/processed/classification/VSCS/CLS_04172.png,2,2024231N14251,EP,pacific_ocean,eastern_pacific,2024-08-27T15:00:00Z,CLS-IMG03725,Very Severe Cyclonic Storm,VSCS,G1593
data/processed/classification/VSCS/CLS_04173.png,2,2024253N11148,WP,pacific_ocean,western_pacific,2024-09-15T21:00:00Z,CLS-IMG03726,Very Severe Cyclonic Storm,VSCS,G0883
data/processed/classification/VSCS/CLS_04175.png,2,2024267N14261,EP,pacific_ocean,eastern_pacific,2024-09-26T15:00:00Z,CLS-IMG03727,Very Severe Cyclonic Storm,VSCS,G1595
data/processed/classification/VSCS/CLS_04176.png,2,2024269N14150,WP,pacific_ocean,western_pacific,2024-10-01T18:00:00Z,CLS-IMG03728,Very Severe Cyclonic Storm,VSCS,G1305
data/processed/classification/VSCS/CLS_04180.png,2,2024298N13150,WP,pacific_ocean,western_pacific,2024-10-28T12:00:00Z,CLS-IMG03732,Very Severe Cyclonic Storm,VSCS,G0887
data/processed/classification/VSCS/CLS_04185.png,2,2025159N15258,EP,pacific_ocean,eastern_pacific,2025-06-09T09:00:00Z,CLS-IMG03735,Very Severe Cyclonic Storm,VSCS,G0896
data/processed/classification/VSCS/CLS_04186.png,2,2025168N11269,EP,pacific_ocean,eastern_pacific,2025-06-18T06:00:00Z,CLS-IMG03736,Very Severe Cyclonic Storm,VSCS,G1307
data/processed/classification/VSCS/CLS_04187.png,2,2025168N11269,EP,pacific_ocean,eastern_pacific,2025-06-19T18:00:00Z,CLS-IMG03737,Very Severe Cyclonic Storm,VSCS,G1307
data/processed/classification/VSCS/CLS_04188.png,2,2025180N13261,EP,pacific_ocean,eastern_pacific,2025-07-01T06:00:00Z,CLS-IMG03738,Very Severe Cyclonic Storm,VSCS,G0897
data/processed/classification/VSCS/CLS_04189.png,2,2025207N11219,EP,pacific_ocean,eastern_pacific,2025-07-28T18:00:00Z,CLS-IMG03739,Very Severe Cyclonic Storm,VSCS,G1597
data/processed/classification/VSCS/CLS_04190.png,2,2025207N11219,EP,pacific_ocean,eastern_pacific,2025-07-30T09:00:00Z,CLS-IMG03740,Very Severe Cyclonic Storm,VSCS,G1597
data/processed/classification/VSCS/CLS_04191.png,2,2025212N13247,EP,pacific_ocean,eastern_pacific,2025-08-02T12:00:00Z,CLS-IMG03741,Very Severe Cyclonic Storm,VSCS,G1308
data/processed/classification/VSCS/CLS_04192.png,2,2025216N13243,EP,pacific_ocean,eastern_pacific,2025-08-11T09:00:00Z,CLS-IMG03742,Very Severe Cyclonic Storm,VSCS,G1309
data/processed/classification/VSCS/CLS_04193.png,2,2025243N14239,EP,pacific_ocean,eastern_pacific,2025-09-02T12:00:00Z,CLS-IMG03743,Very Severe Cyclonic Storm,VSCS,G1598
data/processed/classification/VSCS/CLS_04194.png,2,2025245N17255,EP,pacific_ocean,eastern_pacific,2025-09-03T12:00:00Z,CLS-IMG03744,Very Severe Cyclonic Storm,VSCS,G1311
data/processed/classification/VSCS/CLS_04195.png,2,2025243N14239,EP,pacific_ocean,eastern_pacific,2025-09-08T15:00:00Z,CLS-IMG03745,Very Severe Cyclonic Storm,VSCS,G1598
data/processed/classification/VSCS/CLS_04196.png,2,2025265N14261,EP,pacific_ocean,eastern_pacific,2025-09-24T18:00:00Z,CLS-IMG03746,Very Severe Cyclonic Storm,VSCS,G1312
data/processed/classification/VSCS/CLS_04197.png,2,2025265N14261,EP,pacific_ocean,eastern_pacific,2025-09-26T12:00:00Z,CLS-IMG03747,Very Severe Cyclonic Storm,VSCS,G1312
data/processed/classification/ESCS-SuCS/CLS_04201.png,3,1999343S11123,SI,south_indian_ocean,,1999-12-13T15:00:00Z,CLS-IMG03751,Extremely Severe / Super Cyclonic Storm,ESCS-SuCS,G0000
data/processed/classification/ESCS-SuCS/CLS_04202.png,3,1999343S11123,SI,south_indian_ocean,,1999-12-14T03:00:00Z,CLS-IMG03752,Extremely Severe / Super Cyclonic Storm,ESCS-SuCS,G0000
data/processed/classification/ESCS-SuCS/CLS_04203.png,3,1999343S11123,SI,south_indian_ocean,,1999-12-14T18:00:00Z,CLS-IMG03753,Extremely Severe / Super Cyclonic Storm,ESCS-SuCS,G0000
data/processed/classification/ESCS-SuCS/CLS_04204.png,3,1999343S11123,SI,south_indian_ocean,,1999-12-15T06:00:00Z,CLS-IMG03754,Extremely Severe / Super Cyclonic Storm,ESCS-SuCS,G0000
data/processed/classification/ESCS-SuCS/CLS_04205.png,3,2000003S13082,SI,south_indian_ocean,,2000-01-09T18:00:00Z,CLS-IMG03755,Extremely Severe / Super Cyclonic Storm,ESCS-SuCS,G0900
data/processed/classification/ESCS-SuCS/CLS_04206.png,3,2000003S13082,SI,south_indian_ocean,,2000-01-10T06:00:00Z,CLS-IMG03756,Extremely Severe / Super Cyclonic Storm,ESCS-SuCS,G0900
data/processed/classification/ESCS-SuCS/CLS_04211.png,3,2000032S11116,SI,south_indian_ocean,,2000-02-21T21:00:00Z,CLS-IMG03761,Extremely Severe / Super Cyclonic Storm,ESCS-SuCS,G0007
data/processed/classification/ESCS-SuCS/CLS_04212.png,3,2000032S11116,SI,south_indian_ocean,,2000-02-22T12:00:00Z,CLS-IMG03762,Extremely Severe / Super Cyclonic Storm,ESCS-SuCS,G0007
data/processed/classification/ESCS-SuCS/CLS_04213.png,3,2000060S17123,SI,south_indian_ocean,,2000-03-03T03:00:00Z,CLS-IMG03763,Extremely Severe / Super Cyclonic Storm,ESCS-SuCS,G0012
data/processed/classification/ESCS-SuCS/CLS_04214.png,3,2000060S17123,SI,south_indian_ocean,,2000-03-03T18:00:00Z,CLS-IMG03764,Extremely Severe / Super Cyclonic Storm,ESCS-SuCS,G0012
data/processed/classification/ESCS-SuCS/CLS_04215.png,3,2000060S17123,SI,south_indian_ocean,,2000-03-04T12:00:00Z,CLS-IMG03765,Extremely Severe / Super Cyclonic Storm,ESCS-SuCS,G0012
data/processed/classification/ESCS-SuCS/CLS_04216.png,3,2000083S17102,SI,south_indian_ocean,,2000-03-29T09:00:00Z,CLS-IMG03766,Extremely Severe / Super Cyclonic Storm,ESCS-SuCS,G1314
data/processed/classification/ESCS-SuCS/CLS_04217.png,3,2000083S17102,SI,south_indian_ocean,,2000-03-31T21:00:00Z,CLS-IMG03767,Extremely Severe / Super Cyclonic Storm,ESCS-SuCS,G1314
data/processed/classification/ESCS-SuCS/CLS_04218.png,3,2000083S17102,SI,south_indian_ocean,,2000-04-03T00:00:00Z,CLS-IMG03768,Extremely Severe / Super Cyclonic Storm,ESCS-SuCS,G1314
data/processed/classification/ESCS-SuCS/CLS_04219.png,3,2000083S17102,SI,south_indian_ocean,,2000-04-07T12:00:00Z,CLS-IMG03769,Extremely Severe / Super Cyclonic Storm,ESCS-SuCS,G1314
data/processed/classification/ESCS-SuCS/CLS_04224.png,3,2000105S09127,SI,south_indian_ocean,,2000-04-19T15:00:00Z,CLS-IMG03774,Extremely Severe / Super Cyclonic Storm,ESCS-SuCS,G0017
data/processed/classification/ESCS-SuCS/CLS_04241.png,3,2000214N22155,WP,pacific_ocean,western_pacific,2000-08-02T03:00:00Z,CLS-IMG03791,Extremely Severe / Super Cyclonic Storm,ESCS-SuCS,G0023
data/processed/classification/ESCS-SuCS/CLS_04242.png,3,2000214N22155,WP,pacific_ocean,western_pacific,2000-08-05T21:00:00Z,CLS-IMG03792,Extremely Severe / Super Cyclonic Storm,ESCS-SuCS,G0023
data/processed/classification/ESCS-SuCS/CLS_04243.png,3,2000230N08139,WP,pacific_ocean,western_pacific,2000-08-21T06:00:00Z,CLS-IMG03793,Extremely Severe / Super Cyclonic Storm,ESCS-SuCS,G1599
data/processed/classification/ESCS-SuCS/CLS_04244.png,3,2000230N08139,WP,pacific_ocean,western_pacific,2000-08-22T06:00:00Z,CLS-IMG03794,Extremely Severe / Super Cyclonic Storm,ESCS-SuCS,G1599
data/processed/classification/ESCS-SuCS/CLS_04245.png,3,2000248N17117,WP,pacific_ocean,western_pacific,2000-09-08T18:00:00Z,CLS-IMG03795,Extremely Severe / Super Cyclonic Storm,ESCS-SuCS,G0908
data/processed/classification/ESCS-SuCS/CLS_04246.png,3,2000245N14157,WP,pacific_ocean,western_pacific,2000-09-09T09:00:00Z,CLS-IMG03796,Extremely Severe / Super Cyclonic Storm,ESCS-SuCS,G0030
data/processed/classification/ESCS-SuCS/CLS_04247.png,3,2000245N14157,WP,pacific_ocean,western_pacific,2000-09-09T21:00:00Z,CLS-IMG03797,Extremely Severe / Super Cyclonic Storm,ESCS-SuCS,G0030
data/processed/classification/ESCS-SuCS/CLS_04248.png,3,2000260N15178,WP,pacific_ocean,western_pacific,2000-09-21T03:00:00Z,CLS-IMG03798,Extremely Severe / Super Cyclonic Storm,ESCS-SuCS,G0910
data/processed/classification/ESCS-SuCS/CLS_04249.png,3,2000260N15178,WP,pacific_ocean,western_pacific,2000-09-23T09:00:00Z,CLS-IMG03799,Extremely Severe / Super Cyclonic Storm,ESCS-SuCS,G0910
data/processed/classification/ESCS-SuCS/CLS_04253.png,3,2000333S11140,SI,south_indian_ocean,,2000-12-07T15:00:00Z,CLS-IMG03803,Extremely Severe / Super Cyclonic Storm,ESCS-SuCS,G0040
data/processed/classification/ESCS-SuCS/CLS_04254.png,3,2000333S11140,SI,south_indian_ocean,,2000-12-08T12:00:00Z,CLS-IMG03804,Extremely Severe / Super Cyclonic Storm,ESCS-SuCS,G0040
data/processed/classification/ESCS-SuCS/CLS_04255.png,3,2000366S09068,SI,south_indian_ocean,,2001-01-04T12:00:00Z,CLS-IMG03805,Extremely Severe / Super Cyclonic Storm,ESCS-SuCS,G1321
data/processed/classification/ESCS-SuCS/CLS_04256.png,3,2000366S09068,SI,south_indian_ocean,,2001-01-05T21:00:00Z,CLS-IMG03806,Extremely Severe / Super Cyclonic Storm,ESCS-SuCS,G1321
data/processed/classification/ESCS-SuCS/CLS_04257.png,3,2000366S09068,SI,south_indian_ocean,,2001-01-06T21:00:00Z,CLS-IMG03807,Extremely Severe / Super Cyclonic Storm,ESCS-SuCS,G1321
data/processed/classification/ESCS-SuCS/CLS_04258.png,3,2000366S09068,SI,south_indian_ocean,,2001-01-07T09:00:00Z,CLS-IMG03808,Extremely Severe / Super Cyclonic Storm,ESCS-SuCS,G1321
data/processed/classification/ESCS-SuCS/CLS_04259.png,3,2001003S09091,SI,south_indian_ocean,,2001-01-09T12:00:00Z,CLS-IMG03809,Extremely Severe / Super Cyclonic Storm,ESCS-SuCS,G1322
data/processed/classification/ESCS-SuCS/CLS_04260.png,3,2001003S09091,SI,south_indian_ocean,,2001-01-12T09:00:00Z,CLS-IMG03810,Extremely Severe / Super Cyclonic Storm,ESCS-SuCS,G1322
data/processed/classification/ESCS-SuCS/CLS_04261.png,3,2001003S09091,SI,south_indian_ocean,,2001-01-12T21:00:00Z,CLS-IMG03811,Extremely Severe / Super Cyclonic Storm,ESCS-SuCS,G1322
data/processed/classification/ESCS-SuCS/CLS_04262.png,3,2001003S09091,SI,south_indian_ocean,,2001-01-13T09:00:00Z,CLS-IMG03812,Extremely Severe / Super Cyclonic Storm,ESCS-SuCS,G1322
data/processed/classification/ESCS-SuCS/CLS_04263.png,3,2001018S12086,SI,south_indian_ocean,,2001-01-22T00:00:00Z,CLS-IMG03813,Extremely Severe / Super Cyclonic Storm,ESCS-SuCS,G0043
data/processed/classification/ESCS-SuCS/CLS_04264.png,3,2001018S12086,SI,south_indian_ocean,,2001-01-22T12:00:00Z,CLS-IMG03814,Extremely Severe / Super Cyclonic Storm,ESCS-SuCS,G0043
data/processed/classification/ESCS-SuCS/CLS_04265.png,3,2001018S12086,SI,south_indian_ocean,,2001-01-23T03:00:00Z,CLS-IMG03815,Extremely Severe / Super Cyclonic Storm,ESCS-SuCS,G0043
data/processed/classification/ESCS-SuCS/CLS_04266.png,3,2001056S11163,SP,pacific_ocean,southern_pacific,2001-03-02T00:00:00Z,CLS-IMG03816,Extremely Severe / Super Cyclonic Storm,ESCS-SuCS,G1323
data/processed/classification/ESCS-SuCS/CLS_04267.png,3,2001056S11163,SP,pacific_ocean,southern_pacific,2001-03-02T12:00:00Z,CLS-IMG03817,Extremely Severe / Super Cyclonic Storm,ESCS-SuCS,G1323
data/processed/classification/ESCS-SuCS/CLS_04268.png,3,2001064S10052,SI,south_indian_ocean,,2001-03-12T00:00:00Z,CLS-IMG03818,Extremely Severe / Super Cyclonic Storm,ESCS-SuCS,G0919
data/processed/classification/ESCS-SuCS/CLS_04269.png,3,2001091S11111,SI,south_indian_ocean,,2001-04-05T06:00:00Z,CLS-IMG03819,Extremely Severe / Super Cyclonic Storm,ESCS-SuCS,G0920
data/processed/classification/ESCS-SuCS/CLS_04270.png,3,2001141N14068,NI,north_indian_ocean,arabian_sea,2001-05-24T09:00:00Z,CLS-IMG03820,Extremely Severe / Super Cyclonic Storm,ESCS-SuCS,G1324
data/processed/classification/ESCS-SuCS/CLS_04271.png,3,2001141N14068,NI,north_indian_ocean,arabian_sea,2001-05-25T00:00:00Z,CLS-IMG03821,Extremely Severe / Super Cyclonic Storm,ESCS-SuCS,G1324
data/processed/classification/ESCS-SuCS/CLS_04277.png,3,2001170N11138,WP,pacific_ocean,western_pacific,2001-06-23T12:00:00Z,CLS-IMG03827,Extremely Severe / Super Cyclonic Storm,ESCS-SuCS,G1326
data/processed/classification/ESCS-SuCS/CLS_04278.png,3,2001206N14134,WP,pacific_ocean,western_pacific,2001-07-29T03:00:00Z,CLS-IMG03828,Extremely Severe / Super Cyclonic Storm,ESCS-SuCS,G0057
data/processed/classification/ESCS-SuCS/CLS_04279.png,3,2001206N14134,WP,pacific_ocean,western_pacific,2001-07-29T18:00:00Z,CLS-IMG03829,Extremely Severe / Super Cyclonic Storm,ESCS-SuCS,G0057
data/processed/classification/ESCS-SuCS/CLS_04280.png,3,2001212N10158,WP,pacific_ocean,western_pacific,2001-08-05T03:00:00Z,CLS-IMG03830,Extremely Severe / Super Cyclonic Storm,ESCS-SuCS,G0059
data/processed/classification/ESCS-SuCS/CLS_04281.png,3,2001212N10158,WP,pacific_ocean,western_pacific,2001-08-07T06:00:00Z,CLS-IMG03831,Extremely Severe / Super Cyclonic Storm,ESCS-SuCS,G0059
data/processed/classification/ESCS-SuCS/CLS_04282.png,3,2001225N18146,WP,pacific_ocean,western_pacific,2001-08-19T06:00:00Z,CLS-IMG03832,Extremely Severe / Super Cyclonic Storm,ESCS-SuCS,G0922
data/processed/classification/ESCS-SuCS/CLS_04285.png,3,2001246N19156,WP,pacific_ocean,western_pacific,2001-09-07T00:00:00Z,CLS-IMG03835,Extremely Severe / Super Cyclonic Storm,ESCS-SuCS,G0923
data/processed/classification/ESCS-SuCS/CLS_04286.png,3,2001248N23125,WP,pacific_ocean,western_pacific,2001-09-12T06:00:00Z,CLS-IMG03836,Extremely Severe / Super Cyclonic Storm,ESCS-SuCS,G0063
data/processed/classification/ESCS-SuCS/CLS_04287.png,3,2001248N23125,WP,pacific_ocean,western_pacific,2001-09-16T03:00:00Z,CLS-IMG03837,Extremely Severe / Super Cyclonic Storm,ESCS-SuCS,G0063
data/processed/classification/ESCS-SuCS/CLS_04290.png,3,2001264N13269,EP,pacific_ocean,eastern_pacific,2001-09-23T21:00:00Z,CLS-IMG03840,Extremely Severe / Super Cyclonic Storm,ESCS-SuCS,G1333
data/processed/classification/ESCS-SuCS/CLS_04291.png,3,2001264N13269,EP,pacific_ocean,eastern_pacific,2001-09-25T03:00:00Z,CLS-IMG03841,Extremely Severe / Super Cyclonic Storm,ESCS-SuCS,G1333
data/processed/classification/ESCS-SuCS/CLS_04292.png,3,2001264N21126,WP,pacific_ocean,western_pacific,2001-09-25T12:00:00Z,CLS-IMG03842,Extremely Severe / Super Cyclonic Storm,ESCS-SuCS,G0066
data/processed/classification/ESCS-SuCS/CLS_04293.png,3,2001264N13269,EP,pacific_ocean,eastern_pacific,2001-09-25T18:00:00Z,CLS-IMG03843,Extremely Severe / Super Cyclonic Storm,ESCS-SuCS,G1333
data/processed/classification/ESCS-SuCS/CLS_04294.png,3,2001264N21126,WP,pacific_ocean,western_pacific,2001-09-26T06:00:00Z,CLS-IMG03844,Extremely Severe / Super Cyclonic Storm,ESCS-SuCS,G0066
data/processed/classification/ESCS-SuCS/CLS_04295.png,3,2001264N13269,EP,pacific_ocean,eastern_pacific,2001-09-26T21:00:00Z,CLS-IMG03845,Extremely Severe / Super Cyclonic Storm,ESCS-SuCS,G1333
data/processed/classification/ESCS-SuCS/CLS_04297.png,3,2001284N16132,WP,pacific_ocean,western_pacific,2001-10-15T21:00:00Z,CLS-IMG03847,Extremely Severe / Super Cyclonic Storm,ESCS-SuCS,G0927
data/processed/classification/ESCS-SuCS/CLS_04300.png,3,2001309N10130,WP,pacific_ocean,western_pacific,2001-11-10T21:00:00Z,CLS-IMG03850,Extremely Severe / Super Cyclonic Storm,ESCS-SuCS,G0074
data/processed/classification/ESCS-SuCS/CLS_04301.png,3,2001347N04162,WP,pacific_ocean,western_pacific,2001-12-23T00:00:00Z,CLS-IMG03851,Extremely Severe / Super Cyclonic Storm,ESCS-SuCS,G0931
data/processed/classification/ESCS-SuCS/CLS_04302.png,3,2001347N04162,WP,pacific_ocean,western_pacific,2001-12-23T21:00:00Z,CLS-IMG03852,Extremely Severe / Super Cyclonic Storm,ESCS-SuCS,G0931
data/processed/classification/ESCS-SuCS/CLS_04303.png,3,2001363S10185,SP,pacific_ocean,southern_pacific,2001-12-30T21:00:00Z,CLS-IMG03853,Extremely Severe / Super Cyclonic Storm,ESCS-SuCS,G0080
data/processed/classification/ESCS-SuCS/CLS_04304.png,3,2001363S10185,SP,pacific_ocean,southern_pacific,2001-12-31T18:00:00Z,CLS-IMG03854,Extremely Severe / Super Cyclonic Storm,ESCS-SuCS,G0080
data/processed/classification/ESCS-SuCS/CLS_04305.png,3,2002017S07078,SI,south_indian_ocean,,2002-01-19T09:00:00Z,CLS-IMG03855,Extremely Severe / Super Cyclonic Storm,ESCS-SuCS,G1334
data/processed/classification/ESCS-SuCS/CLS_04306.png,3,2002017S07078,SI,south_indian_ocean,,2002-01-21T00:00:00Z,CLS-IMG03856,Extremely Severe / Super Cyclonic Storm,ESCS-SuCS,G1334
data/processed/classification/ESCS-SuCS/CLS_04307.png,3,2002017S07078,SI,south_indian_ocean,,2002-01-22T21:00:00Z,CLS-IMG03857,Extremely Severe / Super Cyclonic Storm,ESCS-SuCS,G1334
data/processed/classification/ESCS-SuCS/CLS_04308.png,3,2002017S07078,SI,south_indian_ocean,,2002-01-23T15:00:00Z,CLS-IMG03858,Extremely Severe / Super Cyclonic Storm,ESCS-SuCS,G1334
data/processed/classification/ESCS-SuCS/CLS_04316.png,3,2002045S18049,SI,south_indian_ocean,,2002-02-17T09:00:00Z,CLS-IMG03866,Extremely Severe / Super Cyclonic Storm,ESCS-SuCS,G1336
data/processed/classification/ESCS-SuCS/CLS_04317.png,3,2002045S18049,SI,south_indian_ocean,,2002-02-17T21:00:00Z,CLS-IMG03867,Extremely Severe / Super Cyclonic Storm,ESCS-SuCS,G1336
data/processed/classification/ESCS-SuCS/CLS_04318.png,3,2002045S18049,SI,south_indian_ocean,,2002-02-18T12:00:00Z,CLS-IMG03868,Extremely Severe / Super Cyclonic Storm,ESCS-SuCS,G1336
data/processed/classification/ESCS-SuCS/CLS_04319.png,3,2002045S18049,SI,south_indian_ocean,,2002-02-19T15:00:00Z,CLS-IMG03869,Extremely Severe / Super Cyclonic Storm,ESCS-SuCS,G1336
data/processed/classification/ESCS-SuCS/CLS_04320.png,3,2002045S18049,SI,south_indian_ocean,,2002-02-20T15:00:00Z,CLS-IMG03870,Extremely Severe / Super Cyclonic Storm,ESCS-SuCS,G1336
data/processed/classification/ESCS-SuCS/CLS_04321.png,3,2002057N06156,WP,pacific_ocean,western_pacific,2002-03-04T12:00:00Z,CLS-IMG03871,Extremely Severe / Super Cyclonic Storm,ESCS-SuCS,G1337
data/processed/classification/ESCS-SuCS/CLS_04322.png,3,2002057N06156,WP,pacific_ocean,western_pacific,2002-03-05T15:00:00Z,CLS-IMG03872,Extremely Severe / Super Cyclonic Storm,ESCS-SuCS,G1337
data/processed/classification/ESCS-SuCS/CLS_04323.png,3,2002063S11066,SI,south_indian_ocean,,2002-03-09T06:00:00Z,CLS-IMG03873,Extremely Severe / Super Cyclonic Storm,ESCS-SuCS,G1338
data/processed/classification/ESCS-SuCS/CLS_04324.png,3,2002063S11066,SI,south_indian_ocean,,2002-03-09T18:00:00Z,CLS-IMG03874,Extremely Severe / Super Cyclonic Storm,ESCS-SuCS,G1338
data/processed/classification/ESCS-SuCS/CLS_04325.png,3,2002063S11066,SI,south_indian_ocean,,2002-03-11T03:00:00Z,CLS-IMG03875,Extremely Severe / Super Cyclonic Storm,ESCS-SuCS,G1338
data/processed/classification/ESCS-SuCS/CLS_04326.png,3,2002063S11066,SI,south_indian_ocean,,2002-03-11T21:00:00Z,CLS-IMG03876,Extremely Severe / Super Cyclonic Storm,ESCS-SuCS,G1338
data/processed/classification/ESCS-SuCS/CLS_04327.png,3,2002081S08084,SI,south_indian_ocean,,2002-03-26T21:00:00Z,CLS-IMG03877,Extremely Severe / Super Cyclonic Storm,ESCS-SuCS,G0091
data/processed/classification/ESCS-SuCS/CLS_04328.png,3,2002081S08084,SI,south_indian_ocean,,2002-03-27T09:00:00Z,CLS-IMG03878,Extremely Severe / Super Cyclonic Storm,ESCS-SuCS,G0091
data/processed/classification/ESCS-SuCS/CLS_04329.png,3,2002081S08084,SI,south_indian_ocean,,2002-03-27T21:00:00Z,CLS-IMG03879,Extremely Severe / Super Cyclonic Storm,ESCS-SuCS,G0091
data/processed/classification/ESCS-SuCS/CLS_04332.png,3,2002133N03150,WP,pacific_ocean,western_pacific,2002-05-18T18:00:00Z,CLS-IMG03882,Extremely Severe / Super Cyclonic Storm,ESCS-SuCS,G0934
data/processed/classification/ESCS-SuCS/CLS_04333.png,3,2002133N03150,WP,pacific_ocean,western_pacific,2002-05-19T12:00:00Z,CLS-IMG03883,Extremely Severe / Super Cyclonic Storm,ESCS-SuCS,G0934
data/processed/classification/ESCS-SuCS/CLS_04334.png,3,2002145N11259,EP,pacific_ocean,eastern_pacific,2002-05-30T03:00:00Z,CLS-IMG03884,Extremely Severe / Super Cyclonic Storm,ESCS-SuCS,G0098
data/processed/classification/ESCS-SuCS/CLS_04335.png,3,2002178N10139,WP,pacific_ocean,western_pacific,2002-07-03T06:00:00Z,CLS-IMG03885,Extremely Severe / Super Cyclonic Storm,ESCS-SuCS,G1600
data/processed/classification/ESCS-SuCS/CLS_04336.png,3,2002178N04155,WP,pacific_ocean,western_pacific,2002-07-05T00:00:00Z,CLS-IMG03886,Extremely Severe / Super Cyclonic Storm,ESCS-SuCS,G0100
data/processed/classification/ESCS-SuCS/CLS_04337.png,3,2002178N04155,WP,pacific_ocean,western_pacific,2002-07-07T12:00:00Z,CLS-IMG03887,Extremely Severe / Super Cyclonic Storm,ESCS-SuCS,G0100
data/processed/classification/ESCS-SuCS/CLS_04338.png,3,2002187N11160,WP,pacific_ocean,western_pacific,2002-07-10T03:00:00Z,CLS-IMG03888,Extremely Severe / Super Cyclonic Storm,ESCS-SuCS,G0100
data/processed/classification/ESCS-SuCS/CLS_04339.png,3,2002187N11160,WP,pacific_ocean,western_pacific,2002-07-10T15:00:00Z,CLS-IMG03889,Extremely Severe / Super Cyclonic Storm,ESCS-SuCS,G0100
data/processed/classification/ESCS-SuCS/CLS_04340.png,3,2002195N11172,WP,pacific_ocean,western_pacific,2002-07-16T15:00:00Z,CLS-IMG03890,Extremely Severe / Super Cyclonic Storm,ESCS-SuCS,G0937
data/processed/classification/ESCS-SuCS/CLS_04341.png,3,2002195N11172,WP,pacific_ocean,western_pacific,2002-07-19T15:00:00Z,CLS-IMG03891,Extremely Severe / Super Cyclonic Storm,ESCS-SuCS,G0937
data/processed/classification/ESCS-SuCS/CLS_04342.png,3,2002202N13254,EP,pacific_ocean,eastern_pacific,2002-07-23T06:00:00Z,CLS-IMG03892,Extremely Severe / Super Cyclonic Storm,ESCS-SuCS,G0102
data/processed/classification/ESCS-SuCS/CLS_04343.png,3,2002204N12263,EP,pacific_ocean,eastern_pacific,2002-07-24T09:00:00Z,CLS-IMG03893,Extremely Severe / Super Cyclonic Storm,ESCS-SuCS,G0102
data/processed/classification/ESCS-SuCS/CLS_04344.png,3,2002204N12263,EP,pacific_ocean,eastern_pacific,2002-07-24T21:00:00Z,CLS-IMG03894,Extremely Severe / Super Cyclonic Storm,ESCS-SuCS,G0102
data/processed/classification/ESCS-SuCS/CLS_04345.png,3,2002204N12263,EP,pacific_ocean,eastern_pacific,2002-07-25T15:00:00Z,CLS-IMG03895,Extremely Severe / Super Cyclonic Storm,ESCS-SuCS,G0102
data/processed/classification/ESCS-SuCS/CLS_04346.png,3,2002204N12263,EP,pacific_ocean,eastern_pacific,2002-07-26T09:00:00Z,CLS-IMG03896,Extremely Severe / Super Cyclonic Storm,ESCS-SuCS,G0102
data/processed/classification/ESCS-SuCS/CLS_04349.png,3,2002234N13253,EP,pacific_ocean,eastern_pacific,2002-08-23T12:00:00Z,CLS-IMG03899,Extremely Severe / Super Cyclonic Storm,ESCS-SuCS,G1339
data/processed/classification/ESCS-SuCS/CLS_04350.png,3,2002234N13253,EP,pacific_ocean,eastern_pacific,2002-08-24T03:00:00Z,CLS-IMG03900,Extremely Severe / Super Cyclonic Storm,ESCS-SuCS,G1339
data/processed/classification/ESCS-SuCS/CLS_04351.png,3,2002234N13253,EP,pacific_ocean,eastern_pacific,2002-08-24T18:00:00Z,CLS-IMG03901,Extremely Severe / Super Cyclonic Storm,ESCS-SuCS,G1339
data/processed/classification/ESCS-SuCS/CLS_04352.png,3,2002234N13253,EP,pacific_ocean,eastern_pacific,2002-08-25T15:00:00Z,CLS-IMG03902,Extremely Severe / Super Cyclonic Storm,ESCS-SuCS,G1339
data/processed/classification/ESCS-SuCS/CLS_04353.png,3,2002234N14164,WP,pacific_ocean,western_pacific,2002-08-25T18:00:00Z,CLS-IMG03903,Extremely Severe / Super Cyclonic Storm,ESCS-SuCS,G1601
data/processed/classification/ESCS-SuCS/CLS_04354.png,3,2002234N14164,WP,pacific_ocean,western_pacific,2002-08-27T15:00:00Z,CLS-IMG03904,Extremely Severe / Super Cyclonic Storm,ESCS-SuCS,G1601
data/processed/classification/ESCS-SuCS/CLS_04355.png,3,2002237N10202,EP,pacific_ocean,eastern_pacific,2002-08-29T09:00:00Z,CLS-IMG03905,Extremely Severe / Super Cyclonic Storm,ESCS-SuCS,G1340
data/processed/classification/ESCS-SuCS/CLS_04356.png,3,2002237N10202,EP,pacific_ocean,eastern_pacific,2002-08-29T21:00:00Z,CLS-IMG03906,Extremely Severe / Super Cyclonic Storm,ESCS-SuCS,G1340
data/processed/classification/ESCS-SuCS/CLS_04357.png,3,2002240N16155,WP,pacific_ocean,western_pacific,2002-08-31T06:00:00Z,CLS-IMG03907,Extremely Severe / Super Cyclonic Storm,ESCS-SuCS,G1342
data/processed/classification/ESCS-SuCS/CLS_04358.png,3,2002242N14257,EP,pacific_ocean,eastern_pacific,2002-08-31T18:00:00Z,CLS-IMG03908,Extremely Severe / Super Cyclonic Storm,ESCS-SuCS,G1341
data/processed/classification/ESCS-SuCS/CLS_04359.png,3,2002237N10202,WP,pacific_ocean,western_pacific,2002-09-01T03:00:00Z,CLS-IMG03909,Extremely Severe / Super Cyclonic Storm,ESCS-SuCS,G1340
data/processed/classification/ESCS-SuCS/CLS_04360.png,3,2002242N14257,EP,pacific_ocean,eastern_pacific,2002-09-01T06:00:00Z,CLS-IMG03910,Extremely Severe / Super Cyclonic Storm,ESCS-SuCS,G1341
data/processed/classification/ESCS-SuCS/CLS_04361.png,3,2002240N16155,WP,pacific_ocean,western_pacific,2002-09-01T09:00:00Z,CLS-IMG03911,Extremely Severe / Super Cyclonic Storm,ESCS-SuCS,G1342
data/processed/classification/ESCS-SuCS/CLS_04362.png,3,2002242N14257,EP,pacific_ocean,eastern_pacific,2002-09-01T18:00:00Z,CLS-IMG03912,Extremely Severe / Super Cyclonic Storm,ESCS-SuCS,G1341
data/processed/classification/ESCS-SuCS/CLS_04363.png,3,2002237N10202,WP,pacific_ocean,western_pacific,2002-09-02T06:00:00Z,CLS-IMG03913,Extremely Severe / Super Cyclonic Storm,ESCS-SuCS,G1340
data/processed/classification/ESCS-SuCS/CLS_04364.png,3,2002242N14257,EP,pacific_ocean,eastern_pacific,2002-09-02T18:00:00Z,CLS-IMG03914,Extremely Severe / Super Cyclonic Storm,ESCS-SuCS,G1341
data/processed/classification/ESCS-SuCS/CLS_04365.png,3,2002242N14257,EP,pacific_ocean,eastern_pacific,2002-09-03T06:00:00Z,CLS-IMG03915,Extremely Severe / Super Cyclonic Storm,ESCS-SuCS,G1341
data/processed/classification/ESCS-SuCS/CLS_04366.png,3,2002268N15163,WP,pacific_ocean,western_pacific,2002-10-01T00:00:00Z,CLS-IMG03916,Extremely Severe / Super Cyclonic Storm,ESCS-SuCS,G0943
data/processed/classification/ESCS-SuCS/CLS_04367.png,3,2002295N11261,EP,pacific_ocean,eastern_pacific,2002-10-24T12:00:00Z,CLS-IMG03917,Extremely Severe / Super Cyclonic Storm,ESCS-SuCS,G1343
data/processed/classification/ESCS-SuCS/CLS_04368.png,3,2002295N11261,EP,pacific_ocean,eastern_pacific,2002-10-25T06:00:00Z,CLS-IMG03918,Extremely Severe / Super Cyclonic Storm,ESCS-SuCS,G1343
data/processed/classification/ESCS-SuCS/CLS_04369.png,3,2002323N09155,WP,pacific_ocean,western_pacific,2002-11-24T00:00:00Z,CLS-IMG03919,Extremely Severe / Super Cyclonic Storm,ESCS-SuCS,G1345
data/processed/classification/ESCS-SuCS/CLS_04370.png,3,2002335N05166,WP,pacific_ocean,western_pacific,2002-12-09T09:00:00Z,CLS-IMG03920,Extremely Severe / Super Cyclonic Storm,ESCS-SuCS,G0112
data/processed/classification/ESCS-SuCS/CLS_04371.png,3,2002356S07070,SI,south_indian_ocean,,2002-12-27T03:00:00Z,CLS-IMG03921,Extremely Severe / Super Cyclonic Storm,ESCS-SuCS,G0113
data/processed/classification/ESCS-SuCS/CLS_04372.png,3,2002358S08185,SP,pacific_ocean,southern_pacific,2002-12-27T06:00:00Z,CLS-IMG03922,Extremely Severe / Super Cyclonic Storm,ESCS-SuCS,G1346
data/processed/classification/ESCS-SuCS/CLS_04373.png,3,2002358S08185,SP,pacific_ocean,southern_pacific,2002-12-28T03:00:00Z,CLS-IMG03923,Extremely Severe / Super Cyclonic Storm,ESCS-SuCS,G1346
data/processed/classification/ESCS-SuCS/CLS_04374.png,3,2002358S08185,SP,pacific_ocean,southern_pacific,2002-12-28T15:00:00Z,CLS-IMG03924,Extremely Severe / Super Cyclonic Storm,ESCS-SuCS,G1346
data/processed/classification/ESCS-SuCS/CLS_04375.png,3,2002358S08185,SP,pacific_ocean,southern_pacific,2002-12-29T18:00:00Z,CLS-IMG03925,Extremely Severe / Super Cyclonic Storm,ESCS-SuCS,G1346
data/processed/classification/ESCS-SuCS/CLS_04376.png,3,2003011S09182,SP,pacific_ocean,southern_pacific,2003-01-14T00:00:00Z,CLS-IMG03926,Extremely Severe / Super Cyclonic Storm,ESCS-SuCS,G0116
data/processed/classification/ESCS-SuCS/CLS_04377.png,3,2003011S09182,SP,pacific_ocean,southern_pacific,2003-01-14T12:00:00Z,CLS-IMG03927,Extremely Severe / Super Cyclonic Storm,ESCS-SuCS,G0116
data/processed/classification/ESCS-SuCS/CLS_04378.png,3,2003021S10163,SP,pacific_ocean,southern_pacific,2003-01-28T21:00:00Z,CLS-IMG03928,Extremely Severe / Super Cyclonic Storm,ESCS-SuCS,G0119
data/processed/classification/ESCS-SuCS/CLS_04379.png,3,2003021S10163,SP,pacific_ocean,southern_pacific,2003-01-29T09:00:00Z,CLS-IMG03929,Extremely Severe / Super Cyclonic Storm,ESCS-SuCS,G0119
data/processed/classification/ESCS-SuCS/CLS_04380.png,3,2003021S10163,SP,pacific_ocean,southern_pacific,2003-01-29T21:00:00Z,CLS-IMG03930,Extremely Severe / Super Cyclonic Storm,ESCS-SuCS,G0119
data/processed/classification/ESCS-SuCS/CLS_04381.png,3,2003036S10197,SP,pacific_ocean,southern_pacific,2003-02-08T06:00:00Z,CLS-IMG03931,Extremely Severe / Super Cyclonic Storm,ESCS-SuCS,G1347
data/processed/classification/ESCS-SuCS/CLS_04382.png,3,2003034S12117,SI,south_indian_ocean,,2003-02-08T15:00:00Z,CLS-IMG03932,Extremely Severe / Super Cyclonic Storm,ESCS-SuCS,G0120
data/processed/classification/ESCS-SuCS/CLS_04383.png,3,2003036S10197,SP,pacific_ocean,southern_pacific,2003-02-09T03:00:00Z,CLS-IMG03933,Extremely Severe / Super Cyclonic Storm,ESCS-SuCS,G1347
data/processed/classification/ESCS-SuCS/CLS_04384.png,3,2003034S12117,SI,south_indian_ocean,,2003-02-09T09:00:00Z,CLS-IMG03934,Extremely Severe / Super Cyclonic Storm,ESCS-SuCS,G0120
data/processed/classification/ESCS-SuCS/CLS_04385.png,3,2003036S10197,SP,pacific_ocean,southern_pacific,2003-02-09T18:00:00Z,CLS-IMG03935,Extremely Severe / Super Cyclonic Storm,ESCS-SuCS,G1347
data/processed/classification/ESCS-SuCS/CLS_04386.png,3,2003034S12117,SI,south_indian_ocean,,2003-02-10T06:00:00Z,CLS-IMG03936,Extremely Severe / Super Cyclonic Storm,ESCS-SuCS,G0120
data/processed/classification/ESCS-SuCS/CLS_04387.png,3,2003037S12061,SI,south_indian_ocean,,2003-02-13T06:00:00Z,CLS-IMG03937,Extremely Severe / Super Cyclonic Storm,ESCS-SuCS,G0121
data/processed/classification/ESCS-SuCS/CLS_04388.png,3,2003037S12061,SI,south_indian_ocean,,2003-02-13T21:00:00Z,CLS-IMG03938,Extremely Severe / Super Cyclonic Storm,ESCS-SuCS,G0121
data/processed/classification/ESCS-SuCS/CLS_04389.png,3,2003056S21042,SI,south_indian_ocean,,2003-03-01T00:00:00Z,CLS-IMG03939,Extremely Severe / Super Cyclonic Storm,ESCS-SuCS,G0122
data/processed/classification/ESCS-SuCS/CLS_04390.png,3,2003056S21042,SI,south_indian_ocean,,2003-03-01T12:00:00Z,CLS-IMG03940,Extremely Severe / Super Cyclonic Storm,ESCS-SuCS,G0122
data/processed/classification/ESCS-SuCS/CLS_04391.png,3,2003056S21042,SI,south_indian_ocean,,2003-03-02T00:00:00Z,CLS-IMG03941,Extremely Severe / Super Cyclonic Storm,ESCS-SuCS,G0122
data/processed/classification/ESCS-SuCS/CLS_04395.png,3,2003061S21148,SP,pacific_ocean,southern_pacific,2003-03-13T00:00:00Z,CLS-IMG03945,Extremely Severe / Super Cyclonic Storm,ESCS-SuCS,G0123
data/processed/classification/ESCS-SuCS/CLS_04397.png,3,2003068S14172,SP,pacific_ocean,southern_pacific,2003-03-13T06:00:00Z,CLS-IMG03947,Extremely Severe / Super Cyclonic Storm,ESCS-SuCS,G0123
data/processed/classification/ESCS-SuCS/CLS_04398.png,3,2003061S21148,SP,pacific_ocean,southern_pacific,2003-03-13T18:00:00Z,CLS-IMG03948,Extremely Severe / Super Cyclonic Storm,ESCS-SuCS,G0123
data/processed/classification/ESCS-SuCS/CLS_04399.png,3,2003088S07131,SI,south_indian_ocean,,2003-04-04T00:00:00Z,CLS-IMG03949,Extremely Severe / Super Cyclonic Storm,ESCS-SuCS,G1349
data/processed/classification/ESCS-SuCS/CLS_04400.png,3,2003088S07131,SI,south_indian_ocean,,2003-04-04T18:00:00Z,CLS-IMG03950,Extremely Severe / Super Cyclonic Storm,ESCS-SuCS,G1349
data/processed/classification/ESCS-SuCS/CLS_04401.png,3,2003088S07131,SI,south_indian_ocean,,2003-04-05T06:00:00Z,CLS-IMG03951,Extremely Severe / Super Cyclonic Storm,ESCS-SuCS,G1349
data/processed/classification/ESCS-SuCS/CLS_04402.png,3,2003088S07131,SI,south_indian_ocean,,2003-04-05T18:00:00Z,CLS-IMG03952,Extremely Severe / Super Cyclonic Storm,ESCS-SuCS,G1349
data/processed/classification/ESCS-SuCS/CLS_04403.png,3,2003088S07131,SI,south_indian_ocean,,2003-04-06T09:00:00Z,CLS-IMG03953,Extremely Severe / Super Cyclonic Storm,ESCS-SuCS,G1349
data/processed/classification/ESCS-SuCS/CLS_04404.png,3,2003098N03159,WP,pacific_ocean,western_pacific,2003-04-19T12:00:00Z,CLS-IMG03954,Extremely Severe / Super Cyclonic Storm,ESCS-SuCS,G1350
data/processed/classification/ESCS-SuCS/CLS_04405.png,3,2003098N03159,WP,pacific_ocean,western_pacific,2003-04-21T09:00:00Z,CLS-IMG03955,Extremely Severe / Super Cyclonic Storm,ESCS-SuCS,G1350
data/processed/classification/ESCS-SuCS/CLS_04406.png,3,2003138N04148,WP,pacific_ocean,western_pacific,2003-05-24T09:00:00Z,CLS-IMG03956,Extremely Severe / Super Cyclonic Storm,ESCS-SuCS,G0127
data/processed/classification/ESCS-SuCS/CLS_04407.png,3,2003138N04148,WP,pacific_ocean,western_pacific,2003-05-25T06:00:00Z,CLS-IMG03957,Extremely Severe / Super Cyclonic Storm,ESCS-SuCS,G0127
data/processed/classification/ESCS-SuCS/CLS_04414.png,3,2003235N20253,EP,pacific_ocean,eastern_pacific,2003-08-24T15:00:00Z,CLS-IMG03964,Extremely Severe / Super Cyclonic Storm,ESCS-SuCS,G0951
data/processed/classification/ESCS-SuCS/CLS_04415.png,3,2003226N07156,WP,pacific_ocean,western_pacific,2003-08-25T09:00:00Z,CLS-IMG03965,Extremely Severe / Super Cyclonic Storm,ESCS-SuCS,G0138
data/processed/classification/ESCS-SuCS/CLS_04416.png,3,2003240N14230,EP,pacific_ocean,eastern_pacific,2003-08-31T06:00:00Z,CLS-IMG03966,Extremely Severe / Super Cyclonic Storm,ESCS-SuCS,G0139
data/processed/classification/ESCS-SuCS/CLS_04419.png,3,2003247N10153,WP,pacific_ocean,western_pacific,2003-09-11T00:00:00Z,CLS-IMG03969,Extremely Severe / Super Cyclonic Storm,ESCS-SuCS,G0953
data/processed/classification/ESCS-SuCS/CLS_04423.png,3,2003290N15132,WP,pacific_ocean,western_pacific,2003-10-21T18:00:00Z,CLS-IMG03973,Extremely Severe / Super Cyclonic Storm,ESCS-SuCS,G1352
data/processed/classification/ESCS-SuCS/CLS_04424.png,3,2003290N15132,WP,pacific_ocean,western_pacific,2003-10-22T18:00:00Z,CLS-IMG03974,Extremely Severe / Super Cyclonic Storm,ESCS-SuCS,G1352
data/processed/classification/ESCS-SuCS/CLS_04427.png,3,2003313S05079,SI,south_indian_ocean,,2003-11-13T03:00:00Z,CLS-IMG03977,Extremely Severe / Super Cyclonic Storm,ESCS-SuCS,G0149
data/processed/classification/ESCS-SuCS/CLS_04428.png,3,2003313S05079,SI,south_indian_ocean,,2003-11-13T15:00:00Z,CLS-IMG03978,Extremely Severe / Super Cyclonic Storm,ESCS-SuCS,G0149
data/processed/classification/ESCS-SuCS/CLS_04429.png,3,2003319N13172,WP,pacific_ocean,western_pacific,2003-11-23T18:00:00Z,CLS-IMG03979,Extremely Severe / Super Cyclonic Storm,ESCS-SuCS,G1353
data/processed/classification/ESCS-SuCS/CLS_04430.png,3,2003319N13172,WP,pacific_ocean,western_pacific,2003-11-27T00:00:00Z,CLS-IMG03980,Extremely Severe / Super Cyclonic Storm,ESCS-SuCS,G1353
data/processed/classification/ESCS-SuCS/CLS_04434.png,3,2004026S12063,SI,south_indian_ocean,,2004-01-29T15:00:00Z,CLS-IMG03984,Extremely Severe / Super Cyclonic Storm,ESCS-SuCS,G1355
data/processed/classification/ESCS-SuCS/CLS_04435.png,3,2004026S12063,SI,south_indian_ocean,,2004-02-01T06:00:00Z,CLS-IMG03985,Extremely Severe / Super Cyclonic Storm,ESCS-SuCS,G1355
data/processed/classification/ESCS-SuCS/CLS_04436.png,3,2004026S12063,SI,south_indian_ocean,,2004-02-02T00:00:00Z,CLS-IMG03986,Extremely Severe / Super Cyclonic Storm,ESCS-SuCS,G1355
data/processed/classification/ESCS-SuCS/CLS_04437.png,3,2004026S12063,SI,south_indian_ocean,,2004-02-02T12:00:00Z,CLS-IMG03987,Extremely Severe / Super Cyclonic Storm,ESCS-SuCS,G1355
data/processed/classification/ESCS-SuCS/CLS_04438.png,3,2004026S12063,SI,south_indian_ocean,,2004-02-03T09:00:00Z,CLS-IMG03988,Extremely Severe / Super Cyclonic Storm,ESCS-SuCS,G1355
data/processed/classification/ESCS-SuCS/CLS_04439.png,3,2004052S15172,SP,pacific_ocean,southern_pacific,2004-02-25T18:00:00Z,CLS-IMG03989,Extremely Severe / Super Cyclonic Storm,ESCS-SuCS,G1356
data/processed/classification/ESCS-SuCS/CLS_04440.png,3,2004052S15172,SP,pacific_ocean,southern_pacific,2004-02-26T12:00:00Z,CLS-IMG03990,Extremely Severe / Super Cyclonic Storm,ESCS-SuCS,G1356
data/processed/classification/ESCS-SuCS/CLS_04441.png,3,2004056S18125,SI,south_indian_ocean,,2004-02-29T03:00:00Z,CLS-IMG03991,Extremely Severe / Super Cyclonic Storm,ESCS-SuCS,G0160
data/processed/classification/ESCS-SuCS/CLS_04442.png,3,2004056S18125,SI,south_indian_ocean,,2004-02-29T18:00:00Z,CLS-IMG03992,Extremely Severe / Super Cyclonic Storm,ESCS-SuCS,G0160
data/processed/classification/ESCS-SuCS/CLS_04459.png,3,2004156N16117,WP,pacific_ocean,western_pacific,2004-06-09T09:00:00Z,CLS-IMG04009,Extremely Severe / Super Cyclonic Storm,ESCS-SuCS,G0959
data/processed/classification/ESCS-SuCS/CLS_04460.png,3,2004156N16117,WP,pacific_ocean,western_pacific,2004-06-09T21:00:00Z,CLS-IMG04010,Extremely Severe / Super Cyclonic Storm,ESCS-SuCS,G0959
data/processed/classification/ESCS-SuCS/CLS_04461.png,3,2004164N06139,WP,pacific_ocean,western_pacific,2004-06-16T00:00:00Z,CLS-IMG04011,Extremely Severe / Super Cyclonic Storm,ESCS-SuCS,G0172
data/processed/classification/ESCS-SuCS/CLS_04462.png,3,2004164N06139,WP,pacific_ocean,western_pacific,2004-06-17T09:00:00Z,CLS-IMG04012,Extremely Severe / Super Cyclonic Storm,ESCS-SuCS,G0172
data/processed/classification/ESCS-SuCS/CLS_04466.png,3,2004209N12247,EP,pacific_ocean,eastern_pacific,2004-07-29T06:00:00Z,CLS-IMG04016,Extremely Severe / Super Cyclonic Storm,ESCS-SuCS,G0963
data/processed/classification/ESCS-SuCS/CLS_04467.png,3,2004209N12247,EP,pacific_ocean,eastern_pacific,2004-07-29T18:00:00Z,CLS-IMG04017,Extremely Severe / Super Cyclonic Storm,ESCS-SuCS,G0963
data/processed/classification/ESCS-SuCS/CLS_04469.png,3,2004219N15137,WP,pacific_ocean,western_pacific,2004-08-12T03:00:00Z,CLS-IMG04019,Extremely Severe / Super Cyclonic Storm,ESCS-SuCS,G0964
data/processed/classification/ESCS-SuCS/CLS_04470.png,3,2004230N09172,WP,pacific_ocean,western_pacific,2004-08-21T18:00:00Z,CLS-IMG04020,Extremely Severe / Super Cyclonic Storm,ESCS-SuCS,G0965
data/processed/classification/ESCS-SuCS/CLS_04471.png,3,2004230N09172,WP,pacific_ocean,western_pacific,2004-08-24T03:00:00Z,CLS-IMG04021,Extremely Severe / Super Cyclonic Storm,ESCS-SuCS,G0965
data/processed/classification/ESCS-SuCS/CLS_04472.png,3,2004231N09147,WP,pacific_ocean,western_pacific,2004-08-24T18:00:00Z,CLS-IMG04022,Extremely Severe / Super Cyclonic Storm,ESCS-SuCS,G0965
data/processed/classification/ESCS-SuCS/CLS_04474.png,3,2004244N12257,EP,pacific_ocean,eastern_pacific,2004-09-02T03:00:00Z,CLS-IMG04024,Extremely Severe / Super Cyclonic Storm,ESCS-SuCS,G0182
data/processed/classification/ESCS-SuCS/CLS_04475.png,3,2004244N12257,EP,pacific_ocean,eastern_pacific,2004-09-02T15:00:00Z,CLS-IMG04025,Extremely Severe / Super Cyclonic Storm,ESCS-SuCS,G0182
data/processed/classification/ESCS-SuCS/CLS_04476.png,3,2004244N12257,EP,pacific_ocean,eastern_pacific,2004-09-03T09:00:00Z,CLS-IMG04026,Extremely Severe / Super Cyclonic Storm,ESCS-SuCS,G0182
data/processed/classification/ESCS-SuCS/CLS_04483.png,3,2004263N13153,WP,pacific_ocean,western_pacific,2004-09-24T03:00:00Z,CLS-IMG04033,Extremely Severe / Super Cyclonic Storm,ESCS-SuCS,G1365
data/processed/classification/ESCS-SuCS/CLS_04484.png,3,2004263N13153,WP,pacific_ocean,western_pacific,2004-09-24T21:00:00Z,CLS-IMG04034,Extremely Severe / Super Cyclonic Storm,ESCS-SuCS,G1365
data/processed/classification/ESCS-SuCS/CLS_04485.png,3,2004275N14139,WP,pacific_ocean,western_pacific,2004-10-07T09:00:00Z,CLS-IMG04035,Extremely Severe / Super Cyclonic Storm,ESCS-SuCS,G0967
data/processed/classification/ESCS-SuCS/CLS_04486.png,3,2004275N14139,WP,pacific_ocean,western_pacific,2004-10-08T15:00:00Z,CLS-IMG04036,Extremely Severe / Super Cyclonic Storm,ESCS-SuCS,G0967
data/processed/classification/ESCS-SuCS/CLS_04487.png,3,2004284N07157,WP,pacific_ocean,western_pacific,2004-10-16T00:00:00Z,CLS-IMG04037,Extremely Severe / Super Cyclonic Storm,ESCS-SuCS,G1366
data/processed/classification/ESCS-SuCS/CLS_04488.png,3,2004284N07157,WP,pacific_ocean,western_pacific,2004-10-16T15:00:00Z,CLS-IMG04038,Extremely Severe / Super Cyclonic Storm,ESCS-SuCS,G1366
data/processed/classification/ESCS-SuCS/CLS_04489.png,3,2004288N09164,WP,pacific_ocean,western_pacific,2004-10-21T06:00:00Z,CLS-IMG04039,Extremely Severe / Super Cyclonic Storm,ESCS-SuCS,G0186
data/processed/classification/ESCS-SuCS/CLS_04490.png,3,2004288N09164,WP,pacific_ocean,western_pacific,2004-10-22T09:00:00Z,CLS-IMG04040,Extremely Severe / Super Cyclonic Storm,ESCS-SuCS,G0186
data/processed/classification/ESCS-SuCS/CLS_04492.png,3,2004325S06078,SI,south_indian_ocean,,2004-11-22T18:00:00Z,CLS-IMG04042,Extremely Severe / Super Cyclonic Storm,ESCS-SuCS,G1367
data/processed/classification/ESCS-SuCS/CLS_04493.png,3,2004325S06078,SI,south_indian_ocean,,2004-11-23T18:00:00Z,CLS-IMG04043,Extremely Severe / Super Cyclonic Storm,ESCS-SuCS,G1367
data/processed/classification/ESCS-SuCS/CLS_04494.png,3,2004325S06078,SI,south_indian_ocean,,2004-11-24T12:00:00Z,CLS-IMG04044,Extremely Severe / Super Cyclonic Storm,ESCS-SuCS,G1367
data/processed/classification/ESCS-SuCS/CLS_04495.png,3,2004325S06078,SI,south_indian_ocean,,2004-11-25T03:00:00Z,CLS-IMG04045,Extremely Severe / Super Cyclonic Storm,ESCS-SuCS,G1367
data/processed/classification/ESCS-SuCS/CLS_04496.png,3,2004333N06154,WP,pacific_ocean,western_pacific,2004-12-01T18:00:00Z,CLS-IMG04046,Extremely Severe / Super Cyclonic Storm,ESCS-SuCS,G0192
data/processed/classification/ESCS-SuCS/CLS_04497.png,3,2004357S06095,SI,south_indian_ocean,,2004-12-25T21:00:00Z,CLS-IMG04047,Extremely Severe / Super Cyclonic Storm,ESCS-SuCS,G1368
data/processed/classification/ESCS-SuCS/CLS_04498.png,3,2004357S06095,SI,south_indian_ocean,,2004-12-26T18:00:00Z,CLS-IMG04048,Extremely Severe / Super Cyclonic Storm,ESCS-SuCS,G1368
data/processed/classification/ESCS-SuCS/CLS_04499.png,3,2004357S06095,SI,south_indian_ocean,,2004-12-27T06:00:00Z,CLS-IMG04049,Extremely Severe / Super Cyclonic Storm,ESCS-SuCS,G1368
data/processed/classification/ESCS-SuCS/CLS_04500.png,3,2005003S09177,SP,pacific_ocean,southern_pacific,2005-01-09T21:00:00Z,CLS-IMG04050,Extremely Severe / Super Cyclonic Storm,ESCS-SuCS,G1369
data/processed/classification/ESCS-SuCS/CLS_04501.png,3,2005003S09177,SP,pacific_ocean,southern_pacific,2005-01-10T09:00:00Z,CLS-IMG04051,Extremely Severe / Super Cyclonic Storm,ESCS-SuCS,G1369
data/processed/classification/ESCS-SuCS/CLS_04502.png,3,2005017S09061,SI,south_indian_ocean,,2005-01-22T00:00:00Z,CLS-IMG04052,Extremely Severe / Super Cyclonic Storm,ESCS-SuCS,G0200
data/processed/classification/ESCS-SuCS/CLS_04503.png,3,2005017S09061,SI,south_indian_ocean,,2005-01-22T18:00:00Z,CLS-IMG04053,Extremely Severe / Super Cyclonic Storm,ESCS-SuCS,G0200
data/processed/classification/ESCS-SuCS/CLS_04506.png,3,2005042S12190,SP,pacific_ocean,southern_pacific,2005-02-14T15:00:00Z,CLS-IMG04056,Extremely Severe / Super Cyclonic Storm,ESCS-SuCS,G0205
data/processed/classification/ESCS-SuCS/CLS_04507.png,3,2005041S13181,SP,pacific_ocean,southern_pacific,2005-02-14T18:00:00Z,CLS-IMG04057,Extremely Severe / Super Cyclonic Storm,ESCS-SuCS,G0205
data/processed/classification/ESCS-SuCS/CLS_04508.png,3,2005042S12190,SP,pacific_ocean,southern_pacific,2005-02-15T09:00:00Z,CLS-IMG04058,Extremely Severe / Super Cyclonic Storm,ESCS-SuCS,G0205
data/processed/classification/ESCS-SuCS/CLS_04509.png,3,2005041S13181,SP,pacific_ocean,southern_pacific,2005-02-15T18:00:00Z,CLS-IMG04059,Extremely Severe / Super Cyclonic Storm,ESCS-SuCS,G0205
data/processed/classification/ESCS-SuCS/CLS_04510.png,3,2005041S13181,SP,pacific_ocean,southern_pacific,2005-02-16T06:00:00Z,CLS-IMG04060,Extremely Severe / Super Cyclonic Storm,ESCS-SuCS,G0205
data/processed/classification/ESCS-SuCS/CLS_04511.png,3,2005041S13181,SP,pacific_ocean,southern_pacific,2005-02-17T12:00:00Z,CLS-IMG04061,Extremely Severe / Super Cyclonic Storm,ESCS-SuCS,G0205
data/processed/classification/ESCS-SuCS/CLS_04512.png,3,2005054S09173,SP,pacific_ocean,southern_pacific,2005-02-26T06:00:00Z,CLS-IMG04062,Extremely Severe / Super Cyclonic Storm,ESCS-SuCS,G1370
data/processed/classification/ESCS-SuCS/CLS_04513.png,3,2005054S09173,SP,pacific_ocean,southern_pacific,2005-02-27T03:00:00Z,CLS-IMG04063,Extremely Severe / Super Cyclonic Storm,ESCS-SuCS,G1370
data/processed/classification/ESCS-SuCS/CLS_04514.png,3,2005054S09173,SP,pacific_ocean,southern_pacific,2005-03-02T03:00:00Z,CLS-IMG04064,Extremely Severe / Super Cyclonic Storm,ESCS-SuCS,G1370
data/processed/classification/ESCS-SuCS/CLS_04515.png,3,2005054S09173,SP,pacific_ocean,southern_pacific,2005-03-02T21:00:00Z,CLS-IMG04065,Extremely Severe / Super Cyclonic Storm,ESCS-SuCS,G1370
data/processed/classification/ESCS-SuCS/CLS_04516.png,3,2005067S12120,SI,south_indian_ocean,,2005-03-11T18:00:00Z,CLS-IMG04066,Extremely Severe / Super Cyclonic Storm,ESCS-SuCS,G0207
data/processed/classification/ESCS-SuCS/CLS_04517.png,3,2005092S11102,SI,south_indian_ocean,,2005-04-06T06:00:00Z,CLS-IMG04067,Extremely Severe / Super Cyclonic Storm,ESCS-SuCS,G1372
data/processed/classification/ESCS-SuCS/CLS_04518.png,3,2005092S11102,SI,south_indian_ocean,,2005-04-07T00:00:00Z,CLS-IMG04068,Extremely Severe / Super Cyclonic Storm,ESCS-SuCS,G1372
data/processed/classification/ESCS-SuCS/CLS_04519.png,3,2005092S11102,SI,south_indian_ocean,,2005-04-08T09:00:00Z,CLS-IMG04069,Extremely Severe / Super Cyclonic Storm,ESCS-SuCS,G1372
data/processed/classification/ESCS-SuCS/CLS_04520.png,3,2005092S11102,SI,south_indian_ocean,,2005-04-09T12:00:00Z,CLS-IMG04070,Extremely Severe / Super Cyclonic Storm,ESCS-SuCS,G1372
data/processed/classification/ESCS-SuCS/CLS_04523.png,3,2005148N06156,WP,pacific_ocean,western_pacific,2005-06-06T09:00:00Z,CLS-IMG04073,Extremely Severe / Super Cyclonic Storm,ESCS-SuCS,G0973
data/processed/classification/ESCS-SuCS/CLS_04524.png,3,2005148N06156,WP,pacific_ocean,western_pacific,2005-06-07T06:00:00Z,CLS-IMG04074,Extremely Severe / Super Cyclonic Storm,ESCS-SuCS,G0973
data/processed/classification/ESCS-SuCS/CLS_04525.png,3,2005192N22155,WP,pacific_ocean,western_pacific,2005-07-16T15:00:00Z,CLS-IMG04075,Extremely Severe / Super Cyclonic Storm,ESCS-SuCS,G1373
data/processed/classification/ESCS-SuCS/CLS_04526.png,3,2005192N22155,WP,pacific_ocean,western_pacific,2005-07-17T03:00:00Z,CLS-IMG04076,Extremely Severe / Super Cyclonic Storm,ESCS-SuCS,G1373
data/processed/classification/ESCS-SuCS/CLS_04527.png,3,2005211N09141,WP,pacific_ocean,western_pacific,2005-08-04T18:00:00Z,CLS-IMG04077,Extremely Severe / Super Cyclonic Storm,ESCS-SuCS,G0977
data/processed/classification/ESCS-SuCS/CLS_04533.png,3,2005241N15155,WP,pacific_ocean,western_pacific,2005-09-02T03:00:00Z,CLS-IMG04083,Extremely Severe / Super Cyclonic Storm,ESCS-SuCS,G1374
data/processed/classification/ESCS-SuCS/CLS_04534.png,3,2005241N15155,WP,pacific_ocean,western_pacific,2005-09-02T18:00:00Z,CLS-IMG04084,Extremely Severe / Super Cyclonic Storm,ESCS-SuCS,G1374
data/processed/classification/ESCS-SuCS/CLS_04535.png,3,2005241N15155,WP,pacific_ocean,western_pacific,2005-09-03T21:00:00Z,CLS-IMG04085,Extremely Severe / Super Cyclonic Storm,ESCS-SuCS,G1374
data/processed/classification/ESCS-SuCS/CLS_04536.png,3,2005248N08142,WP,pacific_ocean,western_pacific,2005-09-10T18:00:00Z,CLS-IMG04086,Extremely Severe / Super Cyclonic Storm,ESCS-SuCS,G0981
data/processed/classification/ESCS-SuCS/CLS_04537.png,3,2005258N12242,EP,pacific_ocean,eastern_pacific,2005-09-17T03:00:00Z,CLS-IMG04087,Extremely Severe / Super Cyclonic Storm,ESCS-SuCS,G0217
data/processed/classification/ESCS-SuCS/CLS_04538.png,3,2005258N12242,EP,pacific_ocean,eastern_pacific,2005-09-17T15:00:00Z,CLS-IMG04088,Extremely Severe / Super Cyclonic Storm,ESCS-SuCS,G0217
data/processed/classification/ESCS-SuCS/CLS_04539.png,3,2005258N12242,EP,pacific_ocean,eastern_pacific,2005-09-18T15:00:00Z,CLS-IMG04089,Extremely Severe / Super Cyclonic Storm,ESCS-SuCS,G0217
data/processed/classification/ESCS-SuCS/CLS_04540.png,3,2005258N12242,EP,pacific_ocean,eastern_pacific,2005-09-19T03:00:00Z,CLS-IMG04090,Extremely Severe / Super Cyclonic Storm,ESCS-SuCS,G0217
data/processed/classification/ESCS-SuCS/CLS_04541.png,3,2005258N12242,EP,pacific_ocean,eastern_pacific,2005-09-19T15:00:00Z,CLS-IMG04091,Extremely Severe / Super Cyclonic Storm,ESCS-SuCS,G0217
data/processed/classification/ESCS-SuCS/CLS_04542.png,3,2005255N15246,EP,pacific_ocean,eastern_pacific,2005-09-19T21:00:00Z,CLS-IMG04092,Extremely Severe / Super Cyclonic Storm,ESCS-SuCS,G0217
data/processed/classification/ESCS-SuCS/CLS_04543.png,3,2005255N15246,EP,pacific_ocean,eastern_pacific,2005-09-20T18:00:00Z,CLS-IMG04093,Extremely Severe / Super Cyclonic Storm,ESCS-SuCS,G0217
data/processed/classification/ESCS-SuCS/CLS_04544.png,3,2005255N15246,EP,pacific_ocean,eastern_pacific,2005-09-21T12:00:00Z,CLS-IMG04094,Extremely Severe / Super Cyclonic Storm,ESCS-SuCS,G0217
data/processed/classification/ESCS-SuCS/CLS_04545.png,3,2005255N15246,EP,pacific_ocean,eastern_pacific,2005-09-22T00:00:00Z,CLS-IMG04095,Extremely Severe / Super Cyclonic Storm,ESCS-SuCS,G0217
data/processed/classification/ESCS-SuCS/CLS_04546.png,3,2005262N20155,WP,pacific_ocean,western_pacific,2005-09-23T15:00:00Z,CLS-IMG04096,Extremely Severe / Super Cyclonic Storm,ESCS-SuCS,G1375
data/processed/classification/ESCS-SuCS/CLS_04547.png,3,2005262N20155,WP,pacific_ocean,western_pacific,2005-09-24T12:00:00Z,CLS-IMG04097,Extremely Severe / Super Cyclonic Storm,ESCS-SuCS,G1375
data/processed/classification/ESCS-SuCS/CLS_04548.png,3,2005262N13127,WP,pacific_ocean,western_pacific,2005-09-25T06:00:00Z,CLS-IMG04098,Extremely Severe / Super Cyclonic Storm,ESCS-SuCS,G1376
data/processed/classification/ESCS-SuCS/CLS_04550.png,3,2005271N17255,EP,pacific_ocean,eastern_pacific,2005-10-01T06:00:00Z,CLS-IMG04100,Extremely Severe / Super Cyclonic Storm,ESCS-SuCS,G0985
data/processed/classification/ESCS-SuCS/CLS_04551.png,3,2005282N22138,WP,pacific_ocean,western_pacific,2005-10-11T18:00:00Z,CLS-IMG04101,Extremely Severe / Super Cyclonic Storm,ESCS-SuCS,G0219
data/processed/classification/ESCS-SuCS/CLS_04552.png,3,2005282N22138,WP,pacific_ocean,western_pacific,2005-10-16T12:00:00Z,CLS-IMG04102,Extremely Severe / Super Cyclonic Storm,ESCS-SuCS,G0219
data/processed/classification/ESCS-SuCS/CLS_04553.png,3,2005322S04095,SI,south_indian_ocean,,2005-11-22T15:00:00Z,CLS-IMG04103,Extremely Severe / Super Cyclonic Storm,ESCS-SuCS,G0224
data/processed/classification/ESCS-SuCS/CLS_04554.png,3,2005322S04095,SI,south_indian_ocean,,2005-11-23T03:00:00Z,CLS-IMG04104,Extremely Severe / Super Cyclonic Storm,ESCS-SuCS,G0224
data/processed/classification/ESCS-SuCS/CLS_04555.png,3,2005322S04095,SI,south_indian_ocean,,2005-11-23T21:00:00Z,CLS-IMG04105,Extremely Severe / Super Cyclonic Storm,ESCS-SuCS,G0224
data/processed/classification/ESCS-SuCS/CLS_04556.png,3,2005322S04095,SI,south_indian_ocean,,2005-11-24T09:00:00Z,CLS-IMG04106,Extremely Severe / Super Cyclonic Storm,ESCS-SuCS,G0224
data/processed/classification/ESCS-SuCS/CLS_04560.png,3,2006054S09082,SI,south_indian_ocean,,2006-02-27T03:00:00Z,CLS-IMG04110,Extremely Severe / Super Cyclonic Storm,ESCS-SuCS,G0991
data/processed/classification/ESCS-SuCS/CLS_04561.png,3,2006054S09082,SI,south_indian_ocean,,2006-02-27T21:00:00Z,CLS-IMG04111,Extremely Severe / Super Cyclonic Storm,ESCS-SuCS,G0991
data/processed/classification/ESCS-SuCS/CLS_04562.png,3,2006054S09082,SI,south_indian_ocean,,2006-02-28T09:00:00Z,CLS-IMG04112,Extremely Severe / Super Cyclonic Storm,ESCS-SuCS,G0991
data/processed/classification/ESCS-SuCS/CLS_04563.png,3,2006054S09082,SI,south_indian_ocean,,2006-03-01T06:00:00Z,CLS-IMG04113,Extremely Severe / Super Cyclonic Storm,ESCS-SuCS,G0991
data/processed/classification/ESCS-SuCS/CLS_04564.png,3,2006078S12119,SI,south_indian_ocean,,2006-03-23T18:00:00Z,CLS-IMG04114,Extremely Severe / Super Cyclonic Storm,ESCS-SuCS,G0236
data/processed/classification/ESCS-SuCS/CLS_04565.png,3,2006078S12119,SI,south_indian_ocean,,2006-03-24T12:00:00Z,CLS-IMG04115,Extremely Severe / Super Cyclonic Storm,ESCS-SuCS,G0236
data/processed/classification/ESCS-SuCS/CLS_04566.png,3,2006078S12119,SI,south_indian_ocean,,2006-03-25T00:00:00Z,CLS-IMG04116,Extremely Severe / Super Cyclonic Storm,ESCS-SuCS,G0236
data/processed/classification/ESCS-SuCS/CLS_04567.png,3,2006081S14129,SI,south_indian_ocean,,2006-03-28T12:00:00Z,CLS-IMG04117,Extremely Severe / Super Cyclonic Storm,ESCS-SuCS,G1378
data/processed/classification/ESCS-SuCS/CLS_04568.png,3,2006081S14129,SI,south_indian_ocean,,2006-03-29T03:00:00Z,CLS-IMG04118,Extremely Severe / Super Cyclonic Storm,ESCS-SuCS,G1378
data/processed/classification/ESCS-SuCS/CLS_04569.png,3,2006081S14129,SI,south_indian_ocean,,2006-03-29T21:00:00Z,CLS-IMG04119,Extremely Severe / Super Cyclonic Storm,ESCS-SuCS,G1378
data/processed/classification/ESCS-SuCS/CLS_04570.png,3,2006081S14129,SI,south_indian_ocean,,2006-03-30T09:00:00Z,CLS-IMG04120,Extremely Severe / Super Cyclonic Storm,ESCS-SuCS,G1378
data/processed/classification/ESCS-SuCS/CLS_04572.png,3,2006114N08090,NI,north_indian_ocean,bay_of_bengal,2006-04-28T09:00:00Z,CLS-IMG04121,Extremely Severe / Super Cyclonic Storm,ESCS-SuCS,G0237
data/processed/classification/ESCS-SuCS/CLS_04573.png,3,2006114N08090,NI,north_indian_ocean,bay_of_bengal,2006-04-28T21:00:00Z,CLS-IMG04122,Extremely Severe / Super Cyclonic Storm,ESCS-SuCS,G0237
data/processed/classification/ESCS-SuCS/CLS_04574.png,3,2006128N09138,WP,pacific_ocean,western_pacific,2006-05-14T18:00:00Z,CLS-IMG04123,Extremely Severe / Super Cyclonic Storm,ESCS-SuCS,G1380
data/processed/classification/ESCS-SuCS/CLS_04575.png,3,2006128N09138,WP,pacific_ocean,western_pacific,2006-05-16T09:00:00Z,CLS-IMG04124,Extremely Severe / Super Cyclonic Storm,ESCS-SuCS,G1380
data/processed/classification/ESCS-SuCS/CLS_04576.png,3,2006180N06140,WP,pacific_ocean,western_pacific,2006-07-04T18:00:00Z,CLS-IMG04125,Extremely Severe / Super Cyclonic Storm,ESCS-SuCS,G1381
data/processed/classification/ESCS-SuCS/CLS_04577.png,3,2006180N06140,WP,pacific_ocean,western_pacific,2006-07-05T15:00:00Z,CLS-IMG04126,Extremely Severe / Super Cyclonic Storm,ESCS-SuCS,G1381
data/processed/classification/ESCS-SuCS/CLS_04578.png,3,2006192N13250,EP,pacific_ocean,eastern_pacific,2006-07-12T21:00:00Z,CLS-IMG04127,Extremely Severe / Super Cyclonic Storm,ESCS-SuCS,G0239
data/processed/classification/ESCS-SuCS/CLS_04579.png,3,2006192N13250,EP,pacific_ocean,eastern_pacific,2006-07-13T09:00:00Z,CLS-IMG04128,Extremely Severe / Super Cyclonic Storm,ESCS-SuCS,G0239
data/processed/classification/ESCS-SuCS/CLS_04580.png,3,2006198N12252,EP,pacific_ocean,eastern_pacific,2006-07-20T00:00:00Z,CLS-IMG04129,Extremely Severe / Super Cyclonic Storm,ESCS-SuCS,G1382
data/processed/classification/ESCS-SuCS/CLS_04581.png,3,2006198N12252,EP,pacific_ocean,eastern_pacific,2006-07-20T18:00:00Z,CLS-IMG04130,Extremely Severe / Super Cyclonic Storm,ESCS-SuCS,G1382
data/processed/classification/ESCS-SuCS/CLS_04582.png,3,2006198N12252,EP,pacific_ocean,eastern_pacific,2006-07-21T06:00:00Z,CLS-IMG04131,Extremely Severe / Super Cyclonic Storm,ESCS-SuCS,G1382
data/processed/classification/ESCS-SuCS/CLS_04583.png,3,2006198N12252,EP,pacific_ocean,eastern_pacific,2006-07-23T12:00:00Z,CLS-IMG04132,Extremely Severe / Super Cyclonic Storm,ESCS-SuCS,G1382
data/processed/classification/ESCS-SuCS/CLS_04584.png,3,2006216N07151,WP,pacific_ocean,western_pacific,2006-08-10T00:00:00Z,CLS-IMG04133,Extremely Severe / Super Cyclonic Storm,ESCS-SuCS,G0241
data/processed/classification/ESCS-SuCS/CLS_04585.png,3,2006228N13247,EP,pacific_ocean,eastern_pacific,2006-08-18T12:00:00Z,CLS-IMG04134,Extremely Severe / Super Cyclonic Storm,ESCS-SuCS,G0244
data/processed/classification/ESCS-SuCS/CLS_04586.png,3,2006228N13247,EP,pacific_ocean,eastern_pacific,2006-08-19T00:00:00Z,CLS-IMG04135,Extremely Severe / Super Cyclonic Storm,ESCS-SuCS,G0244
data/processed/classification/ESCS-SuCS/CLS_04587.png,3,2006234N12258,EP,pacific_ocean,eastern_pacific,2006-08-23T06:00:00Z,CLS-IMG04136,Extremely Severe / Super Cyclonic Storm,ESCS-SuCS,G0243
data/processed/classification/ESCS-SuCS/CLS_04588.png,3,2006234N12258,EP,pacific_ocean,eastern_pacific,2006-08-23T18:00:00Z,CLS-IMG04137,Extremely Severe / Super Cyclonic Storm,ESCS-SuCS,G0243
data/processed/classification/ESCS-SuCS/CLS_04589.png,3,2006234N12258,EP,pacific_ocean,eastern_pacific,2006-08-24T09:00:00Z,CLS-IMG04138,Extremely Severe / Super Cyclonic Storm,ESCS-SuCS,G0243
data/processed/classification/ESCS-SuCS/CLS_04590.png,3,2006228N10218,EP,pacific_ocean,eastern_pacific,2006-08-24T21:00:00Z,CLS-IMG04139,Extremely Severe / Super Cyclonic Storm,ESCS-SuCS,G1383
data/processed/classification/ESCS-SuCS/CLS_04591.png,3,2006228N10218,EP,pacific_ocean,eastern_pacific,2006-08-25T21:00:00Z,CLS-IMG04140,Extremely Severe / Super Cyclonic Storm,ESCS-SuCS,G1383
data/processed/classification/ESCS-SuCS/CLS_04592.png,3,2006228N10218,EP,pacific_ocean,eastern_pacific,2006-08-26T21:00:00Z,CLS-IMG04141,Extremely Severe / Super Cyclonic Storm,ESCS-SuCS,G1383
data/processed/classification/ESCS-SuCS/CLS_04595.png,3,2006228N10218,WP,pacific_ocean,western_pacific,2006-08-31T15:00:00Z,CLS-IMG04144,Extremely Severe / Super Cyclonic Storm,ESCS-SuCS,G1383
data/processed/classification/ESCS-SuCS/CLS_04598.png,3,2006252N13139,WP,pacific_ocean,western_pacific,2006-09-12T09:00:00Z,CLS-IMG04147,Extremely Severe / Super Cyclonic Storm,ESCS-SuCS,G1603
data/processed/classification/ESCS-SuCS/CLS_04599.png,3,2006252N13139,WP,pacific_ocean,western_pacific,2006-09-15T12:00:00Z,CLS-IMG04148,Extremely Severe / Super Cyclonic Storm,ESCS-SuCS,G1603
data/processed/classification/ESCS-SuCS/CLS_04600.png,3,2006257N16259,EP,pacific_ocean,eastern_pacific,2006-09-16T06:00:00Z,CLS-IMG04149,Extremely Severe / Super Cyclonic Storm,ESCS-SuCS,G0247
data/processed/classification/ESCS-SuCS/CLS_04601.png,3,2006257N16259,EP,pacific_ocean,eastern_pacific,2006-09-16T18:00:00Z,CLS-IMG04150,Extremely Severe / Super Cyclonic Storm,ESCS-SuCS,G0247
data/processed/classification/ESCS-SuCS/CLS_04602.png,3,2006259N19155,WP,pacific_ocean,western_pacific,2006-09-19T12:00:00Z,CLS-IMG04151,Extremely Severe / Super Cyclonic Storm,ESCS-SuCS,G0246
data/processed/classification/ESCS-SuCS/CLS_04603.png,3,2006259N19155,WP,pacific_ocean,western_pacific,2006-09-22T09:00:00Z,CLS-IMG04152,Extremely Severe / Super Cyclonic Storm,ESCS-SuCS,G0246
data/processed/classification/ESCS-SuCS/CLS_04604.png,3,2006268N12129,WP,pacific_ocean,western_pacific,2006-09-27T06:00:00Z,CLS-IMG04153,Extremely Severe / Super Cyclonic Storm,ESCS-SuCS,G0250
data/processed/classification/ESCS-SuCS/CLS_04605.png,3,2006268N12129,WP,pacific_ocean,western_pacific,2006-09-30T00:00:00Z,CLS-IMG04154,Extremely Severe / Super Cyclonic Storm,ESCS-SuCS,G0250
data/processed/classification/ESCS-SuCS/CLS_04606.png,3,2006282N13160,WP,pacific_ocean,western_pacific,2006-10-13T09:00:00Z,CLS-IMG04155,Extremely Severe / Super Cyclonic Storm,ESCS-SuCS,G1384
data/processed/classification/ESCS-SuCS/CLS_04607.png,3,2006294S10168,SP,pacific_ocean,southern_pacific,2006-10-24T12:00:00Z,CLS-IMG04156,Extremely Severe / Super Cyclonic Storm,ESCS-SuCS,G0255
data/processed/classification/ESCS-SuCS/CLS_04608.png,3,2006298N12143,WP,pacific_ocean,western_pacific,2006-10-29T12:00:00Z,CLS-IMG04157,Extremely Severe / Super Cyclonic Storm,ESCS-SuCS,G1002
data/processed/classification/ESCS-SuCS/CLS_04609.png,3,2006298N12143,WP,pacific_ocean,western_pacific,2006-10-30T18:00:00Z,CLS-IMG04158,Extremely Severe / Super Cyclonic Storm,ESCS-SuCS,G1002
data/processed/classification/ESCS-SuCS/CLS_04612.png,3,2006329N06150,WP,pacific_ocean,western_pacific,2006-11-29T09:00:00Z,CLS-IMG04161,Extremely Severe / Super Cyclonic Storm,ESCS-SuCS,G0260
data/processed/classification/ESCS-SuCS/CLS_04613.png,3,2006329N06150,WP,pacific_ocean,western_pacific,2006-12-03T06:00:00Z,CLS-IMG04162,Extremely Severe / Super Cyclonic Storm,ESCS-SuCS,G0260
data/processed/classification/ESCS-SuCS/CLS_04614.png,3,2006340N08142,WP,pacific_ocean,western_pacific,2006-12-10T03:00:00Z,CLS-IMG04163,Extremely Severe / Super Cyclonic Storm,ESCS-SuCS,G1007
data/processed/classification/ESCS-SuCS/CLS_04615.png,3,2006340N08142,WP,pacific_ocean,western_pacific,2006-12-12T21:00:00Z,CLS-IMG04164,Extremely Severe / Super Cyclonic Storm,ESCS-SuCS,G1007
data/processed/classification/ESCS-SuCS/CLS_04624.png,3,2007043S11071,SI,south_indian_ocean,,2007-02-20T06:00:00Z,CLS-IMG04173,Extremely Severe / Super Cyclonic Storm,ESCS-SuCS,G1387
data/processed/classification/ESCS-SuCS/CLS_04625.png,3,2007043S11071,SI,south_indian_ocean,,2007-02-20T21:00:00Z,CLS-IMG04174,Extremely Severe / Super Cyclonic Storm,ESCS-SuCS,G1387
data/processed/classification/ESCS-SuCS/CLS_04626.png,3,2007043S11071,SI,south_indian_ocean,,2007-02-21T12:00:00Z,CLS-IMG04175,Extremely Severe / Super Cyclonic Storm,ESCS-SuCS,G1387
data/processed/classification/ESCS-SuCS/CLS_04627.png,3,2007043S11071,SI,south_indian_ocean,,2007-02-22T03:00:00Z,CLS-IMG04176,Extremely Severe / Super Cyclonic Storm,ESCS-SuCS,G1387
data/processed/classification/ESCS-SuCS/CLS_04628.png,3,2007050S16079,SI,south_indian_ocean,,2007-02-23T06:00:00Z,CLS-IMG04177,Extremely Severe / Super Cyclonic Storm,ESCS-SuCS,G1388
data/processed/classification/ESCS-SuCS/CLS_04629.png,3,2007050S16079,SI,south_indian_ocean,,2007-02-24T09:00:00Z,CLS-IMG04178,Extremely Severe / Super Cyclonic Storm,ESCS-SuCS,G1388
data/processed/classification/ESCS-SuCS/CLS_04630.png,3,2007050S16079,SI,south_indian_ocean,,2007-02-25T00:00:00Z,CLS-IMG04179,Extremely Severe / Super Cyclonic Storm,ESCS-SuCS,G1388
data/processed/classification/ESCS-SuCS/CLS_04631.png,3,2007050S16079,SI,south_indian_ocean,,2007-02-26T03:00:00Z,CLS-IMG04180,Extremely Severe / Super Cyclonic Storm,ESCS-SuCS,G1388
data/processed/classification/ESCS-SuCS/CLS_04632.png,3,2007050S16079,SI,south_indian_ocean,,2007-02-26T15:00:00Z,CLS-IMG04181,Extremely Severe / Super Cyclonic Storm,ESCS-SuCS,G1388
data/processed/classification/ESCS-SuCS/CLS_04637.png,3,2007085S11085,SI,south_indian_ocean,,2007-03-31T09:00:00Z,CLS-IMG04186,Extremely Severe / Super Cyclonic Storm,ESCS-SuCS,G1389
data/processed/classification/ESCS-SuCS/CLS_04638.png,3,2007085S11085,SI,south_indian_ocean,,2007-03-31T21:00:00Z,CLS-IMG04187,Extremely Severe / Super Cyclonic Storm,ESCS-SuCS,G1389
data/processed/classification/ESCS-SuCS/CLS_04639.png,3,2007085S11085,SI,south_indian_ocean,,2007-04-01T21:00:00Z,CLS-IMG04188,Extremely Severe / Super Cyclonic Storm,ESCS-SuCS,G1389
data/processed/classification/ESCS-SuCS/CLS_04640.png,3,2007085S11085,SI,south_indian_ocean,,2007-04-02T12:00:00Z,CLS-IMG04189,Extremely Severe / Super Cyclonic Storm,ESCS-SuCS,G1389
data/processed/classification/ESCS-SuCS/CLS_04641.png,3,2007085S11085,SI,south_indian_ocean,,2007-04-03T00:00:00Z,CLS-IMG04190,Extremely Severe / Super Cyclonic Storm,ESCS-SuCS,G1389
data/processed/classification/ESCS-SuCS/CLS_04642.png,3,2007090N06158,WP,pacific_ocean,western_pacific,2007-04-03T09:00:00Z,CLS-IMG04191,Extremely Severe / Super Cyclonic Storm,ESCS-SuCS,G1390
data/processed/classification/ESCS-SuCS/CLS_04644.png,3,2007135N08147,WP,pacific_ocean,western_pacific,2007-05-21T09:00:00Z,CLS-IMG04192,Extremely Severe / Super Cyclonic Storm,ESCS-SuCS,G1604
data/processed/classification/ESCS-SuCS/CLS_04649.png,3,2007188N04148,WP,pacific_ocean,western_pacific,2007-07-11T09:00:00Z,CLS-IMG04197,Extremely Severe / Super Cyclonic Storm,ESCS-SuCS,G1392
data/processed/classification/ESCS-SuCS/CLS_04650.png,3,2007188N04148,WP,pacific_ocean,western_pacific,2007-07-13T03:00:00Z,CLS-IMG04198,Extremely Severe / Super Cyclonic Storm,ESCS-SuCS,G1392
data/processed/classification/ESCS-SuCS/CLS_04651.png,3,2007208N20155,WP,pacific_ocean,western_pacific,2007-07-31T18:00:00Z,CLS-IMG04199,Extremely Severe / Super Cyclonic Storm,ESCS-SuCS,G1393
data/processed/classification/ESCS-SuCS/CLS_04652.png,3,2007221N13234,EP,pacific_ocean,eastern_pacific,2007-08-11T00:00:00Z,CLS-IMG04200,Extremely Severe / Super Cyclonic Storm,ESCS-SuCS,G1394
data/processed/classification/ESCS-SuCS/CLS_04653.png,3,2007221N13234,EP,pacific_ocean,eastern_pacific,2007-08-11T15:00:00Z,CLS-IMG04201,Extremely Severe / Super Cyclonic Storm,ESCS-SuCS,G1394
data/processed/classification/ESCS-SuCS/CLS_04654.png,3,2007221N13234,EP,pacific_ocean,eastern_pacific,2007-08-12T06:00:00Z,CLS-IMG04202,Extremely Severe / Super Cyclonic Storm,ESCS-SuCS,G1394
data/processed/classification/ESCS-SuCS/CLS_04655.png,3,2007221N13234,EP,pacific_ocean,eastern_pacific,2007-08-12T18:00:00Z,CLS-IMG04203,Extremely Severe / Super Cyclonic Storm,ESCS-SuCS,G1394
data/processed/classification/ESCS-SuCS/CLS_04656.png,3,2007221N13234,EP,pacific_ocean,eastern_pacific,2007-08-13T12:00:00Z,CLS-IMG04204,Extremely Severe / Super Cyclonic Storm,ESCS-SuCS,G1394
data/processed/classification/ESCS-SuCS/CLS_04663.png,3,2007274N18131,WP,pacific_ocean,western_pacific,2007-10-04T06:00:00Z,CLS-IMG04209,Extremely Severe / Super Cyclonic Storm,ESCS-SuCS,G0283
data/processed/classification/ESCS-SuCS/CLS_04664.png,3,2007274N18131,WP,pacific_ocean,western_pacific,2007-10-05T21:00:00Z,CLS-IMG04210,Extremely Severe / Super Cyclonic Storm,ESCS-SuCS,G0283
data/processed/classification/ESCS-SuCS/CLS_04666.png,3,2007314N10093,NI,north_indian_ocean,bay_of_bengal,2007-11-12T21:00:00Z,CLS-IMG04212,Extremely Severe / Super Cyclonic Storm,ESCS-SuCS,G1398
data/processed/classification/ESCS-SuCS/CLS_04667.png,3,2007314N10093,NI,north_indian_ocean,bay_of_bengal,2007-11-14T06:00:00Z,CLS-IMG04213,Extremely Severe / Super Cyclonic Storm,ESCS-SuCS,G1398
data/processed/classification/ESCS-SuCS/CLS_04668.png,3,2007314N10093,NI,north_indian_ocean,bay_of_bengal,2007-11-14T18:00:00Z,CLS-IMG04214,Extremely Severe / Super Cyclonic Storm,ESCS-SuCS,G1398
data/processed/classification/ESCS-SuCS/CLS_04669.png,3,2007314N10093,NI,north_indian_ocean,bay_of_bengal,2007-11-15T09:00:00Z,CLS-IMG04215,Extremely Severe / Super Cyclonic Storm,ESCS-SuCS,G1398
data/processed/classification/ESCS-SuCS/CLS_04670.png,3,2007324N10140,WP,pacific_ocean,western_pacific,2007-11-23T15:00:00Z,CLS-IMG04216,Extremely Severe / Super Cyclonic Storm,ESCS-SuCS,G1021
data/processed/classification/ESCS-SuCS/CLS_04671.png,3,2007337S12186,SP,pacific_ocean,southern_pacific,2007-12-07T03:00:00Z,CLS-IMG04217,Extremely Severe / Super Cyclonic Storm,ESCS-SuCS,G0290
data/processed/classification/ESCS-SuCS/CLS_04672.png,3,2007337S12186,SP,pacific_ocean,southern_pacific,2007-12-07T21:00:00Z,CLS-IMG04218,Extremely Severe / Super Cyclonic Storm,ESCS-SuCS,G0290
data/processed/classification/ESCS-SuCS/CLS_04673.png,3,2008015S16162,SP,pacific_ocean,southern_pacific,2008-01-18T15:00:00Z,CLS-IMG04219,Extremely Severe / Super Cyclonic Storm,ESCS-SuCS,G0294
data/processed/classification/ESCS-SuCS/CLS_04674.png,3,2008015S16162,SP,pacific_ocean,southern_pacific,2008-01-19T03:00:00Z,CLS-IMG04220,Extremely Severe / Super Cyclonic Storm,ESCS-SuCS,G0294
data/processed/classification/ESCS-SuCS/CLS_04676.png,3,2008026S12179,SP,pacific_ocean,southern_pacific,2008-01-31T12:00:00Z,CLS-IMG04221,Extremely Severe / Super Cyclonic Storm,ESCS-SuCS,G1400
data/processed/classification/ESCS-SuCS/CLS_04677.png,3,2008026S12179,SP,pacific_ocean,southern_pacific,2008-02-01T06:00:00Z,CLS-IMG04222,Extremely Severe / Super Cyclonic Storm,ESCS-SuCS,G1400
data/processed/classification/ESCS-SuCS/CLS_04678.png,3,2008033S11083,SI,south_indian_ocean,,2008-02-06T18:00:00Z,CLS-IMG04223,Extremely Severe / Super Cyclonic Storm,ESCS-SuCS,G1401
data/processed/classification/ESCS-SuCS/CLS_04679.png,3,2008033S11083,SI,south_indian_ocean,,2008-02-07T09:00:00Z,CLS-IMG04224,Extremely Severe / Super Cyclonic Storm,ESCS-SuCS,G1401
data/processed/classification/ESCS-SuCS/CLS_04680.png,3,2008033S11083,SI,south_indian_ocean,,2008-02-08T00:00:00Z,CLS-IMG04225,Extremely Severe / Super Cyclonic Storm,ESCS-SuCS,G1401
data/processed/classification/ESCS-SuCS/CLS_04681.png,3,2008033S11083,SI,south_indian_ocean,,2008-02-09T03:00:00Z,CLS-IMG04226,Extremely Severe / Super Cyclonic Storm,ESCS-SuCS,G1401
data/processed/classification/ESCS-SuCS/CLS_04685.png,3,2008062S10064,SI,south_indian_ocean,,2008-03-07T15:00:00Z,CLS-IMG04230,Extremely Severe / Super Cyclonic Storm,ESCS-SuCS,G1027
data/processed/classification/ESCS-SuCS/CLS_04686.png,3,2008062S10064,SI,south_indian_ocean,,2008-03-08T12:00:00Z,CLS-IMG04231,Extremely Severe / Super Cyclonic Storm,ESCS-SuCS,G1027
data/processed/classification/ESCS-SuCS/CLS_04687.png,3,2008062S10064,SI,south_indian_ocean,,2008-03-10T00:00:00Z,CLS-IMG04232,Extremely Severe / Super Cyclonic Storm,ESCS-SuCS,G1027
data/processed/classification/ESCS-SuCS/CLS_04689.png,3,2008062S10064,SI,south_indian_ocean,,2008-03-10T21:00:00Z,CLS-IMG04234,Extremely Severe / Super Cyclonic Storm,ESCS-SuCS,G1027
data/processed/classification/ESCS-SuCS/CLS_04691.png,3,2008083S12102,SI,south_indian_ocean,,2008-03-27T00:00:00Z,CLS-IMG04236,Extremely Severe / Super Cyclonic Storm,ESCS-SuCS,G0303
data/processed/classification/ESCS-SuCS/CLS_04692.png,3,2008083S12102,SI,south_indian_ocean,,2008-03-27T12:00:00Z,CLS-IMG04237,Extremely Severe / Super Cyclonic Storm,ESCS-SuCS,G0303
data/processed/classification/ESCS-SuCS/CLS_04693.png,3,2008104N08128,WP,pacific_ocean,western_pacific,2008-04-17T09:00:00Z,CLS-IMG04238,Extremely Severe / Super Cyclonic Storm,ESCS-SuCS,G1028
data/processed/classification/ESCS-SuCS/CLS_04694.png,3,2008104N08128,WP,pacific_ocean,western_pacific,2008-04-17T21:00:00Z,CLS-IMG04239,Extremely Severe / Super Cyclonic Storm,ESCS-SuCS,G1028
data/processed/classification/ESCS-SuCS/CLS_04696.png,3,2008147N10141,WP,pacific_ocean,western_pacific,2008-05-29T00:00:00Z,CLS-IMG04241,Extremely Severe / Super Cyclonic Storm,ESCS-SuCS,G1031
data/processed/classification/ESCS-SuCS/CLS_04698.png,3,2008193N20126,WP,pacific_ocean,western_pacific,2008-07-17T09:00:00Z,CLS-IMG04243,Extremely Severe / Super Cyclonic Storm,ESCS-SuCS,G0310
data/processed/classification/ESCS-SuCS/CLS_04700.png,3,2008220N12250,EP,pacific_ocean,eastern_pacific,2008-08-09T06:00:00Z,CLS-IMG04245,Extremely Severe / Super Cyclonic Storm,ESCS-SuCS,G1034
data/processed/classification/ESCS-SuCS/CLS_04701.png,3,2008220N12250,EP,pacific_ocean,eastern_pacific,2008-08-09T18:00:00Z,CLS-IMG04246,Extremely Severe / Super Cyclonic Storm,ESCS-SuCS,G1034
data/processed/classification/ESCS-SuCS/CLS_04702.png,3,2008220N12250,EP,pacific_ocean,eastern_pacific,2008-08-10T06:00:00Z,CLS-IMG04247,Extremely Severe / Super Cyclonic Storm,ESCS-SuCS,G1034
data/processed/classification/ESCS-SuCS/CLS_04704.png,3,2008252N16128,WP,pacific_ocean,western_pacific,2008-09-12T15:00:00Z,CLS-IMG04248,Extremely Severe / Super Cyclonic Storm,ESCS-SuCS,G1409
data/processed/classification/ESCS-SuCS/CLS_04705.png,3,2008262N16142,WP,pacific_ocean,western_pacific,2008-09-22T18:00:00Z,CLS-IMG04249,Extremely Severe / Super Cyclonic Storm,ESCS-SuCS,G0315
data/processed/classification/ESCS-SuCS/CLS_04706.png,3,2008262N16142,WP,pacific_ocean,western_pacific,2008-09-23T18:00:00Z,CLS-IMG04250,Extremely Severe / Super Cyclonic Storm,ESCS-SuCS,G0315
data/processed/classification/ESCS-SuCS/CLS_04707.png,3,2008268N12140,WP,pacific_ocean,western_pacific,2008-09-26T18:00:00Z,CLS-IMG04251,Extremely Severe / Super Cyclonic Storm,ESCS-SuCS,G1605
data/processed/classification/ESCS-SuCS/CLS_04708.png,3,2008268N12140,WP,pacific_ocean,western_pacific,2008-09-27T21:00:00Z,CLS-IMG04252,Extremely Severe / Super Cyclonic Storm,ESCS-SuCS,G1605
data/processed/classification/ESCS-SuCS/CLS_04709.png,3,2008278N13261,EP,pacific_ocean,eastern_pacific,2008-10-08T12:00:00Z,CLS-IMG04253,Extremely Severe / Super Cyclonic Storm,ESCS-SuCS,G0316
data/processed/classification/ESCS-SuCS/CLS_04710.png,3,2008278N13261,EP,pacific_ocean,eastern_pacific,2008-10-09T09:00:00Z,CLS-IMG04254,Extremely Severe / Super Cyclonic Storm,ESCS-SuCS,G0316
data/processed/classification/ESCS-SuCS/CLS_04711.png,3,2008278N13261,EP,pacific_ocean,eastern_pacific,2008-10-11T06:00:00Z,CLS-IMG04255,Extremely Severe / Super Cyclonic Storm,ESCS-SuCS,G0316
data/processed/classification/ESCS-SuCS/CLS_04712.png,3,2008278N13261,EP,pacific_ocean,eastern_pacific,2008-10-11T18:00:00Z,CLS-IMG04256,Extremely Severe / Super Cyclonic Storm,ESCS-SuCS,G0316
data/processed/classification/ESCS-SuCS/CLS_04713.png,3,2008351S11128,SI,south_indian_ocean,,2008-12-24T15:00:00Z,CLS-IMG04257,Extremely Severe / Super Cyclonic Storm,ESCS-SuCS,G0327
data/processed/classification/ESCS-SuCS/CLS_04714.png,3,2008351S11128,SI,south_indian_ocean,,2008-12-25T09:00:00Z,CLS-IMG04258,Extremely Severe / Super Cyclonic Storm,ESCS-SuCS,G0327
data/processed/classification/ESCS-SuCS/CLS_04715.png,3,2009017S20043,SI,south_indian_ocean,,2009-01-20T12:00:00Z,CLS-IMG04259,Extremely Severe / Super Cyclonic Storm,ESCS-SuCS,G0328
data/processed/classification/ESCS-SuCS/CLS_04716.png,3,2009017S20043,SI,south_indian_ocean,,2009-01-21T00:00:00Z,CLS-IMG04260,Extremely Severe / Super Cyclonic Storm,ESCS-SuCS,G0328
data/processed/classification/ESCS-SuCS/CLS_04717.png,3,2009032S15071,SI,south_indian_ocean,,2009-02-06T06:00:00Z,CLS-IMG04261,Extremely Severe / Super Cyclonic Storm,ESCS-SuCS,G1412
data/processed/classification/ESCS-SuCS/CLS_04718.png,3,2009032S15071,SI,south_indian_ocean,,2009-02-07T03:00:00Z,CLS-IMG04262,Extremely Severe / Super Cyclonic Storm,ESCS-SuCS,G1412
data/processed/classification/ESCS-SuCS/CLS_04719.png,3,2009032S15071,SI,south_indian_ocean,,2009-02-07T18:00:00Z,CLS-IMG04263,Extremely Severe / Super Cyclonic Storm,ESCS-SuCS,G1412
data/processed/classification/ESCS-SuCS/CLS_04720.png,3,2009032S15071,SI,south_indian_ocean,,2009-02-08T12:00:00Z,CLS-IMG04264,Extremely Severe / Super Cyclonic Storm,ESCS-SuCS,G1412
data/processed/classification/ESCS-SuCS/CLS_04721.png,3,2009032S15071,SI,south_indian_ocean,,2009-02-09T06:00:00Z,CLS-IMG04265,Extremely Severe / Super Cyclonic Storm,ESCS-SuCS,G1412
data/processed/classification/ESCS-SuCS/CLS_04729.png,3,2009121N13124,WP,pacific_ocean,western_pacific,2009-05-05T06:00:00Z,CLS-IMG04272,Extremely Severe / Super Cyclonic Storm,ESCS-SuCS,G1045
data/processed/classification/ESCS-SuCS/CLS_04730.png,3,2009123N10111,WP,pacific_ocean,western_pacific,2009-05-07T06:00:00Z,CLS-IMG04273,Extremely Severe / Super Cyclonic Storm,ESCS-SuCS,G1046
data/processed/classification/ESCS-SuCS/CLS_04732.png,3,2009215N10242,EP,pacific_ocean,eastern_pacific,2009-08-05T09:00:00Z,CLS-IMG04275,Extremely Severe / Super Cyclonic Storm,ESCS-SuCS,G0350
data/processed/classification/ESCS-SuCS/CLS_04733.png,3,2009215N10242,EP,pacific_ocean,eastern_pacific,2009-08-05T21:00:00Z,CLS-IMG04276,Extremely Severe / Super Cyclonic Storm,ESCS-SuCS,G0350
data/processed/classification/ESCS-SuCS/CLS_04734.png,3,2009215N10242,EP,pacific_ocean,eastern_pacific,2009-08-06T15:00:00Z,CLS-IMG04277,Extremely Severe / Super Cyclonic Storm,ESCS-SuCS,G0350
data/processed/classification/ESCS-SuCS/CLS_04735.png,3,2009215N10242,EP,pacific_ocean,eastern_pacific,2009-08-07T03:00:00Z,CLS-IMG04278,Extremely Severe / Super Cyclonic Storm,ESCS-SuCS,G0350
data/processed/classification/ESCS-SuCS/CLS_04736.png,3,2009215N10242,EP,pacific_ocean,eastern_pacific,2009-08-07T15:00:00Z,CLS-IMG04279,Extremely Severe / Super Cyclonic Storm,ESCS-SuCS,G0350
data/processed/classification/ESCS-SuCS/CLS_04737.png,3,2009222N09262,EP,pacific_ocean,eastern_pacific,2009-08-15T06:00:00Z,CLS-IMG04280,Extremely Severe / Super Cyclonic Storm,ESCS-SuCS,G0353
data/processed/classification/ESCS-SuCS/CLS_04738.png,3,2009222N09262,EP,pacific_ocean,eastern_pacific,2009-08-15T21:00:00Z,CLS-IMG04281,Extremely Severe / Super Cyclonic Storm,ESCS-SuCS,G0353
data/processed/classification/ESCS-SuCS/CLS_04739.png,3,2009228N11163,WP,pacific_ocean,western_pacific,2009-08-21T12:00:00Z,CLS-IMG04282,Extremely Severe / Super Cyclonic Storm,ESCS-SuCS,G1417
data/processed/classification/ESCS-SuCS/CLS_04740.png,3,2009228N11163,WP,pacific_ocean,western_pacific,2009-08-23T09:00:00Z,CLS-IMG04283,Extremely Severe / Super Cyclonic Storm,ESCS-SuCS,G1417
data/processed/classification/ESCS-SuCS/CLS_04741.png,3,2009228N11163,WP,pacific_ocean,western_pacific,2009-08-24T18:00:00Z,CLS-IMG04284,Extremely Severe / Super Cyclonic Storm,ESCS-SuCS,G1417
data/processed/classification/ESCS-SuCS/CLS_04742.png,3,2009239N12270,EP,pacific_ocean,eastern_pacific,2009-08-30T18:00:00Z,CLS-IMG04285,Extremely Severe / Super Cyclonic Storm,ESCS-SuCS,G1418
data/processed/classification/ESCS-SuCS/CLS_04743.png,3,2009239N12270,EP,pacific_ocean,eastern_pacific,2009-08-31T09:00:00Z,CLS-IMG04286,Extremely Severe / Super Cyclonic Storm,ESCS-SuCS,G1418
data/processed/classification/ESCS-SuCS/CLS_04744.png,3,2009239N12270,EP,pacific_ocean,eastern_pacific,2009-09-01T03:00:00Z,CLS-IMG04287,Extremely Severe / Super Cyclonic Storm,ESCS-SuCS,G1418
data/processed/classification/ESCS-SuCS/CLS_04745.png,3,2009239N12270,EP,pacific_ocean,eastern_pacific,2009-09-01T18:00:00Z,CLS-IMG04288,Extremely Severe / Super Cyclonic Storm,ESCS-SuCS,G1418
data/processed/classification/ESCS-SuCS/CLS_04746.png,3,2009239N12270,EP,pacific_ocean,eastern_pacific,2009-09-02T06:00:00Z,CLS-IMG04289,Extremely Severe / Super Cyclonic Storm,ESCS-SuCS,G1418
data/processed/classification/ESCS-SuCS/CLS_04747.png,3,2009255N13155,WP,pacific_ocean,western_pacific,2009-09-16T18:00:00Z,CLS-IMG04290,Extremely Severe / Super Cyclonic Storm,ESCS-SuCS,G1055
data/processed/classification/ESCS-SuCS/CLS_04748.png,3,2009255N13155,WP,pacific_ocean,western_pacific,2009-09-18T12:00:00Z,CLS-IMG04291,Extremely Severe / Super Cyclonic Storm,ESCS-SuCS,G1055
data/processed/classification/ESCS-SuCS/CLS_04749.png,3,2009268N14128,WP,pacific_ocean,western_pacific,2009-09-28T18:00:00Z,CLS-IMG04292,Extremely Severe / Super Cyclonic Storm,ESCS-SuCS,G1057
data/processed/classification/ESCS-SuCS/CLS_04755.png,3,2009288N07267,EP,pacific_ocean,eastern_pacific,2009-10-17T12:00:00Z,CLS-IMG04295,Extremely Severe / Super Cyclonic Storm,ESCS-SuCS,G0360
data/processed/classification/ESCS-SuCS/CLS_04756.png,3,2009288N07267,EP,pacific_ocean,eastern_pacific,2009-10-18T03:00:00Z,CLS-IMG04296,Extremely Severe / Super Cyclonic Storm,ESCS-SuCS,G0360
data/processed/classification/ESCS-SuCS/CLS_04758.png,3,2009288N07267,EP,pacific_ocean,eastern_pacific,2009-10-18T15:00:00Z,CLS-IMG04298,Extremely Severe / Super Cyclonic Storm,ESCS-SuCS,G0360
data/processed/classification/ESCS-SuCS/CLS_04759.png,3,2009288N07267,EP,pacific_ocean,eastern_pacific,2009-10-19T03:00:00Z,CLS-IMG04299,Extremely Severe / Super Cyclonic Storm,ESCS-SuCS,G0360
data/processed/classification/ESCS-SuCS/CLS_04764.png,3,2009299N12153,WP,pacific_ocean,western_pacific,2009-10-29T00:00:00Z,CLS-IMG04304,Extremely Severe / Super Cyclonic Storm,ESCS-SuCS,G1419
data/processed/classification/ESCS-SuCS/CLS_04765.png,3,2009317S10073,SI,south_indian_ocean,,2009-11-15T18:00:00Z,CLS-IMG04305,Extremely Severe / Super Cyclonic Storm,ESCS-SuCS,G0363
data/processed/classification/ESCS-SuCS/CLS_04766.png,3,2009317S10073,SI,south_indian_ocean,,2009-11-16T06:00:00Z,CLS-IMG04306,Extremely Severe / Super Cyclonic Storm,ESCS-SuCS,G0363
data/processed/classification/ESCS-SuCS/CLS_04767.png,3,2009317S10073,SI,south_indian_ocean,,2009-11-17T00:00:00Z,CLS-IMG04307,Extremely Severe / Super Cyclonic Storm,ESCS-SuCS,G0363
data/processed/classification/ESCS-SuCS/CLS_04768.png,3,2009325N06148,WP,pacific_ocean,western_pacific,2009-11-29T21:00:00Z,CLS-IMG04308,Extremely Severe / Super Cyclonic Storm,ESCS-SuCS,G1062
data/processed/classification/ESCS-SuCS/CLS_04769.png,3,2009337S07096,SI,south_indian_ocean,,2009-12-08T15:00:00Z,CLS-IMG04309,Extremely Severe / Super Cyclonic Storm,ESCS-SuCS,G1063
data/processed/classification/ESCS-SuCS/CLS_04770.png,3,2009337S07096,SI,south_indian_ocean,,2009-12-09T09:00:00Z,CLS-IMG04310,Extremely Severe / Super Cyclonic Storm,ESCS-SuCS,G1063
data/processed/classification/ESCS-SuCS/CLS_04771.png,3,2009342S09140,SI,south_indian_ocean,,2009-12-15T12:00:00Z,CLS-IMG04311,Extremely Severe / Super Cyclonic Storm,ESCS-SuCS,G0368
data/processed/classification/ESCS-SuCS/CLS_04772.png,3,2009342S09140,SI,south_indian_ocean,,2009-12-16T00:00:00Z,CLS-IMG04312,Extremely Severe / Super Cyclonic Storm,ESCS-SuCS,G0368
data/processed/classification/ESCS-SuCS/CLS_04773.png,3,2009342S09140,SI,south_indian_ocean,,2009-12-21T12:00:00Z,CLS-IMG04313,Extremely Severe / Super Cyclonic Storm,ESCS-SuCS,G0368
data/processed/classification/ESCS-SuCS/CLS_04774.png,3,2010002S09096,SI,south_indian_ocean,,2010-01-07T09:00:00Z,CLS-IMG04314,Extremely Severe / Super Cyclonic Storm,ESCS-SuCS,G1420
data/processed/classification/ESCS-SuCS/CLS_04775.png,3,2010002S09096,SI,south_indian_ocean,,2010-01-08T06:00:00Z,CLS-IMG04315,Extremely Severe / Super Cyclonic Storm,ESCS-SuCS,G1420
data/processed/classification/ESCS-SuCS/CLS_04776.png,3,2010002S09096,SI,south_indian_ocean,,2010-01-08T18:00:00Z,CLS-IMG04316,Extremely Severe / Super Cyclonic Storm,ESCS-SuCS,G1420
data/processed/classification/ESCS-SuCS/CLS_04777.png,3,2010002S09096,SI,south_indian_ocean,,2010-01-09T12:00:00Z,CLS-IMG04317,Extremely Severe / Super Cyclonic Storm,ESCS-SuCS,G1420
data/processed/classification/ESCS-SuCS/CLS_04778.png,3,2010002S09096,SI,south_indian_ocean,,2010-01-10T00:00:00Z,CLS-IMG04318,Extremely Severe / Super Cyclonic Storm,ESCS-SuCS,G1420
data/processed/classification/ESCS-SuCS/CLS_04779.png,3,2010029S12177,SP,pacific_ocean,southern_pacific,2010-02-04T12:00:00Z,CLS-IMG04319,Extremely Severe / Super Cyclonic Storm,ESCS-SuCS,G1421
data/processed/classification/ESCS-SuCS/CLS_04780.png,3,2010029S12177,SP,pacific_ocean,southern_pacific,2010-02-05T03:00:00Z,CLS-IMG04320,Extremely Severe / Super Cyclonic Storm,ESCS-SuCS,G1421
data/processed/classification/ESCS-SuCS/CLS_04782.png,3,2010040S11185,SP,pacific_ocean,southern_pacific,2010-02-14T03:00:00Z,CLS-IMG04321,Extremely Severe / Super Cyclonic Storm,ESCS-SuCS,G1422
data/processed/classification/ESCS-SuCS/CLS_04783.png,3,2010040S11185,SP,pacific_ocean,southern_pacific,2010-02-14T15:00:00Z,CLS-IMG04322,Extremely Severe / Super Cyclonic Storm,ESCS-SuCS,G1422
data/processed/classification/ESCS-SuCS/CLS_04784.png,3,2010046S10058,SI,south_indian_ocean,,2010-02-19T00:00:00Z,CLS-IMG04323,Extremely Severe / Super Cyclonic Storm,ESCS-SuCS,G0374
data/processed/classification/ESCS-SuCS/CLS_04785.png,3,2010046S10058,SI,south_indian_ocean,,2010-02-19T21:00:00Z,CLS-IMG04324,Extremely Severe / Super Cyclonic Storm,ESCS-SuCS,G0374
data/processed/classification/ESCS-SuCS/CLS_04790.png,3,2010151N14065,NI,north_indian_ocean,arabian_sea,2010-06-02T15:00:00Z,CLS-IMG04329,Extremely Severe / Super Cyclonic Storm,ESCS-SuCS,G0379
data/processed/classification/ESCS-SuCS/CLS_04791.png,3,2010151N14065,NI,north_indian_ocean,arabian_sea,2010-06-03T03:00:00Z,CLS-IMG04330,Extremely Severe / Super Cyclonic Storm,ESCS-SuCS,G0379
data/processed/classification/ESCS-SuCS/CLS_04792.png,3,2010151N14065,NI,north_indian_ocean,arabian_sea,2010-06-03T18:00:00Z,CLS-IMG04331,Extremely Severe / Super Cyclonic Storm,ESCS-SuCS,G0379
data/processed/classification/ESCS-SuCS/CLS_04801.png,3,2010240N15142,WP,pacific_ocean,western_pacific,2010-08-31T18:00:00Z,CLS-IMG04340,Extremely Severe / Super Cyclonic Storm,ESCS-SuCS,G0385
data/processed/classification/ESCS-SuCS/CLS_04802.png,3,2010256N17137,WP,pacific_ocean,western_pacific,2010-09-18T09:00:00Z,CLS-IMG04341,Extremely Severe / Super Cyclonic Storm,ESCS-SuCS,G1069
data/processed/classification/ESCS-SuCS/CLS_04803.png,3,2010263N15149,WP,pacific_ocean,western_pacific,2010-09-24T00:00:00Z,CLS-IMG04342,Extremely Severe / Super Cyclonic Storm,ESCS-SuCS,G1428
data/processed/classification/ESCS-SuCS/CLS_04804.png,3,2010285N13145,WP,pacific_ocean,western_pacific,2010-10-15T21:00:00Z,CLS-IMG04343,Extremely Severe / Super Cyclonic Storm,ESCS-SuCS,G1070
data/processed/classification/ESCS-SuCS/CLS_04805.png,3,2010285N13145,WP,pacific_ocean,western_pacific,2010-10-19T00:00:00Z,CLS-IMG04344,Extremely Severe / Super Cyclonic Storm,ESCS-SuCS,G1070
data/processed/classification/ESCS-SuCS/CLS_04807.png,3,2010293N16147,WP,pacific_ocean,western_pacific,2010-10-27T09:00:00Z,CLS-IMG04346,Extremely Severe / Super Cyclonic Storm,ESCS-SuCS,G1606
data/processed/classification/ESCS-SuCS/CLS_04808.png,3,2011020S13182,SP,pacific_ocean,southern_pacific,2011-01-25T18:00:00Z,CLS-IMG04347,Extremely Severe / Super Cyclonic Storm,ESCS-SuCS,G0397
data/processed/classification/ESCS-SuCS/CLS_04809.png,3,2011020S13182,SP,pacific_ocean,southern_pacific,2011-01-26T06:00:00Z,CLS-IMG04348,Extremely Severe / Super Cyclonic Storm,ESCS-SuCS,G0397
data/processed/classification/ESCS-SuCS/CLS_04810.png,3,2011020S13182,SP,pacific_ocean,southern_pacific,2011-01-27T00:00:00Z,CLS-IMG04349,Extremely Severe / Super Cyclonic Storm,ESCS-SuCS,G0397
data/processed/classification/ESCS-SuCS/CLS_04812.png,3,2011028S13180,SP,pacific_ocean,southern_pacific,2011-01-31T18:00:00Z,CLS-IMG04351,Extremely Severe / Super Cyclonic Storm,ESCS-SuCS,G0400
data/processed/classification/ESCS-SuCS/CLS_04813.png,3,2011028S13180,SP,pacific_ocean,southern_pacific,2011-02-01T15:00:00Z,CLS-IMG04352,Extremely Severe / Super Cyclonic Storm,ESCS-SuCS,G0400
data/processed/classification/ESCS-SuCS/CLS_04814.png,3,2011028S13180,SP,pacific_ocean,southern_pacific,2011-02-02T03:00:00Z,CLS-IMG04353,Extremely Severe / Super Cyclonic Storm,ESCS-SuCS,G0400
data/processed/classification/ESCS-SuCS/CLS_04815.png,3,2011038S11062,SI,south_indian_ocean,,2011-02-13T03:00:00Z,CLS-IMG04354,Extremely Severe / Super Cyclonic Storm,ESCS-SuCS,G0401
data/processed/classification/ESCS-SuCS/CLS_04816.png,3,2011038S11062,SI,south_indian_ocean,,2011-02-13T18:00:00Z,CLS-IMG04355,Extremely Severe / Super Cyclonic Storm,ESCS-SuCS,G0401
data/processed/classification/ESCS-SuCS/CLS_04820.png,3,2011140N08142,WP,pacific_ocean,western_pacific,2011-05-25T00:00:00Z,CLS-IMG04359,Extremely Severe / Super Cyclonic Storm,ESCS-SuCS,G0409
data/processed/classification/ESCS-SuCS/CLS_04821.png,3,2011140N08142,WP,pacific_ocean,western_pacific,2011-05-27T09:00:00Z,CLS-IMG04360,Extremely Severe / Super Cyclonic Storm,ESCS-SuCS,G0409
data/processed/classification/ESCS-SuCS/CLS_04822.png,3,2011140N08142,WP,pacific_ocean,western_pacific,2011-05-27T21:00:00Z,CLS-IMG04361,Extremely Severe / Super Cyclonic Storm,ESCS-SuCS,G0409
data/processed/classification/ESCS-SuCS/CLS_04823.png,3,2011158N11260,EP,pacific_ocean,eastern_pacific,2011-06-09T15:00:00Z,CLS-IMG04362,Extremely Severe / Super Cyclonic Storm,ESCS-SuCS,G0410
data/processed/classification/ESCS-SuCS/CLS_04824.png,3,2011158N11260,EP,pacific_ocean,eastern_pacific,2011-06-10T03:00:00Z,CLS-IMG04363,Extremely Severe / Super Cyclonic Storm,ESCS-SuCS,G0410
data/processed/classification/ESCS-SuCS/CLS_04825.png,3,2011158N11260,EP,pacific_ocean,eastern_pacific,2011-06-11T00:00:00Z,CLS-IMG04364,Extremely Severe / Super Cyclonic Storm,ESCS-SuCS,G0410
data/processed/classification/ESCS-SuCS/CLS_04826.png,3,2011192N18158,WP,pacific_ocean,western_pacific,2011-07-15T00:00:00Z,CLS-IMG04365,Extremely Severe / Super Cyclonic Storm,ESCS-SuCS,G1431
data/processed/classification/ESCS-SuCS/CLS_04827.png,3,2011192N18158,WP,pacific_ocean,western_pacific,2011-07-17T09:00:00Z,CLS-IMG04366,Extremely Severe / Super Cyclonic Storm,ESCS-SuCS,G1431
data/processed/classification/ESCS-SuCS/CLS_04828.png,3,2011199N10271,EP,pacific_ocean,eastern_pacific,2011-07-20T18:00:00Z,CLS-IMG04367,Extremely Severe / Super Cyclonic Storm,ESCS-SuCS,G0414
data/processed/classification/ESCS-SuCS/CLS_04829.png,3,2011199N10271,EP,pacific_ocean,eastern_pacific,2011-07-21T09:00:00Z,CLS-IMG04368,Extremely Severe / Super Cyclonic Storm,ESCS-SuCS,G0414
data/processed/classification/ESCS-SuCS/CLS_04830.png,3,2011199N10271,EP,pacific_ocean,eastern_pacific,2011-07-21T21:00:00Z,CLS-IMG04369,Extremely Severe / Super Cyclonic Storm,ESCS-SuCS,G0414
data/processed/classification/ESCS-SuCS/CLS_04831.png,3,2011208N09145,WP,pacific_ocean,western_pacific,2011-08-01T06:00:00Z,CLS-IMG04370,Extremely Severe / Super Cyclonic Storm,ESCS-SuCS,G1079
data/processed/classification/ESCS-SuCS/CLS_04832.png,3,2011208N09145,WP,pacific_ocean,western_pacific,2011-08-02T21:00:00Z,CLS-IMG04371,Extremely Severe / Super Cyclonic Storm,ESCS-SuCS,G1079
data/processed/classification/ESCS-SuCS/CLS_04833.png,3,2011212N10264,EP,pacific_ocean,eastern_pacific,2011-08-03T03:00:00Z,CLS-IMG04372,Extremely Severe / Super Cyclonic Storm,ESCS-SuCS,G0416
data/processed/classification/ESCS-SuCS/CLS_04834.png,3,2011212N10264,EP,pacific_ocean,eastern_pacific,2011-08-03T18:00:00Z,CLS-IMG04373,Extremely Severe / Super Cyclonic Storm,ESCS-SuCS,G0416
data/processed/classification/ESCS-SuCS/CLS_04835.png,3,2011212N10264,EP,pacific_ocean,eastern_pacific,2011-08-04T06:00:00Z,CLS-IMG04374,Extremely Severe / Super Cyclonic Storm,ESCS-SuCS,G0416
data/processed/classification/ESCS-SuCS/CLS_04836.png,3,2011208N09145,WP,pacific_ocean,western_pacific,2011-08-04T15:00:00Z,CLS-IMG04375,Extremely Severe / Super Cyclonic Storm,ESCS-SuCS,G1079
data/processed/classification/ESCS-SuCS/CLS_04837.png,3,2011233N12129,WP,pacific_ocean,western_pacific,2011-08-25T21:00:00Z,CLS-IMG04376,Extremely Severe / Super Cyclonic Storm,ESCS-SuCS,G0420
data/processed/classification/ESCS-SuCS/CLS_04838.png,3,2011233N12129,WP,pacific_ocean,western_pacific,2011-08-26T21:00:00Z,CLS-IMG04377,Extremely Severe / Super Cyclonic Storm,ESCS-SuCS,G0420
data/processed/classification/ESCS-SuCS/CLS_04842.png,3,2011264N13264,EP,pacific_ocean,eastern_pacific,2011-09-22T21:00:00Z,CLS-IMG04381,Extremely Severe / Super Cyclonic Storm,ESCS-SuCS,G1433
data/processed/classification/ESCS-SuCS/CLS_04843.png,3,2011264N13264,EP,pacific_ocean,eastern_pacific,2011-09-24T12:00:00Z,CLS-IMG04382,Extremely Severe / Super Cyclonic Storm,ESCS-SuCS,G1433
data/processed/classification/ESCS-SuCS/CLS_04844.png,3,2011264N13264,EP,pacific_ocean,eastern_pacific,2011-09-25T12:00:00Z,CLS-IMG04383,Extremely Severe / Super Cyclonic Storm,ESCS-SuCS,G1433
data/processed/classification/ESCS-SuCS/CLS_04845.png,3,2011266N13139,WP,pacific_ocean,western_pacific,2011-09-26T15:00:00Z,CLS-IMG04384,Extremely Severe / Super Cyclonic Storm,ESCS-SuCS,G1432
data/processed/classification/ESCS-SuCS/CLS_04846.png,3,2011264N13264,EP,pacific_ocean,eastern_pacific,2011-09-27T00:00:00Z,CLS-IMG04385,Extremely Severe / Super Cyclonic Storm,ESCS-SuCS,G1433
data/processed/classification/ESCS-SuCS/CLS_04847.png,3,2011270N18139,WP,pacific_ocean,western_pacific,2011-09-30T00:00:00Z,CLS-IMG04386,Extremely Severe / Super Cyclonic Storm,ESCS-SuCS,G1081
data/processed/classification/ESCS-SuCS/CLS_04848.png,3,2011270N18139,WP,pacific_ocean,western_pacific,2011-09-30T21:00:00Z,CLS-IMG04387,Extremely Severe / Super Cyclonic Storm,ESCS-SuCS,G1081
data/processed/classification/ESCS-SuCS/CLS_04849.png,3,2011279N10257,EP,pacific_ocean,eastern_pacific,2011-10-10T09:00:00Z,CLS-IMG04388,Extremely Severe / Super Cyclonic Storm,ESCS-SuCS,G1435
data/processed/classification/ESCS-SuCS/CLS_04850.png,3,2011279N10257,EP,pacific_ocean,eastern_pacific,2011-10-10T21:00:00Z,CLS-IMG04389,Extremely Severe / Super Cyclonic Storm,ESCS-SuCS,G1435
data/processed/classification/ESCS-SuCS/CLS_04851.png,3,2011279N10257,EP,pacific_ocean,eastern_pacific,2011-10-11T15:00:00Z,CLS-IMG04390,Extremely Severe / Super Cyclonic Storm,ESCS-SuCS,G1435
data/processed/classification/ESCS-SuCS/CLS_04854.png,3,2011336S06098,SI,south_indian_ocean,,2011-12-08T00:00:00Z,CLS-IMG04393,Extremely Severe / Super Cyclonic Storm,ESCS-SuCS,G0428
data/processed/classification/ESCS-SuCS/CLS_04855.png,3,2011361S09095,SI,south_indian_ocean,,2011-12-31T21:00:00Z,CLS-IMG04394,Extremely Severe / Super Cyclonic Storm,ESCS-SuCS,G1083
data/processed/classification/ESCS-SuCS/CLS_04856.png,3,2011361S09095,SI,south_indian_ocean,,2012-01-01T09:00:00Z,CLS-IMG04395,Extremely Severe / Super Cyclonic Storm,ESCS-SuCS,G1083
data/processed/classification/ESCS-SuCS/CLS_04868.png,3,2012070S17112,SI,south_indian_ocean,,2012-03-17T00:00:00Z,CLS-IMG04407,Extremely Severe / Super Cyclonic Storm,ESCS-SuCS,G1086
data/processed/classification/ESCS-SuCS/CLS_04869.png,3,2012142N09262,EP,pacific_ocean,eastern_pacific,2012-05-25T00:00:00Z,CLS-IMG04408,Extremely Severe / Super Cyclonic Storm,ESCS-SuCS,G0442
data/processed/classification/ESCS-SuCS/CLS_04870.png,3,2012152N12130,WP,pacific_ocean,western_pacific,2012-06-03T15:00:00Z,CLS-IMG04409,Extremely Severe / Super Cyclonic Storm,ESCS-SuCS,G1440
data/processed/classification/ESCS-SuCS/CLS_04871.png,3,2012152N12130,WP,pacific_ocean,western_pacific,2012-06-04T09:00:00Z,CLS-IMG04410,Extremely Severe / Super Cyclonic Storm,ESCS-SuCS,G1440
data/processed/classification/ESCS-SuCS/CLS_04872.png,3,2012162N06150,WP,pacific_ocean,western_pacific,2012-06-15T21:00:00Z,CLS-IMG04411,Extremely Severe / Super Cyclonic Storm,ESCS-SuCS,G1607
data/processed/classification/ESCS-SuCS/CLS_04873.png,3,2012162N06150,WP,pacific_ocean,western_pacific,2012-06-17T18:00:00Z,CLS-IMG04412,Extremely Severe / Super Cyclonic Storm,ESCS-SuCS,G1607
data/processed/classification/ESCS-SuCS/CLS_04874.png,3,2012186N12255,EP,pacific_ocean,eastern_pacific,2012-07-08T12:00:00Z,CLS-IMG04413,Extremely Severe / Super Cyclonic Storm,ESCS-SuCS,G0444
data/processed/classification/ESCS-SuCS/CLS_04875.png,3,2012189N10262,EP,pacific_ocean,eastern_pacific,2012-07-09T21:00:00Z,CLS-IMG04414,Extremely Severe / Super Cyclonic Storm,ESCS-SuCS,G0445
data/processed/classification/ESCS-SuCS/CLS_04876.png,3,2012189N10262,EP,pacific_ocean,eastern_pacific,2012-07-10T15:00:00Z,CLS-IMG04415,Extremely Severe / Super Cyclonic Storm,ESCS-SuCS,G0445
data/processed/classification/ESCS-SuCS/CLS_04877.png,3,2012189N10262,EP,pacific_ocean,eastern_pacific,2012-07-11T12:00:00Z,CLS-IMG04416,Extremely Severe / Super Cyclonic Storm,ESCS-SuCS,G0445
data/processed/classification/ESCS-SuCS/CLS_04878.png,3,2012189N10262,EP,pacific_ocean,eastern_pacific,2012-07-12T15:00:00Z,CLS-IMG04417,Extremely Severe / Super Cyclonic Storm,ESCS-SuCS,G0445
data/processed/classification/ESCS-SuCS/CLS_04879.png,3,2012193N12259,EP,pacific_ocean,eastern_pacific,2012-07-15T09:00:00Z,CLS-IMG04418,Extremely Severe / Super Cyclonic Storm,ESCS-SuCS,G0445
data/processed/classification/ESCS-SuCS/CLS_04880.png,3,2012201N15129,WP,pacific_ocean,western_pacific,2012-07-23T15:00:00Z,CLS-IMG04419,Extremely Severe / Super Cyclonic Storm,ESCS-SuCS,G1091
data/processed/classification/ESCS-SuCS/CLS_04883.png,3,2012230N21126,WP,pacific_ocean,western_pacific,2012-08-20T15:00:00Z,CLS-IMG04422,Extremely Severe / Super Cyclonic Storm,ESCS-SuCS,G0448
data/processed/classification/ESCS-SuCS/CLS_04884.png,3,2012230N21126,WP,pacific_ocean,western_pacific,2012-08-21T18:00:00Z,CLS-IMG04423,Extremely Severe / Super Cyclonic Storm,ESCS-SuCS,G0448
data/processed/classification/ESCS-SuCS/CLS_04885.png,3,2012232N13141,WP,pacific_ocean,western_pacific,2012-08-25T18:00:00Z,CLS-IMG04424,Extremely Severe / Super Cyclonic Storm,ESCS-SuCS,G0448
data/processed/classification/ESCS-SuCS/CLS_04886.png,3,2012232N13141,WP,pacific_ocean,western_pacific,2012-08-26T12:00:00Z,CLS-IMG04425,Extremely Severe / Super Cyclonic Storm,ESCS-SuCS,G0448
data/processed/classification/ESCS-SuCS/CLS_04889.png,3,2012263N15141,WP,pacific_ocean,western_pacific,2012-09-23T15:00:00Z,CLS-IMG04428,Extremely Severe / Super Cyclonic Storm,ESCS-SuCS,G1446
data/processed/classification/ESCS-SuCS/CLS_04892.png,3,2012263N15141,WP,pacific_ocean,western_pacific,2012-09-28T06:00:00Z,CLS-IMG04431,Extremely Severe / Super Cyclonic Storm,ESCS-SuCS,G1446
data/processed/classification/ESCS-SuCS/CLS_04895.png,3,2012285S04077,SI,south_indian_ocean,,2012-10-14T12:00:00Z,CLS-IMG04434,Extremely Severe / Super Cyclonic Storm,ESCS-SuCS,G0453
data/processed/classification/ESCS-SuCS/CLS_04896.png,3,2012285S04077,SI,south_indian_ocean,,2012-10-15T00:00:00Z,CLS-IMG04435,Extremely Severe / Super Cyclonic Storm,ESCS-SuCS,G0453
