image_path,label,storm_id,basin,region,subregion,timestamp,image_id,class_name,intensity,difficulty,group_id
data/processed/cyclone/POS_0007.png,1,1999343S11123,SI,south_indian_ocean,,1999-12-12T16:00:00Z,IMG0001,cyclone,strong,,G0000
data/processed/cyclone/POS_0003.png,1,1999343S09095,SI,south_indian_ocean,,1999-12-13T06:00:00Z,IMG0002,cyclone,medium,,G0001
data/processed/cyclone/POS_0017.png,1,2000019S11127,SI,south_indian_ocean,,2000-01-18T18:00:00Z,IMG0006,cyclone,weak,,G0004
data/processed/cyclone/POS_0018.png,1,2000019S11127,SI,south_indian_ocean,,2000-01-19T12:00:00Z,IMG0007,cyclone,weak,,G0004
data/processed/cyclone/POS_0019.png,1,2000019S11127,SI,south_indian_ocean,,2000-01-19T21:00:00Z,IMG0008,cyclone,weak,,G0004
data/processed/cyclone/POS_0020.png,1,2000019S11127,SI,south_indian_ocean,,2000-01-20T09:00:00Z,IMG0009,cyclone,weak,,G0004
data/processed/cyclone/POS_0021.png,1,2000019S11127,SI,south_indian_ocean,,2000-01-21T00:00:00Z,IMG0010,cyclone,weak,,G0004
data/processed/cyclone/POS_0022.png,1,2000019S11127,SI,south_indian_ocean,,2000-01-21T12:00:00Z,IMG0011,cyclone,weak,,G0004
data/processed/cyclone/POS_0023.png,1,2000019S11127,SI,south_indian_ocean,,2000-01-22T03:00:00Z,IMG0012,cyclone,weak,,G0004
data/processed/cyclone/POS_0024.png,1,2000019S11127,SI,south_indian_ocean,,2000-01-22T18:00:00Z,IMG0013,cyclone,weak,,G0004
data/processed/cyclone/PRS_0017.png,1,2000025S15056,SI,south_indian_ocean,,2000-01-29T06:00:00Z,IMG0015,cyclone,strong,,G0006
data/processed/cyclone/POS_0025.png,1,2000032S11116,SI,south_indian_ocean,,2000-02-02T16:00:00Z,IMG0016,cyclone,strong,,G0007
data/processed/cyclone/POS_0026.png,1,2000032S11116,SI,south_indian_ocean,,2000-02-10T00:00:00Z,IMG0017,cyclone,strong,,G0007
data/processed/cyclone/PRS_0047.png,1,2000050S13078,SI,south_indian_ocean,,2000-02-23T12:00:00Z,IMG0020,cyclone,strong,,G0009
data/processed/cyclone/POS_0029.png,1,2000056S17152,SP,pacific_ocean,southern_pacific,2000-02-26T18:00:00Z,IMG0022,cyclone,strong,,G0011
data/processed/cyclone/POS_0030.png,1,2000056S17152,SP,pacific_ocean,southern_pacific,2000-03-01T03:00:00Z,IMG0023,cyclone,strong,,G0011
data/processed/cyclone/PRS_0186.png,1,2000060S17123,SI,south_indian_ocean,,2000-03-02T00:00:00Z,IMG0024,cyclone,strong,,G0012
data/processed/cyclone/PRS_0083.png,1,2000064S19209,SP,pacific_ocean,southern_pacific,2000-03-05T21:00:00Z,IMG0025,cyclone,medium,,G0013
data/processed/cyclone/PRS_0391.png,1,2000064S19209,SP,pacific_ocean,southern_pacific,2000-03-06T21:00:00Z,IMG0026,cyclone,medium,,G0013
data/processed/cyclone/POS_0034.png,1,2000060S12086,SI,south_indian_ocean,,2000-03-09T12:00:00Z,IMG0027,cyclone,medium,,G0012
data/processed/cyclone/PRS_0111.png,1,2000060S17123,SI,south_indian_ocean,,2000-03-09T16:00:00Z,IMG0028,cyclone,strong,,G0012
data/processed/cyclone/POS_0035.png,1,2000067S15189,SP,pacific_ocean,southern_pacific,2000-03-11T03:00:00Z,IMG0029,cyclone,strong,,G0014
data/processed/cyclone/POS_0041.png,1,2000088N08090,NI,north_indian_ocean,bay_of_bengal,2000-03-27T12:00:00Z,IMG0031,cyclone,medium,,G0016
data/processed/cyclone/POS_0042.png,1,2000088N08090,NI,north_indian_ocean,bay_of_bengal,2000-03-28T06:00:00Z,IMG0032,cyclone,medium,,G0016
data/processed/cyclone/POS_0044.png,1,2000088N08090,NI,north_indian_ocean,bay_of_bengal,2000-03-29T18:00:00Z,IMG0033,cyclone,medium,,G0016
data/processed/cyclone/POS_0038.png,1,2000083S17102,SI,south_indian_ocean,,2000-03-30T00:00:00Z,IMG0034,cyclone,strong,,G0017
data/processed/cyclone/POS_0046.png,1,2000089S20168,SP,pacific_ocean,southern_pacific,2000-03-31T18:00:00Z,IMG0035,cyclone,medium,,G0018
data/processed/cyclone/POS_0039.png,1,2000083S17102,SI,south_indian_ocean,,2000-04-01T06:00:00Z,IMG0036,cyclone,strong,,G0017
data/processed/cyclone/POS_0048.png,1,2000089S20168,SP,pacific_ocean,southern_pacific,2000-04-05T06:00:00Z,IMG0037,cyclone,medium,,G0018
data/processed/cyclone/POS_0053.png,1,2000138N16119,WP,pacific_ocean,western_pacific,2000-05-17T06:00:00Z,IMG0041,cyclone,medium,,G0021
data/processed/cyclone/POS_0054.png,1,2000138N16119,WP,pacific_ocean,western_pacific,2000-05-19T00:00:00Z,IMG0042,cyclone,medium,,G0021
data/processed/cyclone/POS_0057.png,1,2000141N18116,WP,pacific_ocean,western_pacific,2000-05-20T00:00:00Z,IMG0043,cyclone,weak,,G0022
data/processed/cyclone/POS_0059.png,1,2000141N18116,WP,pacific_ocean,western_pacific,2000-05-21T03:00:00Z,IMG0044,cyclone,weak,,G0022
data/processed/cyclone/POS_0060.png,1,2000141N18116,WP,pacific_ocean,western_pacific,2000-05-21T18:00:00Z,IMG0045,cyclone,weak,,G0022
data/processed/cyclone/POS_0063.png,1,2000142N12262,EP,pacific_ocean,eastern_pacific,2000-05-24T12:00:00Z,IMG0046,cyclone,strong,,G0023
data/processed/cyclone/POS_0064.png,1,2000142N12262,EP,pacific_ocean,eastern_pacific,2000-05-26T06:00:00Z,IMG0047,cyclone,strong,,G0023
data/processed/cyclone/PRS_0035.png,1,2000150N11117,WP,pacific_ocean,western_pacific,2000-05-29T09:00:00Z,IMG0048,cyclone,weak,,G0024
data/processed/cyclone/PRS_0430.png,1,2000150N11117,WP,pacific_ocean,western_pacific,2000-05-30T21:00:00Z,IMG0049,cyclone,weak,,G0024
data/processed/cyclone/PRS_0674.png,1,2000150N11117,WP,pacific_ocean,western_pacific,2000-06-01T00:00:00Z,IMG0050,cyclone,weak,,G0024
data/processed/cyclone/PRS_0162.png,1,2000170N10268,EP,pacific_ocean,eastern_pacific,2000-06-18T00:00:00Z,IMG0053,cyclone,strong,,G0026
data/processed/cyclone/POS_0072.png,1,2000187N12245,EP,pacific_ocean,eastern_pacific,2000-07-06T21:00:00Z,IMG0054,cyclone,weak,,G0027
data/processed/cyclone/POS_0073.png,1,2000193N10131,WP,pacific_ocean,western_pacific,2000-07-12T00:00:00Z,IMG0055,cyclone,weak,,G0028
data/processed/cyclone/POS_0074.png,1,2000193N10131,WP,pacific_ocean,western_pacific,2000-07-14T12:00:00Z,IMG0056,cyclone,weak,,G0028
data/processed/cyclone/PRS_0457.png,1,2000196N16122,WP,pacific_ocean,western_pacific,2000-07-14T15:00:00Z,IMG0057,cyclone,weak,,G0028
data/processed/cyclone/POS_0075.png,1,2000193N10131,WP,pacific_ocean,western_pacific,2000-07-16T18:00:00Z,IMG0058,cyclone,weak,,G0028
data/processed/cyclone/PRS_0645.png,1,2000203N17249,EP,pacific_ocean,eastern_pacific,2000-07-21T09:00:00Z,IMG0059,cyclone,weak,,G0029
data/processed/cyclone/PRS_0227.png,1,2000203N17249,EP,pacific_ocean,eastern_pacific,2000-07-22T12:00:00Z,IMG0060,cyclone,weak,,G0029
data/processed/cyclone/PRS_0678.png,1,2000203N17249,EP,pacific_ocean,eastern_pacific,2000-07-23T12:00:00Z,IMG0061,cyclone,weak,,G0029
data/processed/cyclone/PRS_0474.png,1,2000220N24149,WP,pacific_ocean,western_pacific,2000-08-08T18:00:00Z,IMG0064,cyclone,weak,,G0032
data/processed/cyclone/PRS_0656.png,1,2000220N24149,WP,pacific_ocean,western_pacific,2000-08-10T00:00:00Z,IMG0065,cyclone,weak,,G0032
data/processed/cyclone/POS_0077.png,1,2000230N30169,WP,pacific_ocean,western_pacific,2000-08-17T00:00:00Z,IMG0066,cyclone,weak,,G0033
data/processed/cyclone/POS_0078.png,1,2000230N30169,WP,pacific_ocean,western_pacific,2000-08-18T09:00:00Z,IMG0067,cyclone,weak,,G0033
data/processed/cyclone/POS_0080.png,1,2000236N17084,NI,north_indian_ocean,bay_of_bengal,2000-08-23T09:00:00Z,IMG0068,cyclone,weak,,G0034
data/processed/cyclone/POS_0082.png,1,2000236N17084,NI,north_indian_ocean,bay_of_bengal,2000-08-23T21:00:00Z,IMG0069,cyclone,weak,,G0034
data/processed/cyclone/POS_0083.png,1,2000241N15223,EP,pacific_ocean,eastern_pacific,2000-08-29T06:00:00Z,IMG0071,cyclone,medium,,G0036
data/processed/cyclone/POS_0086.png,1,2000241N15223,EP,pacific_ocean,eastern_pacific,2000-09-01T12:00:00Z,IMG0072,cyclone,medium,,G0036
data/processed/cyclone/PRS_0134.png,1,2000248N17117,WP,pacific_ocean,western_pacific,2000-09-05T12:00:00Z,IMG0073,cyclone,strong,,G0037
data/processed/cyclone/POS_0088.png,1,2000248N18126,WP,pacific_ocean,western_pacific,2000-09-07T18:00:00Z,IMG0074,cyclone,medium,,G0038
data/processed/cyclone/POS_0089.png,1,2000248N18126,WP,pacific_ocean,western_pacific,2000-09-09T15:00:00Z,IMG0076,cyclone,medium,,G0038
data/processed/cyclone/POS_0098.png,1,2000260N15178,WP,pacific_ocean,western_pacific,2000-09-15T18:00:00Z,IMG0078,cyclone,strong,,G0040
data/processed/cyclone/PRS_0116.png,1,2000281N11111,WP,pacific_ocean,western_pacific,2000-10-12T12:00:00Z,IMG0080,cyclone,medium,,G0042
data/processed/cyclone/POS_0099.png,1,2000289N15089,NI,north_indian_ocean,bay_of_bengal,2000-10-15T18:00:00Z,IMG0081,cyclone,medium,,G0043
data/processed/cyclone/POS_0100.png,1,2000289N15089,NI,north_indian_ocean,bay_of_bengal,2000-10-19T03:00:00Z,IMG0082,cyclone,medium,,G0043
data/processed/cyclone/POS_0101.png,1,2000299N13093,NI,north_indian_ocean,bay_of_bengal,2000-10-26T09:00:00Z,IMG0083,cyclone,medium,,G0044
data/processed/cyclone/POS_0102.png,1,2000299N13093,NI,north_indian_ocean,bay_of_bengal,2000-10-27T09:00:00Z,IMG0084,cyclone,medium,,G0044
data/processed/cyclone/POS_0103.png,1,2000313N18126,WP,pacific_ocean,western_pacific,2000-11-08T09:00:00Z,IMG0085,cyclone,weak,,G0045
data/processed/cyclone/POS_0104.png,1,2000313N18126,WP,pacific_ocean,western_pacific,2000-11-09T21:00:00Z,IMG0086,cyclone,weak,,G0045
data/processed/cyclone/POS_0105.png,1,2000331N09092,NI,north_indian_ocean,bay_of_bengal,2000-11-26T03:00:00Z,IMG0088,cyclone,strong,,G0047
data/processed/cyclone/POS_0106.png,1,2000331N09092,NI,north_indian_ocean,bay_of_bengal,2000-11-27T00:00:00Z,IMG0089,cyclone,strong,,G0047
data/processed/cyclone/POS_0107.png,1,2000331N09092,NI,north_indian_ocean,bay_of_bengal,2000-11-27T21:00:00Z,IMG0090,cyclone,strong,,G0047
data/processed/cyclone/POS_0108.png,1,2000331N09092,NI,north_indian_ocean,bay_of_bengal,2000-11-28T15:00:00Z,IMG0091,cyclone,strong,,G0047
data/processed/cyclone/POS_0109.png,1,2000331N09092,NI,north_indian_ocean,bay_of_bengal,2000-11-29T12:00:00Z,IMG0093,cyclone,strong,,G0047
data/processed/cyclone/POS_0110.png,1,2000331N09092,NI,north_indian_ocean,arabian_sea,2000-11-30T03:00:00Z,IMG0094,cyclone,strong,,G0047
data/processed/cyclone/POS_0111.png,1,2000331N09092,NI,north_indian_ocean,arabian_sea,2000-11-30T15:00:00Z,IMG0095,cyclone,strong,,G0047
data/processed/cyclone/POS_0112.png,1,2000331N09092,NI,north_indian_ocean,arabian_sea,2000-12-01T03:00:00Z,IMG0096,cyclone,strong,,G0047
data/processed/cyclone/POS_0113.png,1,2000331N09092,NI,north_indian_ocean,arabian_sea,2000-12-01T18:00:00Z,IMG0097,cyclone,strong,,G0047
data/processed/cyclone/POS_0114.png,1,2000331N09092,NI,north_indian_ocean,arabian_sea,2000-12-02T09:00:00Z,IMG0098,cyclone,strong,,G0047
data/processed/cyclone/POS_0115.png,1,2000331N09092,NI,north_indian_ocean,arabian_sea,2000-12-03T03:00:00Z,IMG0099,cyclone,strong,,G0047
data/processed/cyclone/POS_0117.png,1,2000331N09092,NI,north_indian_ocean,arabian_sea,2000-12-04T06:00:00Z,IMG0100,cyclone,strong,,G0047
data/processed/cyclone/POS_0118.png,1,2000331N09092,NI,north_indian_ocean,arabian_sea,2000-12-05T00:00:00Z,IMG0102,cyclone,strong,,G0047
data/processed/cyclone/POS_0119.png,1,2000331N09092,NI,north_indian_ocean,arabian_sea,2000-12-05T18:00:00Z,IMG0103,cyclone,strong,,G0047
data/processed/cyclone/POS_0121.png,1,2000358N08086,NI,north_indian_ocean,bay_of_bengal,2000-12-24T06:00:00Z,IMG0105,cyclone,strong,,G0050
data/processed/cyclone/POS_0122.png,1,2000358N08086,NI,north_indian_ocean,bay_of_bengal,2000-12-25T00:00:00Z,IMG0106,cyclone,strong,,G0050
data/processed/cyclone/POS_0123.png,1,2000358N08086,NI,north_indian_ocean,bay_of_bengal,2000-12-26T00:00:00Z,IMG0107,cyclone,strong,,G0050
data/processed/cyclone/POS_0124.png,1,2000358N08086,NI,north_indian_ocean,bay_of_bengal,2000-12-26T03:00:00Z,IMG0108,cyclone,strong,,G0050
data/processed/cyclone/POS_0126.png,1,2000358N08086,NI,north_indian_ocean,bay_of_bengal,2000-12-27T15:00:00Z,IMG0109,cyclone,strong,,G0050
data/processed/cyclone/POS_0127.png,1,2000358N08086,NI,north_indian_ocean,arabian_sea,2000-12-28T09:00:00Z,IMG0110,cyclone,strong,,G0050
data/processed/cyclone/POS_0134.png,1,2001003S09091,SI,south_indian_ocean,,2001-01-04T21:00:00Z,IMG0111,cyclone,strong,,G0051
data/processed/cyclone/POS_0135.png,1,2001003S09091,SI,south_indian_ocean,,2001-01-08T12:00:00Z,IMG0112,cyclone,strong,,G0051
data/processed/cyclone/PRS_0261.png,1,2001039S13117,SI,south_indian_ocean,,2001-02-09T15:00:00Z,IMG0115,cyclone,medium,,G0054
data/processed/cyclone/PRS_0109.png,1,2001039S13117,SI,south_indian_ocean,,2001-02-12T06:00:00Z,IMG0116,cyclone,medium,,G0054
data/processed/cyclone/POS_0138.png,1,2001045S14142,SP,pacific_ocean,southern_pacific,2001-02-16T09:00:00Z,IMG0117,cyclone,medium,,G0055
data/processed/cyclone/PRS_0527.png,1,2001047S17157,SP,pacific_ocean,southern_pacific,2001-02-17T00:00:00Z,IMG0118,cyclone,medium,,G0056
data/processed/cyclone/PRS_0410.png,1,2001047N09134,WP,pacific_ocean,western_pacific,2001-02-17T06:00:00Z,IMG0119,cyclone,weak,,G0057
data/processed/cyclone/PRS_0659.png,1,2001047N09134,WP,pacific_ocean,western_pacific,2001-02-18T06:00:00Z,IMG0120,cyclone,weak,,G0057
data/processed/cyclone/PRS_0514.png,1,2001047N09134,WP,pacific_ocean,western_pacific,2001-02-20T00:00:00Z,IMG0121,cyclone,weak,,G0057
data/processed/cyclone/PRS_0290.png,1,2001054S15155,SP,pacific_ocean,southern_pacific,2001-02-25T06:00:00Z,IMG0123,cyclone,strong,,G0059
data/processed/cyclone/POS_0144.png,1,2001056S11163,SP,pacific_ocean,southern_pacific,2001-02-27T15:00:00Z,IMG0124,cyclone,strong,,G0060
data/processed/cyclone/POS_0145.png,1,2001060S19223,SP,pacific_ocean,southern_pacific,2001-03-02T15:00:00Z,IMG0125,cyclone,medium,,G0061
data/processed/cyclone/PRS_0133.png,1,2001093S10062,SI,south_indian_ocean,,2001-04-04T06:00:00Z,IMG0126,cyclone,strong,,G0062
data/processed/cyclone/POS_0147.png,1,2001094S12172,SP,pacific_ocean,southern_pacific,2001-04-05T00:00:00Z,IMG0128,cyclone,strong,,G0064
data/processed/cyclone/POS_0149.png,1,2001094S12172,SP,pacific_ocean,southern_pacific,2001-04-10T12:00:00Z,IMG0129,cyclone,strong,,G0064
data/processed/cyclone/POS_0150.png,1,2001106N04138,WP,pacific_ocean,western_pacific,2001-04-16T09:00:00Z,IMG0130,cyclone,weak,,G0065
data/processed/cyclone/POS_0154.png,1,2001106S08137,SI,south_indian_ocean,,2001-04-17T22:00:00Z,IMG0131,cyclone,strong,,G0066
data/processed/cyclone/POS_0151.png,1,2001106N04138,WP,pacific_ocean,western_pacific,2001-04-18T18:00:00Z,IMG0132,cyclone,weak,,G0065
data/processed/cyclone/POS_0156.png,1,2001141N14068,NI,north_indian_ocean,arabian_sea,2001-05-21T06:00:00Z,IMG0133,cyclone,strong,,G0067
data/processed/cyclone/POS_0157.png,1,2001141N14068,NI,north_indian_ocean,arabian_sea,2001-05-21T18:00:00Z,IMG0134,cyclone,strong,,G0067
data/processed/cyclone/POS_0160.png,1,2001141N14068,NI,north_indian_ocean,arabian_sea,2001-05-23T12:00:00Z,IMG0135,cyclone,strong,,G0067
data/processed/cyclone/POS_0161.png,1,2001141N14068,NI,north_indian_ocean,arabian_sea,2001-05-24T03:00:00Z,IMG0136,cyclone,strong,,G0067
data/processed/cyclone/POS_0163.png,1,2001141N14068,NI,north_indian_ocean,arabian_sea,2001-05-25T06:00:00Z,IMG0137,cyclone,strong,,G0067
data/processed/cyclone/POS_0165.png,1,2001141N14068,NI,north_indian_ocean,arabian_sea,2001-05-26T06:00:00Z,IMG0138,cyclone,strong,,G0067
data/processed/cyclone/POS_0166.png,1,2001141N14068,NI,north_indian_ocean,arabian_sea,2001-05-26T21:00:00Z,IMG0139,cyclone,strong,,G0067
data/processed/cyclone/POS_0168.png,1,2001141N14068,NI,north_indian_ocean,arabian_sea,2001-05-28T06:00:00Z,IMG0140,cyclone,strong,,G0067
data/processed/cyclone/POS_0169.png,1,2001141N14068,NI,north_indian_ocean,arabian_sea,2001-05-29T00:00:00Z,IMG0141,cyclone,strong,,G0067
data/processed/cyclone/PRS_0644.png,1,2001163N20087,NI,north_indian_ocean,bay_of_bengal,2001-06-12T15:00:00Z,IMG0142,cyclone,weak,,G0068
data/processed/cyclone/POS_0170.png,1,2001171N12234,EP,pacific_ocean,eastern_pacific,2001-06-21T12:00:00Z,IMG0143,cyclone,medium,,G0069
data/processed/cyclone/POS_0171.png,1,2001171N12234,EP,pacific_ocean,eastern_pacific,2001-06-24T15:00:00Z,IMG0144,cyclone,medium,,G0069
data/processed/cyclone/PRS_0494.png,1,2001192N21177,WP,pacific_ocean,western_pacific,2001-07-11T06:00:00Z,IMG0145,cyclone,weak,,G0070
data/processed/cyclone/POS_0174.png,1,2001225N18146,WP,pacific_ocean,western_pacific,2001-08-22T09:00:00Z,IMG0150,cyclone,strong,,G0074
data/processed/cyclone/PRS_0697.png,1,2001235N17225,EP,pacific_ocean,eastern_pacific,2001-08-22T15:00:00Z,IMG0151,cyclone,weak,,G0075
data/processed/cyclone/PRS_0548.png,1,2001235N17225,EP,pacific_ocean,eastern_pacific,2001-08-23T15:00:00Z,IMG0152,cyclone,weak,,G0075
data/processed/cyclone/POS_0175.png,1,2001238N16139,WP,pacific_ocean,western_pacific,2001-08-26T06:00:00Z,IMG0153,cyclone,strong,,G0076
data/processed/cyclone/POS_0176.png,1,2001238N16139,WP,pacific_ocean,western_pacific,2001-08-28T09:00:00Z,IMG0154,cyclone,strong,,G0076
data/processed/cyclone/PRS_0049.png,1,2001247N15237,EP,pacific_ocean,eastern_pacific,2001-09-04T12:00:00Z,IMG0158,cyclone,strong,,G0079
data/processed/cyclone/PRS_0074.png,1,2001248N23125,WP,pacific_ocean,western_pacific,2001-09-09T03:00:00Z,IMG0159,cyclone,strong,,G0080
data/processed/cyclone/POS_0182.png,1,2001253N13213,EP,pacific_ocean,eastern_pacific,2001-09-10T00:00:00Z,IMG0160,cyclone,weak,,G0081
data/processed/cyclone/POS_0183.png,1,2001253N13213,EP,pacific_ocean,eastern_pacific,2001-09-10T09:00:00Z,IMG0161,cyclone,weak,,G0081
data/processed/cyclone/POS_0184.png,1,2001253N13213,EP,pacific_ocean,eastern_pacific,2001-09-10T18:00:00Z,IMG0162,cyclone,weak,,G0081
data/processed/cyclone/POS_0185.png,1,2001253N13213,EP,pacific_ocean,eastern_pacific,2001-09-11T03:00:00Z,IMG0163,cyclone,weak,,G0081
data/processed/cyclone/POS_0186.png,1,2001265N16244,EP,pacific_ocean,eastern_pacific,2001-09-22T15:00:00Z,IMG0166,cyclone,strong,,G0083
data/processed/cyclone/POS_0187.png,1,2001265N16244,EP,pacific_ocean,eastern_pacific,2001-09-23T12:00:00Z,IMG0167,cyclone,strong,,G0083
data/processed/cyclone/POS_0189.png,1,2001267N17070,NI,north_indian_ocean,arabian_sea,2001-09-24T00:00:00Z,IMG0168,cyclone,medium,,G0084
data/processed/cyclone/POS_0190.png,1,2001267N17070,NI,north_indian_ocean,arabian_sea,2001-09-25T03:00:00Z,IMG0169,cyclone,medium,,G0084
data/processed/cyclone/POS_0188.png,1,2001265N16244,EP,pacific_ocean,eastern_pacific,2001-09-25T12:00:00Z,IMG0170,cyclone,strong,,G0083
data/processed/cyclone/POS_0191.png,1,2001267N17070,NI,north_indian_ocean,arabian_sea,2001-09-26T06:00:00Z,IMG0171,cyclone,medium,,G0084
data/processed/cyclone/POS_0192.png,1,2001267N17070,NI,north_indian_ocean,arabian_sea,2001-09-27T09:00:00Z,IMG0172,cyclone,medium,,G0084
data/processed/cyclone/PRS_0415.png,1,2001276N14240,EP,pacific_ocean,eastern_pacific,2001-10-03T09:00:00Z,IMG0173,cyclone,weak,,G0085
data/processed/cyclone/POS_0204.png,1,2001277S10082,SI,south_indian_ocean,,2001-10-05T06:00:00Z,IMG0174,cyclone,medium,,G0086
data/processed/cyclone/POS_0193.png,1,2001281N18071,NI,north_indian_ocean,arabian_sea,2001-10-08T06:00:00Z,IMG0175,cyclone,medium,,G0087
data/processed/cyclone/POS_0194.png,1,2001281N18071,NI,north_indian_ocean,arabian_sea,2001-10-09T12:00:00Z,IMG0176,cyclone,medium,,G0087
data/processed/cyclone/POS_0195.png,1,2001281N18071,NI,north_indian_ocean,arabian_sea,2001-10-10T21:00:00Z,IMG0177,cyclone,medium,,G0087
data/processed/cyclone/POS_0196.png,1,2001281N18071,NI,north_indian_ocean,arabian_sea,2001-10-12T09:00:00Z,IMG0178,cyclone,medium,,G0087
data/processed/cyclone/PRS_0333.png,1,2001284N14261,EP,pacific_ocean,eastern_pacific,2001-10-17T12:00:00Z,IMG0180,cyclone,medium,,G0089
data/processed/cyclone/POS_0197.png,1,2001294N11235,EP,pacific_ocean,eastern_pacific,2001-10-22T21:00:00Z,IMG0181,cyclone,strong,,G0090
data/processed/cyclone/PRS_0600.png,1,2001313N12084,NI,north_indian_ocean,bay_of_bengal,2001-11-11T00:00:00Z,IMG0183,cyclone,weak,,G0092
data/processed/cyclone/PRS_0587.png,1,2001313N12084,NI,north_indian_ocean,bay_of_bengal,2001-11-12T03:00:00Z,IMG0184,cyclone,weak,,G0092
data/processed/cyclone/POS_0206.png,1,2001320S11146,SP,pacific_ocean,southern_pacific,2001-11-17T06:00:00Z,IMG0185,cyclone,medium,,G0093
data/processed/cyclone/PRS_0263.png,1,2001321N07148,WP,pacific_ocean,western_pacific,2001-11-17T21:00:00Z,IMG0186,cyclone,medium,,G0094
data/processed/cyclone/POS_0208.png,1,2001324S12081,SI,south_indian_ocean,,2001-11-23T12:00:00Z,IMG0187,cyclone,medium,,G0095
data/processed/cyclone/POS_0209.png,1,2001329S06095,SI,south_indian_ocean,,2001-11-25T15:00:00Z,IMG0188,cyclone,strong,,G0096
data/processed/cyclone/POS_0199.png,1,2001361N01106,WP,pacific_ocean,western_pacific,2001-12-26T15:00:00Z,IMG0189,cyclone,strong,,G0097
data/processed/cyclone/POS_0200.png,1,2001361N01106,WP,pacific_ocean,western_pacific,2001-12-28T06:00:00Z,IMG0190,cyclone,strong,,G0097
data/processed/cyclone/POS_0201.png,1,2001361N01106,NI,north_indian_ocean,bay_of_bengal,2001-12-29T18:00:00Z,IMG0191,cyclone,strong,,G0097
data/processed/cyclone/POS_0202.png,1,2001361N01106,NI,north_indian_ocean,bay_of_bengal,2001-12-30T18:00:00Z,IMG0192,cyclone,strong,,G0097
data/processed/cyclone/POS_0203.png,1,2001361N01106,NI,north_indian_ocean,bay_of_bengal,2001-12-31T15:00:00Z,IMG0193,cyclone,strong,,G0097
data/processed/cyclone/POS_0214.png,1,2002033S13121,SI,south_indian_ocean,,2002-02-04T01:00:00Z,IMG0196,cyclone,strong,,G0099
data/processed/cyclone/POS_0215.png,1,2002033S13121,SI,south_indian_ocean,,2002-02-07T04:00:00Z,IMG0197,cyclone,strong,,G0099
data/processed/cyclone/POS_0213.png,1,2002030S13093,SI,south_indian_ocean,,2002-02-07T15:00:00Z,IMG0198,cyclone,strong,,G0100
data/processed/cyclone/POS_0216.png,1,2002040S14130,SI,south_indian_ocean,,2002-02-09T09:00:00Z,IMG0199,cyclone,weak,,G0101
data/processed/cyclone/POS_0217.png,1,2002040S14130,SI,south_indian_ocean,,2002-02-10T03:00:00Z,IMG0200,cyclone,weak,,G0101
data/processed/cyclone/POS_0218.png,1,2002040S14130,SI,south_indian_ocean,,2002-02-10T21:00:00Z,IMG0201,cyclone,weak,,G0101
data/processed/cyclone/POS_0219.png,1,2002040S14130,SI,south_indian_ocean,,2002-02-11T15:00:00Z,IMG0202,cyclone,weak,,G0101
data/processed/cyclone/PRS_0314.png,1,2002042S20156,SP,pacific_ocean,southern_pacific,2002-02-11T18:00:00Z,IMG0203,cyclone,strong,,G0102
data/processed/cyclone/POS_0220.png,1,2002040S14130,SI,south_indian_ocean,,2002-02-12T09:00:00Z,IMG0204,cyclone,weak,,G0101
data/processed/cyclone/POS_0221.png,1,2002040S14130,SP,pacific_ocean,southern_pacific,2002-02-13T00:00:00Z,IMG0205,cyclone,weak,,G0101
data/processed/cyclone/POS_0222.png,1,2002040S14130,SP,pacific_ocean,southern_pacific,2002-02-13T09:00:00Z,IMG0206,cyclone,weak,,G0101
data/processed/cyclone/POS_0223.png,1,2002040S14130,SP,pacific_ocean,southern_pacific,2002-02-13T21:00:00Z,IMG0207,cyclone,weak,,G0101
data/processed/cyclone/POS_0224.png,1,2002040S14130,SP,pacific_ocean,southern_pacific,2002-02-14T06:00:00Z,IMG0208,cyclone,weak,,G0101
data/processed/cyclone/POS_0228.png,1,2002040S14130,SP,pacific_ocean,southern_pacific,2002-02-16T03:00:00Z,IMG0209,cyclone,weak,,G0101
data/processed/cyclone/POS_0229.png,1,2002040S14130,SP,pacific_ocean,southern_pacific,2002-02-16T12:00:00Z,IMG0210,cyclone,weak,,G0101
data/processed/cyclone/POS_0230.png,1,2002040S14130,SP,pacific_ocean,southern_pacific,2002-02-16T21:00:00Z,IMG0211,cyclone,weak,,G0101
data/processed/cyclone/POS_0231.png,1,2002040S14130,SP,pacific_ocean,southern_pacific,2002-02-17T06:00:00Z,IMG0212,cyclone,weak,,G0101
data/processed/cyclone/PRS_0048.png,1,2002045S18049,SI,south_indian_ocean,,2002-02-17T09:00:00Z,IMG0213,cyclone,strong,,G0103
data/processed/cyclone/POS_0232.png,1,2002040S14130,SP,pacific_ocean,southern_pacific,2002-02-17T18:00:00Z,IMG0214,cyclone,weak,,G0101
data/processed/cyclone/POS_0233.png,1,2002040S14130,SI,south_indian_ocean,,2002-02-18T00:00:00Z,IMG0215,cyclone,weak,,G0101
data/processed/cyclone/POS_0234.png,1,2002040S14130,SI,south_indian_ocean,,2002-02-18T15:00:00Z,IMG0216,cyclone,weak,,G0101
data/processed/cyclone/POS_0235.png,1,2002040S14130,SI,south_indian_ocean,,2002-02-19T06:00:00Z,IMG0217,cyclone,weak,,G0101
data/processed/cyclone/POS_0236.png,1,2002040S14130,SI,south_indian_ocean,,2002-02-19T21:00:00Z,IMG0218,cyclone,weak,,G0101
data/processed/cyclone/POS_0237.png,1,2002040S14130,SI,south_indian_ocean,,2002-02-20T12:00:00Z,IMG0219,cyclone,weak,,G0101
data/processed/cyclone/POS_0238.png,1,2002040S14130,SI,south_indian_ocean,,2002-02-20T21:00:00Z,IMG0220,cyclone,weak,,G0101
data/processed/cyclone/POS_0239.png,1,2002040S14130,SI,south_indian_ocean,,2002-02-21T15:00:00Z,IMG0221,cyclone,weak,,G0101
data/processed/cyclone/POS_0240.png,1,2002040S14130,SI,south_indian_ocean,,2002-02-22T06:00:00Z,IMG0222,cyclone,weak,,G0101
data/processed/cyclone/POS_0241.png,1,2002040S14130,SI,south_indian_ocean,,2002-02-22T21:00:00Z,IMG0223,cyclone,weak,,G0101
data/processed/cyclone/POS_0242.png,1,2002040S14130,SI,south_indian_ocean,,2002-02-23T15:00:00Z,IMG0224,cyclone,weak,,G0101
data/processed/cyclone/POS_0246.png,1,2002062S15154,SP,pacific_ocean,southern_pacific,2002-03-03T09:00:00Z,IMG0225,cyclone,medium,,G0104
data/processed/cyclone/PRS_0513.png,1,2002073S16161,SP,pacific_ocean,southern_pacific,2002-03-15T21:00:00Z,IMG0228,cyclone,medium,,G0107
data/processed/cyclone/POS_0249.png,1,2002078N04138,WP,pacific_ocean,western_pacific,2002-03-23T12:00:00Z,IMG0229,cyclone,weak,,G0108
data/processed/cyclone/POS_0250.png,1,2002096N11155,WP,pacific_ocean,western_pacific,2002-04-06T03:00:00Z,IMG0230,cyclone,weak,,G0109
data/processed/cyclone/POS_0251.png,1,2002096N11155,WP,pacific_ocean,western_pacific,2002-04-07T00:00:00Z,IMG0231,cyclone,weak,,G0109
data/processed/cyclone/POS_0253.png,1,2002126N09068,NI,north_indian_ocean,arabian_sea,2002-05-05T18:00:00Z,IMG0232,cyclone,medium,,G0110
data/processed/cyclone/POS_0254.png,1,2002126N09068,NI,north_indian_ocean,arabian_sea,2002-05-06T21:00:00Z,IMG0233,cyclone,medium,,G0110
data/processed/cyclone/POS_0255.png,1,2002126N09068,NI,north_indian_ocean,arabian_sea,2002-05-07T00:00:00Z,IMG0234,cyclone,medium,,G0110
data/processed/cyclone/POS_0252.png,1,2002122S07063,SI,south_indian_ocean,,2002-05-08T06:00:00Z,IMG0235,cyclone,strong,,G0111
data/processed/cyclone/POS_0257.png,1,2002126N09068,NI,north_indian_ocean,arabian_sea,2002-05-10T06:00:00Z,IMG0236,cyclone,medium,,G0110
data/processed/cyclone/POS_0259.png,1,2002129N08096,NI,north_indian_ocean,bay_of_bengal,2002-05-10T15:00:00Z,IMG0237,cyclone,medium,,G0110
data/processed/cyclone/POS_0260.png,1,2002129N08096,NI,north_indian_ocean,bay_of_bengal,2002-05-11T15:00:00Z,IMG0238,cyclone,medium,,G0110
data/processed/cyclone/POS_0261.png,1,2002129N08096,NI,north_indian_ocean,bay_of_bengal,2002-05-11T18:00:00Z,IMG0239,cyclone,medium,,G0110
data/processed/cyclone/PRS_0090.png,1,2002187N11160,WP,pacific_ocean,western_pacific,2002-07-06T03:00:00Z,IMG0247,cyclone,strong,,G0115
data/processed/cyclone/PRS_0091.png,1,2002198N09182,EP,pacific_ocean,eastern_pacific,2002-07-17T06:00:00Z,IMG0252,cyclone,medium,,G0118
data/processed/cyclone/PRS_0450.png,1,2002215N34140,WP,pacific_ocean,western_pacific,2002-08-04T21:00:00Z,IMG0254,cyclone,weak,,G0120
data/processed/cyclone/PRS_0620.png,1,2002215N34140,WP,pacific_ocean,western_pacific,2002-08-06T06:00:00Z,IMG0255,cyclone,weak,,G0120
data/processed/cyclone/PRS_0710.png,1,2002218N13241,EP,pacific_ocean,eastern_pacific,2002-08-06T18:00:00Z,IMG0256,cyclone,weak,,G0121
data/processed/cyclone/POS_0273.png,1,2002218N13241,EP,pacific_ocean,eastern_pacific,2002-08-08T00:00:00Z,IMG0257,cyclone,weak,,G0121
data/processed/cyclone/POS_0274.png,1,2002222N09163,WP,pacific_ocean,western_pacific,2002-08-12T18:00:00Z,IMG0258,cyclone,strong,,G0122
data/processed/cyclone/POS_0275.png,1,2002222N09163,WP,pacific_ocean,western_pacific,2002-08-17T06:00:00Z,IMG0259,cyclone,strong,,G0122
data/processed/cyclone/POS_0304.png,1,2002247S03067,SI,south_indian_ocean,,2002-09-06T00:00:00Z,IMG0265,cyclone,medium,,G0125
data/processed/cyclone/PRS_0317.png,1,2002252N20121,WP,pacific_ocean,western_pacific,2002-09-09T18:00:00Z,IMG0268,cyclone,medium,,G0126
data/processed/cyclone/PRS_0036.png,1,2002264N13114,WP,pacific_ocean,western_pacific,2002-09-22T09:00:00Z,IMG0269,cyclone,medium,,G0127
data/processed/cyclone/PRS_0089.png,1,2002268N15163,WP,pacific_ocean,western_pacific,2002-09-29T03:00:00Z,IMG0270,cyclone,strong,,G0128
data/processed/cyclone/POS_0285.png,1,2002281N10163,WP,pacific_ocean,western_pacific,2002-10-07T18:00:00Z,IMG0271,cyclone,weak,,G0129
data/processed/cyclone/POS_0286.png,1,2002289N18162,WP,pacific_ocean,western_pacific,2002-10-17T18:00:00Z,IMG0272,cyclone,weak,,G0130
data/processed/cyclone/PRS_0552.png,1,2002291N13177,WP,pacific_ocean,western_pacific,2002-10-18T03:00:00Z,IMG0273,cyclone,weak,,G0131
data/processed/cyclone/POS_0288.png,1,2002289N18162,WP,pacific_ocean,western_pacific,2002-10-20T03:00:00Z,IMG0274,cyclone,weak,,G0130
data/processed/cyclone/POS_0289.png,1,2002295N14082,NI,north_indian_ocean,bay_of_bengal,2002-10-22T15:00:00Z,IMG0275,cyclone,weak,,G0132
data/processed/cyclone/POS_0292.png,1,2002295N14082,NI,north_indian_ocean,bay_of_bengal,2002-10-23T15:00:00Z,IMG0276,cyclone,weak,,G0132
data/processed/cyclone/POS_0294.png,1,2002296N11230,EP,pacific_ocean,eastern_pacific,2002-10-26T06:00:00Z,IMG0277,cyclone,medium,,G0133
data/processed/cyclone/POS_0305.png,1,2002307S07070,SI,south_indian_ocean,,2002-11-03T21:00:00Z,IMG0278,cyclone,medium,,G0134
data/processed/cyclone/POS_0297.png,1,2002318N15250,EP,pacific_ocean,eastern_pacific,2002-11-14T12:00:00Z,IMG0280,cyclone,weak,,G0136
data/processed/cyclone/PRS_0704.png,1,2002318N15250,EP,pacific_ocean,eastern_pacific,2002-11-16T03:00:00Z,IMG0281,cyclone,weak,,G0136
data/processed/cyclone/POS_0306.png,1,2002319S06078,SI,south_indian_ocean,,2002-11-20T00:00:00Z,IMG0282,cyclone,strong,,G0137
data/processed/cyclone/POS_0298.png,1,2002327N10089,NI,north_indian_ocean,bay_of_bengal,2002-11-23T03:00:00Z,IMG0283,cyclone,medium,,G0138
data/processed/cyclone/POS_0299.png,1,2002327N10089,NI,north_indian_ocean,bay_of_bengal,2002-11-25T03:00:00Z,IMG0284,cyclone,medium,,G0138
data/processed/cyclone/POS_0301.png,1,2002327N10089,NI,north_indian_ocean,bay_of_bengal,2002-11-27T12:00:00Z,IMG0285,cyclone,medium,,G0138
data/processed/cyclone/POS_0307.png,1,2002335S13182,SP,pacific_ocean,southern_pacific,2002-12-02T00:00:00Z,IMG0286,cyclone,medium,,G0139
data/processed/cyclone/POS_0308.png,1,2002356S07070,SI,south_indian_ocean,,2002-12-24T03:00:00Z,IMG0288,cyclone,strong,,G0141
data/processed/cyclone/POS_0328.png,1,2002364S16045,SI,south_indian_ocean,,2003-01-09T03:00:00Z,IMG0307,cyclone,medium,,G0143
data/processed/cyclone/PRS_0228.png,1,2003011S09182,SP,pacific_ocean,southern_pacific,2003-01-12T00:00:00Z,IMG0308,cyclone,strong,,G0144
data/processed/cyclone/POS_0332.png,1,2003011N02180,WP,pacific_ocean,western_pacific,2003-01-12T12:00:00Z,IMG0309,cyclone,medium,,G0144
data/processed/cyclone/POS_0334.png,1,2003011N02180,WP,pacific_ocean,western_pacific,2003-01-18T00:00:00Z,IMG0311,cyclone,medium,,G0144
data/processed/cyclone/POS_0338.png,1,2003021S11081,SI,south_indian_ocean,,2003-01-22T06:00:00Z,IMG0312,cyclone,medium,,G0146
data/processed/cyclone/POS_0340.png,1,2003025S16173,SP,pacific_ocean,southern_pacific,2003-01-25T06:00:00Z,IMG0313,cyclone,weak,,G0147
data/processed/cyclone/POS_0341.png,1,2003025S16173,SP,pacific_ocean,southern_pacific,2003-01-25T12:00:00Z,IMG0314,cyclone,weak,,G0147
data/processed/cyclone/POS_0342.png,1,2003025S16173,SP,pacific_ocean,southern_pacific,2003-01-25T18:00:00Z,IMG0315,cyclone,weak,,G0147
data/processed/cyclone/POS_0339.png,1,2003021S11081,SI,south_indian_ocean,,2003-01-26T03:00:00Z,IMG0316,cyclone,medium,,G0146
data/processed/cyclone/POS_0343.png,1,2003025S16173,SP,pacific_ocean,southern_pacific,2003-01-26T06:00:00Z,IMG0317,cyclone,weak,,G0147
data/processed/cyclone/POS_0344.png,1,2003025S16173,SP,pacific_ocean,southern_pacific,2003-01-26T09:00:00Z,IMG0318,cyclone,weak,,G0147
data/processed/cyclone/POS_0336.png,1,2003021S10163,SP,pacific_ocean,southern_pacific,2003-01-27T12:00:00Z,IMG0319,cyclone,strong,,G0148
data/processed/cyclone/POS_0337.png,1,2003021S10163,SP,pacific_ocean,southern_pacific,2003-02-02T18:00:00Z,IMG0320,cyclone,strong,,G0148
data/processed/cyclone/POS_0346.png,1,2003036S10197,SP,pacific_ocean,southern_pacific,2003-02-05T06:00:00Z,IMG0321,cyclone,strong,,G0149
data/processed/cyclone/POS_0347.png,1,2003036S10197,SP,pacific_ocean,southern_pacific,2003-02-09T21:00:00Z,IMG0322,cyclone,strong,,G0149
data/processed/cyclone/POS_0345.png,1,2003035S10099,SI,south_indian_ocean,,2003-02-13T06:00:00Z,IMG0324,cyclone,medium,,G0151
data/processed/cyclone/PRS_0169.png,1,2003039S15066,SI,south_indian_ocean,,2003-02-13T15:00:00Z,IMG0325,cyclone,strong,,G0151
data/processed/cyclone/POS_0350.png,1,2003056S21042,SI,south_indian_ocean,,2003-03-01T00:00:00Z,IMG0327,cyclone,strong,,G0153
data/processed/cyclone/POS_0357.png,1,2003068S14172,SP,pacific_ocean,southern_pacific,2003-03-09T03:00:00Z,IMG0331,cyclone,strong,,G0156
data/processed/cyclone/POS_0356.png,1,2003067S13130,SP,pacific_ocean,southern_pacific,2003-03-12T15:00:00Z,IMG0333,cyclone,medium,,G0157
data/processed/cyclone/POS_0358.png,1,2003068S14172,SP,pacific_ocean,southern_pacific,2003-03-12T17:00:00Z,IMG0334,cyclone,strong,,G0156
data/processed/cyclone/POS_0359.png,1,2003103S14180,SP,pacific_ocean,southern_pacific,2003-04-13T12:00:00Z,IMG0335,cyclone,medium,,G0158
data/processed/cyclone/POS_0360.png,1,2003129N05091,NI,north_indian_ocean,bay_of_bengal,2003-05-09T03:00:00Z,IMG0336,cyclone,strong,,G0159
data/processed/cyclone/POS_0361.png,1,2003129N05091,NI,north_indian_ocean,bay_of_bengal,2003-05-10T00:00:00Z,IMG0337,cyclone,strong,,G0159
data/processed/cyclone/POS_0367.png,1,2003129N05091,NI,north_indian_ocean,bay_of_bengal,2003-05-16T00:00:00Z,IMG0338,cyclone,strong,,G0159
data/processed/cyclone/POS_0368.png,1,2003129N05091,NI,north_indian_ocean,bay_of_bengal,2003-05-17T00:00:00Z,IMG0339,cyclone,strong,,G0159
data/processed/cyclone/POS_0369.png,1,2003129N05091,NI,north_indian_ocean,bay_of_bengal,2003-05-17T12:00:00Z,IMG0340,cyclone,strong,,G0159
data/processed/cyclone/POS_0370.png,1,2003129N05091,NI,north_indian_ocean,bay_of_bengal,2003-05-18T15:00:00Z,IMG0342,cyclone,strong,,G0159
data/processed/cyclone/POS_0372.png,1,2003138N04148,WP,pacific_ocean,western_pacific,2003-05-19T06:00:00Z,IMG0343,cyclone,strong,,G0161
data/processed/cyclone/POS_0373.png,1,2003138N04148,WP,pacific_ocean,western_pacific,2003-05-22T12:00:00Z,IMG0345,cyclone,strong,,G0161
data/processed/cyclone/PRS_0323.png,1,2003155S10172,SP,pacific_ocean,southern_pacific,2003-06-04T18:00:00Z,IMG0347,cyclone,strong,,G0163
data/processed/cyclone/POS_0375.png,1,2003158N08156,WP,pacific_ocean,western_pacific,2003-06-15T12:00:00Z,IMG0348,cyclone,strong,,G0164
data/processed/cyclone/PRS_0155.png,1,2003192N14254,EP,pacific_ocean,eastern_pacific,2003-07-13T03:00:00Z,IMG0349,cyclone,medium,,G0165
data/processed/cyclone/PRS_0039.png,1,2003196N11137,WP,pacific_ocean,western_pacific,2003-07-20T15:00:00Z,IMG0350,cyclone,strong,,G0166
data/processed/cyclone/POS_0378.png,1,2003199N14255,EP,pacific_ocean,eastern_pacific,2003-07-21T15:00:00Z,IMG0351,cyclone,medium,,G0167
data/processed/cyclone/POS_0380.png,1,2003206N21089,NI,north_indian_ocean,arabian_sea,2003-07-27T12:00:00Z,IMG0352,cyclone,weak,,G0168
data/processed/cyclone/PRS_0623.png,1,2003240N21089,NI,north_indian_ocean,bay_of_bengal,2003-08-27T15:00:00Z,IMG0358,cyclone,weak,,G0170
data/processed/cyclone/POS_0384.png,1,2003240N14230,WP,pacific_ocean,western_pacific,2003-09-05T09:00:00Z,IMG0359,cyclone,weak,,G0171
data/processed/cyclone/POS_0410.png,1,2003272S05066,SI,south_indian_ocean,,2003-09-29T03:00:00Z,IMG0361,cyclone,medium,,G0173
data/processed/cyclone/POS_0387.png,1,2003279N17084,NI,north_indian_ocean,bay_of_bengal,2003-10-07T15:00:00Z,IMG0362,cyclone,weak,,G0174
data/processed/cyclone/POS_0389.png,1,2003279N18118,WP,pacific_ocean,western_pacific,2003-10-07T21:00:00Z,IMG0363,cyclone,weak,,G0175
data/processed/cyclone/POS_0388.png,1,2003279N17084,NI,north_indian_ocean,bay_of_bengal,2003-10-08T12:00:00Z,IMG0364,cyclone,weak,,G0174
data/processed/cyclone/POS_0391.png,1,2003279N18118,WP,pacific_ocean,western_pacific,2003-10-10T12:00:00Z,IMG0365,cyclone,weak,,G0175
data/processed/cyclone/PRS_0549.png,1,2003283N26131,WP,pacific_ocean,western_pacific,2003-10-11T00:00:00Z,IMG0366,cyclone,weak,,G0175
data/processed/cyclone/PRS_0637.png,1,2003283N26131,WP,pacific_ocean,western_pacific,2003-10-12T06:00:00Z,IMG0367,cyclone,weak,,G0175
data/processed/cyclone/POS_0393.png,1,2003290N15132,WP,pacific_ocean,western_pacific,2003-10-20T12:00:00Z,IMG0368,cyclone,strong,,G0176
data/processed/cyclone/POS_0398.png,1,2003294N10260,EP,pacific_ocean,eastern_pacific,2003-10-24T06:00:00Z,IMG0371,cyclone,strong,,G0178
data/processed/cyclone/POS_0395.png,1,2003290N15132,WP,pacific_ocean,western_pacific,2003-10-24T12:00:00Z,IMG0372,cyclone,strong,,G0176
data/processed/cyclone/POS_0399.png,1,2003294N10260,EP,pacific_ocean,eastern_pacific,2003-10-25T06:00:00Z,IMG0374,cyclone,strong,,G0178
data/processed/cyclone/POS_0404.png,1,2003315N09067,NI,north_indian_ocean,arabian_sea,2003-11-12T12:00:00Z,IMG0376,cyclone,medium,,G0180
data/processed/cyclone/POS_0405.png,1,2003315N09067,NI,north_indian_ocean,arabian_sea,2003-11-13T18:00:00Z,IMG0377,cyclone,medium,,G0180
data/processed/cyclone/POS_0406.png,1,2003315N09067,NI,north_indian_ocean,arabian_sea,2003-11-14T15:00:00Z,IMG0378,cyclone,medium,,G0180
data/processed/cyclone/POS_0407.png,1,2003315N09067,NI,north_indian_ocean,arabian_sea,2003-11-15T21:00:00Z,IMG0379,cyclone,medium,,G0180
data/processed/cyclone/POS_0411.png,1,2003338S09065,SI,south_indian_ocean,,2003-12-11T06:00:00Z,IMG0380,cyclone,strong,,G0181
data/processed/cyclone/POS_0412.png,1,2003338S09065,SI,south_indian_ocean,,2003-12-14T09:00:00Z,IMG0381,cyclone,strong,,G0181
data/processed/cyclone/POS_0409.png,1,2003345N05092,NI,north_indian_ocean,bay_of_bengal,2003-12-15T00:00:00Z,IMG0382,cyclone,medium,,G0182
data/processed/cyclone/PRS_0403.png,1,2003350S10140,SP,pacific_ocean,southern_pacific,2003-12-16T12:00:00Z,IMG0383,cyclone,strong,,G0183
data/processed/cyclone/POS_0414.png,1,2003340S07093,SI,south_indian_ocean,,2003-12-17T06:00:00Z,IMG0384,cyclone,strong,,G0184
data/processed/cyclone/PRS_0411.png,1,2003350S10140,SP,pacific_ocean,southern_pacific,2003-12-18T18:00:00Z,IMG0385,cyclone,strong,,G0183
data/processed/cyclone/PRS_0168.png,1,2003359S15177,SP,pacific_ocean,southern_pacific,2004-01-07T09:00:00Z,IMG0387,cyclone,strong,,G0186
data/processed/cyclone/POS_0424.png,1,2004041S14147,SP,pacific_ocean,southern_pacific,2004-02-12T09:00:00Z,IMG0389,cyclone,medium,,G0188
data/processed/cyclone/POS_0425.png,1,2004042N08148,WP,pacific_ocean,western_pacific,2004-02-12T15:00:00Z,IMG0390,cyclone,medium,,G0189
data/processed/cyclone/POS_0426.png,1,2004052S15172,SP,pacific_ocean,southern_pacific,2004-02-23T18:00:00Z,IMG0391,cyclone,strong,,G0190
data/processed/cyclone/POS_0427.png,1,2004052S15172,SP,pacific_ocean,southern_pacific,2004-02-26T21:00:00Z,IMG0392,cyclone,strong,,G0190
data/processed/cyclone/POS_0428.png,1,2004056S18125,SI,south_indian_ocean,,2004-02-29T21:00:00Z,IMG0393,cyclone,strong,,G0191
data/processed/cyclone/POS_0429.png,1,2004058S13142,SP,pacific_ocean,southern_pacific,2004-03-01T21:00:00Z,IMG0394,cyclone,medium,,G0192
data/processed/cyclone/POS_0430.png,1,2004061S12072,SI,south_indian_ocean,,2004-03-05T03:00:00Z,IMG0395,cyclone,strong,,G0193
data/processed/cyclone/POS_0431.png,1,2004061S12072,SI,south_indian_ocean,,2004-03-07T00:00:00Z,IMG0396,cyclone,strong,,G0193
data/processed/cyclone/POS_0433.png,1,2004072S11146,SP,pacific_ocean,southern_pacific,2004-03-12T06:00:00Z,IMG0397,cyclone,strong,,G0194
data/processed/cyclone/POS_0432.png,1,2004068S13089,SI,south_indian_ocean,,2004-03-15T06:00:00Z,IMG0398,cyclone,strong,,G0195
data/processed/cyclone/POS_0435.png,1,2004074N03143,WP,pacific_ocean,western_pacific,2004-03-21T00:00:00Z,IMG0399,cyclone,medium,,G0196
data/processed/cyclone/POS_0438.png,1,2004083S08056,SI,south_indian_ocean,,2004-03-23T06:00:00Z,IMG0401,cyclone,weak,,G0198
data/processed/cyclone/POS_0439.png,1,2004083S08056,SI,south_indian_ocean,,2004-03-24T00:00:00Z,IMG0402,cyclone,weak,,G0198
data/processed/cyclone/POS_0440.png,1,2004083S08056,SI,south_indian_ocean,,2004-03-24T21:00:00Z,IMG0403,cyclone,weak,,G0198
data/processed/cyclone/POS_0441.png,1,2004083S08056,SI,south_indian_ocean,,2004-03-25T12:00:00Z,IMG0404,cyclone,weak,,G0198
data/processed/cyclone/POS_0442.png,1,2004083S08056,SI,south_indian_ocean,,2004-03-26T06:00:00Z,IMG0405,cyclone,weak,,G0198
data/processed/cyclone/POS_0443.png,1,2004083S08056,SI,south_indian_ocean,,2004-03-26T21:00:00Z,IMG0406,cyclone,weak,,G0198
data/processed/cyclone/POS_0444.png,1,2004083S08056,SI,south_indian_ocean,,2004-03-27T15:00:00Z,IMG0407,cyclone,weak,,G0198
data/processed/cyclone/POS_0445.png,1,2004083S08056,SI,south_indian_ocean,,2004-03-28T06:00:00Z,IMG0408,cyclone,weak,,G0198
data/processed/cyclone/POS_0451.png,1,2004136N15090,NI,north_indian_ocean,bay_of_bengal,2004-05-15T06:00:00Z,IMG0414,cyclone,strong,,G0201
data/processed/cyclone/POS_0452.png,1,2004136N15090,NI,north_indian_ocean,bay_of_bengal,2004-05-16T06:00:00Z,IMG0415,cyclone,strong,,G0201
data/processed/cyclone/POS_0453.png,1,2004136N15090,NI,north_indian_ocean,bay_of_bengal,2004-05-18T00:00:00Z,IMG0416,cyclone,strong,,G0201
data/processed/cyclone/POS_0454.png,1,2004136N15090,NI,north_indian_ocean,bay_of_bengal,2004-05-19T09:00:00Z,IMG0417,cyclone,strong,,G0201
data/processed/cyclone/POS_0455.png,1,2004162N18068,NI,north_indian_ocean,arabian_sea,2004-06-10T03:00:00Z,IMG0418,cyclone,weak,,G0202
data/processed/cyclone/POS_0456.png,1,2004162N18068,NI,north_indian_ocean,arabian_sea,2004-06-10T15:00:00Z,IMG0419,cyclone,weak,,G0202
data/processed/cyclone/POS_0457.png,1,2004162N18068,NI,north_indian_ocean,arabian_sea,2004-06-10T21:00:00Z,IMG0420,cyclone,weak,,G0202
data/processed/cyclone/POS_0458.png,1,2004162N18068,NI,north_indian_ocean,arabian_sea,2004-06-11T06:00:00Z,IMG0421,cyclone,weak,,G0202
data/processed/cyclone/POS_0459.png,1,2004162N18068,NI,north_indian_ocean,arabian_sea,2004-06-11T15:00:00Z,IMG0422,cyclone,weak,,G0202
data/processed/cyclone/POS_0460.png,1,2004162N18068,NI,north_indian_ocean,arabian_sea,2004-06-12T03:00:00Z,IMG0423,cyclone,weak,,G0202
data/processed/cyclone/POS_0461.png,1,2004162N18068,NI,north_indian_ocean,arabian_sea,2004-06-12T09:00:00Z,IMG0424,cyclone,weak,,G0202
data/processed/cyclone/POS_0463.png,1,2004164N06139,WP,pacific_ocean,western_pacific,2004-06-12T21:00:00Z,IMG0425,cyclone,strong,,G0203
data/processed/cyclone/POS_0462.png,1,2004163N15090,NI,north_indian_ocean,bay_of_bengal,2004-06-13T18:00:00Z,IMG0426,cyclone,weak,,G0204
data/processed/cyclone/POS_0464.png,1,2004164N06139,WP,pacific_ocean,western_pacific,2004-06-17T15:00:00Z,IMG0427,cyclone,strong,,G0203
data/processed/cyclone/POS_0467.png,1,2004185N16241,EP,pacific_ocean,eastern_pacific,2004-07-03T09:00:00Z,IMG0428,cyclone,weak,,G0205
data/processed/cyclone/POS_0468.png,1,2004185N16241,EP,pacific_ocean,eastern_pacific,2004-07-03T21:00:00Z,IMG0429,cyclone,weak,,G0205
data/processed/cyclone/PRS_0491.png,1,2004186N06203,EP,pacific_ocean,eastern_pacific,2004-07-04T09:00:00Z,IMG0430,cyclone,weak,,G0206
data/processed/cyclone/PRS_0624.png,1,2004186N06203,EP,pacific_ocean,eastern_pacific,2004-07-05T12:00:00Z,IMG0431,cyclone,weak,,G0206
data/processed/cyclone/POS_0470.png,1,2004195N15255,EP,pacific_ocean,eastern_pacific,2004-07-13T15:00:00Z,IMG0432,cyclone,medium,,G0207
data/processed/cyclone/PRS_0634.png,1,2004214N12234,EP,pacific_ocean,eastern_pacific,2004-08-01T21:00:00Z,IMG0433,cyclone,weak,,G0208
data/processed/cyclone/PRS_0043.png,1,2004219N15137,WP,pacific_ocean,western_pacific,2004-08-12T18:00:00Z,IMG0434,cyclone,strong,,G0209
data/processed/cyclone/POS_0473.png,1,2004231N09147,WP,pacific_ocean,western_pacific,2004-08-19T09:00:00Z,IMG0435,cyclone,strong,,G0210
data/processed/cyclone/POS_0478.png,1,2004237N17236,EP,pacific_ocean,eastern_pacific,2004-08-23T21:00:00Z,IMG0437,cyclone,weak,,G0212
data/processed/cyclone/POS_0479.png,1,2004237N17236,EP,pacific_ocean,eastern_pacific,2004-08-25T12:00:00Z,IMG0438,cyclone,weak,,G0212
data/processed/cyclone/POS_0475.png,1,2004231N09147,WP,pacific_ocean,western_pacific,2004-08-26T06:00:00Z,IMG0439,cyclone,strong,,G0210
data/processed/cyclone/PRS_0559.png,1,2004238N13154,WP,pacific_ocean,western_pacific,2004-08-26T06:00:00Z,IMG0440,cyclone,weak,,G0213
data/processed/cyclone/POS_0480.png,1,2004237N17236,EP,pacific_ocean,eastern_pacific,2004-08-26T12:00:00Z,IMG0441,cyclone,weak,,G0212
data/processed/cyclone/PRS_0567.png,1,2004238N13154,WP,pacific_ocean,western_pacific,2004-08-28T03:00:00Z,IMG0442,cyclone,weak,,G0213
data/processed/cyclone/POS_0483.png,1,2004255N11267,EP,pacific_ocean,eastern_pacific,2004-09-11T06:00:00Z,IMG0444,cyclone,strong,,G0215
data/processed/cyclone/POS_0484.png,1,2004255N11267,EP,pacific_ocean,eastern_pacific,2004-09-13T21:00:00Z,IMG0447,cyclone,strong,,G0215
data/processed/cyclone/POS_0485.png,1,2004255N11267,EP,pacific_ocean,eastern_pacific,2004-09-15T21:00:00Z,IMG0449,cyclone,strong,,G0215
data/processed/cyclone/POS_0497.png,1,2004276N12087,NI,north_indian_ocean,bay_of_bengal,2004-10-02T03:00:00Z,IMG0450,cyclone,weak,,G0218
data/processed/cyclone/POS_0498.png,1,2004276N12087,NI,north_indian_ocean,bay_of_bengal,2004-10-03T18:00:00Z,IMG0453,cyclone,weak,,G0218
data/processed/cyclone/POS_0499.png,1,2004307N09068,NI,north_indian_ocean,arabian_sea,2004-11-02T06:00:00Z,IMG0459,cyclone,medium,,G0222
data/processed/cyclone/POS_0500.png,1,2004307N09068,NI,north_indian_ocean,arabian_sea,2004-11-03T12:00:00Z,IMG0460,cyclone,medium,,G0222
data/processed/cyclone/POS_0503.png,1,2004307N09068,NI,north_indian_ocean,arabian_sea,2004-11-06T18:00:00Z,IMG0461,cyclone,medium,,G0222
data/processed/cyclone/POS_0521.png,1,2004312S05085,SI,south_indian_ocean,,2004-11-07T12:00:00Z,IMG0462,cyclone,medium,,G0223
data/processed/cyclone/POS_0504.png,1,2004307N09068,NI,north_indian_ocean,arabian_sea,2004-11-08T12:00:00Z,IMG0463,cyclone,medium,,G0222
data/processed/cyclone/POS_0505.png,1,2004327N16125,WP,pacific_ocean,western_pacific,2004-11-22T12:00:00Z,IMG0464,cyclone,medium,,G0224
data/processed/cyclone/POS_0506.png,1,2004332N02072,NI,north_indian_ocean,arabian_sea,2004-11-27T03:00:00Z,IMG0466,cyclone,strong,,G0226
data/processed/cyclone/POS_0508.png,1,2004332N02072,NI,north_indian_ocean,arabian_sea,2004-11-28T06:00:00Z,IMG0467,cyclone,strong,,G0226
data/processed/cyclone/POS_0509.png,1,2004332N02072,NI,north_indian_ocean,arabian_sea,2004-11-28T21:00:00Z,IMG0468,cyclone,strong,,G0226
data/processed/cyclone/POS_0512.png,1,2004332N02072,NI,north_indian_ocean,arabian_sea,2004-11-30T21:00:00Z,IMG0469,cyclone,strong,,G0226
data/processed/cyclone/POS_0513.png,1,2004332N02072,NI,north_indian_ocean,arabian_sea,2004-12-01T03:00:00Z,IMG0470,cyclone,strong,,G0226
data/processed/cyclone/POS_0514.png,1,2004332N02072,NI,north_indian_ocean,arabian_sea,2004-12-01T21:00:00Z,IMG0471,cyclone,strong,,G0226
data/processed/cyclone/POS_0515.png,1,2004332N02072,NI,north_indian_ocean,arabian_sea,2004-12-02T12:00:00Z,IMG0472,cyclone,strong,,G0226
data/processed/cyclone/POS_0516.png,1,2004332N02072,NI,north_indian_ocean,arabian_sea,2004-12-03T09:00:00Z,IMG0473,cyclone,strong,,G0226
data/processed/cyclone/POS_0517.png,1,2004332N02072,NI,north_indian_ocean,arabian_sea,2004-12-04T03:00:00Z,IMG0474,cyclone,strong,,G0226
data/processed/cyclone/POS_0519.png,1,2004344N06178,WP,pacific_ocean,western_pacific,2004-12-15T15:00:00Z,IMG0476,cyclone,medium,,G0228
data/processed/cyclone/POS_0520.png,1,2004344N06178,WP,pacific_ocean,western_pacific,2004-12-18T06:00:00Z,IMG0477,cyclone,medium,,G0228
data/processed/cyclone/POS_0525.png,1,2004357S06095,SI,south_indian_ocean,,2004-12-24T09:00:00Z,IMG0479,cyclone,strong,,G0230
data/processed/cyclone/PRS_0355.png,1,2004357S16216,SP,pacific_ocean,southern_pacific,2004-12-24T21:00:00Z,IMG0480,cyclone,medium,,G0231
data/processed/cyclone/PRS_0530.png,1,2004357S16216,SP,pacific_ocean,southern_pacific,2004-12-26T09:00:00Z,IMG0481,cyclone,medium,,G0231
data/processed/cyclone/PRS_0412.png,1,2004365S13120,SP,pacific_ocean,southern_pacific,2005-01-06T18:00:00Z,IMG0482,cyclone,medium,,G0232
data/processed/cyclone/POS_0532.png,1,2005007N04085,NI,north_indian_ocean,bay_of_bengal,2005-01-09T12:00:00Z,IMG0484,cyclone,weak,,G0234
data/processed/cyclone/POS_0533.png,1,2005007N04085,NI,north_indian_ocean,bay_of_bengal,2005-01-10T12:00:00Z,IMG0485,cyclone,weak,,G0234
data/processed/cyclone/POS_0535.png,1,2005012N04090,NI,north_indian_ocean,bay_of_bengal,2005-01-13T18:00:00Z,IMG0486,cyclone,medium,,G0235
data/processed/cyclone/PRS_0122.png,1,2005013N05153,WP,pacific_ocean,western_pacific,2005-01-15T12:00:00Z,IMG0487,cyclone,strong,,G0236
data/processed/cyclone/POS_0536.png,1,2005012N04090,NI,north_indian_ocean,bay_of_bengal,2005-01-16T06:00:00Z,IMG0488,cyclone,medium,,G0235
data/processed/cyclone/POS_0537.png,1,2005015S06089,SI,south_indian_ocean,,2005-01-19T21:00:00Z,IMG0489,cyclone,medium,,G0237
data/processed/cyclone/POS_0538.png,1,2005022S14112,SI,south_indian_ocean,,2005-01-22T12:00:00Z,IMG0490,cyclone,medium,,G0238
data/processed/cyclone/POS_0539.png,1,2005026S20040,SI,south_indian_ocean,,2005-01-30T03:00:00Z,IMG0491,cyclone,medium,,G0239
data/processed/cyclone/PRS_0464.png,1,2005027S18168,SP,pacific_ocean,southern_pacific,2005-01-31T18:00:00Z,IMG0492,cyclone,medium,,G0240
data/processed/cyclone/POS_0548.png,1,2005032S14195,SP,pacific_ocean,southern_pacific,2005-02-04T03:00:00Z,IMG0493,cyclone,strong,,G0241
data/processed/cyclone/POS_0549.png,1,2005032S14195,SP,pacific_ocean,southern_pacific,2005-02-07T09:00:00Z,IMG0494,cyclone,strong,,G0241
data/processed/cyclone/POS_0552.png,1,2005041S13181,SP,pacific_ocean,southern_pacific,2005-02-15T09:00:00Z,IMG0495,cyclone,strong,,G0242
data/processed/cyclone/POS_0553.png,1,2005041S13181,SP,pacific_ocean,southern_pacific,2005-02-19T03:00:00Z,IMG0496,cyclone,strong,,G0242
data/processed/cyclone/POS_0560.png,1,2005063S12141,SP,pacific_ocean,southern_pacific,2005-03-06T12:00:00Z,IMG0497,cyclone,strong,,G0243
data/processed/cyclone/POS_0561.png,1,2005063S12141,SP,pacific_ocean,southern_pacific,2005-03-09T18:00:00Z,IMG0498,cyclone,strong,,G0243
data/processed/cyclone/POS_0562.png,1,2005089S10085,SI,south_indian_ocean,,2005-04-06T06:00:00Z,IMG0499,cyclone,medium,,G0244
data/processed/cyclone/POS_0563.png,1,2005092S11102,SI,south_indian_ocean,,2005-04-11T09:00:00Z,IMG0500,cyclone,strong,,G0245
data/processed/cyclone/PRS_0504.png,1,2005103S08138,SP,pacific_ocean,southern_pacific,2005-04-13T15:00:00Z,IMG0501,cyclone,medium,,G0246
data/processed/cyclone/POS_0566.png,1,2005107N07151,WP,pacific_ocean,western_pacific,2005-04-24T00:00:00Z,IMG0502,cyclone,strong,,G0247
data/processed/cyclone/POS_0567.png,1,2005107N07151,WP,pacific_ocean,western_pacific,2005-04-26T18:00:00Z,IMG0503,cyclone,strong,,G0247
data/processed/cyclone/POS_0569.png,1,2005172N22069,NI,north_indian_ocean,arabian_sea,2005-06-21T09:00:00Z,IMG0505,cyclone,weak,,G0249
data/processed/cyclone/POS_0570.png,1,2005172N22069,NI,north_indian_ocean,arabian_sea,2005-06-21T15:00:00Z,IMG0506,cyclone,weak,,G0249
data/processed/cyclone/POS_0571.png,1,2005172N22069,NI,north_indian_ocean,arabian_sea,2005-06-22T06:00:00Z,IMG0507,cyclone,weak,,G0249
data/processed/cyclone/POS_0575.png,1,2005179N22088,NI,north_indian_ocean,bay_of_bengal,2005-06-27T18:00:00Z,IMG0509,cyclone,weak,,G0251
data/processed/cyclone/POS_0580.png,1,2005185N15261,EP,pacific_ocean,eastern_pacific,2005-07-04T18:00:00Z,IMG0510,cyclone,medium,,G0252
data/processed/cyclone/POS_0579.png,1,2005179N22088,NI,north_indian_ocean,bay_of_bengal,2005-07-05T00:00:00Z,IMG0511,cyclone,weak,,G0251
data/processed/cyclone/POS_0581.png,1,2005210N21088,NI,north_indian_ocean,bay_of_bengal,2005-07-29T06:00:00Z,IMG0513,cyclone,weak,,G0254
data/processed/cyclone/PRS_0723.png,1,2005215N14224,EP,pacific_ocean,eastern_pacific,2005-08-03T21:00:00Z,IMG0514,cyclone,weak,,G0255
data/processed/cyclone/POS_0583.png,1,2005215N14224,EP,pacific_ocean,eastern_pacific,2005-08-04T21:00:00Z,IMG0515,cyclone,weak,,G0255
data/processed/cyclone/PRS_0033.png,1,2005229N21156,WP,pacific_ocean,western_pacific,2005-08-20T12:00:00Z,IMG0516,cyclone,strong,,G0256
data/processed/cyclone/PRS_0031.png,1,2005230N20144,WP,pacific_ocean,western_pacific,2005-08-25T06:00:00Z,IMG0517,cyclone,strong,,G0257
data/processed/cyclone/POS_0585.png,1,2005255N20088,NI,north_indian_ocean,bay_of_bengal,2005-09-14T00:00:00Z,IMG0518,cyclone,weak,,G0258
data/processed/cyclone/POS_0590.png,1,2005257N20069,NI,north_indian_ocean,arabian_sea,2005-09-14T12:00:00Z,IMG0519,cyclone,weak,,G0258
data/processed/cyclone/POS_0591.png,1,2005257N20069,NI,north_indian_ocean,arabian_sea,2005-09-15T00:00:00Z,IMG0520,cyclone,weak,,G0258
data/processed/cyclone/POS_0586.png,1,2005255N20088,NI,north_indian_ocean,bay_of_bengal,2005-09-15T03:00:00Z,IMG0521,cyclone,weak,,G0258
data/processed/cyclone/POS_0592.png,1,2005257N20069,NI,north_indian_ocean,arabian_sea,2005-09-15T09:00:00Z,IMG0522,cyclone,weak,,G0258
data/processed/cyclone/POS_0593.png,1,2005257N20069,NI,north_indian_ocean,arabian_sea,2005-09-15T21:00:00Z,IMG0523,cyclone,weak,,G0258
data/processed/cyclone/POS_0587.png,1,2005255N20088,NI,north_indian_ocean,arabian_sea,2005-09-16T00:00:00Z,IMG0524,cyclone,weak,,G0258
data/processed/cyclone/POS_0594.png,1,2005257N20069,NI,north_indian_ocean,arabian_sea,2005-09-16T12:00:00Z,IMG0526,cyclone,weak,,G0258
data/processed/cyclone/POS_0589.png,1,2005257N15120,WP,pacific_ocean,western_pacific,2005-09-17T18:00:00Z,IMG0527,cyclone,medium,,G0260
data/processed/cyclone/PRS_0392.png,1,2005266N15252,EP,pacific_ocean,eastern_pacific,2005-09-24T21:00:00Z,IMG0534,cyclone,medium,,G0263
data/processed/cyclone/POS_0603.png,1,2005262N13127,WP,pacific_ocean,western_pacific,2005-09-25T18:00:00Z,IMG0535,cyclone,strong,,G0264
data/processed/cyclone/POS_0604.png,1,2005262N13127,WP,pacific_ocean,western_pacific,2005-09-27T15:00:00Z,IMG0536,cyclone,strong,,G0264
data/processed/cyclone/PRS_0242.png,1,2005271N17255,EP,pacific_ocean,eastern_pacific,2005-09-29T18:00:00Z,IMG0537,cyclone,strong,,G0265
data/processed/cyclone/POS_0609.png,1,2005279N17111,WP,pacific_ocean,western_pacific,2005-10-07T21:00:00Z,IMG0538,cyclone,weak,,G0266
data/processed/cyclone/PRS_0716.png,1,2005288N11259,EP,pacific_ocean,eastern_pacific,2005-10-15T03:00:00Z,IMG0539,cyclone,weak,,G0267
data/processed/cyclone/POS_0610.png,1,2005288N11259,EP,pacific_ocean,eastern_pacific,2005-10-16T06:00:00Z,IMG0541,cyclone,weak,,G0267
data/processed/cyclone/POS_0611.png,1,2005288N11259,EP,pacific_ocean,eastern_pacific,2005-10-16T21:00:00Z,IMG0542,cyclone,weak,,G0267
data/processed/cyclone/PRS_0749.png,1,2005288N11259,EP,pacific_ocean,eastern_pacific,2005-10-17T21:00:00Z,IMG0543,cyclone,weak,,G0267
data/processed/cyclone/PRS_0741.png,1,2005288N11259,EP,pacific_ocean,eastern_pacific,2005-10-20T21:00:00Z,IMG0544,cyclone,weak,,G0267
data/processed/cyclone/POS_0614.png,1,2005298N12088,NI,north_indian_ocean,bay_of_bengal,2005-10-28T09:00:00Z,IMG0545,cyclone,weak,,G0269
data/processed/cyclone/POS_0615.png,1,2005311N08140,WP,pacific_ocean,western_pacific,2005-11-11T00:00:00Z,IMG0546,cyclone,medium,,G0270
data/processed/cyclone/POS_0633.png,1,2005322S04095,SI,south_indian_ocean,,2005-11-23T00:00:00Z,IMG0549,cyclone,strong,,G0272
data/processed/cyclone/POS_0620.png,1,2005330N09096,NI,north_indian_ocean,bay_of_bengal,2005-12-01T00:00:00Z,IMG0550,cyclone,medium,,G0273
data/processed/cyclone/POS_0621.png,1,2005330N09096,NI,north_indian_ocean,bay_of_bengal,2005-12-02T21:00:00Z,IMG0551,cyclone,medium,,G0273
data/processed/cyclone/POS_0623.png,1,2005338N09093,NI,north_indian_ocean,bay_of_bengal,2005-12-07T15:00:00Z,IMG0552,cyclone,medium,,G0274
data/processed/cyclone/POS_0624.png,1,2005338N09093,NI,north_indian_ocean,bay_of_bengal,2005-12-09T09:00:00Z,IMG0553,cyclone,medium,,G0274
data/processed/cyclone/PRS_0707.png,1,2005338N09093,NI,north_indian_ocean,arabian_sea,2005-12-11T00:00:00Z,IMG0554,cyclone,medium,,G0274
data/processed/cyclone/POS_0625.png,1,2005338N09093,NI,north_indian_ocean,arabian_sea,2005-12-12T06:00:00Z,IMG0555,cyclone,medium,,G0274
data/processed/cyclone/POS_0636.png,1,2005351S09084,SI,south_indian_ocean,,2005-12-23T00:00:00Z,IMG0558,cyclone,medium,,G0276
data/processed/cyclone/PRS_0452.png,1,2006007S15182,SP,pacific_ocean,southern_pacific,2006-01-12T18:00:00Z,IMG0559,cyclone,medium,,G0277
data/processed/cyclone/POS_0647.png,1,2006012N03081,NI,north_indian_ocean,arabian_sea,2006-01-13T15:00:00Z,IMG0560,cyclone,medium,,G0278
data/processed/cyclone/POS_0648.png,1,2006012N03081,NI,north_indian_ocean,arabian_sea,2006-01-14T21:00:00Z,IMG0562,cyclone,medium,,G0278
data/processed/cyclone/PRS_0013.png,1,2006017S15126,SI,south_indian_ocean,,2006-01-18T06:00:00Z,IMG0563,cyclone,medium,,G0280
data/processed/cyclone/PRS_0293.png,1,2006017S15126,SI,south_indian_ocean,,2006-01-22T00:00:00Z,IMG0564,cyclone,medium,,G0280
data/processed/cyclone/POS_0654.png,1,2006025S18147,SP,pacific_ocean,southern_pacific,2006-01-30T09:00:00Z,IMG0565,cyclone,strong,,G0281
data/processed/cyclone/POS_0655.png,1,2006040S15181,SP,pacific_ocean,southern_pacific,2006-02-12T06:00:00Z,IMG0566,cyclone,strong,,G0282
data/processed/cyclone/POS_0656.png,1,2006040S15181,SP,pacific_ocean,southern_pacific,2006-02-14T15:00:00Z,IMG0567,cyclone,strong,,G0282
data/processed/cyclone/PRS_0434.png,1,2006053S11144,SP,pacific_ocean,southern_pacific,2006-02-22T00:00:00Z,IMG0568,cyclone,medium,,G0283
data/processed/cyclone/PRS_0526.png,1,2006053S11144,SP,pacific_ocean,southern_pacific,2006-02-23T21:00:00Z,IMG0569,cyclone,medium,,G0283
data/processed/cyclone/POS_0661.png,1,2006060S13058,SI,south_indian_ocean,,2006-03-03T15:00:00Z,IMG0570,cyclone,medium,,G0284
data/processed/cyclone/POS_0664.png,1,2006075S14185,SP,pacific_ocean,southern_pacific,2006-03-22T06:00:00Z,IMG0572,cyclone,strong,,G0286
data/processed/cyclone/PRS_0150.png,1,2006078S12119,SI,south_indian_ocean,,2006-03-24T15:00:00Z,IMG0573,cyclone,strong,,G0287
data/processed/cyclone/POS_0665.png,1,2006081S14129,SI,south_indian_ocean,,2006-03-26T12:00:00Z,IMG0574,cyclone,strong,,G0288
data/processed/cyclone/POS_0667.png,1,2006094S08087,SI,south_indian_ocean,,2006-04-07T00:00:00Z,IMG0575,cyclone,medium,,G0289
data/processed/cyclone/POS_0671.png,1,2006114N08090,NI,north_indian_ocean,bay_of_bengal,2006-04-25T09:00:00Z,IMG0578,cyclone,strong,,G0291
data/processed/cyclone/POS_0672.png,1,2006114N08090,NI,north_indian_ocean,bay_of_bengal,2006-04-25T15:00:00Z,IMG0579,cyclone,strong,,G0291
data/processed/cyclone/POS_0673.png,1,2006114N08090,NI,north_indian_ocean,bay_of_bengal,2006-04-26T12:00:00Z,IMG0580,cyclone,strong,,G0291
data/processed/cyclone/POS_0674.png,1,2006114N08090,NI,north_indian_ocean,bay_of_bengal,2006-04-27T12:00:00Z,IMG0581,cyclone,strong,,G0291
data/processed/cyclone/POS_0675.png,1,2006114N08090,NI,north_indian_ocean,bay_of_bengal,2006-04-28T09:00:00Z,IMG0582,cyclone,strong,,G0291
data/processed/cyclone/POS_0678.png,1,2006147N15259,EP,pacific_ocean,eastern_pacific,2006-05-28T21:00:00Z,IMG0583,cyclone,medium,,G0292
data/processed/cyclone/POS_0679.png,1,2006147N15259,EP,pacific_ocean,eastern_pacific,2006-05-29T06:00:00Z,IMG0584,cyclone,medium,,G0292
data/processed/cyclone/POS_0681.png,1,2006155N16257,EP,pacific_ocean,eastern_pacific,2006-06-04T09:00:00Z,IMG0585,cyclone,weak,,G0293
data/processed/cyclone/POS_0682.png,1,2006155N16257,EP,pacific_ocean,eastern_pacific,2006-06-04T15:00:00Z,IMG0586,cyclone,weak,,G0293
data/processed/cyclone/POS_0685.png,1,2006198N12252,EP,pacific_ocean,eastern_pacific,2006-07-19T12:00:00Z,IMG0590,cyclone,strong,,G0295
data/processed/cyclone/POS_0686.png,1,2006198N12252,EP,pacific_ocean,eastern_pacific,2006-07-22T09:00:00Z,IMG0591,cyclone,strong,,G0295
data/processed/cyclone/PRS_0059.png,1,2006213N14239,EP,pacific_ocean,eastern_pacific,2006-08-01T18:00:00Z,IMG0593,cyclone,medium,,G0297
data/processed/cyclone/POS_0689.png,1,2006214N20088,NI,north_indian_ocean,bay_of_bengal,2006-08-02T18:00:00Z,IMG0594,cyclone,weak,,G0298
data/processed/cyclone/PRS_0119.png,1,2006213N13256,EP,pacific_ocean,eastern_pacific,2006-08-03T09:00:00Z,IMG0595,cyclone,medium,,G0299
data/processed/cyclone/PRS_0054.png,1,2006209N13130,WP,pacific_ocean,western_pacific,2006-08-04T00:00:00Z,IMG0596,cyclone,strong,,G0300
data/processed/cyclone/POS_0690.png,1,2006214N20088,NI,north_indian_ocean,bay_of_bengal,2006-08-05T03:00:00Z,IMG0597,cyclone,weak,,G0298
data/processed/cyclone/PRS_0312.png,1,2006217N20134,WP,pacific_ocean,western_pacific,2006-08-06T15:00:00Z,IMG0598,cyclone,medium,,G0301
data/processed/cyclone/PRS_0283.png,1,2006217N20134,WP,pacific_ocean,western_pacific,2006-08-07T15:00:00Z,IMG0599,cyclone,medium,,G0301
data/processed/cyclone/PRS_0442.png,1,2006224N21088,NI,north_indian_ocean,bay_of_bengal,2006-08-12T12:00:00Z,IMG0600,cyclone,weak,,G0302
data/processed/cyclone/POS_0694.png,1,2006224N21141,WP,pacific_ocean,western_pacific,2006-08-15T06:00:00Z,IMG0601,cyclone,medium,,G0303
data/processed/cyclone/PRS_0161.png,1,2006234N12258,EP,pacific_ocean,eastern_pacific,2006-08-26T06:00:00Z,IMG0604,cyclone,strong,,G0305
data/processed/cyclone/POS_0701.png,1,2006241N20088,NI,north_indian_ocean,bay_of_bengal,2006-08-29T18:00:00Z,IMG0606,cyclone,weak,,G0307
data/processed/cyclone/POS_0702.png,1,2006241N20088,NI,north_indian_ocean,bay_of_bengal,2006-08-30T03:00:00Z,IMG0607,cyclone,weak,,G0307
data/processed/cyclone/PRS_0750.png,1,2006241N20088,NI,north_indian_ocean,arabian_sea,2006-08-31T06:00:00Z,IMG0609,cyclone,weak,,G0307
data/processed/cyclone/POS_0703.png,1,2006241N20088,NI,north_indian_ocean,arabian_sea,2006-09-01T06:00:00Z,IMG0610,cyclone,weak,,G0307
data/processed/cyclone/PRS_0053.png,1,2006242N16246,EP,pacific_ocean,eastern_pacific,2006-09-03T21:00:00Z,IMG0611,cyclone,strong,,G0308
data/processed/cyclone/PRS_0200.png,1,2006247N21089,NI,north_indian_ocean,bay_of_bengal,2006-09-04T03:00:00Z,IMG0612,cyclone,weak,,G0309
data/processed/cyclone/PRS_0719.png,1,2006258N11215,EP,pacific_ocean,eastern_pacific,2006-09-19T03:00:00Z,IMG0615,cyclone,weak,,G0311
data/processed/cyclone/POS_0707.png,1,2006258N11215,EP,pacific_ocean,eastern_pacific,2006-09-20T12:00:00Z,IMG0616,cyclone,weak,,G0311
data/processed/cyclone/POS_0710.png,1,2006262N19069,NI,north_indian_ocean,arabian_sea,2006-09-21T15:00:00Z,IMG0617,cyclone,medium,,G0312
data/processed/cyclone/PRS_0744.png,1,2006262N19069,NI,north_indian_ocean,arabian_sea,2006-09-22T15:00:00Z,IMG0618,cyclone,medium,,G0312
data/processed/cyclone/POS_0714.png,1,2006264N13115,WP,pacific_ocean,western_pacific,2006-09-22T21:00:00Z,IMG0619,cyclone,weak,,G0313
data/processed/cyclone/POS_0711.png,1,2006262N19069,NI,north_indian_ocean,arabian_sea,2006-09-23T18:00:00Z,IMG0620,cyclone,medium,,G0312
data/processed/cyclone/POS_0716.png,1,2006264N13115,WP,pacific_ocean,western_pacific,2006-09-25T03:00:00Z,IMG0622,cyclone,weak,,G0313
data/processed/cyclone/PRS_0706.png,1,2006262N19069,NI,north_indian_ocean,arabian_sea,2006-09-25T03:00:00Z,IMG0623,cyclone,medium,,G0312
data/processed/cyclone/PRS_0679.png,1,2006268N10187,EP,pacific_ocean,eastern_pacific,2006-09-27T06:00:00Z,IMG0624,cyclone,weak,,G0315
data/processed/cyclone/POS_0720.png,1,2006271N18089,NI,north_indian_ocean,bay_of_bengal,2006-09-29T00:00:00Z,IMG0625,cyclone,weak,,G0316
data/processed/cyclone/PRS_0032.png,1,2006282N13160,WP,pacific_ocean,western_pacific,2006-10-09T03:00:00Z,IMG0627,cyclone,strong,,G0318
data/processed/cyclone/POS_0728.png,1,2006282N14243,EP,pacific_ocean,eastern_pacific,2006-10-09T18:00:00Z,IMG0628,cyclone,medium,,G0319
data/processed/cyclone/PRS_0058.png,1,2006283N13232,EP,pacific_ocean,eastern_pacific,2006-10-10T03:00:00Z,IMG0629,cyclone,medium,,G0319
data/processed/cyclone/PRS_0153.png,1,2006283N13232,EP,pacific_ocean,eastern_pacific,2006-10-12T06:00:00Z,IMG0630,cyclone,medium,,G0319
data/processed/cyclone/POS_0731.png,1,2006282N14243,EP,pacific_ocean,eastern_pacific,2006-10-15T09:00:00Z,IMG0632,cyclone,medium,,G0319
data/processed/cyclone/POS_0732.png,1,2006300N07078,NI,north_indian_ocean,bay_of_bengal,2006-10-30T03:00:00Z,IMG0636,cyclone,medium,,G0323
data/processed/cyclone/POS_0733.png,1,2006315N13248,EP,pacific_ocean,eastern_pacific,2006-11-11T00:00:00Z,IMG0637,cyclone,weak,,G0324
data/processed/cyclone/POS_0734.png,1,2006318N12256,EP,pacific_ocean,eastern_pacific,2006-11-14T09:00:00Z,IMG0638,cyclone,strong,,G0325
data/processed/cyclone/POS_0735.png,1,2006318N12256,EP,pacific_ocean,eastern_pacific,2006-11-16T06:00:00Z,IMG0639,cyclone,strong,,G0325
data/processed/cyclone/POS_0736.png,1,2006318N12256,EP,pacific_ocean,eastern_pacific,2006-11-17T18:00:00Z,IMG0640,cyclone,strong,,G0325
data/processed/cyclone/POS_0741.png,1,2006322S09172,SP,pacific_ocean,southern_pacific,2006-11-21T15:00:00Z,IMG0641,cyclone,strong,,G0326
data/processed/cyclone/POS_0742.png,1,2006322S09172,SP,pacific_ocean,southern_pacific,2006-11-25T03:00:00Z,IMG0642,cyclone,strong,,G0326
data/processed/cyclone/PRS_0010.png,1,2006330S06049,SI,south_indian_ocean,,2006-11-30T06:00:00Z,IMG0643,cyclone,medium,,G0327
data/processed/cyclone/PRS_0198.png,1,2006349N08157,WP,pacific_ocean,western_pacific,2006-12-19T09:00:00Z,IMG0645,cyclone,medium,,G0329
data/processed/cyclone/POS_0744.png,1,2006350S07071,SI,south_indian_ocean,,2006-12-25T06:00:00Z,IMG0646,cyclone,strong,,G0330
data/processed/cyclone/POS_0748.png,1,2007021S12195,SP,pacific_ocean,southern_pacific,2007-01-23T00:00:00Z,IMG0648,cyclone,medium,,G0332
data/processed/cyclone/POS_0749.png,1,2007021S12195,SP,pacific_ocean,southern_pacific,2007-01-23T06:00:00Z,IMG0649,cyclone,medium,,G0332
data/processed/cyclone/POS_0747.png,1,2007021S12183,SP,pacific_ocean,southern_pacific,2007-01-25T00:00:00Z,IMG0650,cyclone,strong,,G0333
data/processed/cyclone/POS_0752.png,1,2007037S19050,SI,south_indian_ocean,,2007-02-09T18:00:00Z,IMG0653,cyclone,medium,,G0335
data/processed/cyclone/POS_0758.png,1,2007085S11085,SI,south_indian_ocean,,2007-04-03T09:00:00Z,IMG0657,cyclone,strong,,G0339
data/processed/cyclone/POS_0765.png,1,2007091S14175,SP,pacific_ocean,southern_pacific,2007-04-04T00:00:00Z,IMG0658,cyclone,weak,,G0340
data/processed/cyclone/POS_0766.png,1,2007100S22037,SI,south_indian_ocean,,2007-04-10T03:00:00Z,IMG0659,cyclone,medium,,G0341
data/processed/cyclone/PRS_0720.png,1,2007172N15088,NI,north_indian_ocean,arabian_sea,2007-06-24T18:00:00Z,IMG0676,cyclone,medium,,G0348
data/processed/cyclone/POS_0793.png,1,2007172N15088,NI,north_indian_ocean,arabian_sea,2007-06-25T18:00:00Z,IMG0677,cyclone,medium,,G0348
data/processed/cyclone/POS_0794.png,1,2007172N15088,NI,north_indian_ocean,arabian_sea,2007-06-26T15:00:00Z,IMG0678,cyclone,medium,,G0348
data/processed/cyclone/POS_0795.png,1,2007178N18089,NI,north_indian_ocean,bay_of_bengal,2007-06-27T03:00:00Z,IMG0679,cyclone,medium,,G0349
data/processed/cyclone/POS_0796.png,1,2007178N18089,NI,north_indian_ocean,bay_of_bengal,2007-06-28T15:00:00Z,IMG0680,cyclone,medium,,G0349
data/processed/cyclone/POS_0798.png,1,2007196N15246,EP,pacific_ocean,eastern_pacific,2007-07-14T15:00:00Z,IMG0682,cyclone,weak,,G0351
data/processed/cyclone/PRS_0727.png,1,2007196N15246,EP,pacific_ocean,eastern_pacific,2007-07-15T21:00:00Z,IMG0683,cyclone,weak,,G0351
data/processed/cyclone/POS_0799.png,1,2007203N13255,EP,pacific_ocean,eastern_pacific,2007-07-23T12:00:00Z,IMG0684,cyclone,medium,,G0352
data/processed/cyclone/POS_0800.png,1,2007203N13255,EP,pacific_ocean,eastern_pacific,2007-07-25T18:00:00Z,IMG0685,cyclone,medium,,G0352
data/processed/cyclone/PRS_0194.png,1,2007208S03086,SI,south_indian_ocean,,2007-07-28T00:00:00Z,IMG0686,cyclone,medium,,G0353
data/processed/cyclone/PRS_0002.png,1,2007249N24161,WP,pacific_ocean,western_pacific,2007-09-07T21:00:00Z,IMG0689,cyclone,strong,,G0355
data/processed/cyclone/PRS_0129.png,1,2007249N24161,WP,pacific_ocean,western_pacific,2007-09-10T03:00:00Z,IMG0690,cyclone,strong,,G0355
data/processed/cyclone/PRS_0743.png,1,2007262N16233,EP,pacific_ocean,eastern_pacific,2007-09-19T09:00:00Z,IMG0691,cyclone,weak,,G0356
data/processed/cyclone/PRS_0135.png,1,2007261N13254,EP,pacific_ocean,eastern_pacific,2007-09-19T21:00:00Z,IMG0692,cyclone,strong,,G0356
data/processed/cyclone/POS_0804.png,1,2007262N16233,EP,pacific_ocean,eastern_pacific,2007-09-20T15:00:00Z,IMG0693,cyclone,weak,,G0356
data/processed/cyclone/PRS_0081.png,1,2007272N17125,WP,pacific_ocean,western_pacific,2007-10-01T18:00:00Z,IMG0695,cyclone,strong,,G0358
data/processed/cyclone/POS_0808.png,1,2007274N28173,WP,pacific_ocean,western_pacific,2007-10-01T21:00:00Z,IMG0696,cyclone,medium,,G0359
data/processed/cyclone/POS_0809.png,1,2007276N20147,WP,pacific_ocean,western_pacific,2007-10-05T18:00:00Z,IMG0697,cyclone,medium,,G0360
data/processed/cyclone/POS_0810.png,1,2007282N19181,WP,pacific_ocean,western_pacific,2007-10-12T12:00:00Z,IMG0698,cyclone,medium,,G0361
data/processed/cyclone/POS_0811.png,1,2007282N19181,WP,pacific_ocean,western_pacific,2007-10-14T00:00:00Z,IMG0699,cyclone,medium,,G0361
data/processed/cyclone/PRS_0297.png,1,2007288N15251,EP,pacific_ocean,eastern_pacific,2007-10-17T00:00:00Z,IMG0700,cyclone,medium,,G0362
data/processed/cyclone/POS_0812.png,1,2007291N19148,WP,pacific_ocean,western_pacific,2007-10-21T09:00:00Z,IMG0701,cyclone,strong,,G0363
data/processed/cyclone/POS_0813.png,1,2007300N11068,NI,north_indian_ocean,arabian_sea,2007-10-27T12:00:00Z,IMG0702,cyclone,medium,,G0364
data/processed/cyclone/POS_0814.png,1,2007300N11068,NI,north_indian_ocean,arabian_sea,2007-10-28T00:00:00Z,IMG0703,cyclone,medium,,G0364
data/processed/cyclone/PRS_0726.png,1,2007300N11068,NI,north_indian_ocean,arabian_sea,2007-10-29T03:00:00Z,IMG0704,cyclone,medium,,G0364
data/processed/cyclone/POS_0815.png,1,2007300N11068,NI,north_indian_ocean,arabian_sea,2007-10-30T06:00:00Z,IMG0705,cyclone,medium,,G0364
data/processed/cyclone/POS_0828.png,1,2007315S05095,SI,south_indian_ocean,,2007-11-15T21:00:00Z,IMG0712,cyclone,medium,,G0367
data/processed/cyclone/POS_0829.png,1,2007317S10150,SP,pacific_ocean,southern_pacific,2007-11-15T21:00:00Z,IMG0713,cyclone,strong,,G0368
data/processed/cyclone/PRS_0310.png,1,2007322S06075,SI,south_indian_ocean,,2007-11-21T18:00:00Z,IMG0714,cyclone,medium,,G0369
data/processed/cyclone/POS_0826.png,1,2007327N09152,WP,pacific_ocean,western_pacific,2007-11-26T00:00:00Z,IMG0716,cyclone,weak,,G0371
data/processed/cyclone/POS_0827.png,1,2007327N09152,WP,pacific_ocean,western_pacific,2007-11-27T09:00:00Z,IMG0717,cyclone,weak,,G0371
data/processed/cyclone/PRS_0609.png,1,2007330N10141,WP,pacific_ocean,western_pacific,2007-11-28T21:00:00Z,IMG0718,cyclone,weak,,G0372
data/processed/cyclone/POS_0831.png,1,2007337S12186,SP,pacific_ocean,southern_pacific,2007-12-06T09:00:00Z,IMG0719,cyclone,strong,,G0373
data/processed/cyclone/POS_0832.png,1,2007346S12073,SI,south_indian_ocean,,2007-12-13T18:00:00Z,IMG0720,cyclone,medium,,G0374
data/processed/cyclone/POS_0833.png,1,2007346S12073,SI,south_indian_ocean,,2007-12-17T18:00:00Z,IMG0721,cyclone,medium,,G0374
data/processed/cyclone/POS_0834.png,1,2007352S12088,SI,south_indian_ocean,,2007-12-20T12:00:00Z,IMG0722,cyclone,medium,,G0375
data/processed/cyclone/PRS_0006.png,1,2007363S20043,SI,south_indian_ocean,,2008-01-01T06:00:00Z,IMG0723,cyclone,medium,,G0376
data/processed/cyclone/PRS_0384.png,1,2007360S10116,SI,south_indian_ocean,,2008-01-01T09:00:00Z,IMG0724,cyclone,medium,,G0377
data/processed/cyclone/POS_0837.png,1,2008015S16162,SP,pacific_ocean,southern_pacific,2008-01-16T00:00:00Z,IMG0725,cyclone,strong,,G0378
data/processed/cyclone/PRS_0393.png,1,2008026S12179,SP,pacific_ocean,southern_pacific,2008-02-05T15:00:00Z,IMG0728,cyclone,strong,,G0380
data/processed/cyclone/POS_0842.png,1,2008034S12103,SI,south_indian_ocean,,2008-02-07T18:00:00Z,IMG0729,cyclone,medium,,G0381
data/processed/cyclone/POS_0843.png,1,2008034S12103,SI,south_indian_ocean,,2008-02-09T09:00:00Z,IMG0730,cyclone,medium,,G0381
data/processed/cyclone/POS_0845.png,1,2008042S16122,SI,south_indian_ocean,,2008-02-12T18:00:00Z,IMG0731,cyclone,strong,,G0382
data/processed/cyclone/POS_0844.png,1,2008037S10055,SI,south_indian_ocean,,2008-02-20T12:00:00Z,IMG0732,cyclone,strong,,G0383
data/processed/cyclone/POS_0847.png,1,2008058S15131,SI,south_indian_ocean,,2008-03-05T21:00:00Z,IMG0734,cyclone,strong,,G0385
data/processed/cyclone/POS_0848.png,1,2008079S12069,SI,south_indian_ocean,,2008-03-19T03:00:00Z,IMG0735,cyclone,medium,,G0386
data/processed/cyclone/PRS_0431.png,1,2008080S17163,SP,pacific_ocean,southern_pacific,2008-03-21T09:00:00Z,IMG0736,cyclone,medium,,G0387
data/processed/cyclone/POS_0849.png,1,2008079S12069,SI,south_indian_ocean,,2008-03-24T15:00:00Z,IMG0737,cyclone,medium,,G0386
data/processed/cyclone/POS_0853.png,1,2008108S13158,SP,pacific_ocean,southern_pacific,2008-04-17T15:00:00Z,IMG0738,cyclone,weak,,G0388
data/processed/cyclone/POS_0854.png,1,2008108S13158,SP,pacific_ocean,southern_pacific,2008-04-18T00:00:00Z,IMG0739,cyclone,weak,,G0388
data/processed/cyclone/PRS_0731.png,1,2008108S13158,SP,pacific_ocean,southern_pacific,2008-04-19T00:00:00Z,IMG0740,cyclone,weak,,G0388
data/processed/cyclone/POS_0857.png,1,2008117N11090,NI,north_indian_ocean,bay_of_bengal,2008-04-26T18:00:00Z,IMG0741,cyclone,strong,,G0389
data/processed/cyclone/POS_0858.png,1,2008117N11090,NI,north_indian_ocean,bay_of_bengal,2008-04-28T03:00:00Z,IMG0742,cyclone,strong,,G0389
data/processed/cyclone/POS_0859.png,1,2008117N11090,NI,north_indian_ocean,bay_of_bengal,2008-04-29T00:00:00Z,IMG0743,cyclone,strong,,G0389
data/processed/cyclone/POS_0860.png,1,2008117N11090,NI,north_indian_ocean,bay_of_bengal,2008-04-29T18:00:00Z,IMG0744,cyclone,strong,,G0389
data/processed/cyclone/POS_0862.png,1,2008117N11090,NI,north_indian_ocean,bay_of_bengal,2008-05-01T15:00:00Z,IMG0745,cyclone,strong,,G0389
data/processed/cyclone/POS_0864.png,1,2008117N11090,NI,north_indian_ocean,bay_of_bengal,2008-05-03T15:00:00Z,IMG0746,cyclone,strong,,G0389
data/processed/cyclone/POS_0865.png,1,2008157N16066,NI,north_indian_ocean,arabian_sea,2008-06-05T06:00:00Z,IMG0747,cyclone,weak,,G0390
data/processed/cyclone/POS_0866.png,1,2008157N16066,NI,north_indian_ocean,arabian_sea,2008-06-05T15:00:00Z,IMG0748,cyclone,weak,,G0390
data/processed/cyclone/POS_0867.png,1,2008157N16066,NI,north_indian_ocean,arabian_sea,2008-06-06T06:00:00Z,IMG0749,cyclone,weak,,G0390
data/processed/cyclone/POS_0868.png,1,2008168N22090,NI,north_indian_ocean,bay_of_bengal,2008-06-16T03:00:00Z,IMG0750,cyclone,weak,,G0391
data/processed/cyclone/POS_0870.png,1,2008180N14238,EP,pacific_ocean,eastern_pacific,2008-06-28T12:00:00Z,IMG0751,cyclone,medium,,G0392
data/processed/cyclone/POS_0871.png,1,2008180N14238,EP,pacific_ocean,eastern_pacific,2008-06-29T21:00:00Z,IMG0752,cyclone,medium,,G0392
data/processed/cyclone/PRS_0428.png,1,2008188N14260,EP,pacific_ocean,eastern_pacific,2008-07-05T18:00:00Z,IMG0753,cyclone,weak,,G0393
data/processed/cyclone/PRS_0572.png,1,2008188N14260,EP,pacific_ocean,eastern_pacific,2008-07-06T18:00:00Z,IMG0754,cyclone,weak,,G0393
data/processed/cyclone/POS_0874.png,1,2008194N11266,EP,pacific_ocean,eastern_pacific,2008-07-12T00:00:00Z,IMG0755,cyclone,strong,,G0394
data/processed/cyclone/POS_0875.png,1,2008194N11266,EP,pacific_ocean,eastern_pacific,2008-07-14T15:00:00Z,IMG0756,cyclone,strong,,G0394
data/processed/cyclone/POS_0876.png,1,2008194N11266,EP,pacific_ocean,eastern_pacific,2008-07-16T21:00:00Z,IMG0757,cyclone,strong,,G0394
data/processed/cyclone/PRS_0625.png,1,2008223N20086,NI,north_indian_ocean,bay_of_bengal,2008-08-09T15:00:00Z,IMG0759,cyclone,weak,,G0396
data/processed/cyclone/PRS_0232.png,1,2008226N22134,WP,pacific_ocean,western_pacific,2008-08-15T00:00:00Z,IMG0760,cyclone,medium,,G0397
data/processed/cyclone/PRS_0304.png,1,2008251N15256,EP,pacific_ocean,eastern_pacific,2008-09-08T12:00:00Z,IMG0761,cyclone,medium,,G0398
data/processed/cyclone/POS_0884.png,1,2008259N20089,NI,north_indian_ocean,bay_of_bengal,2008-09-18T21:00:00Z,IMG0764,cyclone,medium,,G0400
data/processed/cyclone/POS_0885.png,1,2008262N16142,WP,pacific_ocean,western_pacific,2008-09-23T18:00:00Z,IMG0765,cyclone,strong,,G0401
data/processed/cyclone/POS_0891.png,1,2008283N12271,EP,pacific_ocean,eastern_pacific,2008-10-10T18:00:00Z,IMG0767,cyclone,medium,,G0403
data/processed/cyclone/POS_0894.png,1,2008293N09060,NI,north_indian_ocean,arabian_sea,2008-10-19T15:00:00Z,IMG0768,cyclone,weak,,G0404
data/processed/cyclone/POS_0896.png,1,2008293N09060,NI,north_indian_ocean,arabian_sea,2008-10-20T15:00:00Z,IMG0769,cyclone,weak,,G0404
data/processed/cyclone/POS_0897.png,1,2008293N09060,NI,north_indian_ocean,arabian_sea,2008-10-21T03:00:00Z,IMG0770,cyclone,weak,,G0404
data/processed/cyclone/POS_0898.png,1,2008293N09060,NI,north_indian_ocean,arabian_sea,2008-10-21T21:00:00Z,IMG0771,cyclone,weak,,G0404
data/processed/cyclone/PRS_0098.png,1,2008290S05071,SI,south_indian_ocean,,2008-10-22T06:00:00Z,IMG0772,cyclone,medium,,G0405
data/processed/cyclone/POS_0899.png,1,2008293N09060,NI,north_indian_ocean,arabian_sea,2008-10-22T12:00:00Z,IMG0773,cyclone,weak,,G0404
data/processed/cyclone/POS_0900.png,1,2008293N09060,NI,north_indian_ocean,arabian_sea,2008-10-23T00:00:00Z,IMG0774,cyclone,weak,,G0404
data/processed/cyclone/PRS_0249.png,1,2008290S05071,SI,south_indian_ocean,,2008-10-23T06:00:00Z,IMG0775,cyclone,medium,,G0405
data/processed/cyclone/PRS_0748.png,1,2008297N12255,EP,pacific_ocean,eastern_pacific,2008-10-23T06:00:00Z,IMG0776,cyclone,weak,,G0406
data/processed/cyclone/POS_0901.png,1,2008297N12255,EP,pacific_ocean,eastern_pacific,2008-10-24T06:00:00Z,IMG0777,cyclone,weak,,G0406
data/processed/cyclone/POS_0906.png,1,2008298N16085,NI,north_indian_ocean,bay_of_bengal,2008-10-25T00:00:00Z,IMG0778,cyclone,medium,,G0407
data/processed/cyclone/POS_0907.png,1,2008298N16085,NI,north_indian_ocean,bay_of_bengal,2008-10-26T00:00:00Z,IMG0779,cyclone,medium,,G0407
data/processed/cyclone/PRS_0301.png,1,2008308N08252,EP,pacific_ocean,eastern_pacific,2008-11-03T15:00:00Z,IMG0780,cyclone,medium,,G0408
data/processed/cyclone/POS_0908.png,1,2008317N11089,NI,north_indian_ocean,bay_of_bengal,2008-11-15T12:00:00Z,IMG0781,cyclone,medium,,G0409
data/processed/cyclone/POS_0918.png,1,2008319S07086,SI,south_indian_ocean,,2008-11-20T12:00:00Z,IMG0783,cyclone,medium,,G0411
data/processed/cyclone/POS_0911.png,1,2008329N09082,NI,north_indian_ocean,bay_of_bengal,2008-11-25T06:00:00Z,IMG0784,cyclone,medium,,G0412
data/processed/cyclone/POS_0912.png,1,2008329N09082,NI,north_indian_ocean,bay_of_bengal,2008-11-26T15:00:00Z,IMG0785,cyclone,medium,,G0412
data/processed/cyclone/PRS_0742.png,1,2008329N09082,NI,north_indian_ocean,arabian_sea,2008-11-27T21:00:00Z,IMG0786,cyclone,medium,,G0412
data/processed/cyclone/POS_0913.png,1,2008338N06092,NI,north_indian_ocean,bay_of_bengal,2008-12-03T21:00:00Z,IMG0787,cyclone,medium,,G0413
data/processed/cyclone/POS_0914.png,1,2008338N06092,NI,north_indian_ocean,bay_of_bengal,2008-12-05T18:00:00Z,IMG0788,cyclone,medium,,G0413
data/processed/cyclone/POS_0916.png,1,2008338N06092,NI,north_indian_ocean,bay_of_bengal,2008-12-08T15:00:00Z,IMG0789,cyclone,medium,,G0413
data/processed/cyclone/POS_0919.png,1,2008348S10077,SI,south_indian_ocean,,2008-12-13T06:00:00Z,IMG0790,cyclone,medium,,G0414
data/processed/cyclone/POS_0924.png,1,2008356S14138,SP,pacific_ocean,southern_pacific,2008-12-21T09:00:00Z,IMG0791,cyclone,weak,,G0415
data/processed/cyclone/POS_0925.png,1,2008356S14138,SP,pacific_ocean,southern_pacific,2008-12-21T18:00:00Z,IMG0792,cyclone,weak,,G0415
data/processed/cyclone/POS_0926.png,1,2008356S14138,SP,pacific_ocean,southern_pacific,2008-12-22T00:00:00Z,IMG0793,cyclone,weak,,G0415
data/processed/cyclone/POS_0927.png,1,2008356S14138,SP,pacific_ocean,southern_pacific,2008-12-22T12:00:00Z,IMG0794,cyclone,weak,,G0415
data/processed/cyclone/POS_0929.png,1,2008356S14138,SI,south_indian_ocean,,2008-12-23T21:00:00Z,IMG0795,cyclone,weak,,G0415
data/processed/cyclone/POS_0930.png,1,2008356S14138,SI,south_indian_ocean,,2008-12-24T09:00:00Z,IMG0796,cyclone,weak,,G0415
data/processed/cyclone/POS_0921.png,1,2008351S11128,SI,south_indian_ocean,,2008-12-24T21:00:00Z,IMG0797,cyclone,strong,,G0415
data/processed/cyclone/POS_0931.png,1,2008356S14138,SI,south_indian_ocean,,2008-12-25T00:00:00Z,IMG0798,cyclone,weak,,G0415
data/processed/cyclone/POS_0922.png,1,2008351S11128,SI,south_indian_ocean,,2008-12-29T09:00:00Z,IMG0799,cyclone,strong,,G0415
data/processed/cyclone/PRS_0468.png,1,2009011S16139,SP,pacific_ocean,southern_pacific,2009-01-10T12:00:00Z,IMG0800,cyclone,medium,,G0416
data/processed/cyclone/PRS_0255.png,1,2009008S13069,SI,south_indian_ocean,,2009-01-11T03:00:00Z,IMG0801,cyclone,medium,,G0417
data/processed/cyclone/PRS_0524.png,1,2009025S12177,SP,pacific_ocean,southern_pacific,2009-01-29T09:00:00Z,IMG0804,cyclone,medium,,G0420
data/processed/cyclone/POS_0934.png,1,2009031S16147,SP,pacific_ocean,southern_pacific,2009-01-31T18:00:00Z,IMG0805,cyclone,medium,,G0421
data/processed/cyclone/POS_0940.png,1,2009059S10101,SI,south_indian_ocean,,2009-03-02T06:00:00Z,IMG0809,cyclone,medium,,G0425
data/processed/cyclone/POS_0941.png,1,2009064S13148,SP,pacific_ocean,southern_pacific,2009-03-07T09:00:00Z,IMG0810,cyclone,strong,,G0426
data/processed/cyclone/POS_0942.png,1,2009064S13148,SP,pacific_ocean,southern_pacific,2009-03-09T18:00:00Z,IMG0811,cyclone,strong,,G0426
data/processed/cyclone/POS_0944.png,1,2009069S19204,SP,pacific_ocean,southern_pacific,2009-03-14T06:00:00Z,IMG0812,cyclone,medium,,G0427
data/processed/cyclone/POS_0945.png,1,2009075S18197,SP,pacific_ocean,southern_pacific,2009-03-18T15:00:00Z,IMG0813,cyclone,medium,,G0428
data/processed/cyclone/PRS_0482.png,1,2009092S15178,SP,pacific_ocean,southern_pacific,2009-04-04T09:00:00Z,IMG0816,cyclone,medium,,G0431
data/processed/cyclone/PRS_0465.png,1,2009092S15178,SP,pacific_ocean,southern_pacific,2009-04-06T00:00:00Z,IMG0817,cyclone,medium,,G0431
data/processed/cyclone/POS_0950.png,1,2009104N13088,NI,north_indian_ocean,bay_of_bengal,2009-04-14T21:00:00Z,IMG0818,cyclone,medium,,G0432
data/processed/cyclone/POS_0952.png,1,2009107S07133,SI,south_indian_ocean,,2009-04-30T12:00:00Z,IMG0819,cyclone,medium,,G0433
data/processed/cyclone/POS_0958.png,1,2009174N18072,NI,north_indian_ocean,arabian_sea,2009-06-23T06:00:00Z,IMG0824,cyclone,weak,,G0436
data/processed/cyclone/POS_0959.png,1,2009174N18072,NI,north_indian_ocean,arabian_sea,2009-06-23T18:00:00Z,IMG0825,cyclone,weak,,G0436
data/processed/cyclone/PRS_0640.png,1,2009192N16130,WP,pacific_ocean,western_pacific,2009-07-13T00:00:00Z,IMG0829,cyclone,weak,,G0439
data/processed/cyclone/POS_0966.png,1,2009213N16130,WP,pacific_ocean,western_pacific,2009-08-03T00:00:00Z,IMG0831,cyclone,medium,,G0441
data/processed/cyclone/PRS_0713.png,1,2009220N12246,EP,pacific_ocean,eastern_pacific,2009-08-10T00:00:00Z,IMG0832,cyclone,weak,,G0442
data/processed/cyclone/POS_0968.png,1,2009220N12246,EP,pacific_ocean,eastern_pacific,2009-08-11T03:00:00Z,IMG0833,cyclone,weak,,G0442
data/processed/cyclone/PRS_0126.png,1,2009221N10201,EP,pacific_ocean,eastern_pacific,2009-08-12T18:00:00Z,IMG0834,cyclone,medium,,G0443
data/processed/cyclone/POS_0972.png,1,2009222N09262,EP,pacific_ocean,eastern_pacific,2009-08-14T18:00:00Z,IMG0835,cyclone,strong,,G0444
data/processed/cyclone/POS_0973.png,1,2009222N09262,EP,pacific_ocean,eastern_pacific,2009-08-18T06:00:00Z,IMG0836,cyclone,strong,,G0444
data/processed/cyclone/POS_0976.png,1,2009233N13230,EP,pacific_ocean,eastern_pacific,2009-08-23T09:00:00Z,IMG0837,cyclone,medium,,G0445
data/processed/cyclone/PRS_0608.png,1,2009238N12189,EP,pacific_ocean,eastern_pacific,2009-08-29T09:00:00Z,IMG0838,cyclone,weak,,G0446
data/processed/cyclone/POS_0985.png,1,2009254N14130,WP,pacific_ocean,western_pacific,2009-09-13T03:00:00Z,IMG0841,cyclone,strong,,G0449
data/processed/cyclone/POS_0986.png,1,2009254N14130,WP,pacific_ocean,western_pacific,2009-09-13T18:00:00Z,IMG0842,cyclone,strong,,G0449
data/processed/cyclone/POS_0991.png,1,2009257N14256,EP,pacific_ocean,eastern_pacific,2009-09-19T09:00:00Z,IMG0843,cyclone,medium,,G0450
data/processed/cyclone/POS_0988.png,1,2009255N13155,WP,pacific_ocean,western_pacific,2009-09-20T03:00:00Z,IMG0844,cyclone,strong,,G0451
data/processed/cyclone/POS_0993.png,1,2009281N15144,WP,pacific_ocean,western_pacific,2009-10-11T03:00:00Z,IMG0845,cyclone,medium,,G0452
data/processed/cyclone/POS_0994.png,1,2009281N15144,WP,pacific_ocean,western_pacific,2009-10-12T18:00:00Z,IMG0846,cyclone,medium,,G0452
data/processed/cyclone/PRS_0003.png,1,2009288N07267,EP,pacific_ocean,eastern_pacific,2009-10-18T00:00:00Z,IMG0848,cyclone,strong,,G0454
data/processed/cyclone/PRS_0069.png,1,2009311N20157,WP,pacific_ocean,western_pacific,2009-11-07T15:00:00Z,IMG0852,cyclone,medium,,G0457
data/processed/cyclone/POS_1000.png,1,2009313N11072,NI,north_indian_ocean,arabian_sea,2009-11-10T06:00:00Z,IMG0853,cyclone,medium,,G0458
data/processed/cyclone/POS_1001.png,1,2009313N11072,NI,north_indian_ocean,arabian_sea,2009-11-10T21:00:00Z,IMG0854,cyclone,medium,,G0458
data/processed/cyclone/POS_1002.png,1,2009313N11072,NI,north_indian_ocean,arabian_sea,2009-11-11T03:00:00Z,IMG0855,cyclone,medium,,G0458
data/processed/cyclone/PRS_0311.png,1,2009337N14143,WP,pacific_ocean,western_pacific,2009-12-04T18:00:00Z,IMG0859,cyclone,medium,,G0461
data/processed/cyclone/POS_1009.png,1,2009342S09140,SP,pacific_ocean,southern_pacific,2009-12-09T15:00:00Z,IMG0860,cyclone,strong,,G0462
data/processed/cyclone/POS_1010.png,1,2009342S09140,SI,south_indian_ocean,,2009-12-11T06:00:00Z,IMG0861,cyclone,strong,,G0462
data/processed/cyclone/POS_1006.png,1,2009344N06085,NI,north_indian_ocean,bay_of_bengal,2009-12-12T03:00:00Z,IMG0862,cyclone,medium,,G0463
data/processed/cyclone/POS_1007.png,1,2009344N06085,NI,north_indian_ocean,bay_of_bengal,2009-12-14T09:00:00Z,IMG0863,cyclone,medium,,G0463
data/processed/cyclone/POS_1012.png,1,2009342S09140,SI,south_indian_ocean,,2009-12-16T15:00:00Z,IMG0865,cyclone,strong,,G0462
data/processed/cyclone/PRS_0352.png,1,2010018N07113,WP,pacific_ocean,western_pacific,2010-01-19T12:00:00Z,IMG0867,cyclone,weak,,G0466
data/processed/cyclone/POS_1019.png,1,2010027S14184,SP,pacific_ocean,southern_pacific,2010-01-27T18:00:00Z,IMG0869,cyclone,medium,,G0468
data/processed/cyclone/PRS_0014.png,1,2010040S11185,SP,pacific_ocean,southern_pacific,2010-02-17T21:00:00Z,IMG0871,cyclone,strong,,G0470
data/processed/cyclone/POS_1023.png,1,2010051S06195,SP,pacific_ocean,southern_pacific,2010-02-25T18:00:00Z,IMG0872,cyclone,medium,,G0471
data/processed/cyclone/POS_1025.png,1,2010051S06195,SP,pacific_ocean,southern_pacific,2010-03-01T18:00:00Z,IMG0873,cyclone,medium,,G0471
data/processed/cyclone/POS_1029.png,1,2010070S15168,SP,pacific_ocean,southern_pacific,2010-03-11T12:00:00Z,IMG0874,cyclone,strong,,G0472
data/processed/cyclone/POS_1026.png,1,2010069S12188,SP,pacific_ocean,southern_pacific,2010-03-14T00:00:00Z,IMG0875,cyclone,strong,,G0473
data/processed/cyclone/POS_1027.png,1,2010069S12188,SP,pacific_ocean,southern_pacific,2010-03-16T00:00:00Z,IMG0876,cyclone,strong,,G0473
data/processed/cyclone/POS_1034.png,1,2010091S09093,SI,south_indian_ocean,,2010-04-07T06:00:00Z,IMG0879,cyclone,medium,,G0475
data/processed/cyclone/POS_1035.png,1,2010091S09093,SI,south_indian_ocean,,2010-04-08T00:00:00Z,IMG0880,cyclone,medium,,G0475
data/processed/cyclone/POS_1036.png,1,2010110S10118,SI,south_indian_ocean,,2010-04-23T21:00:00Z,IMG0881,cyclone,medium,,G0476
data/processed/cyclone/POS_1042.png,1,2010137N10090,NI,north_indian_ocean,bay_of_bengal,2010-05-17T06:00:00Z,IMG0882,cyclone,medium,,G0477
data/processed/cyclone/PRS_0712.png,1,2010136N09057,NI,north_indian_ocean,arabian_sea,2010-05-19T03:00:00Z,IMG0883,cyclone,medium,,G0477
data/processed/cyclone/POS_1043.png,1,2010137N10090,NI,north_indian_ocean,bay_of_bengal,2010-05-19T12:00:00Z,IMG0884,cyclone,medium,,G0477
data/processed/cyclone/POS_1040.png,1,2010136N09057,NI,north_indian_ocean,arabian_sea,2010-05-20T06:00:00Z,IMG0885,cyclone,medium,,G0477
data/processed/cyclone/PRS_0747.png,1,2010136N09057,NI,north_indian_ocean,arabian_sea,2010-05-21T06:00:00Z,IMG0886,cyclone,medium,,G0477
data/processed/cyclone/POS_1041.png,1,2010136N09057,NI,north_indian_ocean,arabian_sea,2010-05-22T06:00:00Z,IMG0887,cyclone,medium,,G0477
data/processed/cyclone/PRS_0324.png,1,2010149N13266,EP,pacific_ocean,eastern_pacific,2010-05-29T06:00:00Z,IMG0888,cyclone,medium,,G0478
data/processed/cyclone/POS_1047.png,1,2010151N14065,NI,north_indian_ocean,arabian_sea,2010-05-31T15:00:00Z,IMG0889,cyclone,strong,,G0479
data/processed/cyclone/POS_1048.png,1,2010151N14065,NI,north_indian_ocean,arabian_sea,2010-06-01T06:00:00Z,IMG0890,cyclone,strong,,G0479
data/processed/cyclone/POS_1049.png,1,2010151N14065,NI,north_indian_ocean,arabian_sea,2010-06-01T18:00:00Z,IMG0891,cyclone,strong,,G0479
data/processed/cyclone/POS_1050.png,1,2010151N14065,NI,north_indian_ocean,arabian_sea,2010-06-02T06:00:00Z,IMG0892,cyclone,strong,,G0479
data/processed/cyclone/POS_1052.png,1,2010151N14065,NI,north_indian_ocean,arabian_sea,2010-06-03T09:00:00Z,IMG0893,cyclone,strong,,G0479
data/processed/cyclone/POS_1053.png,1,2010151N14065,NI,north_indian_ocean,arabian_sea,2010-06-04T00:00:00Z,IMG0894,cyclone,strong,,G0479
data/processed/cyclone/POS_1054.png,1,2010151N14065,NI,north_indian_ocean,arabian_sea,2010-06-04T18:00:00Z,IMG0895,cyclone,strong,,G0479
data/processed/cyclone/POS_1055.png,1,2010151N14065,NI,north_indian_ocean,arabian_sea,2010-06-05T18:00:00Z,IMG0896,cyclone,strong,,G0479
data/processed/cyclone/POS_1056.png,1,2010151N14065,NI,north_indian_ocean,arabian_sea,2010-06-06T12:00:00Z,IMG0897,cyclone,strong,,G0479
data/processed/cyclone/PRS_0520.png,1,2010167N15265,EP,pacific_ocean,eastern_pacific,2010-06-16T06:00:00Z,IMG0898,cyclone,weak,,G0480
data/processed/cyclone/POS_1059.png,1,2010166N15255,EP,pacific_ocean,eastern_pacific,2010-06-17T06:00:00Z,IMG0899,cyclone,medium,,G0481
data/processed/cyclone/POS_1061.png,1,2010166N15255,EP,pacific_ocean,eastern_pacific,2010-06-21T15:00:00Z,IMG0900,cyclone,medium,,G0481
data/processed/cyclone/PRS_0037.png,1,2010172N08272,EP,pacific_ocean,eastern_pacific,2010-06-28T15:00:00Z,IMG0901,cyclone,strong,,G0482
data/processed/cyclone/PRS_0093.png,1,2010191N12138,WP,pacific_ocean,western_pacific,2010-07-13T15:00:00Z,IMG0902,cyclone,strong,,G0483
data/processed/cyclone/PRS_0668.png,1,2010195N14257,EP,pacific_ocean,eastern_pacific,2010-07-14T18:00:00Z,IMG0903,cyclone,weak,,G0484
data/processed/cyclone/PRS_0496.png,1,2010195N14257,EP,pacific_ocean,eastern_pacific,2010-07-16T12:00:00Z,IMG0904,cyclone,weak,,G0484
data/processed/cyclone/PRS_0141.png,1,2010191N12138,WP,pacific_ocean,western_pacific,2010-07-17T03:00:00Z,IMG0905,cyclone,strong,,G0483
data/processed/cyclone/PRS_0366.png,1,2010217N15265,EP,pacific_ocean,eastern_pacific,2010-08-07T21:00:00Z,IMG0906,cyclone,medium,,G0485
data/processed/cyclone/PRS_0282.png,1,2010218N20127,WP,pacific_ocean,western_pacific,2010-08-10T12:00:00Z,IMG0907,cyclone,medium,,G0486
data/processed/cyclone/POS_1064.png,1,2010232N18253,EP,pacific_ocean,eastern_pacific,2010-08-20T18:00:00Z,IMG0908,cyclone,weak,,G0487
data/processed/cyclone/POS_1065.png,1,2010232N18253,EP,pacific_ocean,eastern_pacific,2010-08-21T03:00:00Z,IMG0909,cyclone,weak,,G0487
data/processed/cyclone/POS_1066.png,1,2010232N18253,EP,pacific_ocean,eastern_pacific,2010-08-21T15:00:00Z,IMG0910,cyclone,weak,,G0487
data/processed/cyclone/PRS_0170.png,1,2010233N17119,WP,pacific_ocean,western_pacific,2010-08-24T18:00:00Z,IMG0911,cyclone,medium,,G0488
data/processed/cyclone/POS_1068.png,1,2010239N15118,WP,pacific_ocean,western_pacific,2010-08-28T03:00:00Z,IMG0912,cyclone,medium,,G0489
data/processed/cyclone/PRS_0545.png,1,2010246N19251,EP,pacific_ocean,eastern_pacific,2010-09-03T03:00:00Z,IMG0914,cyclone,weak,,G0491
data/processed/cyclone/PRS_0687.png,1,2010246N19251,EP,pacific_ocean,eastern_pacific,2010-09-04T06:00:00Z,IMG0915,cyclone,weak,,G0491
data/processed/cyclone/PRS_0516.png,1,2010247N15266,EP,pacific_ocean,eastern_pacific,2010-09-04T12:00:00Z,IMG0916,cyclone,weak,,G0491
data/processed/cyclone/POS_1072.png,1,2010243N12146,WP,pacific_ocean,western_pacific,2010-09-06T21:00:00Z,IMG0917,cyclone,medium,,G0492
data/processed/cyclone/POS_1074.png,1,2010249N24125,WP,pacific_ocean,western_pacific,2010-09-07T00:00:00Z,IMG0918,cyclone,strong,,G0492
data/processed/cyclone/POS_1073.png,1,2010243N12146,WP,pacific_ocean,western_pacific,2010-09-08T18:00:00Z,IMG0919,cyclone,medium,,G0492
data/processed/cyclone/POS_1076.png,1,2010278N18110,WP,pacific_ocean,western_pacific,2010-10-05T06:00:00Z,IMG0922,cyclone,weak,,G0495
data/processed/cyclone/POS_1077.png,1,2010280N17085,NI,north_indian_ocean,bay_of_bengal,2010-10-07T21:00:00Z,IMG0923,cyclone,weak,,G0496
data/processed/cyclone/POS_1078.png,1,2010280N17085,NI,north_indian_ocean,bay_of_bengal,2010-10-08T06:00:00Z,IMG0924,cyclone,weak,,G0496
data/processed/cyclone/POS_1079.png,1,2010286N18090,NI,north_indian_ocean,bay_of_bengal,2010-10-13T12:00:00Z,IMG0925,cyclone,weak,,G0497
data/processed/cyclone/POS_1084.png,1,2010293N17093,NI,north_indian_ocean,bay_of_bengal,2010-10-20T12:00:00Z,IMG0926,cyclone,strong,,G0498
data/processed/cyclone/POS_1085.png,1,2010293N17093,NI,north_indian_ocean,bay_of_bengal,2010-10-20T21:00:00Z,IMG0927,cyclone,strong,,G0498
data/processed/cyclone/POS_1080.png,1,2010293N13165,WP,pacific_ocean,western_pacific,2010-10-21T21:00:00Z,IMG0928,cyclone,weak,,G0499
data/processed/cyclone/POS_1086.png,1,2010293N17093,NI,north_indian_ocean,bay_of_bengal,2010-10-22T12:00:00Z,IMG0929,cyclone,strong,,G0498
data/processed/cyclone/POS_1087.png,1,2010293N17093,NI,north_indian_ocean,bay_of_bengal,2010-10-23T12:00:00Z,IMG0930,cyclone,strong,,G0498
data/processed/cyclone/PRS_0318.png,1,2010302S08098,SI,south_indian_ocean,,2010-11-03T18:00:00Z,IMG0931,cyclone,medium,,G0500
data/processed/cyclone/POS_1089.png,1,2010305N06105,NI,north_indian_ocean,bay_of_bengal,2010-11-05T12:00:00Z,IMG0932,cyclone,medium,,G0501
data/processed/cyclone/POS_1090.png,1,2010305N06105,NI,north_indian_ocean,bay_of_bengal,2010-11-08T00:00:00Z,IMG0933,cyclone,medium,,G0501
data/processed/cyclone/POS_1093.png,1,2010346N09115,WP,pacific_ocean,western_pacific,2010-12-12T18:00:00Z,IMG0936,cyclone,weak,,G0504
data/processed/cyclone/POS_1096.png,1,2010349S18109,SI,south_indian_ocean,,2010-12-15T09:00:00Z,IMG0937,cyclone,weak,,G0505
data/processed/cyclone/POS_1097.png,1,2010349S18109,SI,south_indian_ocean,,2010-12-16T03:00:00Z,IMG0938,cyclone,weak,,G0505
data/processed/cyclone/POS_1098.png,1,2010349S18109,SI,south_indian_ocean,,2010-12-16T15:00:00Z,IMG0939,cyclone,weak,,G0505
data/processed/cyclone/POS_1099.png,1,2010349S18109,SI,south_indian_ocean,,2010-12-17T06:00:00Z,IMG0940,cyclone,weak,,G0505
data/processed/cyclone/POS_1100.png,1,2010349S18109,SI,south_indian_ocean,,2010-12-18T06:00:00Z,IMG0941,cyclone,weak,,G0505
data/processed/cyclone/POS_1101.png,1,2010349S18109,SI,south_indian_ocean,,2010-12-18T21:00:00Z,IMG0942,cyclone,weak,,G0505
data/processed/cyclone/POS_1102.png,1,2010349S18109,SI,south_indian_ocean,,2010-12-19T12:00:00Z,IMG0943,cyclone,weak,,G0505
data/processed/cyclone/POS_1103.png,1,2010349S18109,SI,south_indian_ocean,,2010-12-20T06:00:00Z,IMG0944,cyclone,weak,,G0505
data/processed/cyclone/POS_1104.png,1,2010363S15133,SI,south_indian_ocean,,2010-12-29T09:00:00Z,IMG0945,cyclone,weak,,G0506
data/processed/cyclone/POS_1105.png,1,2010363S15133,SI,south_indian_ocean,,2010-12-30T03:00:00Z,IMG0946,cyclone,weak,,G0506
data/processed/cyclone/POS_1106.png,1,2010363S15133,SI,south_indian_ocean,,2010-12-30T21:00:00Z,IMG0947,cyclone,weak,,G0506
data/processed/cyclone/POS_1107.png,1,2010363S15133,SI,south_indian_ocean,,2010-12-31T12:00:00Z,IMG0948,cyclone,weak,,G0506
data/processed/cyclone/POS_1108.png,1,2010363S15133,SI,south_indian_ocean,,2011-01-01T03:00:00Z,IMG0949,cyclone,weak,,G0506
data/processed/cyclone/POS_1109.png,1,2010363S15133,SI,south_indian_ocean,,2011-01-02T00:00:00Z,IMG0950,cyclone,weak,,G0506
data/processed/cyclone/POS_1110.png,1,2010363S15133,SI,south_indian_ocean,,2011-01-02T15:00:00Z,IMG0951,cyclone,weak,,G0506
data/processed/cyclone/POS_1111.png,1,2010363S15133,SI,south_indian_ocean,,2011-01-03T18:00:00Z,IMG0952,cyclone,weak,,G0506
data/processed/cyclone/POS_1112.png,1,2010363S15133,SI,south_indian_ocean,,2011-01-04T09:00:00Z,IMG0953,cyclone,weak,,G0506
data/processed/cyclone/POS_1120.png,1,2011022S16146,SP,pacific_ocean,southern_pacific,2011-01-23T18:00:00Z,IMG0959,cyclone,medium,,G0509
data/processed/cyclone/POS_1121.png,1,2011022S16146,SP,pacific_ocean,southern_pacific,2011-01-25T21:00:00Z,IMG0960,cyclone,medium,,G0509
data/processed/cyclone/POS_1117.png,1,2011020S13182,SP,pacific_ocean,southern_pacific,2011-01-26T06:00:00Z,IMG0961,cyclone,strong,,G0509
data/processed/cyclone/POS_1119.png,1,2011021S16129,SI,south_indian_ocean,,2011-01-27T12:00:00Z,IMG0962,cyclone,strong,,G0510
data/processed/cyclone/POS_1123.png,1,2011038S11062,SI,south_indian_ocean,,2011-02-08T03:00:00Z,IMG0966,cyclone,strong,,G0514
data/processed/cyclone/POS_1124.png,1,2011041S17113,SI,south_indian_ocean,,2011-02-12T06:00:00Z,IMG0967,cyclone,medium,,G0515
data/processed/cyclone/POS_1126.png,1,2011048S14171,SP,pacific_ocean,southern_pacific,2011-02-18T15:00:00Z,IMG0968,cyclone,strong,,G0516
data/processed/cyclone/POS_1127.png,1,2011048S14171,SP,pacific_ocean,southern_pacific,2011-02-22T03:00:00Z,IMG0969,cyclone,strong,,G0516
data/processed/cyclone/POS_1125.png,1,2011045S14132,SI,south_indian_ocean,,2011-02-24T00:00:00Z,IMG0970,cyclone,strong,,G0517
data/processed/cyclone/POS_1128.png,1,2011073S11089,SI,south_indian_ocean,,2011-03-18T12:00:00Z,IMG0971,cyclone,medium,,G0518
data/processed/cyclone/PRS_0353.png,1,2011088S10133,SI,south_indian_ocean,,2011-03-30T00:00:00Z,IMG0972,cyclone,medium,,G0519
data/processed/cyclone/PRS_0555.png,1,2011091N09112,WP,pacific_ocean,western_pacific,2011-04-02T15:00:00Z,IMG0973,cyclone,weak,,G0520
data/processed/cyclone/PRS_0075.png,1,2011140N08142,WP,pacific_ocean,western_pacific,2011-05-21T03:00:00Z,IMG0974,cyclone,strong,,G0521
data/processed/cyclone/PRS_0105.png,1,2011140N08142,WP,pacific_ocean,western_pacific,2011-05-25T15:00:00Z,IMG0975,cyclone,strong,,G0521
data/processed/cyclone/POS_1137.png,1,2011188N14261,EP,pacific_ocean,eastern_pacific,2011-07-08T15:00:00Z,IMG0983,cyclone,strong,,G0525
data/processed/cyclone/POS_1140.png,1,2011199N10271,EP,pacific_ocean,eastern_pacific,2011-07-20T00:00:00Z,IMG0984,cyclone,strong,,G0526
data/processed/cyclone/PRS_0499.png,1,2011203N24085,NI,north_indian_ocean,bay_of_bengal,2011-07-22T15:00:00Z,IMG0985,cyclone,weak,,G0527
data/processed/cyclone/POS_1149.png,1,2011236N15143,WP,pacific_ocean,western_pacific,2011-08-29T03:00:00Z,IMG0990,cyclone,medium,,G0531
data/processed/cyclone/POS_1148.png,1,2011233N12129,WP,pacific_ocean,western_pacific,2011-08-29T18:00:00Z,IMG0991,cyclone,strong,,G0532
data/processed/cyclone/POS_1150.png,1,2011236N15143,WP,pacific_ocean,western_pacific,2011-09-01T09:00:00Z,IMG0994,cyclone,medium,,G0531
data/processed/cyclone/PRS_0419.png,1,2011265N21088,NI,north_indian_ocean,bay_of_bengal,2011-09-23T03:00:00Z,IMG0995,cyclone,weak,,G0534
data/processed/cyclone/PRS_0176.png,1,2011264N13264,EP,pacific_ocean,eastern_pacific,2011-09-30T00:00:00Z,IMG0996,cyclone,strong,,G0535
data/processed/cyclone/PRS_0034.png,1,2011270N18139,WP,pacific_ocean,western_pacific,2011-10-01T15:00:00Z,IMG0997,cyclone,strong,,G0536
data/processed/cyclone/POS_1155.png,1,2011278N12248,EP,pacific_ocean,eastern_pacific,2011-10-07T03:00:00Z,IMG0998,cyclone,strong,,G0537
data/processed/cyclone/POS_1156.png,1,2011278N12248,EP,pacific_ocean,eastern_pacific,2011-10-10T12:00:00Z,IMG0999,cyclone,strong,,G0537
data/processed/cyclone/POS_1162.png,1,2011280N10268,EP,pacific_ocean,eastern_pacific,2011-10-12T21:00:00Z,IMG1000,cyclone,weak,,G0538
data/processed/cyclone/POS_1157.png,1,2011278N12248,EP,pacific_ocean,eastern_pacific,2011-10-13T21:00:00Z,IMG1001,cyclone,strong,,G0537
data/processed/cyclone/POS_1166.png,1,2011290N15090,NI,north_indian_ocean,bay_of_bengal,2011-10-18T12:00:00Z,IMG1002,cyclone,weak,,G0539
data/processed/cyclone/POS_1167.png,1,2011290N15090,NI,north_indian_ocean,bay_of_bengal,2011-10-20T00:00:00Z,IMG1003,cyclone,weak,,G0539
data/processed/cyclone/POS_1173.png,1,2011310N11066,NI,north_indian_ocean,arabian_sea,2011-11-06T15:00:00Z,IMG1008,cyclone,medium,,G0541
data/processed/cyclone/POS_1174.png,1,2011310N11066,NI,north_indian_ocean,arabian_sea,2011-11-08T03:00:00Z,IMG1009,cyclone,medium,,G0541
data/processed/cyclone/POS_1175.png,1,2011310N11066,NI,north_indian_ocean,arabian_sea,2011-11-09T09:00:00Z,IMG1011,cyclone,medium,,G0541
data/processed/cyclone/PRS_0718.png,1,2011310N11066,NI,north_indian_ocean,arabian_sea,2011-11-10T18:00:00Z,IMG1012,cyclone,medium,,G0541
data/processed/cyclone/PRS_0191.png,1,2011323N09264,EP,pacific_ocean,eastern_pacific,2011-11-22T21:00:00Z,IMG1013,cyclone,strong,,G0543
data/processed/cyclone/PRS_0583.png,1,2011338N06114,WP,pacific_ocean,western_pacific,2011-12-04T03:00:00Z,IMG1018,cyclone,weak,,G0545
data/processed/cyclone/PRS_0321.png,1,2011346N03156,WP,pacific_ocean,western_pacific,2011-12-16T12:00:00Z,IMG1020,cyclone,medium,,G0547
data/processed/cyclone/POS_1188.png,1,2011358S11132,SI,south_indian_ocean,,2011-12-23T18:00:00Z,IMG1021,cyclone,medium,,G0548
data/processed/cyclone/POS_1189.png,1,2011361S09095,SI,south_indian_ocean,,2012-01-02T06:00:00Z,IMG1027,cyclone,strong,,G0550
data/processed/cyclone/PRS_0219.png,1,2012024S15116,SI,south_indian_ocean,,2012-01-27T18:00:00Z,IMG1030,cyclone,strong,,G0553
data/processed/cyclone/POS_1198.png,1,2012032S15141,SP,pacific_ocean,southern_pacific,2012-02-12T03:00:00Z,IMG1032,cyclone,strong,,G0555
data/processed/cyclone/POS_1204.png,1,2012056S13057,SI,south_indian_ocean,,2012-02-27T21:00:00Z,IMG1034,cyclone,medium,,G0557
data/processed/cyclone/POS_1224.png,1,2012086N10116,WP,pacific_ocean,western_pacific,2012-03-31T18:00:00Z,IMG1053,cyclone,medium,,G0559
data/processed/cyclone/PRS_0485.png,1,2012092S16166,SP,pacific_ocean,southern_pacific,2012-04-03T09:00:00Z,IMG1054,cyclone,medium,,G0560
data/processed/cyclone/POS_1225.png,1,2012127S05127,SI,south_indian_ocean,,2012-05-06T12:00:00Z,IMG1055,cyclone,weak,,G0561
data/processed/cyclone/POS_1226.png,1,2012127S05127,SI,south_indian_ocean,,2012-05-06T21:00:00Z,IMG1056,cyclone,weak,,G0561
data/processed/cyclone/POS_1227.png,1,2012127S05127,SI,south_indian_ocean,,2012-05-07T12:00:00Z,IMG1057,cyclone,weak,,G0561
data/processed/cyclone/POS_1228.png,1,2012127S05127,SI,south_indian_ocean,,2012-05-07T15:00:00Z,IMG1058,cyclone,weak,,G0561
data/processed/cyclone/PRS_0298.png,1,2012135N10255,EP,pacific_ocean,eastern_pacific,2012-05-17T09:00:00Z,IMG1059,cyclone,medium,,G0562
data/processed/cyclone/PRS_0131.png,1,2012142N09262,EP,pacific_ocean,eastern_pacific,2012-05-26T00:00:00Z,IMG1060,cyclone,strong,,G0563
data/processed/cyclone/POS_1232.png,1,2012156S07066,SI,south_indian_ocean,,2012-06-06T18:00:00Z,IMG1061,cyclone,medium,,G0564
data/processed/cyclone/PRS_0138.png,1,2012166N09269,EP,pacific_ocean,eastern_pacific,2012-06-16T01:00:00Z,IMG1062,cyclone,strong,,G0565
data/processed/cyclone/POS_1234.png,1,2012168N19112,WP,pacific_ocean,western_pacific,2012-06-18T03:00:00Z,IMG1063,cyclone,medium,,G0566
data/processed/cyclone/POS_1235.png,1,2012168N19112,WP,pacific_ocean,western_pacific,2012-06-18T15:00:00Z,IMG1064,cyclone,medium,,G0566
data/processed/cyclone/PRS_0248.png,1,2012179S09153,SP,pacific_ocean,southern_pacific,2012-06-29T09:00:00Z,IMG1065,cyclone,medium,,G0567
data/processed/cyclone/PRS_0144.png,1,2012186N12255,EP,pacific_ocean,eastern_pacific,2012-07-09T15:00:00Z,IMG1066,cyclone,strong,,G0568
data/processed/cyclone/POS_1237.png,1,2012189N10262,EP,pacific_ocean,eastern_pacific,2012-07-11T21:00:00Z,IMG1067,cyclone,strong,,G0569
data/processed/cyclone/POS_1238.png,1,2012189N10262,EP,pacific_ocean,eastern_pacific,2012-07-14T12:00:00Z,IMG1068,cyclone,strong,,G0569
data/processed/cyclone/POS_1241.png,1,2012209N25149,WP,pacific_ocean,western_pacific,2012-07-28T15:00:00Z,IMG1069,cyclone,strong,,G0570
data/processed/cyclone/POS_1242.png,1,2012209N25149,WP,pacific_ocean,western_pacific,2012-07-29T18:00:00Z,IMG1070,cyclone,strong,,G0570
data/processed/cyclone/POS_1243.png,1,2012215N23146,WP,pacific_ocean,western_pacific,2012-08-09T00:00:00Z,IMG1072,cyclone,strong,,G0572
data/processed/cyclone/POS_1245.png,1,2012225N18255,EP,pacific_ocean,eastern_pacific,2012-08-14T00:00:00Z,IMG1073,cyclone,medium,,G0573
data/processed/cyclone/POS_1246.png,1,2012225N18255,EP,pacific_ocean,eastern_pacific,2012-08-16T15:00:00Z,IMG1074,cyclone,medium,,G0573
data/processed/cyclone/PRS_0233.png,1,2012247N18252,EP,pacific_ocean,eastern_pacific,2012-09-04T09:00:00Z,IMG1075,cyclone,medium,,G0574
data/processed/cyclone/PRS_0309.png,1,2012256N15257,EP,pacific_ocean,eastern_pacific,2012-09-13T00:00:00Z,IMG1076,cyclone,medium,,G0575
data/processed/cyclone/PRS_0205.png,1,2012256N15257,EP,pacific_ocean,eastern_pacific,2012-09-16T21:00:00Z,IMG1077,cyclone,medium,,G0575
data/processed/cyclone/PRS_0639.png,1,2012285N21091,NI,north_indian_ocean,bay_of_bengal,2012-10-11T00:00:00Z,IMG1080,cyclone,weak,,G0577
data/processed/cyclone/POS_1255.png,1,2012287N16147,WP,pacific_ocean,western_pacific,2012-10-15T03:00:00Z,IMG1081,cyclone,medium,,G0578
data/processed/cyclone/POS_1276.png,1,2012285S04077,SI,south_indian_ocean,,2012-10-15T12:00:00Z,IMG1082,cyclone,strong,,G0579
data/processed/cyclone/POS_1261.png,1,2012301N11087,NI,north_indian_ocean,bay_of_bengal,2012-10-28T21:00:00Z,IMG1086,cyclone,medium,,G0581
data/processed/cyclone/POS_1262.png,1,2012301N11087,NI,north_indian_ocean,bay_of_bengal,2012-10-31T12:00:00Z,IMG1087,cyclone,medium,,G0581
data/processed/cyclone/PRS_0725.png,1,2012301N11087,NI,north_indian_ocean,arabian_sea,2012-11-01T15:00:00Z,IMG1089,cyclone,medium,,G0581
data/processed/cyclone/PRS_0113.png,1,2012317N07118,WP,pacific_ocean,western_pacific,2012-11-14T06:00:00Z,IMG1090,cyclone,weak,,G0583
data/processed/cyclone/PRS_0012.png,1,2012317N07118,WP,pacific_ocean,western_pacific,2012-11-15T06:00:00Z,IMG1091,cyclone,weak,,G0583
data/processed/cyclone/POS_1267.png,1,2012321N14090,NI,north_indian_ocean,bay_of_bengal,2012-11-20T00:00:00Z,IMG1092,cyclone,medium,,G0584
data/processed/cyclone/POS_1268.png,1,2012321N14090,NI,north_indian_ocean,bay_of_bengal,2012-11-23T00:00:00Z,IMG1093,cyclone,medium,,G0584
data/processed/cyclone/PRS_0362.png,1,2012346S14180,SP,pacific_ocean,southern_pacific,2012-12-14T03:00:00Z,IMG1096,cyclone,strong,,G0586
data/processed/cyclone/POS_1279.png,1,2012362S08071,SI,south_indian_ocean,,2013-01-04T09:00:00Z,IMG1101,cyclone,strong,,G0590
data/processed/cyclone/PRS_0204.png,1,2013009S11084,SI,south_indian_ocean,,2013-01-19T18:00:00Z,IMG1105,cyclone,medium,,G0592
data/processed/cyclone/POS_1286.png,1,2013020S16137,SP,pacific_ocean,southern_pacific,2013-01-22T18:00:00Z,IMG1106,cyclone,medium,,G0593
data/processed/cyclone/PRS_0262.png,1,2013020S17124,SI,south_indian_ocean,,2013-01-23T09:00:00Z,IMG1107,cyclone,medium,,G0594
data/processed/cyclone/POS_1287.png,1,2013020S16137,SP,pacific_ocean,southern_pacific,2013-01-27T00:00:00Z,IMG1108,cyclone,medium,,G0593
data/processed/cyclone/POS_1288.png,1,2013040S16199,SP,pacific_ocean,southern_pacific,2013-02-11T15:00:00Z,IMG1109,cyclone,medium,,G0595
data/processed/cyclone/POS_1292.png,1,2013049N05131,WP,pacific_ocean,western_pacific,2013-02-19T00:00:00Z,IMG1111,cyclone,medium,,G0597
data/processed/cyclone/POS_1293.png,1,2013051S12102,SI,south_indian_ocean,,2013-02-20T03:00:00Z,IMG1112,cyclone,medium,,G0598
data/processed/cyclone/POS_1294.png,1,2013064S18149,SP,pacific_ocean,southern_pacific,2013-03-09T15:00:00Z,IMG1113,cyclone,strong,,G0599
data/processed/cyclone/POS_1296.png,1,2013072S12140,SP,pacific_ocean,southern_pacific,2013-03-13T15:00:00Z,IMG1114,cyclone,medium,,G0600
data/processed/cyclone/POS_1303.png,1,2013130N04093,NI,north_indian_ocean,bay_of_bengal,2013-05-12T09:00:00Z,IMG1116,cyclone,medium,,G0602
data/processed/cyclone/POS_1307.png,1,2013134N07265,EP,pacific_ocean,eastern_pacific,2013-05-15T06:00:00Z,IMG1117,cyclone,medium,,G0603
data/processed/cyclone/POS_1308.png,1,2013134N07265,EP,pacific_ocean,eastern_pacific,2013-05-16T03:00:00Z,IMG1118,cyclone,medium,,G0603
data/processed/cyclone/POS_1305.png,1,2013130N04093,NI,north_indian_ocean,bay_of_bengal,2013-05-16T12:00:00Z,IMG1119,cyclone,medium,,G0602
data/processed/cyclone/POS_1310.png,1,2013171N15117,WP,pacific_ocean,western_pacific,2013-06-22T18:00:00Z,IMG1121,cyclone,medium,,G0605
data/processed/cyclone/POS_1311.png,1,2013196N14128,WP,pacific_ocean,western_pacific,2013-07-16T03:00:00Z,IMG1122,cyclone,medium,,G0606
data/processed/cyclone/PRS_0277.png,1,2013206N15238,EP,pacific_ocean,eastern_pacific,2013-07-29T03:00:00Z,IMG1123,cyclone,medium,,G0607
data/processed/cyclone/POS_1312.png,1,2013211N21088,NI,north_indian_ocean,bay_of_bengal,2013-07-31T00:00:00Z,IMG1124,cyclone,weak,,G0608
data/processed/cyclone/POS_1313.png,1,2013211N21088,NI,north_indian_ocean,bay_of_bengal,2013-07-31T09:00:00Z,IMG1125,cyclone,weak,,G0608
data/processed/cyclone/PRS_0330.png,1,2013210N13122,WP,pacific_ocean,western_pacific,2013-08-01T09:00:00Z,IMG1126,cyclone,medium,,G0609
data/processed/cyclone/POS_1316.png,1,2013214N13243,EP,pacific_ocean,eastern_pacific,2013-08-08T21:00:00Z,IMG1127,cyclone,strong,,G0610
data/processed/cyclone/POS_1317.png,1,2013214N13243,EP,pacific_ocean,eastern_pacific,2013-08-11T06:00:00Z,IMG1128,cyclone,strong,,G0610
data/processed/cyclone/PRS_0603.png,1,2013229N26132,WP,pacific_ocean,western_pacific,2013-08-17T09:00:00Z,IMG1130,cyclone,weak,,G0612
data/processed/cyclone/PRS_0492.png,1,2013229N26132,WP,pacific_ocean,western_pacific,2013-08-18T12:00:00Z,IMG1131,cyclone,weak,,G0612
data/processed/cyclone/POS_1318.png,1,2013232N22088,NI,north_indian_ocean,bay_of_bengal,2013-08-20T03:00:00Z,IMG1132,cyclone,weak,,G0613
data/processed/cyclone/POS_1319.png,1,2013232N22088,NI,north_indian_ocean,bay_of_bengal,2013-08-22T12:00:00Z,IMG1134,cyclone,weak,,G0613
data/processed/cyclone/POS_1320.png,1,2013241N29169,WP,pacific_ocean,western_pacific,2013-08-30T00:00:00Z,IMG1135,cyclone,medium,,G0615
data/processed/cyclone/PRS_0086.png,1,2013272N10135,WP,pacific_ocean,western_pacific,2013-09-29T06:00:00Z,IMG1138,cyclone,strong,,G0617
data/processed/cyclone/PRS_0087.png,1,2013272N10135,WP,pacific_ocean,western_pacific,2013-10-06T03:00:00Z,IMG1139,cyclone,strong,,G0617
data/processed/cyclone/POS_1324.png,1,2013280N13242,EP,pacific_ocean,eastern_pacific,2013-10-09T06:00:00Z,IMG1142,cyclone,medium,,G0619
data/processed/cyclone/POS_1333.png,1,2013282N14149,WP,pacific_ocean,western_pacific,2013-10-12T12:00:00Z,IMG1145,cyclone,strong,,G0620
data/processed/cyclone/POS_1334.png,1,2013282N14149,WP,pacific_ocean,western_pacific,2013-10-13T18:00:00Z,IMG1146,cyclone,strong,,G0620
data/processed/cyclone/PRS_0062.png,1,2013289N14149,WP,pacific_ocean,western_pacific,2013-10-16T00:00:00Z,IMG1149,cyclone,strong,,G0622
data/processed/cyclone/POS_1372.png,1,2013296S07079,SI,south_indian_ocean,,2013-10-25T06:00:00Z,IMG1151,cyclone,medium,,G0624
data/processed/cyclone/PRS_0004.png,1,2013305N16252,EP,pacific_ocean,eastern_pacific,2013-11-02T06:00:00Z,IMG1152,cyclone,medium,,G0625
data/processed/cyclone/POS_1348.png,1,2013310N06066,NI,north_indian_ocean,arabian_sea,2013-11-08T18:00:00Z,IMG1153,cyclone,medium,,G0626
data/processed/cyclone/POS_1349.png,1,2013310N06066,NI,north_indian_ocean,arabian_sea,2013-11-09T00:00:00Z,IMG1154,cyclone,medium,,G0626
data/processed/cyclone/POS_1350.png,1,2013310N06066,NI,north_indian_ocean,arabian_sea,2013-11-10T06:00:00Z,IMG1155,cyclone,medium,,G0626
data/processed/cyclone/POS_1351.png,1,2013310N06066,NI,north_indian_ocean,arabian_sea,2013-11-10T18:00:00Z,IMG1156,cyclone,medium,,G0626
data/processed/cyclone/POS_1341.png,1,2013305N07141,NI,north_indian_ocean,bay_of_bengal,2013-11-11T00:00:00Z,IMG1157,cyclone,medium,,G0627
data/processed/cyclone/POS_1343.png,1,2013305N07141,NI,north_indian_ocean,bay_of_bengal,2013-11-14T06:00:00Z,IMG1158,cyclone,medium,,G0627
data/processed/cyclone/POS_1352.png,1,2013316N06130,WP,pacific_ocean,western_pacific,2013-11-15T00:00:00Z,IMG1159,cyclone,medium,,G0628
data/processed/cyclone/POS_1353.png,1,2013322N13090,NI,north_indian_ocean,bay_of_bengal,2013-11-19T00:00:00Z,IMG1160,cyclone,medium,,G0629
data/processed/cyclone/POS_1345.png,1,2013305N07141,NI,north_indian_ocean,arabian_sea,2013-11-19T15:00:00Z,IMG1161,cyclone,medium,,G0627
data/processed/cyclone/POS_1354.png,1,2013322N13090,NI,north_indian_ocean,bay_of_bengal,2013-11-20T21:00:00Z,IMG1162,cyclone,medium,,G0629
data/processed/cyclone/POS_1357.png,1,2013324N07103,NI,north_indian_ocean,bay_of_bengal,2013-11-23T06:00:00Z,IMG1163,cyclone,strong,,G0630
data/processed/cyclone/POS_1358.png,1,2013324N07103,NI,north_indian_ocean,bay_of_bengal,2013-11-24T06:00:00Z,IMG1164,cyclone,strong,,G0630
data/processed/cyclone/POS_1359.png,1,2013324N07103,NI,north_indian_ocean,bay_of_bengal,2013-11-24T21:00:00Z,IMG1165,cyclone,strong,,G0630
data/processed/cyclone/POS_1360.png,1,2013324N07103,NI,north_indian_ocean,bay_of_bengal,2013-11-25T18:00:00Z,IMG1166,cyclone,strong,,G0630
data/processed/cyclone/POS_1361.png,1,2013324N07103,NI,north_indian_ocean,bay_of_bengal,2013-11-27T12:00:00Z,IMG1167,cyclone,strong,,G0630
data/processed/cyclone/POS_1362.png,1,2013324N07103,NI,north_indian_ocean,bay_of_bengal,2013-11-28T15:00:00Z,IMG1168,cyclone,strong,,G0630
data/processed/cyclone/PRS_0230.png,1,2013337N15139,WP,pacific_ocean,western_pacific,2013-12-03T18:00:00Z,IMG1169,cyclone,weak,,G0631
data/processed/cyclone/POS_1364.png,1,2013339N09084,NI,north_indian_ocean,bay_of_bengal,2013-12-06T03:00:00Z,IMG1170,cyclone,strong,,G0632
data/processed/cyclone/POS_1365.png,1,2013339N09084,NI,north_indian_ocean,bay_of_bengal,2013-12-07T18:00:00Z,IMG1171,cyclone,strong,,G0632
data/processed/cyclone/POS_1366.png,1,2013339N09084,NI,north_indian_ocean,bay_of_bengal,2013-12-08T18:00:00Z,IMG1172,cyclone,strong,,G0632
data/processed/cyclone/POS_1367.png,1,2013339N09084,NI,north_indian_ocean,bay_of_bengal,2013-12-08T21:00:00Z,IMG1173,cyclone,strong,,G0632
data/processed/cyclone/POS_1368.png,1,2013339N09084,NI,north_indian_ocean,bay_of_bengal,2013-12-09T21:00:00Z,IMG1174,cyclone,strong,,G0632
data/processed/cyclone/POS_1370.png,1,2013339N09084,NI,north_indian_ocean,bay_of_bengal,2013-12-11T12:00:00Z,IMG1175,cyclone,strong,,G0632
data/processed/cyclone/PRS_0207.png,1,2013350S08099,SI,south_indian_ocean,,2013-12-21T00:00:00Z,IMG1176,cyclone,strong,,G0633
data/processed/cyclone/POS_1374.png,1,2013360S12124,SI,south_indian_ocean,,2013-12-26T06:00:00Z,IMG1177,cyclone,strong,,G0634
data/processed/cyclone/POS_1376.png,1,2013362S09053,SI,south_indian_ocean,,2014-01-03T15:00:00Z,IMG1178,cyclone,strong,,G0635
data/processed/cyclone/POS_1377.png,1,2014003N08086,NI,north_indian_ocean,bay_of_bengal,2014-01-04T18:00:00Z,IMG1179,cyclone,medium,,G0636
data/processed/cyclone/POS_1378.png,1,2014003N08086,NI,north_indian_ocean,bay_of_bengal,2014-01-06T12:00:00Z,IMG1180,cyclone,medium,,G0636
data/processed/cyclone/PRS_0702.png,1,2014003N08086,NI,north_indian_ocean,arabian_sea,2014-01-08T06:00:00Z,IMG1181,cyclone,medium,,G0636
data/processed/cyclone/POS_1382.png,1,2014004S17183,SP,pacific_ocean,southern_pacific,2014-01-09T18:00:00Z,IMG1182,cyclone,strong,,G0637
data/processed/cyclone/PRS_0021.png,1,2014007S11104,SI,south_indian_ocean,,2014-01-12T00:00:00Z,IMG1183,cyclone,strong,,G0638
data/processed/cyclone/POS_1386.png,1,2014015S16043,SI,south_indian_ocean,,2014-01-16T09:00:00Z,IMG1184,cyclone,medium,,G0639
data/processed/cyclone/PRS_0451.png,1,2014017S14160,SP,pacific_ocean,southern_pacific,2014-01-16T18:00:00Z,IMG1185,cyclone,medium,,G0640
data/processed/cyclone/POS_1385.png,1,2014015N10129,WP,pacific_ocean,western_pacific,2014-01-18T18:00:00Z,IMG1186,cyclone,medium,,G0641
data/processed/cyclone/POS_1390.png,1,2014031S17149,SP,pacific_ocean,southern_pacific,2014-01-31T18:00:00Z,IMG1189,cyclone,medium,,G0643
data/processed/cyclone/POS_1391.png,1,2014031S17149,SP,pacific_ocean,southern_pacific,2014-02-05T03:00:00Z,IMG1191,cyclone,medium,,G0643
data/processed/cyclone/POS_1402.png,1,2014056S18175,SP,pacific_ocean,southern_pacific,2014-02-26T18:00:00Z,IMG1195,cyclone,weak,,G0647
data/processed/cyclone/POS_1404.png,1,2014056S18175,SP,pacific_ocean,southern_pacific,2014-02-27T18:00:00Z,IMG1196,cyclone,weak,,G0647
data/processed/cyclone/PRS_0139.png,1,2014058N09149,WP,pacific_ocean,western_pacific,2014-03-04T21:00:00Z,IMG1197,cyclone,strong,,G0648
data/processed/cyclone/POS_1408.png,1,2014068S16169,SP,pacific_ocean,southern_pacific,2014-03-11T12:00:00Z,IMG1199,cyclone,strong,,G0650
data/processed/cyclone/PRS_0737.png,1,2014159N12068,NI,north_indian_ocean,arabian_sea,2014-06-08T21:00:00Z,IMG1207,cyclone,medium,,G0656
data/processed/cyclone/PRS_0700.png,1,2014159N12068,NI,north_indian_ocean,arabian_sea,2014-06-09T21:00:00Z,IMG1208,cyclone,medium,,G0656
data/processed/cyclone/POS_1417.png,1,2014159N12068,NI,north_indian_ocean,arabian_sea,2014-06-10T21:00:00Z,IMG1209,cyclone,medium,,G0656
data/processed/cyclone/POS_1418.png,1,2014159N12068,NI,north_indian_ocean,arabian_sea,2014-06-12T09:00:00Z,IMG1210,cyclone,medium,,G0656
data/processed/cyclone/POS_1419.png,1,2014187N11247,EP,pacific_ocean,eastern_pacific,2014-07-07T12:00:00Z,IMG1212,cyclone,medium,,G0658
data/processed/cyclone/POS_1424.png,1,2014202N22087,NI,north_indian_ocean,bay_of_bengal,2014-07-22T12:00:00Z,IMG1214,cyclone,weak,,G0660
data/processed/cyclone/POS_1425.png,1,2014207N12255,EP,pacific_ocean,eastern_pacific,2014-07-26T21:00:00Z,IMG1215,cyclone,strong,,G0661
data/processed/cyclone/POS_1426.png,1,2014207N12255,EP,pacific_ocean,eastern_pacific,2014-07-28T09:00:00Z,IMG1216,cyclone,strong,,G0661
data/processed/cyclone/POS_1427.png,1,2014207N12255,EP,pacific_ocean,eastern_pacific,2014-07-29T06:00:00Z,IMG1217,cyclone,strong,,G0661
data/processed/cyclone/POS_1433.png,1,2014216N21089,NI,north_indian_ocean,bay_of_bengal,2014-08-03T15:00:00Z,IMG1218,cyclone,weak,,G0662
data/processed/cyclone/POS_1430.png,1,2014209N12152,WP,pacific_ocean,western_pacific,2014-08-04T06:00:00Z,IMG1219,cyclone,strong,,G0663
data/processed/cyclone/POS_1434.png,1,2014216N21089,NI,north_indian_ocean,bay_of_bengal,2014-08-06T09:00:00Z,IMG1220,cyclone,weak,,G0662
data/processed/cyclone/POS_1431.png,1,2014209N12152,WP,pacific_ocean,western_pacific,2014-08-07T21:00:00Z,IMG1221,cyclone,strong,,G0663
data/processed/cyclone/POS_1435.png,1,2014229N16246,EP,pacific_ocean,eastern_pacific,2014-08-17T12:00:00Z,IMG1222,cyclone,strong,,G0664
data/processed/cyclone/POS_1436.png,1,2014229N16246,EP,pacific_ocean,eastern_pacific,2014-08-20T12:00:00Z,IMG1223,cyclone,strong,,G0664
data/processed/cyclone/POS_1437.png,1,2014229N16246,EP,pacific_ocean,eastern_pacific,2014-08-23T06:00:00Z,IMG1224,cyclone,strong,,G0664
data/processed/cyclone/POS_1441.png,1,2014249N14118,WP,pacific_ocean,western_pacific,2014-09-07T15:00:00Z,IMG1225,cyclone,weak,,G0665
data/processed/cyclone/PRS_0728.png,1,2014253N13244,EP,pacific_ocean,eastern_pacific,2014-09-11T21:00:00Z,IMG1226,cyclone,weak,,G0666
data/processed/cyclone/POS_1442.png,1,2014253N13244,EP,pacific_ocean,eastern_pacific,2014-09-12T21:00:00Z,IMG1227,cyclone,weak,,G0666
data/processed/cyclone/POS_1443.png,1,2014253N13244,EP,pacific_ocean,eastern_pacific,2014-09-14T12:00:00Z,IMG1228,cyclone,weak,,G0666
data/processed/cyclone/PRS_0009.png,1,2014271N10160,WP,pacific_ocean,western_pacific,2014-09-29T09:00:00Z,IMG1236,cyclone,strong,,G0671
data/processed/cyclone/POS_1453.png,1,2014279N11096,NI,north_indian_ocean,bay_of_bengal,2014-10-07T06:00:00Z,IMG1237,cyclone,strong,,G0672
data/processed/cyclone/POS_1454.png,1,2014279N11096,NI,north_indian_ocean,bay_of_bengal,2014-10-08T06:00:00Z,IMG1238,cyclone,strong,,G0672
data/processed/cyclone/POS_1457.png,1,2014279N11096,NI,north_indian_ocean,bay_of_bengal,2014-10-11T06:00:00Z,IMG1239,cyclone,strong,,G0672
data/processed/cyclone/POS_1459.png,1,2014279N11096,NI,north_indian_ocean,bay_of_bengal,2014-10-13T06:00:00Z,IMG1240,cyclone,strong,,G0672
data/processed/cyclone/POS_1460.png,1,2014279N11096,NI,north_indian_ocean,bay_of_bengal,2014-10-14T09:00:00Z,IMG1241,cyclone,strong,,G0672
data/processed/cyclone/PRS_0026.png,1,2014303N13141,WP,pacific_ocean,western_pacific,2014-11-02T03:00:00Z,IMG1251,cyclone,strong,,G0674
data/processed/cyclone/PRS_0099.png,1,2014303N11261,EP,pacific_ocean,eastern_pacific,2014-11-04T00:00:00Z,IMG1252,cyclone,strong,,G0675
data/processed/cyclone/POS_1476.png,1,2014309N13088,NI,north_indian_ocean,bay_of_bengal,2014-11-06T21:00:00Z,IMG1253,cyclone,weak,,G0676
data/processed/cyclone/POS_1477.png,1,2014309N13088,NI,north_indian_ocean,bay_of_bengal,2014-11-07T18:00:00Z,IMG1254,cyclone,weak,,G0676
data/processed/cyclone/POS_1485.png,1,2015024S11090,SI,south_indian_ocean,,2015-01-27T18:00:00Z,IMG1257,cyclone,medium,,G0679
data/processed/cyclone/POS_1486.png,1,2015030S16161,SP,pacific_ocean,southern_pacific,2015-02-03T00:00:00Z,IMG1258,cyclone,strong,,G0680
data/processed/cyclone/POS_1488.png,1,2015036S20038,SI,south_indian_ocean,,2015-02-06T09:00:00Z,IMG1259,cyclone,medium,,G0681
data/processed/cyclone/POS_1489.png,1,2015036S20038,SI,south_indian_ocean,,2015-02-08T12:00:00Z,IMG1260,cyclone,medium,,G0681
data/processed/cyclone/PRS_0327.png,1,2015047S15152,SP,pacific_ocean,southern_pacific,2015-02-17T09:00:00Z,IMG1261,cyclone,strong,,G0682
data/processed/cyclone/PRS_0045.png,1,2015047S12142,SP,pacific_ocean,southern_pacific,2015-02-19T12:00:00Z,IMG1262,cyclone,strong,,G0683
data/processed/cyclone/POS_1492.png,1,2015066S08170,SP,pacific_ocean,southern_pacific,2015-03-10T06:00:00Z,IMG1263,cyclone,strong,,G0684
data/processed/cyclone/POS_1493.png,1,2015066S08170,SP,pacific_ocean,southern_pacific,2015-03-13T00:00:00Z,IMG1264,cyclone,strong,,G0684
data/processed/cyclone/PRS_0038.png,1,2015069N04173,WP,pacific_ocean,western_pacific,2015-03-20T00:00:00Z,IMG1266,cyclone,medium,,G0686
data/processed/cyclone/PRS_0461.png,1,2015079S15182,SP,pacific_ocean,southern_pacific,2015-03-22T18:00:00Z,IMG1268,cyclone,medium,,G0687
data/processed/cyclone/POS_1498.png,1,2015099S13163,SP,pacific_ocean,southern_pacific,2015-04-12T12:00:00Z,IMG1269,cyclone,medium,,G0688
data/processed/cyclone/PRS_0070.png,1,2015117S12115,SI,south_indian_ocean,,2015-04-28T18:00:00Z,IMG1270,cyclone,strong,,G0689
data/processed/cyclone/POS_1499.png,1,2015127N04158,WP,pacific_ocean,western_pacific,2015-05-07T09:00:00Z,IMG1271,cyclone,strong,,G0690
data/processed/cyclone/POS_1501.png,1,2015127N04158,WP,pacific_ocean,western_pacific,2015-05-16T09:00:00Z,IMG1272,cyclone,strong,,G0690
data/processed/cyclone/POS_1507.png,1,2015157N13069,NI,north_indian_ocean,arabian_sea,2015-06-06T06:00:00Z,IMG1276,cyclone,medium,,G0692
data/processed/cyclone/POS_1508.png,1,2015157N13069,NI,north_indian_ocean,arabian_sea,2015-06-07T09:00:00Z,IMG1277,cyclone,medium,,G0692
data/processed/cyclone/POS_1509.png,1,2015157N13069,NI,north_indian_ocean,arabian_sea,2015-06-08T12:00:00Z,IMG1278,cyclone,medium,,G0692
data/processed/cyclone/POS_1511.png,1,2015157N13069,NI,north_indian_ocean,arabian_sea,2015-06-10T18:00:00Z,IMG1280,cyclone,medium,,G0692
data/processed/cyclone/PRS_0245.png,1,2015162N12262,EP,pacific_ocean,eastern_pacific,2015-06-12T15:00:00Z,IMG1281,cyclone,strong,,G0694
data/processed/cyclone/POS_1512.png,1,2015171N18086,NI,north_indian_ocean,bay_of_bengal,2015-06-20T03:00:00Z,IMG1282,cyclone,weak,,G0695
data/processed/cyclone/POS_1519.png,1,2015180S04163,SP,pacific_ocean,southern_pacific,2015-07-02T12:00:00Z,IMG1288,cyclone,medium,,G0697
data/processed/cyclone/POS_1520.png,1,2015191N23085,NI,north_indian_ocean,arabian_sea,2015-07-12T09:00:00Z,IMG1290,cyclone,weak,,G0699
data/processed/cyclone/PRS_0080.png,1,2015192N11263,EP,pacific_ocean,eastern_pacific,2015-07-17T12:00:00Z,IMG1291,cyclone,strong,,G0700
data/processed/cyclone/POS_1522.png,1,2015204N16247,EP,pacific_ocean,eastern_pacific,2015-07-23T12:00:00Z,IMG1292,cyclone,medium,,G0701
data/processed/cyclone/POS_1523.png,1,2015204N16247,EP,pacific_ocean,eastern_pacific,2015-07-23T21:00:00Z,IMG1293,cyclone,medium,,G0701
data/processed/cyclone/POS_1526.png,1,2015207N22091,NI,north_indian_ocean,bay_of_bengal,2015-07-26T00:00:00Z,IMG1294,cyclone,medium,,G0702
data/processed/cyclone/PRS_0444.png,1,2015209N15236,EP,pacific_ocean,eastern_pacific,2015-07-28T03:00:00Z,IMG1296,cyclone,weak,,G0704
data/processed/cyclone/PRS_0501.png,1,2015209N15236,EP,pacific_ocean,eastern_pacific,2015-07-29T12:00:00Z,IMG1299,cyclone,weak,,G0704
data/processed/cyclone/POS_1528.png,1,2015207N22091,NI,north_indian_ocean,bay_of_bengal,2015-07-31T06:00:00Z,IMG1300,cyclone,medium,,G0702
data/processed/cyclone/POS_1604.png,1,2015213S08169,SP,pacific_ocean,southern_pacific,2015-08-02T12:00:00Z,IMG1301,cyclone,medium,,G0705
data/processed/cyclone/PRS_0557.png,1,2015213N29146,WP,pacific_ocean,western_pacific,2015-08-02T15:00:00Z,IMG1302,cyclone,weak,,G0706
data/processed/cyclone/PRS_0651.png,1,2015213N29146,WP,pacific_ocean,western_pacific,2015-08-04T00:00:00Z,IMG1303,cyclone,weak,,G0706
data/processed/cyclone/POS_1536.png,1,2015216N23081,NI,north_indian_ocean,arabian_sea,2015-08-04T15:00:00Z,IMG1304,cyclone,weak,,G0707
data/processed/cyclone/POS_1537.png,1,2015218N12231,EP,pacific_ocean,eastern_pacific,2015-08-06T12:00:00Z,IMG1305,cyclone,strong,,G0708
data/processed/cyclone/POS_1541.png,1,2015218N18149,WP,pacific_ocean,western_pacific,2015-08-08T18:00:00Z,IMG1306,cyclone,medium,,G0709
data/processed/cyclone/POS_1542.png,1,2015218N18149,WP,pacific_ocean,western_pacific,2015-08-10T00:00:00Z,IMG1307,cyclone,medium,,G0709
data/processed/cyclone/POS_1539.png,1,2015218N12231,EP,pacific_ocean,eastern_pacific,2015-08-10T15:00:00Z,IMG1308,cyclone,strong,,G0708
data/processed/cyclone/POS_1547.png,1,2015228N17247,EP,pacific_ocean,eastern_pacific,2015-08-16T18:00:00Z,IMG1309,cyclone,weak,,G0710
data/processed/cyclone/POS_1548.png,1,2015228N17247,EP,pacific_ocean,eastern_pacific,2015-08-17T09:00:00Z,IMG1311,cyclone,weak,,G0710
data/processed/cyclone/POS_1553.png,1,2015248N10256,EP,pacific_ocean,eastern_pacific,2015-09-07T00:00:00Z,IMG1313,cyclone,strong,,G0712
data/processed/cyclone/POS_1554.png,1,2015248N10256,EP,pacific_ocean,eastern_pacific,2015-09-09T12:00:00Z,IMG1314,cyclone,strong,,G0712
data/processed/cyclone/POS_1556.png,1,2015259N20084,NI,north_indian_ocean,bay_of_bengal,2015-09-16T15:00:00Z,IMG1316,cyclone,weak,,G0714
data/processed/cyclone/POS_1557.png,1,2015259N20084,NI,north_indian_ocean,bay_of_bengal,2015-09-17T06:00:00Z,IMG1317,cyclone,weak,,G0714
data/processed/cyclone/POS_1558.png,1,2015259N20084,NI,north_indian_ocean,arabian_sea,2015-09-17T21:00:00Z,IMG1318,cyclone,weak,,G0714
data/processed/cyclone/POS_1559.png,1,2015259N20084,NI,north_indian_ocean,arabian_sea,2015-09-19T00:00:00Z,IMG1319,cyclone,weak,,G0714
data/processed/cyclone/PRS_0235.png,1,2015274N13201,EP,pacific_ocean,eastern_pacific,2015-10-03T06:00:00Z,IMG1321,cyclone,strong,,G0716
data/processed/cyclone/PRS_0234.png,1,2015274N13201,EP,pacific_ocean,eastern_pacific,2015-10-05T12:00:00Z,IMG1323,cyclone,strong,,G0716
data/processed/cyclone/POS_1562.png,1,2015280N13071,NI,north_indian_ocean,arabian_sea,2015-10-07T00:00:00Z,IMG1324,cyclone,weak,,G0718
data/processed/cyclone/POS_1563.png,1,2015280N13071,NI,north_indian_ocean,arabian_sea,2015-10-07T12:00:00Z,IMG1325,cyclone,weak,,G0718
data/processed/cyclone/POS_1564.png,1,2015280N13071,NI,north_indian_ocean,arabian_sea,2015-10-08T00:00:00Z,IMG1326,cyclone,weak,,G0718
data/processed/cyclone/POS_1565.png,1,2015280N13071,NI,north_indian_ocean,arabian_sea,2015-10-08T12:00:00Z,IMG1327,cyclone,weak,,G0718
data/processed/cyclone/POS_1566.png,1,2015280N13071,NI,north_indian_ocean,arabian_sea,2015-10-09T00:00:00Z,IMG1328,cyclone,weak,,G0718
data/processed/cyclone/POS_1567.png,1,2015280N13071,NI,north_indian_ocean,arabian_sea,2015-10-09T12:00:00Z,IMG1329,cyclone,weak,,G0718
data/processed/cyclone/POS_1568.png,1,2015280N13071,NI,north_indian_ocean,arabian_sea,2015-10-10T03:00:00Z,IMG1330,cyclone,weak,,G0718
data/processed/cyclone/POS_1569.png,1,2015280N13071,NI,north_indian_ocean,arabian_sea,2015-10-10T15:00:00Z,IMG1331,cyclone,weak,,G0718
data/processed/cyclone/POS_1570.png,1,2015280N13071,NI,north_indian_ocean,arabian_sea,2015-10-11T12:00:00Z,IMG1332,cyclone,weak,,G0718
data/processed/cyclone/POS_1605.png,1,2015286S10175,SP,pacific_ocean,southern_pacific,2015-10-14T03:00:00Z,IMG1333,cyclone,medium,,G0719
data/processed/cyclone/PRS_0266.png,1,2015282N11230,EP,pacific_ocean,eastern_pacific,2015-10-15T00:00:00Z,IMG1334,cyclone,medium,,G0720
data/processed/cyclone/POS_1606.png,1,2015286S10175,SP,pacific_ocean,southern_pacific,2015-10-17T21:00:00Z,IMG1335,cyclone,medium,,G0719
data/processed/cyclone/POS_1571.png,1,2015301N11065,NI,north_indian_ocean,arabian_sea,2015-10-27T21:00:00Z,IMG1336,cyclone,strong,,G0721
data/processed/cyclone/POS_1572.png,1,2015301N11065,NI,north_indian_ocean,arabian_sea,2015-10-28T09:00:00Z,IMG1337,cyclone,strong,,G0721
data/processed/cyclone/POS_1573.png,1,2015301N11065,NI,north_indian_ocean,arabian_sea,2015-10-29T00:00:00Z,IMG1338,cyclone,strong,,G0721
data/processed/cyclone/POS_1574.png,1,2015301N11065,NI,north_indian_ocean,arabian_sea,2015-10-29T15:00:00Z,IMG1339,cyclone,strong,,G0721
data/processed/cyclone/POS_1576.png,1,2015301N11065,NI,north_indian_ocean,arabian_sea,2015-10-30T18:00:00Z,IMG1340,cyclone,strong,,G0721
data/processed/cyclone/POS_1577.png,1,2015301N11065,NI,north_indian_ocean,arabian_sea,2015-10-31T18:00:00Z,IMG1341,cyclone,strong,,G0721
data/processed/cyclone/POS_1578.png,1,2015301N11065,NI,north_indian_ocean,arabian_sea,2015-11-01T09:00:00Z,IMG1342,cyclone,strong,,G0721
data/processed/cyclone/POS_1579.png,1,2015301N11065,NI,north_indian_ocean,arabian_sea,2015-11-02T15:00:00Z,IMG1343,cyclone,strong,,G0721
data/processed/cyclone/POS_1580.png,1,2015301N11065,NI,north_indian_ocean,arabian_sea,2015-11-03T09:00:00Z,IMG1344,cyclone,strong,,G0721
data/processed/cyclone/POS_1583.png,1,2015309N14067,NI,north_indian_ocean,arabian_sea,2015-11-05T21:00:00Z,IMG1345,cyclone,strong,,G0722
data/processed/cyclone/POS_1584.png,1,2015309N14067,NI,north_indian_ocean,arabian_sea,2015-11-06T03:00:00Z,IMG1346,cyclone,strong,,G0722
data/processed/cyclone/POS_1585.png,1,2015309N14067,NI,north_indian_ocean,arabian_sea,2015-11-06T18:00:00Z,IMG1347,cyclone,strong,,G0722
data/processed/cyclone/POS_1586.png,1,2015309N14067,NI,north_indian_ocean,arabian_sea,2015-11-07T09:00:00Z,IMG1348,cyclone,strong,,G0722
data/processed/cyclone/POS_1588.png,1,2015309N14067,NI,north_indian_ocean,arabian_sea,2015-11-08T03:00:00Z,IMG1349,cyclone,strong,,G0722
data/processed/cyclone/POS_1589.png,1,2015309N14067,NI,north_indian_ocean,arabian_sea,2015-11-08T21:00:00Z,IMG1350,cyclone,strong,,G0722
data/processed/cyclone/POS_1590.png,1,2015309N14067,NI,north_indian_ocean,arabian_sea,2015-11-09T00:00:00Z,IMG1351,cyclone,strong,,G0722
data/processed/cyclone/POS_1593.png,1,2015312N11084,NI,north_indian_ocean,bay_of_bengal,2015-11-09T09:00:00Z,IMG1352,cyclone,weak,,G0723
data/processed/cyclone/POS_1591.png,1,2015309N14067,NI,north_indian_ocean,arabian_sea,2015-11-09T18:00:00Z,IMG1353,cyclone,strong,,G0722
data/processed/cyclone/POS_1594.png,1,2015322N13253,EP,pacific_ocean,eastern_pacific,2015-11-19T09:00:00Z,IMG1354,cyclone,medium,,G0724
data/processed/cyclone/POS_1595.png,1,2015322N13253,EP,pacific_ocean,eastern_pacific,2015-11-20T06:00:00Z,IMG1355,cyclone,medium,,G0724
data/processed/cyclone/POS_1598.png,1,2015328N11260,EP,pacific_ocean,eastern_pacific,2015-11-24T21:00:00Z,IMG1356,cyclone,strong,,G0725
data/processed/cyclone/PRS_0104.png,1,2015321N04164,WP,pacific_ocean,western_pacific,2015-11-25T09:00:00Z,IMG1357,cyclone,strong,,G0726
data/processed/cyclone/POS_1599.png,1,2015328N11260,EP,pacific_ocean,eastern_pacific,2015-11-26T09:00:00Z,IMG1358,cyclone,strong,,G0725
data/processed/cyclone/POS_1600.png,1,2015328N11260,EP,pacific_ocean,eastern_pacific,2015-11-27T21:00:00Z,IMG1359,cyclone,strong,,G0725
data/processed/cyclone/PRS_0447.png,1,2015330S10178,SP,pacific_ocean,southern_pacific,2015-11-30T03:00:00Z,IMG1360,cyclone,medium,,G0727
data/processed/cyclone/PRS_0563.png,1,2015348N04146,WP,pacific_ocean,western_pacific,2015-12-18T09:00:00Z,IMG1363,cyclone,weak,,G0729
data/processed/cyclone/PRS_0208.png,1,2015364S09190,SP,pacific_ocean,southern_pacific,2016-01-04T09:00:00Z,IMG1384,cyclone,strong,,G0732
data/processed/cyclone/PRS_0181.png,1,2016006N02188,EP,pacific_ocean,eastern_pacific,2016-01-09T15:00:00Z,IMG1385,cyclone,strong,,G0733
data/processed/cyclone/POS_1631.png,1,2016027S13119,SI,south_indian_ocean,,2016-01-28T05:07:00Z,IMG1386,cyclone,strong,,G0734
data/processed/cyclone/POS_1632.png,1,2016027S13119,SI,south_indian_ocean,,2016-01-29T09:00:00Z,IMG1387,cyclone,strong,,G0734
data/processed/cyclone/PRS_0319.png,1,2016039S14061,SI,south_indian_ocean,,2016-02-11T12:00:00Z,IMG1388,cyclone,medium,,G0735
data/processed/cyclone/POS_1635.png,1,2016040S16155,SP,pacific_ocean,southern_pacific,2016-02-13T06:00:00Z,IMG1389,cyclone,medium,,G0736
data/processed/cyclone/POS_1636.png,1,2016055S15202,SP,pacific_ocean,southern_pacific,2016-02-24T15:00:00Z,IMG1392,cyclone,medium,,G0739
data/processed/cyclone/PRS_0376.png,1,2016095S13162,SP,pacific_ocean,southern_pacific,2016-04-07T06:00:00Z,IMG1393,cyclone,strong,,G0740
data/processed/cyclone/PRS_0237.png,1,2016108S17181,SP,pacific_ocean,southern_pacific,2016-04-17T12:00:00Z,IMG1394,cyclone,strong,,G0741
data/processed/cyclone/POS_1638.png,1,2016138N10081,NI,north_indian_ocean,bay_of_bengal,2016-05-19T06:00:00Z,IMG1395,cyclone,medium,,G0742
data/processed/cyclone/POS_1639.png,1,2016138N10081,NI,north_indian_ocean,bay_of_bengal,2016-05-21T03:00:00Z,IMG1396,cyclone,medium,,G0742
data/processed/cyclone/PRS_0734.png,1,2016158N13261,EP,pacific_ocean,eastern_pacific,2016-06-06T15:00:00Z,IMG1398,cyclone,weak,,G0744
data/processed/cyclone/POS_1642.png,1,2016158N13261,EP,pacific_ocean,eastern_pacific,2016-06-07T18:00:00Z,IMG1399,cyclone,weak,,G0744
data/processed/cyclone/PRS_0239.png,1,2016197N14256,EP,pacific_ocean,eastern_pacific,2016-07-20T12:00:00Z,IMG1404,cyclone,medium,,G0747
data/processed/cyclone/POS_1648.png,1,2016216N14243,EP,pacific_ocean,eastern_pacific,2016-08-04T03:00:00Z,IMG1406,cyclone,medium,,G0749
data/processed/cyclone/POS_1649.png,1,2016216N14243,EP,pacific_ocean,eastern_pacific,2016-08-08T00:00:00Z,IMG1407,cyclone,medium,,G0749
data/processed/cyclone/PRS_0231.png,1,2016220N18258,EP,pacific_ocean,eastern_pacific,2016-08-09T06:00:00Z,IMG1408,cyclone,medium,,G0750
data/processed/cyclone/POS_1651.png,1,2016222N22089,NI,north_indian_ocean,bay_of_bengal,2016-08-12T03:00:00Z,IMG1409,cyclone,weak,,G0751
data/processed/cyclone/PRS_0050.png,1,2016228N22117,WP,pacific_ocean,western_pacific,2016-08-15T18:00:00Z,IMG1410,cyclone,medium,,G0752
data/processed/cyclone/POS_1657.png,1,2016230N21089,NI,north_indian_ocean,bay_of_bengal,2016-08-16T18:00:00Z,IMG1411,cyclone,weak,,G0752
data/processed/cyclone/POS_1653.png,1,2016230N15138,WP,pacific_ocean,western_pacific,2016-08-18T06:00:00Z,IMG1412,cyclone,strong,,G0753
data/processed/cyclone/PRS_0085.png,1,2016230N25160,WP,pacific_ocean,western_pacific,2016-08-18T18:00:00Z,IMG1413,cyclone,strong,,G0753
data/processed/cyclone/POS_1659.png,1,2016230N21089,NI,north_indian_ocean,bay_of_bengal,2016-08-19T06:00:00Z,IMG1414,cyclone,weak,,G0752
data/processed/cyclone/PRS_0240.png,1,2016228N22117,WP,pacific_ocean,western_pacific,2016-08-19T15:00:00Z,IMG1415,cyclone,medium,,G0752
data/processed/cyclone/POS_1661.png,1,2016232N22153,WP,pacific_ocean,western_pacific,2016-08-19T18:00:00Z,IMG1416,cyclone,medium,,G0753
data/processed/cyclone/POS_1660.png,1,2016230N21089,NI,north_indian_ocean,arabian_sea,2016-08-20T06:00:00Z,IMG1417,cyclone,weak,,G0752
data/processed/cyclone/POS_1662.png,1,2016232N22153,WP,pacific_ocean,western_pacific,2016-08-21T00:00:00Z,IMG1418,cyclone,medium,,G0753
data/processed/cyclone/POS_1655.png,1,2016230N15138,WP,pacific_ocean,western_pacific,2016-08-21T12:00:00Z,IMG1419,cyclone,strong,,G0753
data/processed/cyclone/PRS_0214.png,1,2016250N25125,WP,pacific_ocean,western_pacific,2016-09-07T06:00:00Z,IMG1421,cyclone,medium,,G0755
data/processed/cyclone/PRS_0193.png,1,2016279N19130,WP,pacific_ocean,western_pacific,2016-10-04T12:00:00Z,IMG1422,cyclone,medium,,G0756
data/processed/cyclone/PRS_0066.png,1,2016279N19130,WP,pacific_ocean,western_pacific,2016-10-07T03:00:00Z,IMG1423,cyclone,medium,,G0756
data/processed/cyclone/POS_1668.png,1,2016308N13088,NI,north_indian_ocean,bay_of_bengal,2016-11-04T12:00:00Z,IMG1427,cyclone,weak,,G0758
data/processed/cyclone/POS_1669.png,1,2016308N13088,NI,north_indian_ocean,bay_of_bengal,2016-11-06T06:00:00Z,IMG1428,cyclone,weak,,G0758
data/processed/cyclone/PRS_0426.png,1,2016315N11171,WP,pacific_ocean,western_pacific,2016-11-10T18:00:00Z,IMG1429,cyclone,weak,,G0759
data/processed/cyclone/PRS_0065.png,1,2016313N11163,WP,pacific_ocean,western_pacific,2016-11-12T12:00:00Z,IMG1430,cyclone,medium,,G0759
data/processed/cyclone/PRS_0456.png,1,2016315N11171,WP,pacific_ocean,western_pacific,2016-11-12T15:00:00Z,IMG1431,cyclone,weak,,G0759
data/processed/cyclone/PRS_0357.png,1,2016318N18253,EP,pacific_ocean,eastern_pacific,2016-11-13T15:00:00Z,IMG1432,cyclone,medium,,G0760
data/processed/cyclone/POS_1671.png,1,2016335N07088,NI,north_indian_ocean,bay_of_bengal,2016-11-29T21:00:00Z,IMG1433,cyclone,medium,,G0761
data/processed/cyclone/POS_1672.png,1,2016335N07088,NI,north_indian_ocean,bay_of_bengal,2016-12-01T09:00:00Z,IMG1434,cyclone,medium,,G0761
data/processed/cyclone/PRS_0531.png,1,2016341N08092,NI,north_indian_ocean,bay_of_bengal,2016-12-06T09:00:00Z,IMG1435,cyclone,strong,,G0762
data/processed/cyclone/PRS_0142.png,1,2016341N08092,NI,north_indian_ocean,bay_of_bengal,2016-12-08T06:00:00Z,IMG1436,cyclone,strong,,G0762
data/processed/cyclone/PRS_0606.png,1,2016341N08092,NI,north_indian_ocean,bay_of_bengal,2016-12-09T18:00:00Z,IMG1437,cyclone,strong,,G0762
data/processed/cyclone/PRS_0302.png,1,2016341N08092,NI,north_indian_ocean,bay_of_bengal,2016-12-12T03:00:00Z,IMG1438,cyclone,strong,,G0762
data/processed/cyclone/POS_1673.png,1,2016353S11130,SI,south_indian_ocean,,2016-12-18T18:00:00Z,IMG1439,cyclone,weak,,G0763
data/processed/cyclone/POS_1674.png,1,2016353S11130,SI,south_indian_ocean,,2016-12-19T21:00:00Z,IMG1440,cyclone,weak,,G0763
data/processed/cyclone/POS_1675.png,1,2016353S11130,SI,south_indian_ocean,,2016-12-20T12:00:00Z,IMG1441,cyclone,weak,,G0763
data/processed/cyclone/POS_1676.png,1,2016353S11130,SI,south_indian_ocean,,2016-12-21T03:00:00Z,IMG1442,cyclone,weak,,G0763
data/processed/cyclone/POS_1677.png,1,2016353S11130,SI,south_indian_ocean,,2016-12-21T18:00:00Z,IMG1443,cyclone,weak,,G0763
data/processed/cyclone/POS_1678.png,1,2016353S11130,SI,south_indian_ocean,,2016-12-22T06:00:00Z,IMG1444,cyclone,weak,,G0763
data/processed/cyclone/POS_1679.png,1,2016353S11130,SI,south_indian_ocean,,2016-12-23T00:00:00Z,IMG1445,cyclone,weak,,G0763
data/processed/cyclone/POS_1684.png,1,2017025S16128,SI,south_indian_ocean,,2017-01-29T09:00:00Z,IMG1447,cyclone,medium,,G0765
data/processed/cyclone/POS_1685.png,1,2017046S17137,SP,pacific_ocean,southern_pacific,2017-02-15T21:00:00Z,IMG1448,cyclone,medium,,G0766
data/processed/cyclone/POS_1686.png,1,2017046S17137,SP,pacific_ocean,southern_pacific,2017-02-20T15:00:00Z,IMG1449,cyclone,medium,,G0766
data/processed/cyclone/PRS_0250.png,1,2017079S13122,SI,south_indian_ocean,,2017-03-23T15:00:00Z,IMG1450,cyclone,medium,,G0767
data/processed/cyclone/POS_1691.png,1,2017094S17191,SP,pacific_ocean,southern_pacific,2017-04-04T21:00:00Z,IMG1451,cyclone,medium,,G0768
data/processed/cyclone/POS_1692.png,1,2017094S17191,SP,pacific_ocean,southern_pacific,2017-04-06T06:00:00Z,IMG1452,cyclone,medium,,G0768
data/processed/cyclone/PRS_0414.png,1,2017097S12171,SP,pacific_ocean,southern_pacific,2017-04-10T21:00:00Z,IMG1459,cyclone,strong,,G0770
data/processed/cyclone/POS_1706.png,1,2017104N08085,NI,north_indian_ocean,bay_of_bengal,2017-04-16T06:00:00Z,IMG1466,cyclone,medium,,G0771
data/processed/cyclone/POS_1707.png,1,2017130N09269,EP,pacific_ocean,eastern_pacific,2017-05-10T06:00:00Z,IMG1467,cyclone,medium,,G0772
data/processed/cyclone/POS_1710.png,1,2017147N14087,NI,north_indian_ocean,bay_of_bengal,2017-05-28T00:00:00Z,IMG1468,cyclone,medium,,G0773
data/processed/cyclone/POS_1711.png,1,2017147N14087,NI,north_indian_ocean,bay_of_bengal,2017-05-28T06:00:00Z,IMG1469,cyclone,medium,,G0773
data/processed/cyclone/POS_1712.png,1,2017163N20090,NI,north_indian_ocean,bay_of_bengal,2017-06-11T12:00:00Z,IMG1471,cyclone,weak,,G0775
data/processed/cyclone/POS_1713.png,1,2017195N16114,WP,pacific_ocean,western_pacific,2017-07-17T03:00:00Z,IMG1472,cyclone,medium,,G0776
data/processed/cyclone/PRS_0736.png,1,2017198N13245,EP,pacific_ocean,eastern_pacific,2017-07-17T06:00:00Z,IMG1473,cyclone,weak,,G0777
data/processed/cyclone/POS_1714.png,1,2017198N13245,EP,pacific_ocean,eastern_pacific,2017-07-18T15:00:00Z,IMG1474,cyclone,weak,,G0777
data/processed/cyclone/POS_1715.png,1,2017198N13245,EP,pacific_ocean,eastern_pacific,2017-07-19T18:00:00Z,IMG1476,cyclone,weak,,G0777
data/processed/cyclone/POS_1717.png,1,2017201N23178,WP,pacific_ocean,western_pacific,2017-07-23T18:00:00Z,IMG1479,cyclone,medium,,G0781
data/processed/cyclone/PRS_0626.png,1,2017207N24085,NI,north_indian_ocean,bay_of_bengal,2017-07-27T00:00:00Z,IMG1481,cyclone,weak,,G0782
data/processed/cyclone/PRS_0052.png,1,2017223N16172,WP,pacific_ocean,western_pacific,2017-08-15T09:00:00Z,IMG1484,cyclone,strong,,G0784
data/processed/cyclone/PRS_0199.png,1,2017230N13249,EP,pacific_ocean,eastern_pacific,2017-08-21T03:00:00Z,IMG1485,cyclone,strong,,G0785
data/processed/cyclone/PRS_0328.png,1,2017242N19122,WP,pacific_ocean,western_pacific,2017-09-03T03:00:00Z,IMG1486,cyclone,medium,,G0786
data/processed/cyclone/PRS_0132.png,1,2017252N14147,WP,pacific_ocean,western_pacific,2017-09-12T00:00:00Z,IMG1488,cyclone,strong,,G0788
data/processed/cyclone/PRS_0121.png,1,2017254N16251,EP,pacific_ocean,eastern_pacific,2017-09-17T15:00:00Z,IMG1489,cyclone,strong,,G0789
data/processed/cyclone/POS_1723.png,1,2017265N17257,EP,pacific_ocean,eastern_pacific,2017-09-23T15:00:00Z,IMG1490,cyclone,medium,,G0790
data/processed/cyclone/POS_1724.png,1,2017267N18116,WP,pacific_ocean,western_pacific,2017-09-24T03:00:00Z,IMG1491,cyclone,weak,,G0791
data/processed/cyclone/POS_1725.png,1,2017267N18116,WP,pacific_ocean,western_pacific,2017-09-24T18:00:00Z,IMG1492,cyclone,weak,,G0791
data/processed/cyclone/PRS_0418.png,1,2017282N22088,NI,north_indian_ocean,bay_of_bengal,2017-10-09T00:00:00Z,IMG1494,cyclone,weak,,G0793
data/processed/cyclone/PRS_0622.png,1,2017291N09116,WP,pacific_ocean,western_pacific,2017-10-19T03:00:00Z,IMG1496,cyclone,weak,,G0794
data/processed/cyclone/POS_1732.png,1,2017300N10271,EP,pacific_ocean,eastern_pacific,2017-10-28T00:00:00Z,IMG1500,cyclone,medium,,G0797
data/processed/cyclone/POS_1733.png,1,2017300N10271,EP,pacific_ocean,eastern_pacific,2017-10-28T12:00:00Z,IMG1501,cyclone,medium,,G0797
data/processed/cyclone/PRS_0067.png,1,2017307N07102,WP,pacific_ocean,western_pacific,2017-11-06T09:00:00Z,IMG1502,cyclone,weak,,G0798
data/processed/cyclone/PRS_0424.png,1,2017307N07102,WP,pacific_ocean,western_pacific,2017-11-07T18:00:00Z,IMG1503,cyclone,weak,,G0798
data/processed/cyclone/POS_1734.png,1,2017319N15083,NI,north_indian_ocean,bay_of_bengal,2017-11-15T12:00:00Z,IMG1504,cyclone,weak,,G0799
data/processed/cyclone/POS_1737.png,1,2017332S08098,SI,south_indian_ocean,,2017-12-01T18:00:00Z,IMG1506,cyclone,medium,,G0801
data/processed/cyclone/POS_1735.png,1,2017340N09089,NI,north_indian_ocean,bay_of_bengal,2017-12-08T12:00:00Z,IMG1509,cyclone,medium,,G0802
data/processed/cyclone/POS_1736.png,1,2017340N09089,NI,north_indian_ocean,bay_of_bengal,2017-12-09T06:00:00Z,IMG1510,cyclone,medium,,G0802
data/processed/cyclone/POS_1739.png,1,2017360S15124,SI,south_indian_ocean,,2017-12-26T18:00:00Z,IMG1511,cyclone,medium,,G0803
data/processed/cyclone/PRS_0308.png,1,2017364N07138,WP,pacific_ocean,western_pacific,2018-01-01T15:00:00Z,IMG1512,cyclone,medium,,G0804
data/processed/cyclone/POS_1743.png,1,2018070S10160,SP,pacific_ocean,southern_pacific,2018-03-13T06:00:00Z,IMG1517,cyclone,medium,,G0808
data/processed/cyclone/PRS_0342.png,1,2018079S08137,SP,pacific_ocean,southern_pacific,2018-03-21T03:00:00Z,IMG1522,cyclone,strong,,G0811
data/processed/cyclone/PRS_0008.png,1,2018073S09129,SI,south_indian_ocean,,2018-03-23T18:00:00Z,IMG1523,cyclone,strong,,G0812
data/processed/cyclone/POS_1752.png,1,2018089S18172,SP,pacific_ocean,southern_pacific,2018-04-03T00:00:00Z,IMG1524,cyclone,medium,,G0813
data/processed/cyclone/POS_1750.png,1,2018082S12164,SP,pacific_ocean,southern_pacific,2018-04-03T15:00:00Z,IMG1525,cyclone,medium,,G0814
data/processed/cyclone/POS_1751.png,1,2018082S12164,SP,pacific_ocean,southern_pacific,2018-04-06T03:00:00Z,IMG1526,cyclone,medium,,G0814
data/processed/cyclone/POS_1753.png,1,2018131N12235,EP,pacific_ocean,eastern_pacific,2018-05-11T03:00:00Z,IMG1527,cyclone,weak,,G0815
data/processed/cyclone/POS_1754.png,1,2018131N12235,EP,pacific_ocean,eastern_pacific,2018-05-11T15:00:00Z,IMG1528,cyclone,weak,,G0815
data/processed/cyclone/POS_1760.png,1,2018153N12113,WP,pacific_ocean,western_pacific,2018-06-05T06:00:00Z,IMG1536,cyclone,medium,,G0819
data/processed/cyclone/POS_1761.png,1,2018153N12113,WP,pacific_ocean,western_pacific,2018-06-07T09:00:00Z,IMG1538,cyclone,medium,,G0819
data/processed/cyclone/POS_1762.png,1,2018161N22092,NI,north_indian_ocean,bay_of_bengal,2018-06-10T09:00:00Z,IMG1539,cyclone,weak,,G0821
data/processed/cyclone/PRS_0173.png,1,2018195N19138,WP,pacific_ocean,western_pacific,2018-07-22T03:00:00Z,IMG1542,cyclone,medium,,G0823
data/processed/cyclone/POS_1764.png,1,2018199N18128,WP,pacific_ocean,western_pacific,2018-07-24T09:00:00Z,IMG1545,cyclone,medium,,G0825
data/processed/cyclone/POS_1770.png,1,2018208N11225,EP,pacific_ocean,eastern_pacific,2018-07-27T12:00:00Z,IMG1546,cyclone,weak,,G0826
data/processed/cyclone/PRS_0274.png,1,2018211N27152,WP,pacific_ocean,western_pacific,2018-07-31T00:00:00Z,IMG1547,cyclone,medium,,G0827
data/processed/cyclone/PRS_0666.png,1,2018219N21088,NI,north_indian_ocean,bay_of_bengal,2018-08-08T00:00:00Z,IMG1548,cyclone,weak,,G0828
data/processed/cyclone/PRS_0326.png,1,2018218N18134,WP,pacific_ocean,western_pacific,2018-08-08T18:00:00Z,IMG1549,cyclone,medium,,G0829
data/processed/cyclone/POS_1771.png,1,2018219N15237,EP,pacific_ocean,eastern_pacific,2018-08-09T09:00:00Z,IMG1550,cyclone,medium,,G0830
data/processed/cyclone/POS_1772.png,1,2018219N15237,EP,pacific_ocean,eastern_pacific,2018-08-11T09:00:00Z,IMG1551,cyclone,medium,,G0830
data/processed/cyclone/PRS_0604.png,1,2018227N20086,NI,north_indian_ocean,bay_of_bengal,2018-08-16T06:00:00Z,IMG1552,cyclone,weak,,G0831
data/processed/cyclone/PRS_0016.png,1,2018227N11145,WP,pacific_ocean,western_pacific,2018-08-20T03:00:00Z,IMG1553,cyclone,strong,,G0832
data/processed/cyclone/POS_1774.png,1,2018234N22119,WP,pacific_ocean,western_pacific,2018-08-23T06:00:00Z,IMG1554,cyclone,weak,,G0833
data/processed/cyclone/POS_1775.png,1,2018234N22119,WP,pacific_ocean,western_pacific,2018-08-24T06:00:00Z,IMG1555,cyclone,weak,,G0833
data/processed/cyclone/PRS_0397.png,1,2018249N22088,NI,north_indian_ocean,bay_of_bengal,2018-09-06T15:00:00Z,IMG1556,cyclone,weak,,G0834
data/processed/cyclone/PRS_0400.png,1,2018251N15248,EP,pacific_ocean,eastern_pacific,2018-09-09T09:00:00Z,IMG1557,cyclone,medium,,G0835
data/processed/cyclone/POS_1779.png,1,2018263N17089,NI,north_indian_ocean,bay_of_bengal,2018-09-19T15:00:00Z,IMG1559,cyclone,medium,,G0837
data/processed/cyclone/PRS_0370.png,1,2018263N26249,EP,pacific_ocean,eastern_pacific,2018-09-19T18:00:00Z,IMG1560,cyclone,weak,,G0838
data/processed/cyclone/PRS_0715.png,1,2018263N17089,NI,north_indian_ocean,arabian_sea,2018-09-22T03:00:00Z,IMG1561,cyclone,medium,,G0837
data/processed/cyclone/PRS_0490.png,1,2018269S09157,SP,pacific_ocean,southern_pacific,2018-09-26T15:00:00Z,IMG1562,cyclone,medium,,G0839
data/processed/cyclone/PRS_0462.png,1,2018268N24155,WP,pacific_ocean,western_pacific,2018-09-27T00:00:00Z,IMG1563,cyclone,weak,,G0840
data/processed/cyclone/PRS_0165.png,1,2018268N14253,EP,pacific_ocean,eastern_pacific,2018-10-02T03:00:00Z,IMG1564,cyclone,strong,,G0841
data/processed/cyclone/PRS_0115.png,1,2018351S09059,SI,south_indian_ocean,,2018-12-21T09:00:00Z,IMG1579,cyclone,strong,,G0845
data/processed/cyclone/PRS_0435.png,1,2018358N07140,WP,pacific_ocean,western_pacific,2018-12-27T06:00:00Z,IMG1580,cyclone,weak,,G0846
data/processed/cyclone/PRS_0281.png,1,2018358N07140,WP,pacific_ocean,western_pacific,2018-12-29T06:00:00Z,IMG1581,cyclone,weak,,G0846
data/processed/cyclone/POS_1792.png,1,2018363S12145,SP,pacific_ocean,southern_pacific,2019-01-03T21:00:00Z,IMG1585,cyclone,medium,,G0849
data/processed/cyclone/POS_1793.png,1,2018363S12145,SP,pacific_ocean,southern_pacific,2019-01-09T00:00:00Z,IMG1588,cyclone,medium,,G0849
data/processed/cyclone/POS_1801.png,1,2019004N03175,WP,pacific_ocean,western_pacific,2019-01-21T09:00:00Z,IMG1590,cyclone,weak,,G0851
data/processed/cyclone/PRS_0120.png,1,2019050N05163,WP,pacific_ocean,western_pacific,2019-02-24T09:00:00Z,IMG1593,cyclone,strong,,G0854
data/processed/cyclone/PRS_0209.png,1,2019067S11115,SI,south_indian_ocean,,2019-03-13T18:00:00Z,IMG1594,cyclone,strong,,G0855
data/processed/cyclone/PRS_0042.png,1,2019077S13123,SI,south_indian_ocean,,2019-03-18T03:00:00Z,IMG1595,cyclone,strong,,G0856
data/processed/cyclone/PRS_0267.png,1,2019071N04161,WP,pacific_ocean,western_pacific,2019-03-18T12:00:00Z,IMG1596,cyclone,medium,,G0857
data/processed/cyclone/PRS_0395.png,1,2019074S08151,SP,pacific_ocean,southern_pacific,2019-03-22T06:00:00Z,IMG1597,cyclone,strong,,G0858
data/processed/cyclone/PRS_0110.png,1,2019093S07133,SI,south_indian_ocean,,2019-04-07T03:00:00Z,IMG1598,cyclone,medium,,G0859
data/processed/cyclone/PRS_0158.png,1,2019112S10053,SI,south_indian_ocean,,2019-04-23T12:00:00Z,IMG1599,cyclone,strong,,G0860
data/processed/cyclone/PRS_0478.png,1,2019116N02090,NI,north_indian_ocean,bay_of_bengal,2019-04-27T15:00:00Z,IMG1600,cyclone,strong,,G0861
data/processed/cyclone/PRS_0502.png,1,2019116N02090,NI,north_indian_ocean,bay_of_bengal,2019-04-29T21:00:00Z,IMG1601,cyclone,strong,,G0861
data/processed/cyclone/PRS_0594.png,1,2019116N02090,NI,north_indian_ocean,bay_of_bengal,2019-05-03T12:00:00Z,IMG1602,cyclone,strong,,G0861
data/processed/cyclone/PRS_0536.png,1,2019116N02090,NI,north_indian_ocean,bay_of_bengal,2019-05-04T12:00:00Z,IMG1603,cyclone,strong,,G0861
data/processed/cyclone/PRS_0171.png,1,2019160N11073,NI,north_indian_ocean,arabian_sea,2019-06-14T12:00:00Z,IMG1606,cyclone,strong,,G0863
data/processed/cyclone/PRS_0471.png,1,2019160N11073,NI,north_indian_ocean,arabian_sea,2019-06-15T21:00:00Z,IMG1607,cyclone,strong,,G0863
data/processed/cyclone/PRS_0441.png,1,2019160N11073,NI,north_indian_ocean,arabian_sea,2019-06-17T12:00:00Z,IMG1608,cyclone,strong,,G0863
data/processed/cyclone/POS_1812.png,1,2019210N16117,WP,pacific_ocean,western_pacific,2019-07-31T00:00:00Z,IMG1613,cyclone,medium,,G0867
data/processed/cyclone/POS_1813.png,1,2019210N16117,WP,pacific_ocean,western_pacific,2019-08-01T11:00:00Z,IMG1614,cyclone,medium,,G0867
data/processed/cyclone/POS_1815.png,1,2019215N13242,EP,pacific_ocean,eastern_pacific,2019-08-04T12:00:00Z,IMG1615,cyclone,medium,,G0868
data/processed/cyclone/POS_1817.png,1,2019218N21088,NI,north_indian_ocean,bay_of_bengal,2019-08-06T03:00:00Z,IMG1616,cyclone,weak,,G0869
data/processed/cyclone/POS_1818.png,1,2019218N21088,NI,north_indian_ocean,bay_of_bengal,2019-08-07T03:00:00Z,IMG1617,cyclone,weak,,G0869
data/processed/cyclone/POS_1820.png,1,2019218N21088,NI,north_indian_ocean,arabian_sea,2019-08-09T06:00:00Z,IMG1618,cyclone,weak,,G0869
data/processed/cyclone/PRS_0345.png,1,2019246N15225,EP,pacific_ocean,eastern_pacific,2019-09-05T03:00:00Z,IMG1619,cyclone,medium,,G0870
data/processed/cyclone/PRS_0172.png,1,2019255N09162,WP,pacific_ocean,western_pacific,2019-09-16T06:00:00Z,IMG1620,cyclone,medium,,G0871
data/processed/cyclone/PRS_0088.png,1,2019260N10253,EP,pacific_ocean,eastern_pacific,2019-09-19T18:00:00Z,IMG1621,cyclone,medium,,G0872
data/processed/cyclone/PRS_0344.png,1,2019260N10253,EP,pacific_ocean,eastern_pacific,2019-09-22T18:00:00Z,IMG1622,cyclone,medium,,G0872
data/processed/cyclone/PRS_0460.png,1,2019264N19071,NI,north_indian_ocean,arabian_sea,2019-09-24T03:00:00Z,IMG1623,cyclone,strong,,G0873
data/processed/cyclone/POS_1821.png,1,2019273N23070,NI,north_indian_ocean,arabian_sea,2019-09-30T00:00:00Z,IMG1624,cyclone,weak,,G0874
data/processed/cyclone/POS_1822.png,1,2019273N23070,NI,north_indian_ocean,arabian_sea,2019-09-30T09:00:00Z,IMG1625,cyclone,weak,,G0874
data/processed/cyclone/PRS_0472.png,1,2019296N15066,NI,north_indian_ocean,arabian_sea,2019-10-24T21:00:00Z,IMG1628,cyclone,strong,,G0876
data/processed/cyclone/PRS_0459.png,1,2019296N15066,NI,north_indian_ocean,arabian_sea,2019-10-29T21:00:00Z,IMG1629,cyclone,strong,,G0876
data/processed/cyclone/PRS_0346.png,1,2019296N15066,NI,north_indian_ocean,arabian_sea,2019-10-31T21:00:00Z,IMG1630,cyclone,strong,,G0876
data/processed/cyclone/PRS_0449.png,1,2019301N05081,NI,north_indian_ocean,arabian_sea,2019-11-01T06:00:00Z,IMG1631,cyclone,strong,,G0876
data/processed/cyclone/PRS_0436.png,1,2019301N05081,NI,north_indian_ocean,arabian_sea,2019-11-02T12:00:00Z,IMG1632,cyclone,strong,,G0876
data/processed/cyclone/PRS_0532.png,1,2019296N15066,NI,north_indian_ocean,arabian_sea,2019-11-02T12:00:00Z,IMG1633,cyclone,strong,,G0876
data/processed/cyclone/PRS_0574.png,1,2019302N11118,NI,north_indian_ocean,bay_of_bengal,2019-11-06T06:00:00Z,IMG1634,cyclone,strong,,G0876
data/processed/cyclone/PRS_0334.png,1,2019301N05081,NI,north_indian_ocean,arabian_sea,2019-11-07T09:00:00Z,IMG1635,cyclone,strong,,G0876
data/processed/cyclone/PRS_0585.png,1,2019302N11118,NI,north_indian_ocean,bay_of_bengal,2019-11-07T21:00:00Z,IMG1636,cyclone,strong,,G0876
data/processed/cyclone/PRS_0325.png,1,2019301N05081,NI,north_indian_ocean,arabian_sea,2019-11-08T15:00:00Z,IMG1637,cyclone,strong,,G0876
data/processed/cyclone/PRS_0307.png,1,2019302N11118,NI,north_indian_ocean,bay_of_bengal,2019-11-08T21:00:00Z,IMG1638,cyclone,strong,,G0876
data/processed/cyclone/POS_1829.png,1,2019320N09264,EP,pacific_ocean,eastern_pacific,2019-11-16T06:00:00Z,IMG1639,cyclone,weak,,G0877
data/processed/cyclone/PRS_0276.png,1,2019317N11248,EP,pacific_ocean,eastern_pacific,2019-11-16T12:00:00Z,IMG1640,cyclone,medium,,G0877
data/processed/cyclone/POS_1830.png,1,2019320N09264,EP,pacific_ocean,eastern_pacific,2019-11-17T18:00:00Z,IMG1641,cyclone,weak,,G0877
data/processed/cyclone/POS_1842.png,1,2019342N09062,NI,north_indian_ocean,arabian_sea,2019-12-08T09:00:00Z,IMG1649,cyclone,weak,,G0879
data/processed/cyclone/POS_1843.png,1,2019342N09062,NI,north_indian_ocean,arabian_sea,2019-12-09T00:00:00Z,IMG1650,cyclone,weak,,G0879
data/processed/cyclone/POS_1844.png,1,2019342N09062,NI,north_indian_ocean,arabian_sea,2019-12-09T15:00:00Z,IMG1651,cyclone,weak,,G0879
data/processed/cyclone/POS_1845.png,1,2019342N09062,NI,north_indian_ocean,arabian_sea,2019-12-10T00:00:00Z,IMG1652,cyclone,weak,,G0879
data/processed/cyclone/POS_1846.png,1,2020051S13186,SP,pacific_ocean,southern_pacific,2020-02-21T00:00:00Z,IMG1655,cyclone,medium,,G0882
data/processed/cyclone/PRS_0508.png,1,2020052S13140,SP,pacific_ocean,southern_pacific,2020-02-21T12:00:00Z,IMG1656,cyclone,medium,,G0883
data/processed/cyclone/POS_1848.png,1,2020051S13186,SP,pacific_ocean,southern_pacific,2020-02-23T03:00:00Z,IMG1657,cyclone,medium,,G0882
data/processed/cyclone/PRS_0215.png,1,2020053S12119,SI,south_indian_ocean,,2020-02-28T15:00:00Z,IMG1658,cyclone,strong,,G0883
data/processed/cyclone/PRS_0260.png,1,2020052S13140,SI,south_indian_ocean,,2020-02-29T00:00:00Z,IMG1659,cyclone,medium,,G0883
data/processed/cyclone/PRS_0182.png,1,2020073S14149,SP,pacific_ocean,southern_pacific,2020-03-15T18:00:00Z,IMG1661,cyclone,medium,,G0885
data/processed/cyclone/POS_1850.png,1,2020091S10145,SP,pacific_ocean,southern_pacific,2020-03-31T00:00:00Z,IMG1662,cyclone,weak,,G0886
data/processed/cyclone/POS_1851.png,1,2020091S10145,SP,pacific_ocean,southern_pacific,2020-03-31T09:00:00Z,IMG1663,cyclone,weak,,G0886
data/processed/cyclone/POS_1852.png,1,2020091S10145,SP,pacific_ocean,southern_pacific,2020-03-31T18:00:00Z,IMG1664,cyclone,weak,,G0886
data/processed/cyclone/POS_1853.png,1,2020091S10145,SP,pacific_ocean,southern_pacific,2020-04-01T06:00:00Z,IMG1665,cyclone,weak,,G0886
data/processed/cyclone/POS_1854.png,1,2020091S10145,SP,pacific_ocean,southern_pacific,2020-04-01T12:00:00Z,IMG1666,cyclone,weak,,G0886
data/processed/cyclone/POS_1855.png,1,2020091S10145,SP,pacific_ocean,southern_pacific,2020-04-02T00:00:00Z,IMG1667,cyclone,weak,,G0886
data/processed/cyclone/POS_1856.png,1,2020091S10145,SP,pacific_ocean,southern_pacific,2020-04-02T09:00:00Z,IMG1668,cyclone,weak,,G0886
data/processed/cyclone/POS_1857.png,1,2020091S10145,SP,pacific_ocean,southern_pacific,2020-04-02T21:00:00Z,IMG1669,cyclone,weak,,G0886
data/processed/cyclone/PRS_0221.png,1,2020092S09155,SP,pacific_ocean,southern_pacific,2020-04-03T12:00:00Z,IMG1671,cyclone,strong,,G0888
data/processed/cyclone/PRS_0102.png,1,2020104S12091,SI,south_indian_ocean,,2020-04-14T06:00:00Z,IMG1672,cyclone,medium,,G0889
data/processed/cyclone/POS_1860.png,1,2020139S04095,SI,south_indian_ocean,,2020-05-22T06:00:00Z,IMG1677,cyclone,medium,,G0892
data/processed/cyclone/POS_1862.png,1,2020150N17054,NI,north_indian_ocean,arabian_sea,2020-05-29T09:00:00Z,IMG1678,cyclone,weak,,G0893
data/processed/cyclone/POS_1863.png,1,2020150N17054,NI,north_indian_ocean,arabian_sea,2020-05-29T21:00:00Z,IMG1679,cyclone,weak,,G0893
data/processed/cyclone/POS_1864.png,1,2020150N17054,NI,north_indian_ocean,arabian_sea,2020-05-30T06:00:00Z,IMG1680,cyclone,weak,,G0893
data/processed/cyclone/POS_1865.png,1,2020150N17054,NI,north_indian_ocean,arabian_sea,2020-05-31T00:00:00Z,IMG1681,cyclone,weak,,G0893
data/processed/cyclone/PRS_0553.png,1,2020153N13072,NI,north_indian_ocean,arabian_sea,2020-06-01T09:00:00Z,IMG1682,cyclone,medium,,G0894
data/processed/cyclone/PRS_0693.png,1,2020153N13072,NI,north_indian_ocean,arabian_sea,2020-06-02T09:00:00Z,IMG1683,cyclone,medium,,G0894
data/processed/cyclone/PRS_0387.png,1,2020153N13072,NI,north_indian_ocean,arabian_sea,2020-06-03T09:00:00Z,IMG1684,cyclone,medium,,G0894
data/processed/cyclone/PRS_0284.png,1,2020176N10228,EP,pacific_ocean,eastern_pacific,2020-06-24T21:00:00Z,IMG1685,cyclone,medium,,G0895
data/processed/cyclone/PRS_0681.png,1,2020182N20248,EP,pacific_ocean,eastern_pacific,2020-06-29T21:00:00Z,IMG1686,cyclone,weak,,G0896
data/processed/cyclone/PRS_0696.png,1,2020226N13233,EP,pacific_ocean,eastern_pacific,2020-08-13T06:00:00Z,IMG1690,cyclone,weak,,G0898
data/processed/cyclone/PRS_0383.png,1,2020226N13233,EP,pacific_ocean,eastern_pacific,2020-08-14T06:00:00Z,IMG1691,cyclone,weak,,G0898
data/processed/cyclone/PRS_0595.png,1,2020226N13233,EP,pacific_ocean,eastern_pacific,2020-08-16T03:00:00Z,IMG1692,cyclone,weak,,G0898
data/processed/cyclone/PRS_0389.png,1,2020239N15243,EP,pacific_ocean,eastern_pacific,2020-08-28T12:00:00Z,IMG1695,cyclone,medium,,G0901
data/processed/cyclone/PRS_0374.png,1,2020257N16248,EP,pacific_ocean,eastern_pacific,2020-09-16T12:00:00Z,IMG1696,cyclone,medium,,G0902
data/processed/cyclone/POS_1874.png,1,2020293N23139,WP,pacific_ocean,western_pacific,2020-10-21T00:00:00Z,IMG1702,cyclone,weak,,G0905
data/processed/cyclone/POS_1875.png,1,2020296N19087,NI,north_indian_ocean,bay_of_bengal,2020-10-22T06:00:00Z,IMG1703,cyclone,weak,,G0906
data/processed/cyclone/POS_1876.png,1,2020323N15248,EP,pacific_ocean,eastern_pacific,2020-11-18T06:00:00Z,IMG1704,cyclone,medium,,G0907
data/processed/cyclone/POS_1877.png,1,2020323N15248,EP,pacific_ocean,eastern_pacific,2020-11-19T03:00:00Z,IMG1705,cyclone,medium,,G0907
data/processed/cyclone/PRS_0360.png,1,2020326N11063,NI,north_indian_ocean,arabian_sea,2020-11-22T09:00:00Z,IMG1706,cyclone,strong,,G0908
data/processed/cyclone/PRS_0607.png,1,2020327N08086,NI,north_indian_ocean,bay_of_bengal,2020-11-24T03:00:00Z,IMG1707,cyclone,strong,,G0909
data/processed/cyclone/PRS_0602.png,1,2020327N08086,NI,north_indian_ocean,bay_of_bengal,2020-11-25T18:00:00Z,IMG1708,cyclone,strong,,G0909
data/processed/cyclone/PRS_0576.png,1,2020327N08086,NI,north_indian_ocean,bay_of_bengal,2020-11-26T21:00:00Z,IMG1709,cyclone,strong,,G0909
data/processed/cyclone/PRS_0315.png,1,2020339S09106,SI,south_indian_ocean,,2020-12-07T09:00:00Z,IMG1713,cyclone,medium,,G0911
data/processed/cyclone/PRS_0177.png,1,2020345S13183,SP,pacific_ocean,southern_pacific,2020-12-11T03:00:00Z,IMG1714,cyclone,medium,,G0912
data/processed/cyclone/POS_1881.png,1,2020353N06129,WP,pacific_ocean,western_pacific,2020-12-21T09:00:00Z,IMG1715,cyclone,medium,,G0913
data/processed/cyclone/POS_1883.png,1,2020353N06129,WP,pacific_ocean,western_pacific,2020-12-24T21:00:00Z,IMG1716,cyclone,medium,,G0913
data/processed/cyclone/PRS_0440.png,1,2021015S14147,SP,pacific_ocean,southern_pacific,2021-01-15T09:00:00Z,IMG1718,cyclone,medium,,G0915
data/processed/cyclone/PRS_0020.png,1,2021020S13107,SI,south_indian_ocean,,2021-01-28T12:00:00Z,IMG1719,cyclone,medium,,G0916
data/processed/cyclone/PRS_0203.png,1,2021028S15128,SI,south_indian_ocean,,2021-01-30T03:00:00Z,IMG1720,cyclone,medium,,G0917
data/processed/cyclone/PRS_0417.png,1,2021025S14138,SP,pacific_ocean,southern_pacific,2021-02-01T03:00:00Z,IMG1721,cyclone,medium,,G0918
data/processed/cyclone/PRS_0538.png,1,2021025S14138,SP,pacific_ocean,southern_pacific,2021-02-02T06:00:00Z,IMG1723,cyclone,medium,,G0918
data/processed/cyclone/POS_1888.png,1,2021038S14178,SP,pacific_ocean,southern_pacific,2021-02-08T09:00:00Z,IMG1724,cyclone,weak,,G0920
data/processed/cyclone/POS_1889.png,1,2021038S14178,SP,pacific_ocean,southern_pacific,2021-02-08T21:00:00Z,IMG1725,cyclone,weak,,G0920
data/processed/cyclone/PRS_0495.png,1,2021099S15159,SP,pacific_ocean,southern_pacific,2021-04-10T09:00:00Z,IMG1727,cyclone,medium,,G0922
data/processed/cyclone/PRS_0268.png,1,2021097S10090,SI,south_indian_ocean,,2021-04-10T21:00:00Z,IMG1728,cyclone,medium,,G0923
data/processed/cyclone/PRS_0401.png,1,2021133N10071,NI,north_indian_ocean,arabian_sea,2021-05-15T18:00:00Z,IMG1730,cyclone,strong,,G0925
data/processed/cyclone/PRS_0511.png,1,2021133N10071,NI,north_indian_ocean,arabian_sea,2021-05-17T15:00:00Z,IMG1731,cyclone,strong,,G0925
data/processed/cyclone/PRS_0439.png,1,2021133N10071,NI,north_indian_ocean,arabian_sea,2021-05-18T18:00:00Z,IMG1732,cyclone,strong,,G0925
data/processed/cyclone/PRS_0498.png,1,2021143N15090,NI,north_indian_ocean,bay_of_bengal,2021-05-27T00:00:00Z,IMG1733,cyclone,strong,,G0926
data/processed/cyclone/PRS_0285.png,1,2021163N11240,EP,pacific_ocean,eastern_pacific,2021-06-14T03:00:00Z,IMG1734,cyclone,medium,,G0927
data/processed/cyclone/PRS_0654.png,1,2021186N16129,WP,pacific_ocean,western_pacific,2021-07-05T09:00:00Z,IMG1735,cyclone,weak,,G0928
data/processed/cyclone/PRS_0082.png,1,2021248N11131,WP,pacific_ocean,western_pacific,2021-09-06T00:00:00Z,IMG1738,cyclone,strong,,G0931
data/processed/cyclone/PRS_0018.png,1,2021248N12141,WP,pacific_ocean,western_pacific,2021-09-10T15:00:00Z,IMG1739,cyclone,strong,,G0932
data/processed/cyclone/POS_1894.png,1,2021256N20087,NI,north_indian_ocean,bay_of_bengal,2021-09-13T18:00:00Z,IMG1740,cyclone,weak,,G0933
data/processed/cyclone/POS_1895.png,1,2021256N20087,NI,north_indian_ocean,bay_of_bengal,2021-09-14T18:00:00Z,IMG1741,cyclone,weak,,G0933
data/processed/cyclone/POS_1896.png,1,2021280N14068,NI,north_indian_ocean,arabian_sea,2021-10-07T12:00:00Z,IMG1747,cyclone,weak,,G0936
data/processed/cyclone/POS_1897.png,1,2021280N14068,NI,north_indian_ocean,arabian_sea,2021-10-07T21:00:00Z,IMG1748,cyclone,weak,,G0936
data/processed/cyclone/POS_1898.png,1,2021280N14068,NI,north_indian_ocean,arabian_sea,2021-10-08T00:00:00Z,IMG1749,cyclone,weak,,G0936
data/processed/cyclone/POS_1899.png,1,2021280N14068,NI,north_indian_ocean,arabian_sea,2021-10-08T12:00:00Z,IMG1750,cyclone,weak,,G0936
data/processed/cyclone/PRS_0057.png,1,2021282N16165,WP,pacific_ocean,western_pacific,2021-10-16T12:00:00Z,IMG1751,cyclone,medium,,G0937
data/processed/cyclone/PRS_0605.png,1,2021322N11082,NI,north_indian_ocean,bay_of_bengal,2021-11-18T18:00:00Z,IMG1752,cyclone,weak,,G0938
data/processed/cyclone/PRS_0484.png,1,2021335N08096,NI,north_indian_ocean,bay_of_bengal,2021-12-02T21:00:00Z,IMG1753,cyclone,medium,,G0939
data/processed/cyclone/PRS_0662.png,1,2021335N08096,NI,north_indian_ocean,bay_of_bengal,2021-12-04T15:00:00Z,IMG1754,cyclone,medium,,G0939
data/processed/cyclone/PRS_0256.png,1,2021343S09155,SP,pacific_ocean,southern_pacific,2021-12-12T06:00:00Z,IMG1755,cyclone,strong,,G0940
data/processed/cyclone/PRS_0347.png,1,2022020S13060,SI,south_indian_ocean,,2022-01-22T15:00:00Z,IMG1758,cyclone,medium,,G0942
data/processed/cyclone/PRS_0438.png,1,2022030S14147,SP,pacific_ocean,southern_pacific,2022-01-31T18:00:00Z,IMG1759,cyclone,medium,,G0943
data/processed/cyclone/PRS_0278.png,1,2022046S15095,SI,south_indian_ocean,,2022-02-18T12:00:00Z,IMG1761,cyclone,medium,,G0945
data/processed/cyclone/PRS_0103.png,1,2022054S14085,SI,south_indian_ocean,,2022-02-26T09:00:00Z,IMG1762,cyclone,medium,,G0946
data/processed/cyclone/PRS_0007.png,1,2022054S13100,SI,south_indian_ocean,,2022-03-02T09:00:00Z,IMG1763,cyclone,strong,,G0947
data/processed/cyclone/PRS_0667.png,1,2022062N06085,NI,north_indian_ocean,bay_of_bengal,2022-03-04T15:00:00Z,IMG1764,cyclone,medium,,G0948
data/processed/cyclone/PRS_0163.png,1,2022072S11107,SI,south_indian_ocean,,2022-03-15T18:00:00Z,IMG1765,cyclone,strong,,G0949
data/processed/cyclone/PRS_0619.png,1,2022126N07095,NI,north_indian_ocean,bay_of_bengal,2022-05-08T03:00:00Z,IMG1773,cyclone,medium,,G0954
data/processed/cyclone/PRS_0636.png,1,2022126N07095,NI,north_indian_ocean,bay_of_bengal,2022-05-11T12:00:00Z,IMG1774,cyclone,medium,,G0954
data/processed/cyclone/PRS_0051.png,1,2022148N13263,EP,pacific_ocean,eastern_pacific,2022-05-30T21:00:00Z,IMG1776,cyclone,strong,,G0956
data/processed/cyclone/PRS_0005.png,1,2022167N11269,EP,pacific_ocean,eastern_pacific,2022-06-21T03:00:00Z,IMG1777,cyclone,medium,,G0957
data/processed/cyclone/PRS_0381.png,1,2022167N11269,EP,pacific_ocean,eastern_pacific,2022-06-24T06:00:00Z,IMG1778,cyclone,medium,,G0957
data/processed/cyclone/POS_1910.png,1,2022197N22069,NI,north_indian_ocean,arabian_sea,2022-07-16T12:00:00Z,IMG1779,cyclone,weak,,G0958
data/processed/cyclone/PRS_0220.png,1,2022191N14249,EP,pacific_ocean,eastern_pacific,2022-07-16T12:00:00Z,IMG1780,cyclone,strong,,G0959
data/processed/cyclone/POS_1911.png,1,2022197N22069,NI,north_indian_ocean,arabian_sea,2022-07-17T03:00:00Z,IMG1781,cyclone,weak,,G0958
data/processed/cyclone/PRS_0117.png,1,2022209N16246,EP,pacific_ocean,eastern_pacific,2022-07-30T12:00:00Z,IMG1783,cyclone,medium,,G0961
data/processed/cyclone/PRS_0590.png,1,2022215N21118,WP,pacific_ocean,western_pacific,2022-08-03T12:00:00Z,IMG1784,cyclone,weak,,G0962
data/processed/cyclone/PRS_0079.png,1,2022220N16110,WP,pacific_ocean,western_pacific,2022-08-08T03:00:00Z,IMG1785,cyclone,medium,,G0963
data/processed/cyclone/POS_1912.png,1,2022221N21086,NI,north_indian_ocean,bay_of_bengal,2022-08-09T18:00:00Z,IMG1786,cyclone,weak,,G0964
data/processed/cyclone/PRS_0673.png,1,2022224N22067,NI,north_indian_ocean,arabian_sea,2022-08-12T00:00:00Z,IMG1787,cyclone,medium,,G0965
data/processed/cyclone/PRS_0683.png,1,2022224N22067,NI,north_indian_ocean,arabian_sea,2022-08-13T06:00:00Z,IMG1788,cyclone,medium,,G0965
data/processed/cyclone/POS_1913.png,1,2022226N22088,NI,north_indian_ocean,bay_of_bengal,2022-08-15T06:00:00Z,IMG1789,cyclone,weak,,G0966
data/processed/cyclone/POS_1914.png,1,2022226N22088,NI,north_indian_ocean,arabian_sea,2022-08-16T00:00:00Z,IMG1790,cyclone,weak,,G0966
data/processed/cyclone/PRS_0569.png,1,2022230N18095,NI,north_indian_ocean,bay_of_bengal,2022-08-21T15:00:00Z,IMG1791,cyclone,medium,,G0967
data/processed/cyclone/PRS_0416.png,1,2022230N18095,NI,north_indian_ocean,arabian_sea,2022-08-23T00:00:00Z,IMG1792,cyclone,medium,,G0967
data/processed/cyclone/PRS_0685.png,1,2022254N20085,NI,north_indian_ocean,bay_of_bengal,2022-09-11T03:00:00Z,IMG1794,cyclone,weak,,G0969
data/processed/cyclone/PRS_0394.png,1,2022255N16256,EP,pacific_ocean,eastern_pacific,2022-09-19T00:00:00Z,IMG1795,cyclone,medium,,G0970
data/processed/cyclone/PRS_0322.png,1,2022285N12116,WP,pacific_ocean,western_pacific,2022-10-14T03:00:00Z,IMG1797,cyclone,medium,,G0972
data/processed/cyclone/POS_1916.png,1,2022292N21132,WP,pacific_ocean,western_pacific,2022-10-20T06:00:00Z,IMG1798,cyclone,weak,,G0973
data/processed/cyclone/POS_1917.png,1,2022292N21132,WP,pacific_ocean,western_pacific,2022-10-21T15:00:00Z,IMG1799,cyclone,weak,,G0973
data/processed/cyclone/PRS_0611.png,1,2022295N13093,NI,north_indian_ocean,bay_of_bengal,2022-10-22T06:00:00Z,IMG1800,cyclone,medium,,G0974
data/processed/cyclone/PRS_0582.png,1,2022295N13093,NI,north_indian_ocean,bay_of_bengal,2022-10-23T09:00:00Z,IMG1801,cyclone,medium,,G0974
data/processed/cyclone/PRS_0599.png,1,2022295N13093,NI,north_indian_ocean,bay_of_bengal,2022-10-24T09:00:00Z,IMG1802,cyclone,medium,,G0974
data/processed/cyclone/PRS_0558.png,1,2022338N05100,NI,north_indian_ocean,bay_of_bengal,2022-12-06T09:00:00Z,IMG1804,cyclone,medium,,G0976
data/processed/cyclone/PRS_0617.png,1,2022338N05100,NI,north_indian_ocean,bay_of_bengal,2022-12-10T09:00:00Z,IMG1805,cyclone,medium,,G0976
data/processed/cyclone/PRS_0404.png,1,2022347N12074,NI,north_indian_ocean,arabian_sea,2022-12-13T09:00:00Z,IMG1806,cyclone,medium,,G0977
data/processed/cyclone/PRS_0682.png,1,2022347N12074,NI,north_indian_ocean,arabian_sea,2022-12-14T18:00:00Z,IMG1807,cyclone,medium,,G0977
data/processed/cyclone/PRS_0638.png,1,2022347N12074,NI,north_indian_ocean,arabian_sea,2022-12-15T21:00:00Z,IMG1808,cyclone,medium,,G0977
data/processed/cyclone/PRS_0560.png,1,2022347N12074,NI,north_indian_ocean,arabian_sea,2022-12-17T15:00:00Z,IMG1809,cyclone,medium,,G0977
data/processed/cyclone/PRS_0512.png,1,2023016S15160,SP,pacific_ocean,southern_pacific,2023-01-16T15:00:00Z,IMG1812,cyclone,medium,,G0979
data/processed/cyclone/PRS_0136.png,1,2023020S18156,SP,pacific_ocean,southern_pacific,2023-01-20T09:00:00Z,IMG1813,cyclone,medium,,G0980
data/processed/cyclone/PRS_0183.png,1,2023032S12091,SI,south_indian_ocean,,2023-02-05T00:00:00Z,IMG1815,cyclone,strong,,G0982
data/processed/cyclone/PRS_0023.png,1,2023036S12163,SP,pacific_ocean,southern_pacific,2023-02-08T12:00:00Z,IMG1816,cyclone,strong,,G0983
data/processed/cyclone/PRS_0094.png,1,2023036S12117,SI,south_indian_ocean,,2023-02-12T21:00:00Z,IMG1817,cyclone,strong,,G0984
data/processed/cyclone/PRS_0108.png,1,2023036S12117,SI,south_indian_ocean,,2023-03-10T03:00:00Z,IMG1818,cyclone,strong,,G0984
data/processed/cyclone/PRS_0581.png,1,2023129N08091,NI,north_indian_ocean,bay_of_bengal,2023-05-10T12:00:00Z,IMG1820,cyclone,strong,,G0986
data/processed/cyclone/PRS_0554.png,1,2023129N08091,NI,north_indian_ocean,bay_of_bengal,2023-05-11T12:00:00Z,IMG1821,cyclone,strong,,G0986
data/processed/cyclone/PRS_0522.png,1,2023129N08091,NI,north_indian_ocean,bay_of_bengal,2023-05-13T15:00:00Z,IMG1822,cyclone,strong,,G0986
data/processed/cyclone/PRS_0056.png,1,2023138N05151,WP,pacific_ocean,western_pacific,2023-05-28T21:00:00Z,IMG1823,cyclone,strong,,G0987
data/processed/cyclone/PRS_0475.png,1,2023156N10067,NI,north_indian_ocean,arabian_sea,2023-06-07T03:00:00Z,IMG1824,cyclone,strong,,G0988
data/processed/cyclone/PRS_0658.png,1,2023160N20092,NI,north_indian_ocean,bay_of_bengal,2023-06-08T12:00:00Z,IMG1825,cyclone,medium,,G0989
data/processed/cyclone/PRS_0433.png,1,2023156N10067,NI,north_indian_ocean,arabian_sea,2023-06-11T09:00:00Z,IMG1826,cyclone,strong,,G0988
data/processed/cyclone/PRS_0303.png,1,2023156N10067,NI,north_indian_ocean,arabian_sea,2023-06-13T21:00:00Z,IMG1827,cyclone,strong,,G0988
data/processed/cyclone/PRS_0211.png,1,2023156N10067,NI,north_indian_ocean,arabian_sea,2023-06-16T15:00:00Z,IMG1828,cyclone,strong,,G0988
data/processed/cyclone/PRS_0612.png,1,2023212N19090,NI,north_indian_ocean,bay_of_bengal,2023-08-01T09:00:00Z,IMG1832,cyclone,medium,,G0991
data/processed/cyclone/PRS_0648.png,1,2023212N19090,NI,north_indian_ocean,bay_of_bengal,2023-08-03T00:00:00Z,IMG1833,cyclone,medium,,G0991
data/processed/cyclone/PRS_0123.png,1,2023228N12259,EP,pacific_ocean,eastern_pacific,2023-08-16T09:00:00Z,IMG1837,cyclone,strong,,G0993
data/processed/cyclone/PRS_0258.png,1,2023226N11222,EP,pacific_ocean,eastern_pacific,2023-08-17T03:00:00Z,IMG1838,cyclone,medium,,G0994
data/processed/cyclone/PRS_0660.png,1,2023259N15225,EP,pacific_ocean,eastern_pacific,2023-09-16T09:00:00Z,IMG1839,cyclone,weak,,G0995
data/processed/cyclone/PRS_0500.png,1,2023259N15225,EP,pacific_ocean,eastern_pacific,2023-09-17T09:00:00Z,IMG1840,cyclone,weak,,G0995
data/processed/cyclone/POS_1928.png,1,2023267N14242,EP,pacific_ocean,eastern_pacific,2023-09-23T21:00:00Z,IMG1841,cyclone,weak,,G0996
data/processed/cyclone/PRS_0745.png,1,2023267N14242,EP,pacific_ocean,eastern_pacific,2023-09-24T21:00:00Z,IMG1842,cyclone,weak,,G0996
data/processed/cyclone/PRS_0546.png,1,2023266N16116,WP,pacific_ocean,western_pacific,2023-09-26T09:00:00Z,IMG1843,cyclone,weak,,G0997
data/processed/cyclone/PRS_0364.png,1,2023292S03172,SP,pacific_ocean,southern_pacific,2023-10-22T15:00:00Z,IMG1846,cyclone,strong,,G1000
data/processed/cyclone/PRS_0550.png,1,2023292N11063,NI,north_indian_ocean,arabian_sea,2023-10-23T18:00:00Z,IMG1848,cyclone,strong,,G1002
data/processed/cyclone/PRS_0579.png,1,2023317N10094,NI,north_indian_ocean,bay_of_bengal,2023-11-17T21:00:00Z,IMG1852,cyclone,medium,,G1004
data/processed/cyclone/PRS_0212.png,1,2023326N10240,EP,pacific_ocean,eastern_pacific,2023-11-24T03:00:00Z,IMG1853,cyclone,medium,,G1005
data/processed/cyclone/PRS_0107.png,1,2023364S19035,SI,south_indian_ocean,,2024-01-01T00:00:00Z,IMG1858,cyclone,strong,,G1008
data/processed/cyclone/PRS_0343.png,1,2024017S15151,SP,pacific_ocean,southern_pacific,2024-01-22T15:00:00Z,IMG1860,cyclone,strong,,G1010
data/processed/cyclone/PRS_0408.png,1,2024017S15151,SP,pacific_ocean,southern_pacific,2024-01-26T12:00:00Z,IMG1861,cyclone,strong,,G1010
data/processed/cyclone/PRS_0379.png,1,2024029S15063,SI,south_indian_ocean,,2024-01-30T00:00:00Z,IMG1862,cyclone,medium,,G1011
data/processed/cyclone/PRS_0477.png,1,2024035S16188,SP,pacific_ocean,southern_pacific,2024-02-05T12:00:00Z,IMG1863,cyclone,medium,,G1012
data/processed/cyclone/PRS_0473.png,1,2024031S24154,SP,pacific_ocean,southern_pacific,2024-02-09T09:00:00Z,IMG1864,cyclone,medium,,G1013
data/processed/cyclone/PRS_0351.png,1,2024031S24154,SP,pacific_ocean,southern_pacific,2024-02-10T12:00:00Z,IMG1865,cyclone,medium,,G1013
data/processed/cyclone/PRS_0159.png,1,2024049S17052,SI,south_indian_ocean,,2024-02-23T06:00:00Z,IMG1867,cyclone,medium,,G1015
data/processed/cyclone/PRS_0365.png,1,2024073S14128,SP,pacific_ocean,southern_pacific,2024-03-19T06:00:00Z,IMG1869,cyclone,strong,,G1016
data/processed/cyclone/PRS_0202.png,1,2024067S10090,SI,south_indian_ocean,,2024-03-25T09:00:00Z,IMG1870,cyclone,strong,,G1017
data/processed/cyclone/PRS_0084.png,1,2024151N18113,WP,pacific_ocean,western_pacific,2024-05-31T03:00:00Z,IMG1872,cyclone,medium,,G1019
data/processed/cyclone/PRS_0481.png,1,2024195N13114,WP,pacific_ocean,western_pacific,2024-07-13T06:00:00Z,IMG1873,cyclone,weak,,G1020
data/processed/cyclone/POS_1937.png,1,2024201N19086,NI,north_indian_ocean,bay_of_bengal,2024-07-20T06:00:00Z,IMG1874,cyclone,weak,,G1021
data/processed/cyclone/POS_1938.png,1,2024216N24085,NI,north_indian_ocean,bay_of_bengal,2024-08-03T09:00:00Z,IMG1875,cyclone,weak,,G1022
data/processed/cyclone/POS_1939.png,1,2024216N24085,NI,north_indian_ocean,bay_of_bengal,2024-08-04T12:00:00Z,IMG1876,cyclone,weak,,G1022
data/processed/cyclone/PRS_0243.png,1,2024216N12231,EP,pacific_ocean,eastern_pacific,2024-08-04T15:00:00Z,IMG1877,cyclone,medium,,G1023
data/processed/cyclone/POS_1940.png,1,2024216N24085,NI,north_indian_ocean,arabian_sea,2024-08-04T21:00:00Z,IMG1878,cyclone,weak,,G1022
data/processed/cyclone/POS_1941.png,1,2024216N24085,NI,north_indian_ocean,arabian_sea,2024-08-05T06:00:00Z,IMG1879,cyclone,weak,,G1022
data/processed/cyclone/PRS_0019.png,1,2024238N25077,NI,north_indian_ocean,arabian_sea,2024-08-25T21:00:00Z,IMG1881,cyclone,medium,,G1025
data/processed/cyclone/PRS_0201.png,1,2024236N14248,EP,pacific_ocean,eastern_pacific,2024-08-26T00:00:00Z,IMG1882,cyclone,medium,,G1026
data/processed/cyclone/PRS_0175.png,1,2024235N16223,EP,pacific_ocean,eastern_pacific,2024-08-26T21:00:00Z,IMG1883,cyclone,strong,,G1027
data/processed/cyclone/PRS_0533.png,1,2024238N25077,NI,north_indian_ocean,arabian_sea,2024-08-29T06:00:00Z,IMG1884,cyclone,medium,,G1025
data/processed/cyclone/PRS_0539.png,1,2024238N25077,NI,north_indian_ocean,arabian_sea,2024-08-31T03:00:00Z,IMG1885,cyclone,medium,,G1025
data/processed/cyclone/POS_1942.png,1,2024244N18085,NI,north_indian_ocean,bay_of_bengal,2024-08-31T06:00:00Z,IMG1886,cyclone,weak,,G1028
data/processed/cyclone/PRS_0642.png,1,2024238N25077,NI,north_indian_ocean,arabian_sea,2024-09-01T12:00:00Z,IMG1887,cyclone,medium,,G1025
data/processed/cyclone/PRS_0179.png,1,2024246N22147,WP,pacific_ocean,western_pacific,2024-09-05T21:00:00Z,IMG1888,cyclone,medium,,G1029
data/processed/cyclone/POS_1944.png,1,2024255N24080,NI,north_indian_ocean,bay_of_bengal,2024-09-12T09:00:00Z,IMG1890,cyclone,weak,,G1031
data/processed/cyclone/POS_1945.png,1,2024255N24080,NI,north_indian_ocean,bay_of_bengal,2024-09-13T00:00:00Z,IMG1891,cyclone,weak,,G1031
data/processed/cyclone/PRS_0270.png,1,2024259N17126,WP,pacific_ocean,western_pacific,2024-09-16T03:00:00Z,IMG1893,cyclone,medium,,G1033
data/processed/cyclone/PRS_0331.png,1,2024259N17126,WP,pacific_ocean,western_pacific,2024-09-19T03:00:00Z,IMG1894,cyclone,medium,,G1033
data/processed/cyclone/PRS_0425.png,1,2024264N20128,WP,pacific_ocean,western_pacific,2024-09-20T12:00:00Z,IMG1895,cyclone,weak,,G1034
data/processed/cyclone/PRS_0675.png,1,2024264N20128,WP,pacific_ocean,western_pacific,2024-09-22T12:00:00Z,IMG1896,cyclone,weak,,G1034
data/processed/cyclone/POS_1953.png,1,2024307N11250,EP,pacific_ocean,eastern_pacific,2024-11-05T21:00:00Z,IMG1905,cyclone,weak,,G1038
data/processed/cyclone/POS_1954.png,1,2024307N11250,EP,pacific_ocean,eastern_pacific,2024-11-07T06:00:00Z,IMG1906,cyclone,weak,,G1038
data/processed/cyclone/PRS_0137.png,1,2024313N10169,WP,pacific_ocean,western_pacific,2024-11-15T21:00:00Z,IMG1907,cyclone,strong,,G1039
data/processed/cyclone/PRS_0151.png,1,2024328S09096,SI,south_indian_ocean,,2024-11-26T06:00:00Z,IMG1910,cyclone,medium,,G1041
data/processed/cyclone/PRS_0118.png,1,2024341S12086,SI,south_indian_ocean,,2024-12-09T15:00:00Z,IMG1912,cyclone,strong,,G1042
data/processed/cyclone/POS_1955.png,1,2024356N14084,NI,north_indian_ocean,bay_of_bengal,2024-12-20T18:00:00Z,IMG1913,cyclone,weak,,G1043
data/processed/cyclone/POS_1957.png,1,2024356N14084,NI,north_indian_ocean,bay_of_bengal,2024-12-21T06:00:00Z,IMG1914,cyclone,weak,,G1043
data/processed/cyclone/PRS_0525.png,1,2025010S17185,SP,pacific_ocean,southern_pacific,2025-01-11T03:00:00Z,IMG1915,cyclone,medium,,G1044
data/processed/cyclone/PRS_0280.png,1,2025029S25043,SI,south_indian_ocean,,2025-01-28T21:00:00Z,IMG1916,cyclone,medium,,G1045
data/processed/cyclone/PRS_0068.png,1,2025039S14125,SI,south_indian_ocean,,2025-02-14T06:00:00Z,IMG1918,cyclone,strong,,G1047
data/processed/cyclone/PRS_0265.png,1,2025052S14148,SP,pacific_ocean,southern_pacific,2025-02-21T18:00:00Z,IMG1919,cyclone,strong,,G1048
data/processed/cyclone/PRS_0396.png,1,2025054S13182,SP,pacific_ocean,southern_pacific,2025-02-24T12:00:00Z,IMG1921,cyclone,strong,,G1050
data/processed/cyclone/PRS_0275.png,1,2025076S13107,SI,south_indian_ocean,,2025-03-22T15:00:00Z,IMG1922,cyclone,medium,,G1051
data/processed/cyclone/PRS_0130.png,1,2025082S13116,SI,south_indian_ocean,,2025-03-31T03:00:00Z,IMG1923,cyclone,strong,,G1052
data/processed/cyclone/PRS_0329.png,1,2025106S10135,SP,pacific_ocean,southern_pacific,2025-04-17T09:00:00Z,IMG1924,cyclone,medium,,G1053
data/processed/cyclone/PRS_0455.png,1,2025106S10135,SP,pacific_ocean,southern_pacific,2025-04-19T09:00:00Z,IMG1925,cyclone,medium,,G1053
data/processed/cyclone/PRS_0305.png,1,2025106S10135,SI,south_indian_ocean,,2025-04-22T18:00:00Z,IMG1926,cyclone,medium,,G1053
data/processed/cyclone/PRS_0253.png,1,2025159N12250,EP,pacific_ocean,eastern_pacific,2025-06-09T18:00:00Z,IMG1930,cyclone,medium,,G1057
data/processed/cyclone/POS_1958.png,1,2025193N30123,WP,pacific_ocean,western_pacific,2025-07-12T03:00:00Z,IMG1933,cyclone,weak,,G1060
data/processed/cyclone/POS_1959.png,1,2025193N30123,WP,pacific_ocean,western_pacific,2025-07-12T12:00:00Z,IMG1934,cyclone,weak,,G1060
data/processed/cyclone/POS_1962.png,1,2025195N23089,NI,north_indian_ocean,bay_of_bengal,2025-07-14T09:00:00Z,IMG1935,cyclone,weak,,G1061
data/processed/cyclone/POS_1963.png,1,2025196N27075,NI,north_indian_ocean,arabian_sea,2025-07-15T03:00:00Z,IMG1936,cyclone,weak,,G1061
data/processed/cyclone/PRS_0688.png,1,2025206N21090,NI,north_indian_ocean,bay_of_bengal,2025-07-25T12:00:00Z,IMG1941,cyclone,weak,,G1063
data/processed/cyclone/PRS_0568.png,1,2025206N21090,NI,north_indian_ocean,bay_of_bengal,2025-07-26T15:00:00Z,IMG1942,cyclone,weak,,G1063
data/processed/cyclone/PRS_0149.png,1,2025207N11219,EP,pacific_ocean,eastern_pacific,2025-07-30T12:00:00Z,IMG1943,cyclone,strong,,G1064
data/processed/cyclone/PRS_0613.png,1,2025218N27159,WP,pacific_ocean,western_pacific,2025-08-06T15:00:00Z,IMG1944,cyclone,weak,,G1065
data/processed/cyclone/POS_1968.png,1,2025250N25073,NI,north_indian_ocean,arabian_sea,2025-09-07T00:00:00Z,IMG1950,cyclone,weak,,G1068
data/processed/cyclone/POS_1969.png,1,2025250N25073,NI,north_indian_ocean,arabian_sea,2025-09-07T12:00:00Z,IMG1951,cyclone,weak,,G1068
data/processed/cyclone/POS_1970.png,1,2025250N25073,NI,north_indian_ocean,arabian_sea,2025-09-08T00:00:00Z,IMG1952,cyclone,weak,,G1068
data/processed/cyclone/POS_1971.png,1,2025250N25073,NI,north_indian_ocean,arabian_sea,2025-09-08T12:00:00Z,IMG1953,cyclone,weak,,G1068
data/processed/cyclone/POS_1972.png,1,2025250N25073,NI,north_indian_ocean,arabian_sea,2025-09-09T06:00:00Z,IMG1954,cyclone,weak,,G1068
data/processed/cyclone/POS_1973.png,1,2025250N25073,NI,north_indian_ocean,arabian_sea,2025-09-09T21:00:00Z,IMG1955,cyclone,weak,,G1068
data/processed/cyclone/POS_1974.png,1,2025250N25073,NI,north_indian_ocean,arabian_sea,2025-09-10T18:00:00Z,IMG1956,cyclone,weak,,G1068
data/processed/cyclone/PRS_0269.png,1,2025259N13126,WP,pacific_ocean,western_pacific,2025-09-16T06:00:00Z,IMG1957,cyclone,medium,,G1069
data/processed/cyclone/PRS_0229.png,1,2025273N09248,EP,pacific_ocean,eastern_pacific,2025-09-30T15:00:00Z,IMG1961,cyclone,strong,,G1072
data/processed/cyclone/PRS_0566.png,1,2025275N22068,NI,north_indian_ocean,arabian_sea,2025-10-01T12:00:00Z,IMG1962,cyclone,medium,,G1073
data/processed/cyclone/PRS_0601.png,1,2025274N16087,NI,north_indian_ocean,bay_of_bengal,2025-10-02T03:00:00Z,IMG1963,cyclone,medium,,G1073
data/processed/cyclone/PRS_0128.png,1,2025273N09248,EP,pacific_ocean,eastern_pacific,2025-10-02T18:00:00Z,IMG1964,cyclone,strong,,G1072
data/processed/cyclone/PRS_0593.png,1,2025274N16087,NI,north_indian_ocean,bay_of_bengal,2025-10-03T06:00:00Z,IMG1965,cyclone,medium,,G1073
data/processed/cyclone/PRS_0571.png,1,2025275N22068,NI,north_indian_ocean,arabian_sea,2025-10-03T15:00:00Z,IMG1966,cyclone,medium,,G1073
data/processed/cyclone/PRS_0238.png,1,2025278N15254,EP,pacific_ocean,eastern_pacific,2025-10-05T06:00:00Z,IMG1967,cyclone,strong,,G1074
data/processed/cyclone/PRS_0420.png,1,2025275N22068,NI,north_indian_ocean,arabian_sea,2025-10-05T15:00:00Z,IMG1968,cyclone,medium,,G1073
data/processed/cyclone/PRS_0534.png,1,2025275N22068,NI,north_indian_ocean,arabian_sea,2025-10-06T21:00:00Z,IMG1969,cyclone,medium,,G1073
data/processed/cyclone/POS_1979.png,1,2025295N09068,NI,north_indian_ocean,arabian_sea,2025-10-22T06:00:00Z,IMG1970,cyclone,weak,,G1075
data/processed/cyclone/POS_1980.png,1,2025295N09068,NI,north_indian_ocean,arabian_sea,2025-10-22T18:00:00Z,IMG1971,cyclone,weak,,G1075
data/processed/cyclone/POS_1981.png,1,2025295N09068,NI,north_indian_ocean,arabian_sea,2025-10-23T06:00:00Z,IMG1972,cyclone,weak,,G1075
data/processed/cyclone/POS_1982.png,1,2025295N09068,NI,north_indian_ocean,arabian_sea,2025-10-23T18:00:00Z,IMG1973,cyclone,weak,,G1075
data/processed/cyclone/POS_1983.png,1,2025295N09068,NI,north_indian_ocean,arabian_sea,2025-10-24T09:00:00Z,IMG1974,cyclone,weak,,G1075
data/processed/cyclone/POS_1984.png,1,2025295N09068,NI,north_indian_ocean,arabian_sea,2025-10-24T18:00:00Z,IMG1975,cyclone,weak,,G1075
data/processed/cyclone/POS_1985.png,1,2025295N09068,NI,north_indian_ocean,arabian_sea,2025-10-25T06:00:00Z,IMG1976,cyclone,weak,,G1075
data/processed/cyclone/POS_1986.png,1,2025295N09068,NI,north_indian_ocean,arabian_sea,2025-10-25T18:00:00Z,IMG1977,cyclone,weak,,G1075
data/processed/cyclone/PRS_0573.png,1,2025298N11089,NI,north_indian_ocean,bay_of_bengal,2025-10-26T03:00:00Z,IMG1978,cyclone,medium,,G1075
data/processed/cyclone/POS_1987.png,1,2025295N09068,NI,north_indian_ocean,arabian_sea,2025-10-26T06:00:00Z,IMG1979,cyclone,weak,,G1075
data/processed/cyclone/POS_1988.png,1,2025295N09068,NI,north_indian_ocean,arabian_sea,2025-10-26T18:00:00Z,IMG1980,cyclone,weak,,G1075
data/processed/cyclone/POS_1989.png,1,2025295N09068,NI,north_indian_ocean,arabian_sea,2025-10-26T21:00:00Z,IMG1981,cyclone,weak,,G1075
data/processed/cyclone/POS_1990.png,1,2025295N09068,NI,north_indian_ocean,arabian_sea,2025-10-27T12:00:00Z,IMG1982,cyclone,weak,,G1075
data/processed/cyclone/POS_1991.png,1,2025295N09068,NI,north_indian_ocean,arabian_sea,2025-10-28T00:00:00Z,IMG1983,cyclone,weak,,G1075
data/processed/cyclone/PRS_0157.png,1,2025298N11089,NI,north_indian_ocean,bay_of_bengal,2025-10-28T09:00:00Z,IMG1984,cyclone,medium,,G1075
data/processed/cyclone/POS_1992.png,1,2025295N09068,NI,north_indian_ocean,arabian_sea,2025-10-28T15:00:00Z,IMG1985,cyclone,weak,,G1075
data/processed/cyclone/POS_1993.png,1,2025295N09068,NI,north_indian_ocean,arabian_sea,2025-10-29T06:00:00Z,IMG1986,cyclone,weak,,G1075
data/processed/cyclone/PRS_0655.png,1,2025298N11089,NI,north_indian_ocean,bay_of_bengal,2025-10-29T12:00:00Z,IMG1987,cyclone,medium,,G1075
data/processed/cyclone/POS_1994.png,1,2025295N09068,NI,north_indian_ocean,arabian_sea,2025-10-30T00:00:00Z,IMG1988,cyclone,weak,,G1075
data/processed/cyclone/POS_1995.png,1,2025295N09068,NI,north_indian_ocean,arabian_sea,2025-10-30T21:00:00Z,IMG1989,cyclone,weak,,G1075
data/processed/cyclone/POS_1996.png,1,2025295N09068,NI,north_indian_ocean,arabian_sea,2025-10-31T18:00:00Z,IMG1990,cyclone,weak,,G1075
data/processed/cyclone/PRS_0507.png,1,2025329N05100,NI,north_indian_ocean,bay_of_bengal,2025-11-25T21:00:00Z,IMG1991,cyclone,medium,,G1076
data/processed/cyclone/PRS_0633.png,1,2025329N05100,NI,north_indian_ocean,bay_of_bengal,2025-11-26T21:00:00Z,IMG1992,cyclone,medium,,G1076
data/processed/cyclone/PRS_0195.png,1,2026223N14233,EP,pacific_ocean,eastern_pacific,2026-08-15T00:00:00Z,IMG1998,cyclone,medium,,G1081
data/processed/cyclone/PRS_0184.png,1,2026222N15223,EP,pacific_ocean,eastern_pacific,2026-08-21T15:00:00Z,IMG1999,cyclone,strong,,G1082
data/processed/no_cyclone/NONCYCLONE_02916.png,0,,NI,north_indian_ocean,bay_of_bengal,2000-03-27T12:00:00Z,IMG2001,no_cyclone,,easy,G0016
data/processed/no_cyclone/NONCYCLONE_01510.png,0,,NI,north_indian_ocean,arabian_sea,2000-03-27T18:00:00Z,IMG2002,no_cyclone,,easy,G1084
data/processed/no_cyclone/NONCYCLONE_01573.png,0,,NI,north_indian_ocean,arabian_sea,2000-03-28T06:00:00Z,IMG2003,no_cyclone,,easy,G1084
data/processed/no_cyclone/NONCYCLONE_03780.png,0,,NI,north_indian_ocean,bay_of_bengal,2000-03-29T06:00:00Z,IMG2004,no_cyclone,,moderate,G0016
data/processed/no_cyclone/NONCYCLONE_03939.png,0,,NI,north_indian_ocean,arabian_sea,2000-03-29T18:00:00Z,IMG2005,no_cyclone,,moderate,G1085
data/processed/no_cyclone/NONCYCLONE_02600.png,0,,NI,north_indian_ocean,arabian_sea,2000-03-30T00:00:00Z,IMG2006,no_cyclone,,easy,G1085
data/processed/no_cyclone/NONCYCLONE_03579.png,0,,NI,north_indian_ocean,arabian_sea,2000-03-30T06:00:00Z,IMG2007,no_cyclone,,moderate,G1085
data/processed/no_cyclone/NONCYCLONE_03190.png,0,,NI,north_indian_ocean,arabian_sea,2000-03-30T12:00:00Z,IMG2008,no_cyclone,,easy,G1086
data/processed/no_cyclone/NONCYCLONE_00339.png,0,,NI,north_indian_ocean,bay_of_bengal,2000-08-23T03:00:00Z,IMG2009,no_cyclone,,hard,G0034
data/processed/no_cyclone/NONCYCLONE_00089.png,0,,NI,north_indian_ocean,bay_of_bengal,2000-08-24T00:00:00Z,IMG2010,no_cyclone,,moderate,G0034
data/processed/no_cyclone/NONCYCLONE_02942.png,0,,NI,north_indian_ocean,bay_of_bengal,2000-10-15T06:00:00Z,IMG2011,no_cyclone,,moderate,G0043
data/processed/no_cyclone/NONCYCLONE_04125.png,0,,NI,north_indian_ocean,arabian_sea,2000-10-15T18:00:00Z,IMG2012,no_cyclone,,easy,G0043
data/processed/no_cyclone/NONCYCLONE_03264.png,0,,NI,north_indian_ocean,arabian_sea,2000-10-16T00:00:00Z,IMG2013,no_cyclone,,moderate,G0043
data/processed/no_cyclone/NONCYCLONE_03769.png,0,,NI,north_indian_ocean,arabian_sea,2000-10-16T06:00:00Z,IMG2014,no_cyclone,,easy,G1087
data/processed/no_cyclone/NONCYCLONE_02975.png,0,,NI,north_indian_ocean,arabian_sea,2000-10-16T12:00:00Z,IMG2015,no_cyclone,,moderate,G0043
data/processed/no_cyclone/NONCYCLONE_02149.png,0,,NI,north_indian_ocean,arabian_sea,2000-10-16T18:00:00Z,IMG2016,no_cyclone,,easy,G1087
data/processed/no_cyclone/NONCYCLONE_03857.png,0,,NI,north_indian_ocean,arabian_sea,2000-10-17T00:00:00Z,IMG2017,no_cyclone,,easy,G0043
data/processed/no_cyclone/NONCYCLONE_01487.png,0,,NI,north_indian_ocean,arabian_sea,2000-10-17T18:00:00Z,IMG2018,no_cyclone,,moderate,G1088
data/processed/no_cyclone/NONCYCLONE_03713.png,0,,NI,north_indian_ocean,bay_of_bengal,2000-10-19T00:00:00Z,IMG2019,no_cyclone,,hard,G0043
data/processed/no_cyclone/NONCYCLONE_03390.png,0,,NI,north_indian_ocean,bay_of_bengal,2000-10-25T21:00:00Z,IMG2020,no_cyclone,,easy,G0044
data/processed/no_cyclone/NONCYCLONE_02710.png,0,,NI,north_indian_ocean,arabian_sea,2000-10-26T03:00:00Z,IMG2021,no_cyclone,,easy,G1089
data/processed/no_cyclone/NONCYCLONE_02247.png,0,,NI,north_indian_ocean,bay_of_bengal,2000-10-26T15:00:00Z,IMG2022,no_cyclone,,moderate,G0044
data/processed/no_cyclone/NONCYCLONE_02972.png,0,,NI,north_indian_ocean,bay_of_bengal,2000-10-27T03:00:00Z,IMG2023,no_cyclone,,moderate,G0044
data/processed/no_cyclone/NONCYCLONE_01055.png,0,,NI,north_indian_ocean,arabian_sea,2000-10-28T03:00:00Z,IMG2024,no_cyclone,,easy,G1090
data/processed/no_cyclone/NONCYCLONE_04564.png,0,,NI,north_indian_ocean,arabian_sea,2000-10-28T09:00:00Z,IMG2025,no_cyclone,,easy,G1090
data/processed/no_cyclone/NONCYCLONE_00647.png,0,,NI,north_indian_ocean,bay_of_bengal,2000-10-28T15:00:00Z,IMG2026,no_cyclone,,easy,G1091
data/processed/no_cyclone/NONCYCLONE_03929.png,0,,NI,north_indian_ocean,bay_of_bengal,2000-11-29T03:00:00Z,IMG2028,no_cyclone,,easy,G0047
data/processed/no_cyclone/NONCYCLONE_01900.png,0,,NI,north_indian_ocean,bay_of_bengal,2000-11-29T21:00:00Z,IMG2029,no_cyclone,,moderate,G0047
data/processed/no_cyclone/NONCYCLONE_04078.png,0,,NI,north_indian_ocean,bay_of_bengal,2000-12-01T03:00:00Z,IMG2030,no_cyclone,,hard,G1093
data/processed/no_cyclone/NONCYCLONE_00884.png,0,,NI,north_indian_ocean,bay_of_bengal,2000-12-02T15:00:00Z,IMG2031,no_cyclone,,easy,G0047
data/processed/no_cyclone/NONCYCLONE_03906.png,0,,NI,north_indian_ocean,bay_of_bengal,2000-12-02T21:00:00Z,IMG2032,no_cyclone,,easy,G0047
data/processed/no_cyclone/NONCYCLONE_00027.png,0,,NI,north_indian_ocean,bay_of_bengal,2000-12-03T03:00:00Z,IMG2033,no_cyclone,,easy,G0047
data/processed/no_cyclone/NONCYCLONE_04516.png,0,,NI,north_indian_ocean,bay_of_bengal,2000-12-03T09:00:00Z,IMG2034,no_cyclone,,easy,G0047
data/processed/no_cyclone/NONCYCLONE_02035.png,0,,NI,north_indian_ocean,bay_of_bengal,2000-12-03T21:00:00Z,IMG2035,no_cyclone,,easy,G0047
data/processed/no_cyclone/NONCYCLONE_02545.png,0,,NI,north_indian_ocean,arabian_sea,2000-12-04T15:00:00Z,IMG2036,no_cyclone,,easy,G0047
data/processed/no_cyclone/NONCYCLONE_01835.png,0,,NI,north_indian_ocean,bay_of_bengal,2000-12-04T21:00:00Z,IMG2037,no_cyclone,,easy,G1094
data/processed/no_cyclone/NONCYCLONE_00145.png,0,,NI,north_indian_ocean,bay_of_bengal,2000-12-05T03:00:00Z,IMG2038,no_cyclone,,easy,G1094
data/processed/no_cyclone/NONCYCLONE_00877.png,0,,NI,north_indian_ocean,bay_of_bengal,2000-12-24T21:00:00Z,IMG2039,no_cyclone,,easy,G0050
data/processed/no_cyclone/NONCYCLONE_02354.png,0,,NI,north_indian_ocean,arabian_sea,2000-12-25T03:00:00Z,IMG2040,no_cyclone,,moderate,G1095
data/processed/no_cyclone/NONCYCLONE_04529.png,0,,NI,north_indian_ocean,arabian_sea,2000-12-26T03:00:00Z,IMG2041,no_cyclone,,moderate,G0050
data/processed/no_cyclone/NONCYCLONE_00348.png,0,,NI,north_indian_ocean,bay_of_bengal,2000-12-26T21:00:00Z,IMG2042,no_cyclone,,easy,G1096
data/processed/no_cyclone/NONCYCLONE_02166.png,0,,NI,north_indian_ocean,bay_of_bengal,2000-12-27T03:00:00Z,IMG2043,no_cyclone,,easy,G1096
data/processed/no_cyclone/NONCYCLONE_03557.png,0,,NI,north_indian_ocean,arabian_sea,2000-12-27T21:00:00Z,IMG2044,no_cyclone,,easy,G0050
data/processed/no_cyclone/NONCYCLONE_01653.png,0,,NI,north_indian_ocean,bay_of_bengal,2000-12-28T03:00:00Z,IMG2045,no_cyclone,,easy,G1097
data/processed/no_cyclone/NONCYCLONE_00912.png,0,,NI,north_indian_ocean,arabian_sea,2000-12-28T21:00:00Z,IMG2046,no_cyclone,,easy,G0050
data/processed/no_cyclone/NONCYCLONE_04331.png,0,,NI,north_indian_ocean,arabian_sea,2001-05-21T06:00:00Z,IMG2047,no_cyclone,,easy,G1098
data/processed/no_cyclone/NONCYCLONE_01993.png,0,,NI,north_indian_ocean,bay_of_bengal,2001-05-21T18:00:00Z,IMG2048,no_cyclone,,easy,G0067
data/processed/no_cyclone/NONCYCLONE_00315.png,0,,NI,north_indian_ocean,bay_of_bengal,2001-05-22T06:00:00Z,IMG2049,no_cyclone,,easy,G0067
data/processed/no_cyclone/NONCYCLONE_01325.png,0,,NI,north_indian_ocean,bay_of_bengal,2001-05-23T00:00:00Z,IMG2051,no_cyclone,,easy,G0067
data/processed/no_cyclone/NONCYCLONE_03156.png,0,,NI,north_indian_ocean,bay_of_bengal,2001-05-23T06:00:00Z,IMG2052,no_cyclone,,moderate,G0067
data/processed/no_cyclone/NONCYCLONE_00249.png,0,,NI,north_indian_ocean,arabian_sea,2001-05-24T00:00:00Z,IMG2053,no_cyclone,,easy,G0067
data/processed/no_cyclone/NONCYCLONE_00139.png,0,,NI,north_indian_ocean,bay_of_bengal,2001-05-24T06:00:00Z,IMG2054,no_cyclone,,moderate,G0067
data/processed/no_cyclone/NONCYCLONE_02532.png,0,,NI,north_indian_ocean,arabian_sea,2001-05-25T06:00:00Z,IMG2055,no_cyclone,,easy,G0067
data/processed/no_cyclone/NONCYCLONE_00722.png,0,,NI,north_indian_ocean,arabian_sea,2001-05-25T12:00:00Z,IMG2056,no_cyclone,,hard,G0067
data/processed/no_cyclone/NONCYCLONE_03490.png,0,,NI,north_indian_ocean,arabian_sea,2001-05-26T00:00:00Z,IMG2057,no_cyclone,,moderate,G0067
data/processed/no_cyclone/NONCYCLONE_03707.png,0,,NI,north_indian_ocean,arabian_sea,2001-05-26T12:00:00Z,IMG2059,no_cyclone,,easy,G0067
data/processed/no_cyclone/NONCYCLONE_02349.png,0,,NI,north_indian_ocean,arabian_sea,2001-05-27T00:00:00Z,IMG2060,no_cyclone,,moderate,G0067
data/processed/no_cyclone/NONCYCLONE_02328.png,0,,NI,north_indian_ocean,bay_of_bengal,2001-05-27T12:00:00Z,IMG2061,no_cyclone,,hard,G0067
data/processed/no_cyclone/NONCYCLONE_02441.png,0,,NI,north_indian_ocean,bay_of_bengal,2001-05-27T18:00:00Z,IMG2062,no_cyclone,,hard,G0067
data/processed/no_cyclone/NONCYCLONE_04264.png,0,,NI,north_indian_ocean,bay_of_bengal,2001-05-28T00:00:00Z,IMG2063,no_cyclone,,hard,G0067
data/processed/no_cyclone/NONCYCLONE_01366.png,0,,NI,north_indian_ocean,bay_of_bengal,2001-05-28T12:00:00Z,IMG2064,no_cyclone,,moderate,G0067
data/processed/no_cyclone/NONCYCLONE_02242.png,0,,NI,north_indian_ocean,arabian_sea,2001-05-28T18:00:00Z,IMG2065,no_cyclone,,hard,G0067
data/processed/no_cyclone/NONCYCLONE_04451.png,0,,NI,north_indian_ocean,arabian_sea,2001-05-29T00:00:00Z,IMG2066,no_cyclone,,hard,G0067
data/processed/no_cyclone/NONCYCLONE_01421.png,0,,NI,north_indian_ocean,bay_of_bengal,2001-05-29T12:00:00Z,IMG2067,no_cyclone,,hard,G0067
data/processed/no_cyclone/NONCYCLONE_01473.png,0,,NI,north_indian_ocean,arabian_sea,2001-06-12T09:00:00Z,IMG2068,no_cyclone,,hard,G0068
data/processed/no_cyclone/NONCYCLONE_03186.png,0,,NI,north_indian_ocean,arabian_sea,2001-06-13T03:00:00Z,IMG2069,no_cyclone,,easy,G1101
data/processed/no_cyclone/NONCYCLONE_01300.png,0,,NI,north_indian_ocean,bay_of_bengal,2001-06-13T09:00:00Z,IMG2070,no_cyclone,,moderate,G1102
data/processed/no_cyclone/NONCYCLONE_00381.png,0,,NI,north_indian_ocean,arabian_sea,2001-06-13T12:00:00Z,IMG2071,no_cyclone,,moderate,G1101
data/processed/no_cyclone/NONCYCLONE_04281.png,0,,NI,north_indian_ocean,bay_of_bengal,2001-09-24T06:00:00Z,IMG2072,no_cyclone,,moderate,G0084
data/processed/no_cyclone/NONCYCLONE_00414.png,0,,NI,north_indian_ocean,bay_of_bengal,2001-09-24T12:00:00Z,IMG2073,no_cyclone,,moderate,G0084
data/processed/no_cyclone/NONCYCLONE_02903.png,0,,NI,north_indian_ocean,bay_of_bengal,2001-09-24T18:00:00Z,IMG2074,no_cyclone,,hard,G0084
data/processed/no_cyclone/NONCYCLONE_02381.png,0,,NI,north_indian_ocean,bay_of_bengal,2001-09-25T06:00:00Z,IMG2075,no_cyclone,,hard,G0084
data/processed/no_cyclone/NONCYCLONE_01799.png,0,,NI,north_indian_ocean,arabian_sea,2001-09-26T00:00:00Z,IMG2076,no_cyclone,,moderate,G0084
data/processed/no_cyclone/NONCYCLONE_02114.png,0,,NI,north_indian_ocean,bay_of_bengal,2001-09-26T06:00:00Z,IMG2077,no_cyclone,,moderate,G0084
data/processed/no_cyclone/NONCYCLONE_02491.png,0,,NI,north_indian_ocean,bay_of_bengal,2001-09-26T12:00:00Z,IMG2078,no_cyclone,,hard,G0084
data/processed/no_cyclone/NONCYCLONE_03051.png,0,,NI,north_indian_ocean,arabian_sea,2001-09-27T00:00:00Z,IMG2079,no_cyclone,,easy,G0084
data/processed/no_cyclone/NONCYCLONE_03226.png,0,,NI,north_indian_ocean,bay_of_bengal,2001-09-27T06:00:00Z,IMG2080,no_cyclone,,hard,G0084
data/processed/no_cyclone/NONCYCLONE_03544.png,0,,NI,north_indian_ocean,bay_of_bengal,2001-09-27T12:00:00Z,IMG2081,no_cyclone,,hard,G0084
data/processed/no_cyclone/NONCYCLONE_00104.png,0,,NI,north_indian_ocean,bay_of_bengal,2001-09-27T18:00:00Z,IMG2082,no_cyclone,,easy,G0084
data/processed/no_cyclone/NONCYCLONE_01044.png,0,,NI,north_indian_ocean,arabian_sea,2001-09-28T00:00:00Z,IMG2083,no_cyclone,,easy,G1103
data/processed/no_cyclone/NONCYCLONE_00259.png,0,,NI,north_indian_ocean,bay_of_bengal,2001-09-28T06:00:00Z,IMG2084,no_cyclone,,moderate,G0084
data/processed/no_cyclone/NONCYCLONE_02954.png,0,,NI,north_indian_ocean,bay_of_bengal,2001-10-08T12:00:00Z,IMG2085,no_cyclone,,moderate,G0087
data/processed/no_cyclone/NONCYCLONE_00246.png,0,,NI,north_indian_ocean,bay_of_bengal,2001-10-09T00:00:00Z,IMG2086,no_cyclone,,moderate,G0087
data/processed/no_cyclone/NONCYCLONE_04195.png,0,,NI,north_indian_ocean,bay_of_bengal,2001-10-09T12:00:00Z,IMG2087,no_cyclone,,hard,G0087
data/processed/no_cyclone/NONCYCLONE_04288.png,0,,NI,north_indian_ocean,arabian_sea,2001-10-11T06:00:00Z,IMG2088,no_cyclone,,easy,G0087
data/processed/no_cyclone/NONCYCLONE_00738.png,0,,NI,north_indian_ocean,bay_of_bengal,2001-10-11T12:00:00Z,IMG2089,no_cyclone,,hard,G1104
data/processed/no_cyclone/NONCYCLONE_00073.png,0,,NI,north_indian_ocean,arabian_sea,2001-10-12T12:00:00Z,IMG2090,no_cyclone,,moderate,G0087
data/processed/no_cyclone/NONCYCLONE_04083.png,0,,NI,north_indian_ocean,bay_of_bengal,2001-10-12T18:00:00Z,IMG2091,no_cyclone,,easy,G1105
data/processed/no_cyclone/NONCYCLONE_03311.png,0,,NI,north_indian_ocean,bay_of_bengal,2001-10-13T00:00:00Z,IMG2092,no_cyclone,,easy,G1105
data/processed/no_cyclone/NONCYCLONE_03968.png,0,,NI,north_indian_ocean,bay_of_bengal,2001-10-14T12:00:00Z,IMG2093,no_cyclone,,moderate,G1106
data/processed/no_cyclone/NONCYCLONE_03178.png,0,,NI,north_indian_ocean,bay_of_bengal,2001-10-14T18:00:00Z,IMG2094,no_cyclone,,moderate,G1106
data/processed/no_cyclone/NONCYCLONE_03837.png,0,,NI,north_indian_ocean,bay_of_bengal,2001-10-15T00:00:00Z,IMG2095,no_cyclone,,easy,G1106
data/processed/no_cyclone/NONCYCLONE_00427.png,0,,NI,north_indian_ocean,arabian_sea,2001-11-09T06:00:00Z,IMG2099,no_cyclone,,easy,G1107
data/processed/no_cyclone/NONCYCLONE_00727.png,0,,NI,north_indian_ocean,bay_of_bengal,2001-11-10T06:00:00Z,IMG2101,no_cyclone,,moderate,G0092
data/processed/no_cyclone/NONCYCLONE_01129.png,0,,NI,north_indian_ocean,bay_of_bengal,2001-11-10T12:00:00Z,IMG2102,no_cyclone,,moderate,G0092
data/processed/no_cyclone/NONCYCLONE_02808.png,0,,NI,north_indian_ocean,bay_of_bengal,2001-11-11T06:00:00Z,IMG2104,no_cyclone,,easy,G0092
data/processed/no_cyclone/NONCYCLONE_01654.png,0,,NI,north_indian_ocean,bay_of_bengal,2001-11-11T12:00:00Z,IMG2105,no_cyclone,,hard,G0092
data/processed/no_cyclone/NONCYCLONE_04065.png,0,,NI,north_indian_ocean,arabian_sea,2001-11-12T00:00:00Z,IMG2106,no_cyclone,,hard,G0092
data/processed/no_cyclone/NONCYCLONE_03851.png,0,,NI,north_indian_ocean,bay_of_bengal,2001-12-26T18:00:00Z,IMG2107,no_cyclone,,easy,G0097
data/processed/no_cyclone/NONCYCLONE_03572.png,0,,NI,north_indian_ocean,bay_of_bengal,2001-12-27T06:00:00Z,IMG2108,no_cyclone,,easy,G0097
data/processed/no_cyclone/NONCYCLONE_03090.png,0,,NI,north_indian_ocean,bay_of_bengal,2001-12-27T18:00:00Z,IMG2109,no_cyclone,,easy,G0097
data/processed/no_cyclone/NONCYCLONE_03642.png,0,,NI,north_indian_ocean,bay_of_bengal,2001-12-28T00:00:00Z,IMG2110,no_cyclone,,easy,G0097
data/processed/no_cyclone/NONCYCLONE_03106.png,0,,NI,north_indian_ocean,arabian_sea,2001-12-29T18:00:00Z,IMG2111,no_cyclone,,easy,G1110
data/processed/no_cyclone/NONCYCLONE_00916.png,0,,NI,north_indian_ocean,arabian_sea,2001-12-30T18:00:00Z,IMG2112,no_cyclone,,easy,G1111
data/processed/no_cyclone/NONCYCLONE_01794.png,0,,NI,north_indian_ocean,arabian_sea,2001-12-31T00:00:00Z,IMG2113,no_cyclone,,easy,G1111
data/processed/no_cyclone/NONCYCLONE_01127.png,0,,NI,north_indian_ocean,arabian_sea,2001-12-31T06:00:00Z,IMG2114,no_cyclone,,moderate,G1111
data/processed/no_cyclone/NONCYCLONE_03438.png,0,,NI,north_indian_ocean,bay_of_bengal,2001-12-31T12:00:00Z,IMG2115,no_cyclone,,easy,G0097
data/processed/no_cyclone/NONCYCLONE_01135.png,0,,NI,north_indian_ocean,bay_of_bengal,2002-05-06T18:00:00Z,IMG2117,no_cyclone,,hard,G0110
data/processed/no_cyclone/NONCYCLONE_03681.png,0,,NI,north_indian_ocean,arabian_sea,2002-05-07T06:00:00Z,IMG2118,no_cyclone,,moderate,G0110
data/processed/no_cyclone/NONCYCLONE_03864.png,0,,NI,north_indian_ocean,bay_of_bengal,2002-05-08T00:00:00Z,IMG2119,no_cyclone,,hard,G1113
data/processed/no_cyclone/NONCYCLONE_00820.png,0,,NI,north_indian_ocean,bay_of_bengal,2002-05-08T06:00:00Z,IMG2120,no_cyclone,,easy,G1113
data/processed/no_cyclone/NONCYCLONE_02467.png,0,,NI,north_indian_ocean,bay_of_bengal,2002-05-08T12:00:00Z,IMG2121,no_cyclone,,hard,G1113
data/processed/no_cyclone/NONCYCLONE_03158.png,0,,NI,north_indian_ocean,arabian_sea,2002-05-08T18:00:00Z,IMG2122,no_cyclone,,easy,G1114
data/processed/no_cyclone/NONCYCLONE_01620.png,0,,NI,north_indian_ocean,arabian_sea,2002-05-10T00:00:00Z,IMG2125,no_cyclone,,easy,G0110
data/processed/no_cyclone/NONCYCLONE_00816.png,0,,NI,north_indian_ocean,arabian_sea,2002-05-10T06:00:00Z,IMG2126,no_cyclone,,easy,G0110
data/processed/no_cyclone/NONCYCLONE_00971.png,0,,NI,north_indian_ocean,bay_of_bengal,2002-05-10T18:00:00Z,IMG2127,no_cyclone,,moderate,G0110
data/processed/no_cyclone/NONCYCLONE_02042.png,0,,NI,north_indian_ocean,bay_of_bengal,2002-05-11T18:00:00Z,IMG2128,no_cyclone,,easy,G0110
data/processed/no_cyclone/NONCYCLONE_04037.png,0,,NI,north_indian_ocean,arabian_sea,2002-05-12T00:00:00Z,IMG2129,no_cyclone,,easy,G0110
data/processed/no_cyclone/NONCYCLONE_02073.png,0,,NI,north_indian_ocean,bay_of_bengal,2002-05-12T12:00:00Z,IMG2130,no_cyclone,,moderate,G0110
data/processed/no_cyclone/NONCYCLONE_00120.png,0,,NI,north_indian_ocean,bay_of_bengal,2002-10-22T09:00:00Z,IMG2131,no_cyclone,,moderate,G0132
data/processed/no_cyclone/NONCYCLONE_03271.png,0,,NI,north_indian_ocean,arabian_sea,2002-10-23T03:00:00Z,IMG2132,no_cyclone,,easy,G1116
data/processed/no_cyclone/NONCYCLONE_00810.png,0,,NI,north_indian_ocean,bay_of_bengal,2002-10-23T18:00:00Z,IMG2133,no_cyclone,,easy,G0132
data/processed/no_cyclone/NONCYCLONE_00496.png,0,,NI,north_indian_ocean,bay_of_bengal,2002-11-10T18:00:00Z,IMG2136,no_cyclone,,moderate,G1119
data/processed/no_cyclone/NONCYCLONE_04278.png,0,,NI,north_indian_ocean,arabian_sea,2002-11-11T00:00:00Z,IMG2137,no_cyclone,,hard,G1120
data/processed/no_cyclone/NONCYCLONE_02022.png,0,,NI,north_indian_ocean,bay_of_bengal,2002-11-11T06:00:00Z,IMG2138,no_cyclone,,moderate,G1119
data/processed/no_cyclone/NONCYCLONE_00237.png,0,,NI,north_indian_ocean,bay_of_bengal,2002-11-12T12:00:00Z,IMG2142,no_cyclone,,hard,G1122
data/processed/no_cyclone/NONCYCLONE_04255.png,0,,NI,north_indian_ocean,bay_of_bengal,2002-11-12T15:00:00Z,IMG2143,no_cyclone,,hard,G1122
data/processed/no_cyclone/NONCYCLONE_03749.png,0,,NI,north_indian_ocean,bay_of_bengal,2002-11-22T18:00:00Z,IMG2144,no_cyclone,,easy,G0138
data/processed/no_cyclone/NONCYCLONE_03806.png,0,,NI,north_indian_ocean,arabian_sea,2002-11-23T06:00:00Z,IMG2145,no_cyclone,,moderate,G1123
data/processed/no_cyclone/NONCYCLONE_02459.png,0,,NI,north_indian_ocean,arabian_sea,2002-11-24T00:00:00Z,IMG2146,no_cyclone,,easy,G1124
data/processed/no_cyclone/NONCYCLONE_04546.png,0,,NI,north_indian_ocean,arabian_sea,2002-11-24T06:00:00Z,IMG2147,no_cyclone,,moderate,G1124
data/processed/no_cyclone/NONCYCLONE_02753.png,0,,NI,north_indian_ocean,bay_of_bengal,2002-11-24T12:00:00Z,IMG2148,no_cyclone,,moderate,G1124
data/processed/no_cyclone/NONCYCLONE_01010.png,0,,NI,north_indian_ocean,bay_of_bengal,2002-11-24T18:00:00Z,IMG2149,no_cyclone,,moderate,G0138
data/processed/no_cyclone/NONCYCLONE_01148.png,0,,NI,north_indian_ocean,arabian_sea,2002-11-26T06:00:00Z,IMG2151,no_cyclone,,easy,G1126
data/processed/no_cyclone/NONCYCLONE_03652.png,0,,NI,north_indian_ocean,bay_of_bengal,2002-11-26T18:00:00Z,IMG2152,no_cyclone,,easy,G1126
data/processed/no_cyclone/NONCYCLONE_04300.png,0,,NI,north_indian_ocean,bay_of_bengal,2002-11-27T12:00:00Z,IMG2154,no_cyclone,,easy,G0138
data/processed/no_cyclone/NONCYCLONE_01389.png,0,,NI,north_indian_ocean,arabian_sea,2002-12-21T09:00:00Z,IMG2155,no_cyclone,,easy,G1128
data/processed/no_cyclone/NONCYCLONE_04357.png,0,,NI,north_indian_ocean,arabian_sea,2002-12-22T15:00:00Z,IMG2158,no_cyclone,,moderate,G1129
data/processed/no_cyclone/NONCYCLONE_03819.png,0,,NI,north_indian_ocean,bay_of_bengal,2002-12-22T21:00:00Z,IMG2159,no_cyclone,,easy,G1130
data/processed/no_cyclone/NONCYCLONE_02005.png,0,,NI,north_indian_ocean,bay_of_bengal,2002-12-24T03:00:00Z,IMG2160,no_cyclone,,easy,G1131
data/processed/no_cyclone/NONCYCLONE_00960.png,0,,NI,north_indian_ocean,bay_of_bengal,2003-05-08T18:00:00Z,IMG2163,no_cyclone,,moderate,G0159
data/processed/no_cyclone/NONCYCLONE_02987.png,0,,NI,north_indian_ocean,bay_of_bengal,2003-05-09T00:00:00Z,IMG2164,no_cyclone,,easy,G0159
data/processed/no_cyclone/NONCYCLONE_01931.png,0,,NI,north_indian_ocean,bay_of_bengal,2003-05-09T12:00:00Z,IMG2165,no_cyclone,,moderate,G0159
data/processed/no_cyclone/NONCYCLONE_01918.png,0,,NI,north_indian_ocean,arabian_sea,2003-05-11T00:00:00Z,IMG2166,no_cyclone,,easy,G1133
data/processed/no_cyclone/NONCYCLONE_04244.png,0,,NI,north_indian_ocean,bay_of_bengal,2003-05-11T18:00:00Z,IMG2168,no_cyclone,,moderate,G1135
data/processed/no_cyclone/NONCYCLONE_03992.png,0,,NI,north_indian_ocean,bay_of_bengal,2003-05-13T18:00:00Z,IMG2169,no_cyclone,,hard,G1136
data/processed/no_cyclone/NONCYCLONE_03877.png,0,,NI,north_indian_ocean,bay_of_bengal,2003-05-14T00:00:00Z,IMG2170,no_cyclone,,hard,G1136
data/processed/no_cyclone/NONCYCLONE_03635.png,0,,NI,north_indian_ocean,bay_of_bengal,2003-05-15T00:00:00Z,IMG2171,no_cyclone,,moderate,G1137
data/processed/no_cyclone/NONCYCLONE_03730.png,0,,NI,north_indian_ocean,arabian_sea,2003-05-16T06:00:00Z,IMG2172,no_cyclone,,moderate,G1138
data/processed/no_cyclone/NONCYCLONE_02599.png,0,,NI,north_indian_ocean,arabian_sea,2003-05-16T18:00:00Z,IMG2173,no_cyclone,,easy,G1139
data/processed/no_cyclone/NONCYCLONE_04002.png,0,,NI,north_indian_ocean,arabian_sea,2003-05-17T06:00:00Z,IMG2174,no_cyclone,,easy,G0159
data/processed/no_cyclone/NONCYCLONE_04206.png,0,,NI,north_indian_ocean,bay_of_bengal,2003-05-17T18:00:00Z,IMG2175,no_cyclone,,moderate,G0159
data/processed/no_cyclone/NONCYCLONE_02629.png,0,,NI,north_indian_ocean,bay_of_bengal,2003-05-18T12:00:00Z,IMG2176,no_cyclone,,easy,G0159
data/processed/no_cyclone/NONCYCLONE_03644.png,0,,NI,north_indian_ocean,bay_of_bengal,2003-05-19T12:00:00Z,IMG2177,no_cyclone,,moderate,G1140
data/processed/no_cyclone/NONCYCLONE_02802.png,0,,NI,north_indian_ocean,arabian_sea,2003-05-19T21:00:00Z,IMG2178,no_cyclone,,easy,G1141
data/processed/no_cyclone/NONCYCLONE_04158.png,0,,NI,north_indian_ocean,arabian_sea,2003-07-25T09:00:00Z,IMG2179,no_cyclone,,moderate,G1142
data/processed/no_cyclone/NONCYCLONE_00043.png,0,,NI,north_indian_ocean,arabian_sea,2003-07-25T15:00:00Z,IMG2180,no_cyclone,,moderate,G1142
data/processed/no_cyclone/NONCYCLONE_02641.png,0,,NI,north_indian_ocean,arabian_sea,2003-07-26T09:00:00Z,IMG2181,no_cyclone,,moderate,G1143
data/processed/no_cyclone/NONCYCLONE_00848.png,0,,NI,north_indian_ocean,arabian_sea,2003-07-27T03:00:00Z,IMG2183,no_cyclone,,moderate,G0168
data/processed/no_cyclone/NONCYCLONE_02852.png,0,,NI,north_indian_ocean,bay_of_bengal,2003-07-27T09:00:00Z,IMG2184,no_cyclone,,hard,G1145
data/processed/no_cyclone/NONCYCLONE_01244.png,0,,NI,north_indian_ocean,arabian_sea,2003-07-27T21:00:00Z,IMG2185,no_cyclone,,moderate,G0168
data/processed/no_cyclone/NONCYCLONE_01384.png,0,,NI,north_indian_ocean,bay_of_bengal,2003-08-28T12:00:00Z,IMG2187,no_cyclone,,moderate,G1147
data/processed/no_cyclone/NONCYCLONE_00959.png,0,,NI,north_indian_ocean,arabian_sea,2003-10-06T09:00:00Z,IMG2188,no_cyclone,,hard,G1148
data/processed/no_cyclone/NONCYCLONE_01739.png,0,,NI,north_indian_ocean,arabian_sea,2003-10-06T15:00:00Z,IMG2189,no_cyclone,,hard,G1148
data/processed/no_cyclone/NONCYCLONE_02564.png,0,,NI,north_indian_ocean,arabian_sea,2003-10-07T03:00:00Z,IMG2190,no_cyclone,,easy,G1148
data/processed/no_cyclone/NONCYCLONE_00920.png,0,,NI,north_indian_ocean,arabian_sea,2003-10-07T15:00:00Z,IMG2191,no_cyclone,,easy,G1148
data/processed/no_cyclone/NONCYCLONE_03265.png,0,,NI,north_indian_ocean,arabian_sea,2003-10-07T21:00:00Z,IMG2192,no_cyclone,,easy,G1148
data/processed/no_cyclone/NONCYCLONE_00394.png,0,,NI,north_indian_ocean,bay_of_bengal,2003-10-09T09:00:00Z,IMG2193,no_cyclone,,moderate,G1149
data/processed/no_cyclone/NONCYCLONE_04321.png,0,,NI,north_indian_ocean,arabian_sea,2003-10-26T12:00:00Z,IMG2200,no_cyclone,,easy,G1151
data/processed/no_cyclone/NONCYCLONE_03309.png,0,,NI,north_indian_ocean,arabian_sea,2003-10-28T06:00:00Z,IMG2203,no_cyclone,,moderate,G1153
data/processed/no_cyclone/NONCYCLONE_04341.png,0,,NI,north_indian_ocean,arabian_sea,2003-10-28T12:00:00Z,IMG2204,no_cyclone,,easy,G1154
data/processed/no_cyclone/NONCYCLONE_00519.png,0,,NI,north_indian_ocean,arabian_sea,2003-11-11T12:00:00Z,IMG2208,no_cyclone,,moderate,G0180
data/processed/no_cyclone/NONCYCLONE_00702.png,0,,NI,north_indian_ocean,arabian_sea,2003-11-12T00:00:00Z,IMG2209,no_cyclone,,easy,G0180
data/processed/no_cyclone/NONCYCLONE_01158.png,0,,NI,north_indian_ocean,arabian_sea,2003-11-12T06:00:00Z,IMG2210,no_cyclone,,easy,G0180
data/processed/no_cyclone/NONCYCLONE_00454.png,0,,NI,north_indian_ocean,bay_of_bengal,2003-11-13T06:00:00Z,IMG2211,no_cyclone,,hard,G1156
data/processed/no_cyclone/NONCYCLONE_02911.png,0,,NI,north_indian_ocean,arabian_sea,2003-11-13T18:00:00Z,IMG2212,no_cyclone,,moderate,G0180
data/processed/no_cyclone/NONCYCLONE_01021.png,0,,NI,north_indian_ocean,arabian_sea,2003-11-14T06:00:00Z,IMG2213,no_cyclone,,moderate,G0180
data/processed/no_cyclone/NONCYCLONE_01155.png,0,,NI,north_indian_ocean,arabian_sea,2003-11-14T12:00:00Z,IMG2214,no_cyclone,,moderate,G0180
data/processed/no_cyclone/NONCYCLONE_03375.png,0,,NI,north_indian_ocean,bay_of_bengal,2003-11-17T06:00:00Z,IMG2220,no_cyclone,,hard,G1159
data/processed/no_cyclone/NONCYCLONE_02421.png,0,,NI,north_indian_ocean,bay_of_bengal,2003-11-18T00:00:00Z,IMG2221,no_cyclone,,hard,G1160
data/processed/no_cyclone/NONCYCLONE_04198.png,0,,NI,north_indian_ocean,bay_of_bengal,2003-11-18T06:00:00Z,IMG2222,no_cyclone,,easy,G1160
data/processed/no_cyclone/NONCYCLONE_00940.png,0,,NI,north_indian_ocean,bay_of_bengal,2003-12-11T18:00:00Z,IMG2223,no_cyclone,,moderate,G1161
data/processed/no_cyclone/NONCYCLONE_01013.png,0,,NI,north_indian_ocean,arabian_sea,2003-12-12T06:00:00Z,IMG2224,no_cyclone,,hard,G1162
data/processed/no_cyclone/NONCYCLONE_03567.png,0,,NI,north_indian_ocean,arabian_sea,2003-12-12T12:00:00Z,IMG2225,no_cyclone,,moderate,G1162
data/processed/no_cyclone/NONCYCLONE_02075.png,0,,NI,north_indian_ocean,bay_of_bengal,2003-12-13T06:00:00Z,IMG2226,no_cyclone,,moderate,G1163
data/processed/no_cyclone/NONCYCLONE_02897.png,0,,NI,north_indian_ocean,arabian_sea,2003-12-13T18:00:00Z,IMG2227,no_cyclone,,easy,G1164
data/processed/no_cyclone/NONCYCLONE_04424.png,0,,NI,north_indian_ocean,bay_of_bengal,2003-12-15T00:00:00Z,IMG2229,no_cyclone,,moderate,G0182
data/processed/no_cyclone/NONCYCLONE_00305.png,0,,NI,north_indian_ocean,bay_of_bengal,2003-12-16T06:00:00Z,IMG2230,no_cyclone,,easy,G1166
data/processed/no_cyclone/NONCYCLONE_01175.png,0,,NI,north_indian_ocean,bay_of_bengal,2003-12-16T12:00:00Z,IMG2231,no_cyclone,,moderate,G1167
data/processed/no_cyclone/NONCYCLONE_04297.png,0,,NI,north_indian_ocean,bay_of_bengal,2004-05-04T12:00:00Z,IMG2232,no_cyclone,,hard,G1168
data/processed/no_cyclone/NONCYCLONE_03395.png,0,,NI,north_indian_ocean,bay_of_bengal,2004-05-05T00:00:00Z,IMG2234,no_cyclone,,hard,G1168
data/processed/no_cyclone/NONCYCLONE_00787.png,0,,NI,north_indian_ocean,arabian_sea,2004-05-15T12:00:00Z,IMG2246,no_cyclone,,moderate,G1170
data/processed/no_cyclone/NONCYCLONE_03237.png,0,,NI,north_indian_ocean,bay_of_bengal,2004-05-16T00:00:00Z,IMG2247,no_cyclone,,hard,G0201
data/processed/no_cyclone/NONCYCLONE_00671.png,0,,NI,north_indian_ocean,bay_of_bengal,2004-05-16T18:00:00Z,IMG2249,no_cyclone,,moderate,G0201
data/processed/no_cyclone/NONCYCLONE_03886.png,0,,NI,north_indian_ocean,bay_of_bengal,2004-05-17T18:00:00Z,IMG2250,no_cyclone,,moderate,G0201
data/processed/no_cyclone/NONCYCLONE_01661.png,0,,NI,north_indian_ocean,arabian_sea,2004-05-18T00:00:00Z,IMG2251,no_cyclone,,moderate,G0201
data/processed/no_cyclone/NONCYCLONE_02251.png,0,,NI,north_indian_ocean,bay_of_bengal,2004-05-18T18:00:00Z,IMG2252,no_cyclone,,moderate,G1172
data/processed/no_cyclone/NONCYCLONE_02682.png,0,,NI,north_indian_ocean,bay_of_bengal,2004-06-10T03:00:00Z,IMG2254,no_cyclone,,hard,G1174
data/processed/no_cyclone/NONCYCLONE_03722.png,0,,NI,north_indian_ocean,arabian_sea,2004-06-10T09:00:00Z,IMG2255,no_cyclone,,moderate,G0202
data/processed/no_cyclone/NONCYCLONE_01247.png,0,,NI,north_indian_ocean,arabian_sea,2004-06-10T15:00:00Z,IMG2256,no_cyclone,,easy,G0202
data/processed/no_cyclone/NONCYCLONE_01749.png,0,,NI,north_indian_ocean,bay_of_bengal,2004-06-10T21:00:00Z,IMG2257,no_cyclone,,moderate,G1175
data/processed/no_cyclone/NONCYCLONE_02744.png,0,,NI,north_indian_ocean,arabian_sea,2004-06-11T03:00:00Z,IMG2258,no_cyclone,,moderate,G0202
data/processed/no_cyclone/NONCYCLONE_01281.png,0,,NI,north_indian_ocean,arabian_sea,2004-06-11T09:00:00Z,IMG2259,no_cyclone,,moderate,G0202
data/processed/no_cyclone/NONCYCLONE_04589.png,0,,NI,north_indian_ocean,arabian_sea,2004-06-11T15:00:00Z,IMG2260,no_cyclone,,easy,G0202
data/processed/no_cyclone/NONCYCLONE_02479.png,0,,NI,north_indian_ocean,bay_of_bengal,2004-06-13T15:00:00Z,IMG2262,no_cyclone,,moderate,G0204
data/processed/no_cyclone/NONCYCLONE_01353.png,0,,NI,north_indian_ocean,arabian_sea,2004-09-12T03:00:00Z,IMG2264,no_cyclone,,easy,G1177
data/processed/no_cyclone/NONCYCLONE_00993.png,0,,NI,north_indian_ocean,bay_of_bengal,2004-09-15T09:00:00Z,IMG2271,no_cyclone,,hard,G1179
data/processed/no_cyclone/NONCYCLONE_03926.png,0,,NI,north_indian_ocean,bay_of_bengal,2004-09-30T06:00:00Z,IMG2272,no_cyclone,,hard,G1180
data/processed/no_cyclone/NONCYCLONE_01763.png,0,,NI,north_indian_ocean,bay_of_bengal,2004-10-01T06:00:00Z,IMG2274,no_cyclone,,moderate,G1182
data/processed/no_cyclone/NONCYCLONE_02307.png,0,,NI,north_indian_ocean,bay_of_bengal,2004-10-01T12:00:00Z,IMG2275,no_cyclone,,moderate,G0218
data/processed/no_cyclone/NONCYCLONE_04113.png,0,,NI,north_indian_ocean,bay_of_bengal,2004-10-02T00:00:00Z,IMG2276,no_cyclone,,moderate,G0218
data/processed/no_cyclone/NONCYCLONE_00229.png,0,,NI,north_indian_ocean,bay_of_bengal,2004-10-02T06:00:00Z,IMG2277,no_cyclone,,hard,G0218
data/processed/no_cyclone/NONCYCLONE_03423.png,0,,NI,north_indian_ocean,arabian_sea,2004-10-04T00:00:00Z,IMG2278,no_cyclone,,moderate,G0218
data/processed/no_cyclone/NONCYCLONE_01235.png,0,,NI,north_indian_ocean,arabian_sea,2004-10-04T06:00:00Z,IMG2279,no_cyclone,,moderate,G0218
data/processed/no_cyclone/NONCYCLONE_01507.png,0,,NI,north_indian_ocean,bay_of_bengal,2004-10-05T12:00:00Z,IMG2280,no_cyclone,,moderate,G1183
data/processed/no_cyclone/NONCYCLONE_03258.png,0,,NI,north_indian_ocean,bay_of_bengal,2004-10-05T18:00:00Z,IMG2281,no_cyclone,,hard,G1183
data/processed/no_cyclone/NONCYCLONE_01641.png,0,,NI,north_indian_ocean,bay_of_bengal,2004-10-09T00:00:00Z,IMG2287,no_cyclone,,moderate,G1185
data/processed/no_cyclone/NONCYCLONE_03578.png,0,,NI,north_indian_ocean,bay_of_bengal,2004-10-09T06:00:00Z,IMG2288,no_cyclone,,moderate,G1185
data/processed/no_cyclone/NONCYCLONE_03463.png,0,,NI,north_indian_ocean,arabian_sea,2004-11-01T12:00:00Z,IMG2289,no_cyclone,,hard,G1186
data/processed/no_cyclone/NONCYCLONE_02334.png,0,,NI,north_indian_ocean,arabian_sea,2004-11-02T06:00:00Z,IMG2290,no_cyclone,,easy,G1187
data/processed/no_cyclone/NONCYCLONE_00408.png,0,,NI,north_indian_ocean,bay_of_bengal,2004-11-03T06:00:00Z,IMG2291,no_cyclone,,hard,G1188
data/processed/no_cyclone/NONCYCLONE_04221.png,0,,NI,north_indian_ocean,arabian_sea,2004-11-03T12:00:00Z,IMG2292,no_cyclone,,easy,G1189
data/processed/no_cyclone/NONCYCLONE_04223.png,0,,NI,north_indian_ocean,bay_of_bengal,2004-11-05T00:00:00Z,IMG2293,no_cyclone,,moderate,G1190
data/processed/no_cyclone/NONCYCLONE_00967.png,0,,NI,north_indian_ocean,bay_of_bengal,2004-11-05T06:00:00Z,IMG2294,no_cyclone,,easy,G1190
data/processed/no_cyclone/NONCYCLONE_03751.png,0,,NI,north_indian_ocean,bay_of_bengal,2004-11-05T18:00:00Z,IMG2295,no_cyclone,,easy,G1190
data/processed/no_cyclone/NONCYCLONE_03638.png,0,,NI,north_indian_ocean,bay_of_bengal,2004-11-07T18:00:00Z,IMG2296,no_cyclone,,hard,G0223
data/processed/no_cyclone/NONCYCLONE_00469.png,0,,NI,north_indian_ocean,arabian_sea,2004-11-08T06:00:00Z,IMG2297,no_cyclone,,moderate,G0223
data/processed/no_cyclone/NONCYCLONE_02604.png,0,,NI,north_indian_ocean,arabian_sea,2004-11-16T00:00:00Z,IMG2299,no_cyclone,,hard,G1192
data/processed/no_cyclone/NONCYCLONE_00660.png,0,,NI,north_indian_ocean,arabian_sea,2004-11-18T18:00:00Z,IMG2303,no_cyclone,,hard,G1195
data/processed/no_cyclone/NONCYCLONE_01619.png,0,,NI,north_indian_ocean,arabian_sea,2004-11-19T00:00:00Z,IMG2304,no_cyclone,,moderate,G1196
data/processed/no_cyclone/NONCYCLONE_03587.png,0,,NI,north_indian_ocean,arabian_sea,2004-11-19T12:00:00Z,IMG2305,no_cyclone,,moderate,G1196
data/processed/no_cyclone/NONCYCLONE_03870.png,0,,NI,north_indian_ocean,arabian_sea,2004-11-19T18:00:00Z,IMG2306,no_cyclone,,moderate,G1196
data/processed/no_cyclone/NONCYCLONE_01464.png,0,,NI,north_indian_ocean,arabian_sea,2004-11-20T18:00:00Z,IMG2307,no_cyclone,,hard,G1197
data/processed/no_cyclone/NONCYCLONE_03062.png,0,,NI,north_indian_ocean,arabian_sea,2004-11-21T00:00:00Z,IMG2308,no_cyclone,,moderate,G1197
data/processed/no_cyclone/NONCYCLONE_00255.png,0,,NI,north_indian_ocean,bay_of_bengal,2004-11-21T18:00:00Z,IMG2309,no_cyclone,,easy,G1198
data/processed/no_cyclone/NONCYCLONE_03891.png,0,,NI,north_indian_ocean,arabian_sea,2004-11-23T12:00:00Z,IMG2310,no_cyclone,,moderate,G1199
data/processed/no_cyclone/NONCYCLONE_01201.png,0,,NI,north_indian_ocean,bay_of_bengal,2004-11-24T12:00:00Z,IMG2311,no_cyclone,,easy,G1200
data/processed/no_cyclone/NONCYCLONE_01219.png,0,,NI,north_indian_ocean,bay_of_bengal,2004-11-25T00:00:00Z,IMG2312,no_cyclone,,easy,G1200
data/processed/no_cyclone/NONCYCLONE_00949.png,0,,NI,north_indian_ocean,arabian_sea,2004-11-25T12:00:00Z,IMG2313,no_cyclone,,moderate,G1200
data/processed/no_cyclone/NONCYCLONE_01443.png,0,,NI,north_indian_ocean,arabian_sea,2004-11-25T18:00:00Z,IMG2314,no_cyclone,,moderate,G1200
data/processed/no_cyclone/NONCYCLONE_04201.png,0,,NI,north_indian_ocean,arabian_sea,2004-11-26T00:00:00Z,IMG2315,no_cyclone,,moderate,G1200
data/processed/no_cyclone/NONCYCLONE_01217.png,0,,NI,north_indian_ocean,bay_of_bengal,2004-11-27T00:00:00Z,IMG2316,no_cyclone,,easy,G1201
data/processed/no_cyclone/NONCYCLONE_03287.png,0,,NI,north_indian_ocean,bay_of_bengal,2004-11-27T06:00:00Z,IMG2317,no_cyclone,,easy,G1202
data/processed/no_cyclone/NONCYCLONE_02760.png,0,,NI,north_indian_ocean,arabian_sea,2004-11-27T12:00:00Z,IMG2318,no_cyclone,,hard,G0226
data/processed/no_cyclone/NONCYCLONE_00659.png,0,,NI,north_indian_ocean,bay_of_bengal,2004-11-28T06:00:00Z,IMG2319,no_cyclone,,easy,G1203
data/processed/no_cyclone/NONCYCLONE_04525.png,0,,NI,north_indian_ocean,arabian_sea,2004-11-28T12:00:00Z,IMG2320,no_cyclone,,moderate,G0226
data/processed/no_cyclone/NONCYCLONE_02418.png,0,,NI,north_indian_ocean,bay_of_bengal,2004-11-29T18:00:00Z,IMG2322,no_cyclone,,easy,G1205
data/processed/no_cyclone/NONCYCLONE_02719.png,0,,NI,north_indian_ocean,arabian_sea,2005-01-08T06:00:00Z,IMG2328,no_cyclone,,easy,G1210
data/processed/no_cyclone/NONCYCLONE_02706.png,0,,NI,north_indian_ocean,arabian_sea,2005-01-08T12:00:00Z,IMG2329,no_cyclone,,moderate,G1210
data/processed/no_cyclone/NONCYCLONE_04289.png,0,,NI,north_indian_ocean,bay_of_bengal,2005-01-11T18:00:00Z,IMG2330,no_cyclone,,easy,G1211
data/processed/no_cyclone/NONCYCLONE_02243.png,0,,NI,north_indian_ocean,arabian_sea,2005-01-12T12:00:00Z,IMG2331,no_cyclone,,moderate,G1212
data/processed/no_cyclone/NONCYCLONE_01975.png,0,,NI,north_indian_ocean,bay_of_bengal,2005-06-21T09:00:00Z,IMG2333,no_cyclone,,hard,G0249
data/processed/no_cyclone/NONCYCLONE_02423.png,0,,NI,north_indian_ocean,bay_of_bengal,2005-06-21T21:00:00Z,IMG2334,no_cyclone,,moderate,G0249
data/processed/no_cyclone/NONCYCLONE_02091.png,0,,NI,north_indian_ocean,arabian_sea,2005-06-22T09:00:00Z,IMG2335,no_cyclone,,moderate,G0249
data/processed/no_cyclone/NONCYCLONE_00340.png,0,,NI,north_indian_ocean,bay_of_bengal,2005-06-27T12:00:00Z,IMG2336,no_cyclone,,moderate,G0251
data/processed/no_cyclone/NONCYCLONE_02234.png,0,,NI,north_indian_ocean,bay_of_bengal,2005-06-28T06:00:00Z,IMG2337,no_cyclone,,moderate,G0251
data/processed/no_cyclone/NONCYCLONE_02947.png,0,,NI,north_indian_ocean,arabian_sea,2005-06-28T12:00:00Z,IMG2338,no_cyclone,,moderate,G1214
data/processed/no_cyclone/NONCYCLONE_00154.png,0,,NI,north_indian_ocean,bay_of_bengal,2005-06-28T18:00:00Z,IMG2339,no_cyclone,,moderate,G0251
data/processed/no_cyclone/NONCYCLONE_04182.png,0,,NI,north_indian_ocean,arabian_sea,2005-06-29T00:00:00Z,IMG2340,no_cyclone,,easy,G1214
data/processed/no_cyclone/NONCYCLONE_04329.png,0,,NI,north_indian_ocean,arabian_sea,2005-06-30T00:00:00Z,IMG2342,no_cyclone,,moderate,G1216
data/processed/no_cyclone/NONCYCLONE_02517.png,0,,NI,north_indian_ocean,arabian_sea,2005-06-30T06:00:00Z,IMG2343,no_cyclone,,moderate,G1216
data/processed/no_cyclone/NONCYCLONE_04435.png,0,,NI,north_indian_ocean,arabian_sea,2005-07-01T00:00:00Z,IMG2344,no_cyclone,,moderate,G1217
data/processed/no_cyclone/NONCYCLONE_03518.png,0,,NI,north_indian_ocean,arabian_sea,2005-07-03T00:00:00Z,IMG2345,no_cyclone,,moderate,G1218
data/processed/no_cyclone/NONCYCLONE_02233.png,0,,NI,north_indian_ocean,bay_of_bengal,2005-07-03T06:00:00Z,IMG2346,no_cyclone,,moderate,G1218
data/processed/no_cyclone/NONCYCLONE_02823.png,0,,NI,north_indian_ocean,arabian_sea,2005-07-03T12:00:00Z,IMG2347,no_cyclone,,moderate,G1218
data/processed/no_cyclone/NONCYCLONE_00896.png,0,,NI,north_indian_ocean,arabian_sea,2005-07-04T00:00:00Z,IMG2349,no_cyclone,,moderate,G1218
data/processed/no_cyclone/NONCYCLONE_04089.png,0,,NI,north_indian_ocean,bay_of_bengal,2005-07-05T06:00:00Z,IMG2351,no_cyclone,,hard,G0251
data/processed/no_cyclone/NONCYCLONE_03935.png,0,,NI,north_indian_ocean,arabian_sea,2005-07-05T12:00:00Z,IMG2352,no_cyclone,,moderate,G0251
data/processed/no_cyclone/NONCYCLONE_02669.png,0,,NI,north_indian_ocean,arabian_sea,2005-07-29T21:00:00Z,IMG2353,no_cyclone,,moderate,G1220
data/processed/no_cyclone/NONCYCLONE_01711.png,0,,NI,north_indian_ocean,arabian_sea,2005-07-31T09:00:00Z,IMG2354,no_cyclone,,moderate,G1221
data/processed/no_cyclone/NONCYCLONE_03900.png,0,,NI,north_indian_ocean,bay_of_bengal,2005-09-12T21:00:00Z,IMG2355,no_cyclone,,moderate,G1222
data/processed/no_cyclone/NONCYCLONE_02347.png,0,,NI,north_indian_ocean,bay_of_bengal,2005-09-14T15:00:00Z,IMG2356,no_cyclone,,hard,G0258
data/processed/no_cyclone/NONCYCLONE_02969.png,0,,NI,north_indian_ocean,bay_of_bengal,2005-09-14T18:00:00Z,IMG2357,no_cyclone,,hard,G0258
data/processed/no_cyclone/NONCYCLONE_03210.png,0,,NI,north_indian_ocean,bay_of_bengal,2005-09-15T03:00:00Z,IMG2358,no_cyclone,,hard,G0258
data/processed/no_cyclone/NONCYCLONE_03972.png,0,,NI,north_indian_ocean,bay_of_bengal,2005-09-15T06:00:00Z,IMG2359,no_cyclone,,easy,G0258
data/processed/no_cyclone/NONCYCLONE_01933.png,0,,NI,north_indian_ocean,bay_of_bengal,2005-09-15T15:00:00Z,IMG2360,no_cyclone,,hard,G0258
data/processed/no_cyclone/NONCYCLONE_00768.png,0,,NI,north_indian_ocean,bay_of_bengal,2005-09-16T03:00:00Z,IMG2361,no_cyclone,,hard,G0258
data/processed/no_cyclone/NONCYCLONE_00012.png,0,,NI,north_indian_ocean,bay_of_bengal,2005-09-16T09:00:00Z,IMG2362,no_cyclone,,hard,G0258
data/processed/no_cyclone/NONCYCLONE_04437.png,0,,NI,north_indian_ocean,bay_of_bengal,2005-09-16T18:00:00Z,IMG2363,no_cyclone,,moderate,G0258
data/processed/no_cyclone/NONCYCLONE_01762.png,0,,NI,north_indian_ocean,arabian_sea,2005-09-17T18:00:00Z,IMG2364,no_cyclone,,moderate,G1223
data/processed/no_cyclone/NONCYCLONE_00281.png,0,,NI,north_indian_ocean,bay_of_bengal,2005-09-18T00:00:00Z,IMG2365,no_cyclone,,hard,G0260
data/processed/no_cyclone/NONCYCLONE_00984.png,0,,NI,north_indian_ocean,bay_of_bengal,2005-09-18T09:00:00Z,IMG2366,no_cyclone,,moderate,G0260
data/processed/no_cyclone/NONCYCLONE_02763.png,0,,NI,north_indian_ocean,arabian_sea,2005-09-18T18:00:00Z,IMG2367,no_cyclone,,easy,G1224
data/processed/no_cyclone/NONCYCLONE_04231.png,0,,NI,north_indian_ocean,arabian_sea,2005-09-19T09:00:00Z,IMG2368,no_cyclone,,easy,G1225
data/processed/no_cyclone/NONCYCLONE_00553.png,0,,NI,north_indian_ocean,arabian_sea,2005-09-19T15:00:00Z,IMG2369,no_cyclone,,easy,G1225
data/processed/no_cyclone/NONCYCLONE_00155.png,0,,NI,north_indian_ocean,arabian_sea,2005-09-19T18:00:00Z,IMG2370,no_cyclone,,easy,G1225
data/processed/no_cyclone/NONCYCLONE_03532.png,0,,NI,north_indian_ocean,bay_of_bengal,2005-09-21T18:00:00Z,IMG2373,no_cyclone,,easy,G1226
data/processed/no_cyclone/NONCYCLONE_03510.png,0,,NI,north_indian_ocean,arabian_sea,2005-09-22T06:00:00Z,IMG2374,no_cyclone,,moderate,G1227
data/processed/no_cyclone/NONCYCLONE_02697.png,0,,NI,north_indian_ocean,arabian_sea,2005-09-23T12:00:00Z,IMG2375,no_cyclone,,hard,G1228
data/processed/no_cyclone/NONCYCLONE_01001.png,0,,NI,north_indian_ocean,arabian_sea,2005-09-23T18:00:00Z,IMG2376,no_cyclone,,easy,G1229
data/processed/no_cyclone/NONCYCLONE_01084.png,0,,NI,north_indian_ocean,bay_of_bengal,2005-09-24T06:00:00Z,IMG2377,no_cyclone,,easy,G1230
data/processed/no_cyclone/NONCYCLONE_03603.png,0,,NI,north_indian_ocean,arabian_sea,2005-10-02T12:00:00Z,IMG2379,no_cyclone,,easy,G1232
data/processed/no_cyclone/NONCYCLONE_04442.png,0,,NI,north_indian_ocean,bay_of_bengal,2005-10-26T18:00:00Z,IMG2381,no_cyclone,,moderate,G1234
data/processed/no_cyclone/NONCYCLONE_03790.png,0,,NI,north_indian_ocean,bay_of_bengal,2005-10-27T18:00:00Z,IMG2382,no_cyclone,,hard,G0269
data/processed/no_cyclone/NONCYCLONE_00164.png,0,,NI,north_indian_ocean,bay_of_bengal,2005-10-28T06:00:00Z,IMG2383,no_cyclone,,moderate,G0269
data/processed/no_cyclone/NONCYCLONE_03632.png,0,,NI,north_indian_ocean,bay_of_bengal,2005-11-20T09:00:00Z,IMG2384,no_cyclone,,easy,G1235
data/processed/no_cyclone/NONCYCLONE_03073.png,0,,NI,north_indian_ocean,arabian_sea,2005-11-26T12:00:00Z,IMG2385,no_cyclone,,moderate,G1236
data/processed/no_cyclone/NONCYCLONE_03750.png,0,,NI,north_indian_ocean,bay_of_bengal,2005-11-26T18:00:00Z,IMG2386,no_cyclone,,easy,G1237
data/processed/no_cyclone/NONCYCLONE_01733.png,0,,NI,north_indian_ocean,arabian_sea,2005-11-27T06:00:00Z,IMG2387,no_cyclone,,moderate,G1238
data/processed/no_cyclone/NONCYCLONE_02740.png,0,,NI,north_indian_ocean,arabian_sea,2005-11-28T06:00:00Z,IMG2388,no_cyclone,,easy,G1239
data/processed/no_cyclone/NONCYCLONE_02548.png,0,,NI,north_indian_ocean,arabian_sea,2005-11-29T06:00:00Z,IMG2389,no_cyclone,,moderate,G1240
data/processed/no_cyclone/NONCYCLONE_01403.png,0,,NI,north_indian_ocean,bay_of_bengal,2005-11-30T06:00:00Z,IMG2390,no_cyclone,,moderate,G1241
data/processed/no_cyclone/NONCYCLONE_04365.png,0,,NI,north_indian_ocean,arabian_sea,2005-12-01T00:00:00Z,IMG2391,no_cyclone,,easy,G1242
data/processed/no_cyclone/NONCYCLONE_03807.png,0,,NI,north_indian_ocean,bay_of_bengal,2005-12-01T06:00:00Z,IMG2392,no_cyclone,,moderate,G0273
data/processed/no_cyclone/NONCYCLONE_00561.png,0,,NI,north_indian_ocean,bay_of_bengal,2005-12-04T06:00:00Z,IMG2394,no_cyclone,,easy,G1244
data/processed/no_cyclone/NONCYCLONE_03626.png,0,,NI,north_indian_ocean,arabian_sea,2005-12-05T00:00:00Z,IMG2395,no_cyclone,,easy,G1245
data/processed/no_cyclone/NONCYCLONE_01956.png,0,,NI,north_indian_ocean,arabian_sea,2005-12-05T06:00:00Z,IMG2396,no_cyclone,,easy,G1245
data/processed/no_cyclone/NONCYCLONE_01402.png,0,,NI,north_indian_ocean,bay_of_bengal,2005-12-07T00:00:00Z,IMG2397,no_cyclone,,easy,G1246
data/processed/no_cyclone/NONCYCLONE_00720.png,0,,NI,north_indian_ocean,bay_of_bengal,2005-12-09T12:00:00Z,IMG2398,no_cyclone,,easy,G0274
data/processed/no_cyclone/NONCYCLONE_03525.png,0,,NI,north_indian_ocean,bay_of_bengal,2005-12-10T06:00:00Z,IMG2399,no_cyclone,,easy,G1247
data/processed/no_cyclone/NONCYCLONE_01170.png,0,,NI,north_indian_ocean,bay_of_bengal,2005-12-10T18:00:00Z,IMG2400,no_cyclone,,hard,G0274
data/processed/no_cyclone/NONCYCLONE_02046.png,0,,NI,north_indian_ocean,bay_of_bengal,2005-12-11T00:00:00Z,IMG2401,no_cyclone,,easy,G0274
data/processed/no_cyclone/NONCYCLONE_02340.png,0,,NI,north_indian_ocean,bay_of_bengal,2005-12-11T12:00:00Z,IMG2402,no_cyclone,,hard,G0274
data/processed/no_cyclone/NONCYCLONE_00851.png,0,,NI,north_indian_ocean,bay_of_bengal,2005-12-12T06:00:00Z,IMG2403,no_cyclone,,moderate,G1248
data/processed/no_cyclone/NONCYCLONE_04368.png,0,,NI,north_indian_ocean,arabian_sea,2005-12-16T06:00:00Z,IMG2404,no_cyclone,,moderate,G1249
data/processed/no_cyclone/NONCYCLONE_01277.png,0,,NI,north_indian_ocean,bay_of_bengal,2005-12-19T12:00:00Z,IMG2406,no_cyclone,,moderate,G1251
data/processed/no_cyclone/NONCYCLONE_00208.png,0,,NI,north_indian_ocean,arabian_sea,2005-12-22T18:00:00Z,IMG2407,no_cyclone,,easy,G1252
data/processed/no_cyclone/NONCYCLONE_04137.png,0,,NI,north_indian_ocean,arabian_sea,2005-12-23T00:00:00Z,IMG2408,no_cyclone,,moderate,G0276
data/processed/no_cyclone/NONCYCLONE_01559.png,0,,NI,north_indian_ocean,bay_of_bengal,2005-12-23T06:00:00Z,IMG2409,no_cyclone,,easy,G1253
data/processed/no_cyclone/NONCYCLONE_00515.png,0,,NI,north_indian_ocean,arabian_sea,2005-12-24T00:00:00Z,IMG2410,no_cyclone,,hard,G1254
data/processed/no_cyclone/NONCYCLONE_02819.png,0,,NI,north_indian_ocean,bay_of_bengal,2006-01-12T18:00:00Z,IMG2411,no_cyclone,,easy,G1255
data/processed/no_cyclone/NONCYCLONE_03522.png,0,,NI,north_indian_ocean,arabian_sea,2006-01-13T12:00:00Z,IMG2412,no_cyclone,,moderate,G0278
data/processed/no_cyclone/NONCYCLONE_03367.png,0,,NI,north_indian_ocean,arabian_sea,2006-01-13T18:00:00Z,IMG2413,no_cyclone,,easy,G0278
data/processed/no_cyclone/NONCYCLONE_01506.png,0,,NI,north_indian_ocean,bay_of_bengal,2006-01-15T18:00:00Z,IMG2415,no_cyclone,,easy,G1257
data/processed/no_cyclone/NONCYCLONE_04028.png,0,,NI,north_indian_ocean,bay_of_bengal,2006-01-18T12:00:00Z,IMG2422,no_cyclone,,easy,G1259
data/processed/no_cyclone/NONCYCLONE_01335.png,0,,NI,north_indian_ocean,arabian_sea,2006-01-19T00:00:00Z,IMG2423,no_cyclone,,easy,G1259
data/processed/no_cyclone/NONCYCLONE_03725.png,0,,NI,north_indian_ocean,bay_of_bengal,2006-01-19T06:00:00Z,IMG2424,no_cyclone,,easy,G1259
data/processed/no_cyclone/NONCYCLONE_01513.png,0,,NI,north_indian_ocean,arabian_sea,2006-04-26T00:00:00Z,IMG2426,no_cyclone,,moderate,G1261
data/processed/no_cyclone/NONCYCLONE_04467.png,0,,NI,north_indian_ocean,bay_of_bengal,2006-04-27T18:00:00Z,IMG2427,no_cyclone,,easy,G0291
data/processed/no_cyclone/NONCYCLONE_02660.png,0,,NI,north_indian_ocean,arabian_sea,2006-06-30T18:00:00Z,IMG2428,no_cyclone,,easy,G1262
data/processed/no_cyclone/NONCYCLONE_01637.png,0,,NI,north_indian_ocean,bay_of_bengal,2006-07-01T06:00:00Z,IMG2429,no_cyclone,,moderate,G1263
data/processed/no_cyclone/NONCYCLONE_00933.png,0,,NI,north_indian_ocean,bay_of_bengal,2006-07-01T12:00:00Z,IMG2430,no_cyclone,,moderate,G1263
data/processed/no_cyclone/NONCYCLONE_00908.png,0,,NI,north_indian_ocean,arabian_sea,2006-07-02T06:00:00Z,IMG2431,no_cyclone,,hard,G1264
data/processed/no_cyclone/NONCYCLONE_00422.png,0,,NI,north_indian_ocean,arabian_sea,2006-08-02T03:00:00Z,IMG2437,no_cyclone,,moderate,G1265
data/processed/no_cyclone/NONCYCLONE_03440.png,0,,NI,north_indian_ocean,bay_of_bengal,2006-08-02T15:00:00Z,IMG2438,no_cyclone,,moderate,G1266
data/processed/no_cyclone/NONCYCLONE_03363.png,0,,NI,north_indian_ocean,bay_of_bengal,2006-08-12T03:00:00Z,IMG2440,no_cyclone,,hard,G0302
data/processed/no_cyclone/NONCYCLONE_00034.png,0,,NI,north_indian_ocean,arabian_sea,2006-08-12T09:00:00Z,IMG2441,no_cyclone,,moderate,G1268
data/processed/no_cyclone/NONCYCLONE_00283.png,0,,NI,north_indian_ocean,arabian_sea,2006-08-16T09:00:00Z,IMG2443,no_cyclone,,easy,G1270
data/processed/no_cyclone/NONCYCLONE_01323.png,0,,NI,north_indian_ocean,arabian_sea,2006-08-29T09:00:00Z,IMG2449,no_cyclone,,moderate,G0307
data/processed/no_cyclone/NONCYCLONE_00311.png,0,,NI,north_indian_ocean,bay_of_bengal,2006-08-29T15:00:00Z,IMG2450,no_cyclone,,moderate,G0307
data/processed/no_cyclone/NONCYCLONE_02888.png,0,,NI,north_indian_ocean,bay_of_bengal,2006-08-30T15:00:00Z,IMG2451,no_cyclone,,moderate,G0307
data/processed/no_cyclone/NONCYCLONE_02926.png,0,,NI,north_indian_ocean,arabian_sea,2006-08-31T15:00:00Z,IMG2452,no_cyclone,,easy,G1272
data/processed/no_cyclone/NONCYCLONE_00843.png,0,,NI,north_indian_ocean,bay_of_bengal,2006-08-31T21:00:00Z,IMG2453,no_cyclone,,hard,G0307
data/processed/no_cyclone/NONCYCLONE_01607.png,0,,NI,north_indian_ocean,bay_of_bengal,2006-09-01T03:00:00Z,IMG2454,no_cyclone,,moderate,G0307
data/processed/no_cyclone/NONCYCLONE_01545.png,0,,NI,north_indian_ocean,arabian_sea,2006-09-03T18:00:00Z,IMG2455,no_cyclone,,moderate,G0309
data/processed/no_cyclone/NONCYCLONE_02786.png,0,,NI,north_indian_ocean,arabian_sea,2006-09-04T12:00:00Z,IMG2456,no_cyclone,,hard,G1273
data/processed/no_cyclone/NONCYCLONE_04169.png,0,,NI,north_indian_ocean,bay_of_bengal,2006-09-20T18:00:00Z,IMG2458,no_cyclone,,easy,G0312
data/processed/no_cyclone/NONCYCLONE_02657.png,0,,NI,north_indian_ocean,bay_of_bengal,2006-09-21T00:00:00Z,IMG2459,no_cyclone,,hard,G0312
data/processed/no_cyclone/NONCYCLONE_03717.png,0,,NI,north_indian_ocean,arabian_sea,2006-09-21T03:00:00Z,IMG2460,no_cyclone,,easy,G1275
data/processed/no_cyclone/NONCYCLONE_02045.png,0,,NI,north_indian_ocean,bay_of_bengal,2006-09-21T12:00:00Z,IMG2461,no_cyclone,,moderate,G0312
data/processed/no_cyclone/NONCYCLONE_02217.png,0,,NI,north_indian_ocean,bay_of_bengal,2006-09-21T18:00:00Z,IMG2462,no_cyclone,,moderate,G0312
data/processed/no_cyclone/NONCYCLONE_00737.png,0,,NI,north_indian_ocean,bay_of_bengal,2006-09-21T21:00:00Z,IMG2463,no_cyclone,,hard,G0312
data/processed/no_cyclone/NONCYCLONE_02452.png,0,,NI,north_indian_ocean,arabian_sea,2006-09-22T12:00:00Z,IMG2464,no_cyclone,,moderate,G0312
data/processed/no_cyclone/NONCYCLONE_01484.png,0,,NI,north_indian_ocean,bay_of_bengal,2006-09-22T18:00:00Z,IMG2465,no_cyclone,,easy,G1276
data/processed/no_cyclone/NONCYCLONE_01376.png,0,,NI,north_indian_ocean,arabian_sea,2006-09-24T06:00:00Z,IMG2469,no_cyclone,,moderate,G0312
data/processed/no_cyclone/NONCYCLONE_03188.png,0,,NI,north_indian_ocean,bay_of_bengal,2006-09-25T12:00:00Z,IMG2470,no_cyclone,,hard,G1277
data/processed/no_cyclone/NONCYCLONE_03254.png,0,,NI,north_indian_ocean,bay_of_bengal,2006-09-26T12:00:00Z,IMG2471,no_cyclone,,hard,G1278
data/processed/no_cyclone/NONCYCLONE_00532.png,0,,NI,north_indian_ocean,arabian_sea,2006-09-29T18:00:00Z,IMG2472,no_cyclone,,moderate,G1279
data/processed/no_cyclone/NONCYCLONE_03830.png,0,,NI,north_indian_ocean,arabian_sea,2006-10-27T06:00:00Z,IMG2473,no_cyclone,,easy,G1280
data/processed/no_cyclone/NONCYCLONE_02861.png,0,,NI,north_indian_ocean,arabian_sea,2006-10-29T18:00:00Z,IMG2477,no_cyclone,,moderate,G1283
data/processed/no_cyclone/NONCYCLONE_04298.png,0,,NI,north_indian_ocean,arabian_sea,2006-11-24T12:00:00Z,IMG2478,no_cyclone,,moderate,G1284
data/processed/no_cyclone/NONCYCLONE_03262.png,0,,NI,north_indian_ocean,bay_of_bengal,2006-11-25T00:00:00Z,IMG2479,no_cyclone,,hard,G1285
data/processed/no_cyclone/NONCYCLONE_03908.png,0,,NI,north_indian_ocean,arabian_sea,2006-11-25T12:00:00Z,IMG2480,no_cyclone,,easy,G1286
data/processed/no_cyclone/NONCYCLONE_01495.png,0,,NI,north_indian_ocean,arabian_sea,2006-11-27T12:00:00Z,IMG2484,no_cyclone,,hard,G1288
data/processed/no_cyclone/NONCYCLONE_01710.png,0,,NI,north_indian_ocean,bay_of_bengal,2006-11-27T18:00:00Z,IMG2485,no_cyclone,,easy,G1289
data/processed/no_cyclone/NONCYCLONE_01576.png,0,,NI,north_indian_ocean,bay_of_bengal,2006-11-28T06:00:00Z,IMG2486,no_cyclone,,easy,G1289
data/processed/no_cyclone/NONCYCLONE_00342.png,0,,NI,north_indian_ocean,bay_of_bengal,2006-11-28T18:00:00Z,IMG2487,no_cyclone,,moderate,G1289
data/processed/no_cyclone/NONCYCLONE_01910.png,0,,NI,north_indian_ocean,bay_of_bengal,2006-11-29T12:00:00Z,IMG2488,no_cyclone,,hard,G1290
data/processed/no_cyclone/NONCYCLONE_03326.png,0,,NI,north_indian_ocean,bay_of_bengal,2006-11-29T18:00:00Z,IMG2489,no_cyclone,,easy,G1290
data/processed/no_cyclone/NONCYCLONE_04471.png,0,,NI,north_indian_ocean,bay_of_bengal,2006-11-30T00:00:00Z,IMG2490,no_cyclone,,easy,G1290
data/processed/no_cyclone/NONCYCLONE_02218.png,0,,NI,north_indian_ocean,arabian_sea,2006-12-02T00:00:00Z,IMG2495,no_cyclone,,moderate,G1292
data/processed/no_cyclone/NONCYCLONE_04339.png,0,,NI,north_indian_ocean,bay_of_bengal,2006-12-03T06:00:00Z,IMG2496,no_cyclone,,hard,G1293
data/processed/no_cyclone/NONCYCLONE_04108.png,0,,NI,north_indian_ocean,arabian_sea,2006-12-04T06:00:00Z,IMG2497,no_cyclone,,easy,G1294
data/processed/no_cyclone/NONCYCLONE_02879.png,0,,NI,north_indian_ocean,arabian_sea,2006-12-05T00:00:00Z,IMG2498,no_cyclone,,moderate,G1295
data/processed/no_cyclone/NONCYCLONE_03921.png,0,,NI,north_indian_ocean,arabian_sea,2006-12-07T06:00:00Z,IMG2499,no_cyclone,,easy,G1296
data/processed/no_cyclone/NONCYCLONE_02236.png,0,,NI,north_indian_ocean,arabian_sea,2006-12-09T06:00:00Z,IMG2502,no_cyclone,,moderate,G1299
data/processed/no_cyclone/NONCYCLONE_03339.png,0,,NI,north_indian_ocean,arabian_sea,2006-12-09T12:00:00Z,IMG2503,no_cyclone,,moderate,G1299
data/processed/no_cyclone/NONCYCLONE_02803.png,0,,NI,north_indian_ocean,arabian_sea,2006-12-09T18:00:00Z,IMG2504,no_cyclone,,moderate,G1299
data/processed/no_cyclone/NONCYCLONE_02309.png,0,,NI,north_indian_ocean,arabian_sea,2007-05-12T21:00:00Z,IMG2505,no_cyclone,,easy,G1300
data/processed/no_cyclone/NONCYCLONE_02672.png,0,,NI,north_indian_ocean,bay_of_bengal,2007-05-13T03:00:00Z,IMG2506,no_cyclone,,easy,G1301
data/processed/no_cyclone/NONCYCLONE_03512.png,0,,NI,north_indian_ocean,bay_of_bengal,2007-05-31T12:00:00Z,IMG2508,no_cyclone,,moderate,G1303
data/processed/no_cyclone/NONCYCLONE_01509.png,0,,NI,north_indian_ocean,bay_of_bengal,2007-05-31T18:00:00Z,IMG2509,no_cyclone,,easy,G1304
data/processed/no_cyclone/NONCYCLONE_04373.png,0,,NI,north_indian_ocean,bay_of_bengal,2007-06-05T12:00:00Z,IMG2526,no_cyclone,,hard,G1305
data/processed/no_cyclone/NONCYCLONE_02720.png,0,,NI,north_indian_ocean,bay_of_bengal,2007-06-21T00:00:00Z,IMG2536,no_cyclone,,moderate,G1307
data/processed/no_cyclone/NONCYCLONE_01259.png,0,,NI,north_indian_ocean,arabian_sea,2007-06-23T06:00:00Z,IMG2541,no_cyclone,,moderate,G1309
data/processed/no_cyclone/NONCYCLONE_00857.png,0,,NI,north_indian_ocean,bay_of_bengal,2007-06-23T12:00:00Z,IMG2542,no_cyclone,,moderate,G1310
data/processed/no_cyclone/NONCYCLONE_02776.png,0,,NI,north_indian_ocean,arabian_sea,2007-06-23T18:00:00Z,IMG2543,no_cyclone,,moderate,G1309
data/processed/no_cyclone/NONCYCLONE_00556.png,0,,NI,north_indian_ocean,arabian_sea,2007-06-24T18:00:00Z,IMG2546,no_cyclone,,moderate,G1312
data/processed/no_cyclone/NONCYCLONE_04171.png,0,,NI,north_indian_ocean,arabian_sea,2007-06-25T00:00:00Z,IMG2547,no_cyclone,,hard,G1312
data/processed/no_cyclone/NONCYCLONE_03289.png,0,,NI,north_indian_ocean,arabian_sea,2007-06-25T06:00:00Z,IMG2548,no_cyclone,,easy,G1312
data/processed/no_cyclone/NONCYCLONE_04542.png,0,,NI,north_indian_ocean,bay_of_bengal,2007-06-26T00:00:00Z,IMG2549,no_cyclone,,hard,G0349
data/processed/no_cyclone/NONCYCLONE_03411.png,0,,NI,north_indian_ocean,bay_of_bengal,2007-06-26T06:00:00Z,IMG2550,no_cyclone,,moderate,G0349
data/processed/no_cyclone/NONCYCLONE_02372.png,0,,NI,north_indian_ocean,bay_of_bengal,2007-06-26T18:00:00Z,IMG2551,no_cyclone,,hard,G0349
data/processed/no_cyclone/NONCYCLONE_01771.png,0,,NI,north_indian_ocean,arabian_sea,2007-06-28T00:00:00Z,IMG2552,no_cyclone,,easy,G0349
data/processed/no_cyclone/NONCYCLONE_04512.png,0,,NI,north_indian_ocean,arabian_sea,2007-06-28T12:00:00Z,IMG2553,no_cyclone,,moderate,G0349
data/processed/no_cyclone/NONCYCLONE_02275.png,0,,NI,north_indian_ocean,arabian_sea,2007-06-29T00:00:00Z,IMG2554,no_cyclone,,easy,G0349
data/processed/no_cyclone/NONCYCLONE_02227.png,0,,NI,north_indian_ocean,bay_of_bengal,2007-06-29T06:00:00Z,IMG2555,no_cyclone,,moderate,G1313
data/processed/no_cyclone/NONCYCLONE_00732.png,0,,NI,north_indian_ocean,arabian_sea,2007-06-29T12:00:00Z,IMG2556,no_cyclone,,hard,G0349
data/processed/no_cyclone/NONCYCLONE_03269.png,0,,NI,north_indian_ocean,arabian_sea,2007-06-29T18:00:00Z,IMG2557,no_cyclone,,hard,G1313
data/processed/no_cyclone/NONCYCLONE_00570.png,0,,NI,north_indian_ocean,bay_of_bengal,2007-06-30T00:00:00Z,IMG2558,no_cyclone,,moderate,G1313
data/processed/no_cyclone/NONCYCLONE_03330.png,0,,NI,north_indian_ocean,bay_of_bengal,2007-06-30T06:00:00Z,IMG2559,no_cyclone,,moderate,G1313
data/processed/no_cyclone/NONCYCLONE_00890.png,0,,NI,north_indian_ocean,bay_of_bengal,2007-10-27T06:00:00Z,IMG2560,no_cyclone,,easy,G0364
data/processed/no_cyclone/NONCYCLONE_00471.png,0,,NI,north_indian_ocean,bay_of_bengal,2007-10-27T12:00:00Z,IMG2561,no_cyclone,,hard,G0364
data/processed/no_cyclone/NONCYCLONE_02359.png,0,,NI,north_indian_ocean,bay_of_bengal,2007-10-27T18:00:00Z,IMG2562,no_cyclone,,easy,G0364
data/processed/no_cyclone/NONCYCLONE_01846.png,0,,NI,north_indian_ocean,arabian_sea,2007-10-28T00:00:00Z,IMG2563,no_cyclone,,easy,G0364
data/processed/no_cyclone/NONCYCLONE_00735.png,0,,NI,north_indian_ocean,bay_of_bengal,2007-10-28T06:00:00Z,IMG2564,no_cyclone,,hard,G0364
data/processed/no_cyclone/NONCYCLONE_02219.png,0,,NI,north_indian_ocean,bay_of_bengal,2007-10-28T12:00:00Z,IMG2565,no_cyclone,,moderate,G0364
data/processed/no_cyclone/NONCYCLONE_01927.png,0,,NI,north_indian_ocean,arabian_sea,2007-10-28T18:00:00Z,IMG2566,no_cyclone,,hard,G0364
data/processed/no_cyclone/NONCYCLONE_01959.png,0,,NI,north_indian_ocean,arabian_sea,2007-10-29T06:00:00Z,IMG2567,no_cyclone,,moderate,G0364
data/processed/no_cyclone/NONCYCLONE_04106.png,0,,NI,north_indian_ocean,bay_of_bengal,2007-10-29T12:00:00Z,IMG2568,no_cyclone,,hard,G1314
data/processed/no_cyclone/NONCYCLONE_01870.png,0,,NI,north_indian_ocean,arabian_sea,2007-10-29T18:00:00Z,IMG2569,no_cyclone,,easy,G0364
data/processed/no_cyclone/NONCYCLONE_01806.png,0,,NI,north_indian_ocean,bay_of_bengal,2007-10-30T06:00:00Z,IMG2570,no_cyclone,,hard,G1315
data/processed/no_cyclone/NONCYCLONE_03994.png,0,,NI,north_indian_ocean,arabian_sea,2007-11-10T06:00:00Z,IMG2571,no_cyclone,,easy,G1316
data/processed/no_cyclone/NONCYCLONE_01760.png,0,,NI,north_indian_ocean,arabian_sea,2007-11-12T00:00:00Z,IMG2573,no_cyclone,,easy,G1317
data/processed/no_cyclone/NONCYCLONE_01549.png,0,,NI,north_indian_ocean,arabian_sea,2007-11-13T18:00:00Z,IMG2575,no_cyclone,,easy,G1318
data/processed/no_cyclone/NONCYCLONE_00446.png,0,,NI,north_indian_ocean,bay_of_bengal,2007-11-14T12:00:00Z,IMG2576,no_cyclone,,easy,G1319
data/processed/no_cyclone/NONCYCLONE_03401.png,0,,NI,north_indian_ocean,arabian_sea,2007-11-14T18:00:00Z,IMG2577,no_cyclone,,easy,G1320
data/processed/no_cyclone/NONCYCLONE_00979.png,0,,NI,north_indian_ocean,arabian_sea,2007-11-15T12:00:00Z,IMG2579,no_cyclone,,easy,G1321
data/processed/no_cyclone/NONCYCLONE_01091.png,0,,NI,north_indian_ocean,bay_of_bengal,2007-11-16T00:00:00Z,IMG2580,no_cyclone,,easy,G0367
data/processed/no_cyclone/NONCYCLONE_03977.png,0,,NI,north_indian_ocean,bay_of_bengal,2008-04-26T12:00:00Z,IMG2583,no_cyclone,,easy,G0389
data/processed/no_cyclone/NONCYCLONE_00296.png,0,,NI,north_indian_ocean,bay_of_bengal,2008-04-27T06:00:00Z,IMG2584,no_cyclone,,moderate,G0389
data/processed/no_cyclone/NONCYCLONE_03723.png,0,,NI,north_indian_ocean,bay_of_bengal,2008-04-27T12:00:00Z,IMG2585,no_cyclone,,easy,G0389
data/processed/no_cyclone/NONCYCLONE_03989.png,0,,NI,north_indian_ocean,bay_of_bengal,2008-04-27T18:00:00Z,IMG2586,no_cyclone,,easy,G0389
data/processed/no_cyclone/NONCYCLONE_04199.png,0,,NI,north_indian_ocean,bay_of_bengal,2008-04-28T00:00:00Z,IMG2587,no_cyclone,,hard,G0389
data/processed/no_cyclone/NONCYCLONE_01686.png,0,,NI,north_indian_ocean,arabian_sea,2008-04-29T00:00:00Z,IMG2588,no_cyclone,,moderate,G0389
data/processed/no_cyclone/NONCYCLONE_02433.png,0,,NI,north_indian_ocean,arabian_sea,2008-04-30T18:00:00Z,IMG2589,no_cyclone,,moderate,G1324
data/processed/no_cyclone/NONCYCLONE_00597.png,0,,NI,north_indian_ocean,bay_of_bengal,2008-05-02T18:00:00Z,IMG2591,no_cyclone,,easy,G0389
data/processed/no_cyclone/NONCYCLONE_02555.png,0,,NI,north_indian_ocean,bay_of_bengal,2008-05-03T06:00:00Z,IMG2592,no_cyclone,,easy,G0389
data/processed/no_cyclone/NONCYCLONE_00684.png,0,,NI,north_indian_ocean,bay_of_bengal,2008-05-03T12:00:00Z,IMG2593,no_cyclone,,easy,G0389
data/processed/no_cyclone/NONCYCLONE_03389.png,0,,NI,north_indian_ocean,arabian_sea,2008-06-06T00:00:00Z,IMG2594,no_cyclone,,moderate,G0390
data/processed/no_cyclone/NONCYCLONE_01416.png,0,,NI,north_indian_ocean,arabian_sea,2008-06-06T06:00:00Z,IMG2595,no_cyclone,,moderate,G0390
data/processed/no_cyclone/NONCYCLONE_04023.png,0,,NI,north_indian_ocean,arabian_sea,2008-06-06T18:00:00Z,IMG2596,no_cyclone,,moderate,G0390
data/processed/no_cyclone/NONCYCLONE_01105.png,0,,NI,north_indian_ocean,arabian_sea,2008-06-06T21:00:00Z,IMG2597,no_cyclone,,hard,G0390
data/processed/no_cyclone/NONCYCLONE_02875.png,0,,NI,north_indian_ocean,bay_of_bengal,2008-06-16T03:00:00Z,IMG2598,no_cyclone,,moderate,G0391
data/processed/no_cyclone/NONCYCLONE_01120.png,0,,NI,north_indian_ocean,bay_of_bengal,2008-06-16T21:00:00Z,IMG2599,no_cyclone,,easy,G1326
data/processed/no_cyclone/NONCYCLONE_04017.png,0,,NI,north_indian_ocean,arabian_sea,2008-06-17T03:00:00Z,IMG2600,no_cyclone,,easy,G1327
data/processed/no_cyclone/NONCYCLONE_01908.png,0,,NI,north_indian_ocean,arabian_sea,2008-06-17T09:00:00Z,IMG2601,no_cyclone,,moderate,G1327
data/processed/no_cyclone/NONCYCLONE_03456.png,0,,NI,north_indian_ocean,arabian_sea,2008-06-17T15:00:00Z,IMG2602,no_cyclone,,moderate,G1328
data/processed/no_cyclone/NONCYCLONE_01184.png,0,,NI,north_indian_ocean,bay_of_bengal,2008-06-17T21:00:00Z,IMG2603,no_cyclone,,moderate,G1328
data/processed/no_cyclone/NONCYCLONE_01404.png,0,,NI,north_indian_ocean,bay_of_bengal,2008-08-09T12:00:00Z,IMG2604,no_cyclone,,hard,G0396
data/processed/no_cyclone/NONCYCLONE_02659.png,0,,NI,north_indian_ocean,arabian_sea,2008-08-09T18:00:00Z,IMG2605,no_cyclone,,moderate,G0396
data/processed/no_cyclone/NONCYCLONE_00133.png,0,,NI,north_indian_ocean,arabian_sea,2008-08-10T00:00:00Z,IMG2606,no_cyclone,,easy,G0396
data/processed/no_cyclone/NONCYCLONE_01061.png,0,,NI,north_indian_ocean,arabian_sea,2008-08-10T09:00:00Z,IMG2607,no_cyclone,,easy,G0396
data/processed/no_cyclone/NONCYCLONE_03487.png,0,,NI,north_indian_ocean,arabian_sea,2008-09-15T12:00:00Z,IMG2608,no_cyclone,,moderate,G1329
data/processed/no_cyclone/NONCYCLONE_04556.png,0,,NI,north_indian_ocean,bay_of_bengal,2008-09-16T00:00:00Z,IMG2609,no_cyclone,,moderate,G1330
data/processed/no_cyclone/NONCYCLONE_03025.png,0,,NI,north_indian_ocean,bay_of_bengal,2008-09-16T06:00:00Z,IMG2610,no_cyclone,,easy,G1330
data/processed/no_cyclone/NONCYCLONE_03212.png,0,,NI,north_indian_ocean,arabian_sea,2008-09-16T12:00:00Z,IMG2611,no_cyclone,,easy,G1330
data/processed/no_cyclone/NONCYCLONE_02634.png,0,,NI,north_indian_ocean,arabian_sea,2008-09-16T18:00:00Z,IMG2612,no_cyclone,,easy,G1330
data/processed/no_cyclone/NONCYCLONE_01851.png,0,,NI,north_indian_ocean,bay_of_bengal,2008-09-17T00:00:00Z,IMG2613,no_cyclone,,moderate,G1331
data/processed/no_cyclone/NONCYCLONE_02704.png,0,,NI,north_indian_ocean,bay_of_bengal,2008-09-17T12:00:00Z,IMG2615,no_cyclone,,moderate,G1331
data/processed/no_cyclone/NONCYCLONE_01728.png,0,,NI,north_indian_ocean,bay_of_bengal,2008-09-18T00:00:00Z,IMG2617,no_cyclone,,moderate,G1331
data/processed/no_cyclone/NONCYCLONE_04557.png,0,,NI,north_indian_ocean,bay_of_bengal,2008-09-18T06:00:00Z,IMG2618,no_cyclone,,easy,G1333
data/processed/no_cyclone/NONCYCLONE_04434.png,0,,NI,north_indian_ocean,bay_of_bengal,2008-10-19T09:00:00Z,IMG2619,no_cyclone,,easy,G1334
data/processed/no_cyclone/NONCYCLONE_03277.png,0,,NI,north_indian_ocean,arabian_sea,2008-10-20T03:00:00Z,IMG2620,no_cyclone,,moderate,G0404
data/processed/no_cyclone/NONCYCLONE_02161.png,0,,NI,north_indian_ocean,bay_of_bengal,2008-10-20T09:00:00Z,IMG2621,no_cyclone,,hard,G1335
data/processed/no_cyclone/NONCYCLONE_00575.png,0,,NI,north_indian_ocean,arabian_sea,2008-10-20T21:00:00Z,IMG2622,no_cyclone,,moderate,G0404
data/processed/no_cyclone/NONCYCLONE_03388.png,0,,NI,north_indian_ocean,bay_of_bengal,2008-10-21T03:00:00Z,IMG2623,no_cyclone,,moderate,G1336
data/processed/no_cyclone/NONCYCLONE_04573.png,0,,NI,north_indian_ocean,bay_of_bengal,2008-10-22T03:00:00Z,IMG2624,no_cyclone,,hard,G0404
data/processed/no_cyclone/NONCYCLONE_04581.png,0,,NI,north_indian_ocean,bay_of_bengal,2008-10-22T15:00:00Z,IMG2625,no_cyclone,,moderate,G0404
data/processed/no_cyclone/NONCYCLONE_01082.png,0,,NI,north_indian_ocean,bay_of_bengal,2008-10-23T03:00:00Z,IMG2626,no_cyclone,,moderate,G0404
data/processed/no_cyclone/NONCYCLONE_01891.png,0,,NI,north_indian_ocean,arabian_sea,2008-10-23T09:00:00Z,IMG2627,no_cyclone,,moderate,G0404
data/processed/no_cyclone/NONCYCLONE_03127.png,0,,NI,north_indian_ocean,bay_of_bengal,2008-10-23T15:00:00Z,IMG2628,no_cyclone,,hard,G0404
data/processed/no_cyclone/NONCYCLONE_03893.png,0,,NI,north_indian_ocean,arabian_sea,2008-10-23T18:00:00Z,IMG2629,no_cyclone,,hard,G0404
data/processed/no_cyclone/NONCYCLONE_03280.png,0,,NI,north_indian_ocean,arabian_sea,2008-10-24T12:00:00Z,IMG2630,no_cyclone,,moderate,G0407
data/processed/no_cyclone/NONCYCLONE_00004.png,0,,NI,north_indian_ocean,arabian_sea,2008-10-24T18:00:00Z,IMG2631,no_cyclone,,moderate,G0407
data/processed/no_cyclone/NONCYCLONE_03710.png,0,,NI,north_indian_ocean,arabian_sea,2008-10-25T00:00:00Z,IMG2632,no_cyclone,,hard,G0407
data/processed/no_cyclone/NONCYCLONE_00463.png,0,,NI,north_indian_ocean,arabian_sea,2008-10-25T18:00:00Z,IMG2633,no_cyclone,,easy,G1337
data/processed/no_cyclone/NONCYCLONE_04001.png,0,,NI,north_indian_ocean,bay_of_bengal,2008-11-12T06:00:00Z,IMG2636,no_cyclone,,easy,G1340
data/processed/no_cyclone/NONCYCLONE_02612.png,0,,NI,north_indian_ocean,arabian_sea,2008-11-15T00:00:00Z,IMG2638,no_cyclone,,moderate,G0409
data/processed/no_cyclone/NONCYCLONE_02761.png,0,,NI,north_indian_ocean,arabian_sea,2008-11-15T06:00:00Z,IMG2639,no_cyclone,,moderate,G0409
data/processed/no_cyclone/NONCYCLONE_04014.png,0,,NI,north_indian_ocean,arabian_sea,2008-11-24T12:00:00Z,IMG2640,no_cyclone,,easy,G1342
data/processed/no_cyclone/NONCYCLONE_03874.png,0,,NI,north_indian_ocean,arabian_sea,2008-11-25T00:00:00Z,IMG2641,no_cyclone,,easy,G1342
data/processed/no_cyclone/NONCYCLONE_04209.png,0,,NI,north_indian_ocean,bay_of_bengal,2008-11-27T18:00:00Z,IMG2643,no_cyclone,,moderate,G0412
data/processed/no_cyclone/NONCYCLONE_04038.png,0,,NI,north_indian_ocean,bay_of_bengal,2008-11-28T00:00:00Z,IMG2644,no_cyclone,,hard,G0412
data/processed/no_cyclone/NONCYCLONE_03214.png,0,,NI,north_indian_ocean,arabian_sea,2008-12-03T00:00:00Z,IMG2645,no_cyclone,,easy,G1344
data/processed/no_cyclone/NONCYCLONE_04167.png,0,,NI,north_indian_ocean,bay_of_bengal,2008-12-04T00:00:00Z,IMG2646,no_cyclone,,easy,G0413
data/processed/no_cyclone/NONCYCLONE_02627.png,0,,NI,north_indian_ocean,bay_of_bengal,2008-12-04T18:00:00Z,IMG2647,no_cyclone,,moderate,G1345
data/processed/no_cyclone/NONCYCLONE_03559.png,0,,NI,north_indian_ocean,arabian_sea,2008-12-05T12:00:00Z,IMG2648,no_cyclone,,easy,G1346
data/processed/no_cyclone/NONCYCLONE_04498.png,0,,NI,north_indian_ocean,arabian_sea,2008-12-06T18:00:00Z,IMG2649,no_cyclone,,moderate,G1347
data/processed/no_cyclone/NONCYCLONE_02457.png,0,,NI,north_indian_ocean,arabian_sea,2008-12-07T06:00:00Z,IMG2650,no_cyclone,,moderate,G1347
data/processed/no_cyclone/NONCYCLONE_02447.png,0,,NI,north_indian_ocean,bay_of_bengal,2008-12-07T18:00:00Z,IMG2651,no_cyclone,,hard,G1348
data/processed/no_cyclone/NONCYCLONE_03340.png,0,,NI,north_indian_ocean,bay_of_bengal,2008-12-08T00:00:00Z,IMG2652,no_cyclone,,easy,G1348
data/processed/no_cyclone/NONCYCLONE_02464.png,0,,NI,north_indian_ocean,bay_of_bengal,2008-12-09T06:00:00Z,IMG2653,no_cyclone,,easy,G1349
data/processed/no_cyclone/NONCYCLONE_02663.png,0,,NI,north_indian_ocean,bay_of_bengal,2009-04-14T00:00:00Z,IMG2654,no_cyclone,,easy,G1350
data/processed/no_cyclone/NONCYCLONE_02402.png,0,,NI,north_indian_ocean,bay_of_bengal,2009-04-14T06:00:00Z,IMG2655,no_cyclone,,easy,G1350
data/processed/no_cyclone/NONCYCLONE_02092.png,0,,NI,north_indian_ocean,arabian_sea,2009-04-14T18:00:00Z,IMG2656,no_cyclone,,easy,G1351
data/processed/no_cyclone/NONCYCLONE_02443.png,0,,NI,north_indian_ocean,bay_of_bengal,2009-04-15T06:00:00Z,IMG2657,no_cyclone,,easy,G0432
data/processed/no_cyclone/NONCYCLONE_04538.png,0,,NI,north_indian_ocean,bay_of_bengal,2009-04-17T06:00:00Z,IMG2659,no_cyclone,,moderate,G1353
data/processed/no_cyclone/NONCYCLONE_00354.png,0,,NI,north_indian_ocean,arabian_sea,2009-04-17T12:00:00Z,IMG2660,no_cyclone,,easy,G1353
data/processed/no_cyclone/NONCYCLONE_02036.png,0,,NI,north_indian_ocean,arabian_sea,2009-04-18T00:00:00Z,IMG2662,no_cyclone,,easy,G1355
data/processed/no_cyclone/NONCYCLONE_03429.png,0,,NI,north_indian_ocean,bay_of_bengal,2009-05-22T18:00:00Z,IMG2663,no_cyclone,,easy,G1356
data/processed/no_cyclone/NONCYCLONE_04548.png,0,,NI,north_indian_ocean,arabian_sea,2009-05-23T00:00:00Z,IMG2664,no_cyclone,,easy,G1357
data/processed/no_cyclone/NONCYCLONE_00749.png,0,,NI,north_indian_ocean,arabian_sea,2009-05-23T06:00:00Z,IMG2665,no_cyclone,,hard,G1357
data/processed/no_cyclone/NONCYCLONE_02100.png,0,,NI,north_indian_ocean,arabian_sea,2009-05-23T12:00:00Z,IMG2666,no_cyclone,,moderate,G1357
data/processed/no_cyclone/NONCYCLONE_03800.png,0,,NI,north_indian_ocean,arabian_sea,2009-05-23T18:00:00Z,IMG2667,no_cyclone,,hard,G1357
data/processed/no_cyclone/NONCYCLONE_00911.png,0,,NI,north_indian_ocean,bay_of_bengal,2009-05-25T06:00:00Z,IMG2670,no_cyclone,,moderate,G1358
data/processed/no_cyclone/NONCYCLONE_01049.png,0,,NI,north_indian_ocean,arabian_sea,2009-05-25T12:00:00Z,IMG2671,no_cyclone,,hard,G1359
data/processed/no_cyclone/NONCYCLONE_01563.png,0,,NI,north_indian_ocean,bay_of_bengal,2009-05-25T18:00:00Z,IMG2672,no_cyclone,,moderate,G1358
data/processed/no_cyclone/NONCYCLONE_03844.png,0,,NI,north_indian_ocean,arabian_sea,2009-05-26T00:00:00Z,IMG2673,no_cyclone,,hard,G1359
data/processed/no_cyclone/NONCYCLONE_03576.png,0,,NI,north_indian_ocean,arabian_sea,2009-06-23T00:00:00Z,IMG2674,no_cyclone,,moderate,G0436
data/processed/no_cyclone/NONCYCLONE_03838.png,0,,NI,north_indian_ocean,bay_of_bengal,2009-06-23T06:00:00Z,IMG2675,no_cyclone,,moderate,G0436
data/processed/no_cyclone/NONCYCLONE_02922.png,0,,NI,north_indian_ocean,bay_of_bengal,2009-06-23T12:00:00Z,IMG2676,no_cyclone,,moderate,G0436
data/processed/no_cyclone/NONCYCLONE_00301.png,0,,NI,north_indian_ocean,bay_of_bengal,2009-06-23T18:00:00Z,IMG2677,no_cyclone,,hard,G0436
data/processed/no_cyclone/NONCYCLONE_03782.png,0,,NI,north_indian_ocean,bay_of_bengal,2009-09-03T18:00:00Z,IMG2685,no_cyclone,,hard,G1360
data/processed/no_cyclone/NONCYCLONE_02992.png,0,,NI,north_indian_ocean,bay_of_bengal,2009-09-04T00:00:00Z,IMG2686,no_cyclone,,moderate,G1361
data/processed/no_cyclone/NONCYCLONE_03986.png,0,,NI,north_indian_ocean,bay_of_bengal,2009-09-04T12:00:00Z,IMG2687,no_cyclone,,moderate,G1361
data/processed/no_cyclone/NONCYCLONE_03602.png,0,,NI,north_indian_ocean,bay_of_bengal,2009-09-04T18:00:00Z,IMG2688,no_cyclone,,moderate,G1361
data/processed/no_cyclone/NONCYCLONE_02263.png,0,,NI,north_indian_ocean,arabian_sea,2009-09-06T18:00:00Z,IMG2691,no_cyclone,,moderate,G1362
data/processed/no_cyclone/NONCYCLONE_01551.png,0,,NI,north_indian_ocean,bay_of_bengal,2009-09-07T00:00:00Z,IMG2692,no_cyclone,,moderate,G1363
data/processed/no_cyclone/NONCYCLONE_03299.png,0,,NI,north_indian_ocean,bay_of_bengal,2009-09-07T06:00:00Z,IMG2693,no_cyclone,,easy,G1363
data/processed/no_cyclone/NONCYCLONE_04362.png,0,,NI,north_indian_ocean,bay_of_bengal,2009-11-09T09:00:00Z,IMG2694,no_cyclone,,easy,G0458
data/processed/no_cyclone/NONCYCLONE_02745.png,0,,NI,north_indian_ocean,bay_of_bengal,2009-11-09T21:00:00Z,IMG2695,no_cyclone,,hard,G0458
data/processed/no_cyclone/NONCYCLONE_04615.png,0,,NI,north_indian_ocean,bay_of_bengal,2009-11-10T03:00:00Z,IMG2696,no_cyclone,,easy,G0458
data/processed/no_cyclone/NONCYCLONE_01904.png,0,,NI,north_indian_ocean,bay_of_bengal,2009-11-10T09:00:00Z,IMG2697,no_cyclone,,hard,G0458
data/processed/no_cyclone/NONCYCLONE_00522.png,0,,NI,north_indian_ocean,arabian_sea,2009-11-10T21:00:00Z,IMG2698,no_cyclone,,easy,G0458
data/processed/no_cyclone/NONCYCLONE_02680.png,0,,NI,north_indian_ocean,bay_of_bengal,2009-11-11T03:00:00Z,IMG2699,no_cyclone,,easy,G1364
data/processed/no_cyclone/NONCYCLONE_01270.png,0,,NI,north_indian_ocean,bay_of_bengal,2009-11-11T09:00:00Z,IMG2700,no_cyclone,,easy,G1364
data/processed/no_cyclone/NONCYCLONE_02362.png,0,,NI,north_indian_ocean,arabian_sea,2009-11-11T12:00:00Z,IMG2701,no_cyclone,,moderate,G0458
data/processed/no_cyclone/NONCYCLONE_04410.png,0,,NI,north_indian_ocean,arabian_sea,2009-12-10T09:00:00Z,IMG2702,no_cyclone,,easy,G1365
data/processed/no_cyclone/NONCYCLONE_03983.png,0,,NI,north_indian_ocean,arabian_sea,2009-12-11T03:00:00Z,IMG2704,no_cyclone,,easy,G1367
data/processed/no_cyclone/NONCYCLONE_02896.png,0,,NI,north_indian_ocean,arabian_sea,2009-12-11T09:00:00Z,IMG2705,no_cyclone,,easy,G1367
data/processed/no_cyclone/NONCYCLONE_02249.png,0,,NI,north_indian_ocean,arabian_sea,2009-12-11T15:00:00Z,IMG2706,no_cyclone,,easy,G0463
data/processed/no_cyclone/NONCYCLONE_01224.png,0,,NI,north_indian_ocean,bay_of_bengal,2009-12-11T21:00:00Z,IMG2707,no_cyclone,,easy,G0463
data/processed/no_cyclone/NONCYCLONE_00538.png,0,,NI,north_indian_ocean,arabian_sea,2009-12-12T03:00:00Z,IMG2708,no_cyclone,,easy,G0463
data/processed/no_cyclone/NONCYCLONE_02398.png,0,,NI,north_indian_ocean,bay_of_bengal,2009-12-12T15:00:00Z,IMG2709,no_cyclone,,easy,G0463
data/processed/no_cyclone/NONCYCLONE_01925.png,0,,NI,north_indian_ocean,bay_of_bengal,2009-12-12T21:00:00Z,IMG2710,no_cyclone,,easy,G0463
data/processed/no_cyclone/NONCYCLONE_00661.png,0,,NI,north_indian_ocean,bay_of_bengal,2009-12-13T21:00:00Z,IMG2713,no_cyclone,,easy,G0463
data/processed/no_cyclone/NONCYCLONE_01577.png,0,,NI,north_indian_ocean,arabian_sea,2009-12-14T03:00:00Z,IMG2714,no_cyclone,,easy,G1370
data/processed/no_cyclone/NONCYCLONE_03586.png,0,,NI,north_indian_ocean,bay_of_bengal,2010-05-16T00:00:00Z,IMG2716,no_cyclone,,moderate,G1372
data/processed/no_cyclone/NONCYCLONE_01006.png,0,,NI,north_indian_ocean,arabian_sea,2010-05-16T06:00:00Z,IMG2717,no_cyclone,,hard,G1372
data/processed/no_cyclone/NONCYCLONE_01050.png,0,,NI,north_indian_ocean,bay_of_bengal,2010-05-16T12:00:00Z,IMG2718,no_cyclone,,moderate,G1372
data/processed/no_cyclone/NONCYCLONE_02925.png,0,,NI,north_indian_ocean,arabian_sea,2010-05-17T06:00:00Z,IMG2719,no_cyclone,,moderate,G0477
data/processed/no_cyclone/NONCYCLONE_01822.png,0,,NI,north_indian_ocean,arabian_sea,2010-05-17T12:00:00Z,IMG2720,no_cyclone,,moderate,G0477
data/processed/no_cyclone/NONCYCLONE_03111.png,0,,NI,north_indian_ocean,arabian_sea,2010-05-18T00:00:00Z,IMG2721,no_cyclone,,hard,G0477
data/processed/no_cyclone/NONCYCLONE_04071.png,0,,NI,north_indian_ocean,bay_of_bengal,2010-05-18T06:00:00Z,IMG2722,no_cyclone,,hard,G1373
data/processed/no_cyclone/NONCYCLONE_02782.png,0,,NI,north_indian_ocean,bay_of_bengal,2010-05-18T12:00:00Z,IMG2723,no_cyclone,,moderate,G1373
data/processed/no_cyclone/NONCYCLONE_02607.png,0,,NI,north_indian_ocean,bay_of_bengal,2010-05-19T06:00:00Z,IMG2724,no_cyclone,,moderate,G0477
data/processed/no_cyclone/NONCYCLONE_00443.png,0,,NI,north_indian_ocean,bay_of_bengal,2010-05-19T12:00:00Z,IMG2725,no_cyclone,,hard,G0477
data/processed/no_cyclone/NONCYCLONE_01356.png,0,,NI,north_indian_ocean,arabian_sea,2010-05-20T00:00:00Z,IMG2726,no_cyclone,,moderate,G0477
data/processed/no_cyclone/NONCYCLONE_00214.png,0,,NI,north_indian_ocean,bay_of_bengal,2010-05-20T06:00:00Z,IMG2727,no_cyclone,,hard,G1374
data/processed/no_cyclone/NONCYCLONE_01023.png,0,,NI,north_indian_ocean,arabian_sea,2010-05-20T12:00:00Z,IMG2728,no_cyclone,,easy,G0477
data/processed/no_cyclone/NONCYCLONE_00856.png,0,,NI,north_indian_ocean,bay_of_bengal,2010-05-20T18:00:00Z,IMG2729,no_cyclone,,moderate,G1374
data/processed/no_cyclone/NONCYCLONE_01398.png,0,,NI,north_indian_ocean,arabian_sea,2010-05-21T00:00:00Z,IMG2730,no_cyclone,,hard,G0477
data/processed/no_cyclone/NONCYCLONE_02915.png,0,,NI,north_indian_ocean,bay_of_bengal,2010-05-21T06:00:00Z,IMG2731,no_cyclone,,hard,G1374
data/processed/no_cyclone/NONCYCLONE_02074.png,0,,NI,north_indian_ocean,arabian_sea,2010-05-21T12:00:00Z,IMG2732,no_cyclone,,moderate,G0477
data/processed/no_cyclone/NONCYCLONE_02125.png,0,,NI,north_indian_ocean,bay_of_bengal,2010-05-21T18:00:00Z,IMG2733,no_cyclone,,hard,G1374
data/processed/no_cyclone/NONCYCLONE_00062.png,0,,NI,north_indian_ocean,arabian_sea,2010-05-22T12:00:00Z,IMG2734,no_cyclone,,easy,G1375
data/processed/no_cyclone/NONCYCLONE_00388.png,0,,NI,north_indian_ocean,bay_of_bengal,2010-05-30T12:00:00Z,IMG2736,no_cyclone,,moderate,G1377
data/processed/no_cyclone/NONCYCLONE_00864.png,0,,NI,north_indian_ocean,bay_of_bengal,2010-05-31T00:00:00Z,IMG2737,no_cyclone,,easy,G1377
data/processed/no_cyclone/NONCYCLONE_02179.png,0,,NI,north_indian_ocean,bay_of_bengal,2010-05-31T06:00:00Z,IMG2738,no_cyclone,,easy,G1377
data/processed/no_cyclone/NONCYCLONE_04310.png,0,,NI,north_indian_ocean,bay_of_bengal,2010-05-31T12:00:00Z,IMG2739,no_cyclone,,easy,G1377
data/processed/no_cyclone/NONCYCLONE_02885.png,0,,NI,north_indian_ocean,bay_of_bengal,2010-06-01T12:00:00Z,IMG2740,no_cyclone,,easy,G1378
data/processed/no_cyclone/NONCYCLONE_02825.png,0,,NI,north_indian_ocean,bay_of_bengal,2010-06-02T18:00:00Z,IMG2741,no_cyclone,,moderate,G1379
data/processed/no_cyclone/NONCYCLONE_04455.png,0,,NI,north_indian_ocean,bay_of_bengal,2010-06-03T00:00:00Z,IMG2742,no_cyclone,,moderate,G1379
data/processed/no_cyclone/NONCYCLONE_01302.png,0,,NI,north_indian_ocean,bay_of_bengal,2010-06-03T06:00:00Z,IMG2743,no_cyclone,,easy,G1379
data/processed/no_cyclone/NONCYCLONE_01092.png,0,,NI,north_indian_ocean,bay_of_bengal,2010-06-04T06:00:00Z,IMG2744,no_cyclone,,hard,G1380
data/processed/no_cyclone/NONCYCLONE_02998.png,0,,NI,north_indian_ocean,bay_of_bengal,2010-06-04T12:00:00Z,IMG2745,no_cyclone,,moderate,G1380
data/processed/no_cyclone/NONCYCLONE_03428.png,0,,NI,north_indian_ocean,bay_of_bengal,2010-06-04T18:00:00Z,IMG2746,no_cyclone,,hard,G1380
data/processed/no_cyclone/NONCYCLONE_02522.png,0,,NI,north_indian_ocean,bay_of_bengal,2010-06-05T12:00:00Z,IMG2747,no_cyclone,,hard,G1381
data/processed/no_cyclone/NONCYCLONE_04166.png,0,,NI,north_indian_ocean,bay_of_bengal,2010-06-05T18:00:00Z,IMG2748,no_cyclone,,hard,G1381
data/processed/no_cyclone/NONCYCLONE_03126.png,0,,NI,north_indian_ocean,bay_of_bengal,2010-06-06T00:00:00Z,IMG2749,no_cyclone,,moderate,G1381
data/processed/no_cyclone/NONCYCLONE_04237.png,0,,NI,north_indian_ocean,bay_of_bengal,2010-06-06T12:00:00Z,IMG2750,no_cyclone,,hard,G1381
data/processed/no_cyclone/NONCYCLONE_01069.png,0,,NI,north_indian_ocean,bay_of_bengal,2010-06-07T00:00:00Z,IMG2751,no_cyclone,,moderate,G1381
data/processed/no_cyclone/NONCYCLONE_00406.png,0,,NI,north_indian_ocean,arabian_sea,2010-10-07T03:00:00Z,IMG2752,no_cyclone,,easy,G1382
data/processed/no_cyclone/NONCYCLONE_01223.png,0,,NI,north_indian_ocean,arabian_sea,2010-10-07T09:00:00Z,IMG2753,no_cyclone,,moderate,G0496
data/processed/no_cyclone/NONCYCLONE_00122.png,0,,NI,north_indian_ocean,arabian_sea,2010-10-13T06:00:00Z,IMG2754,no_cyclone,,easy,G1383
data/processed/no_cyclone/NONCYCLONE_02932.png,0,,NI,north_indian_ocean,bay_of_bengal,2010-10-13T12:00:00Z,IMG2755,no_cyclone,,easy,G0497
data/processed/no_cyclone/NONCYCLONE_00299.png,0,,NI,north_indian_ocean,arabian_sea,2010-10-15T00:00:00Z,IMG2757,no_cyclone,,easy,G1385
data/processed/no_cyclone/NONCYCLONE_04364.png,0,,NI,north_indian_ocean,bay_of_bengal,2010-10-15T06:00:00Z,IMG2758,no_cyclone,,easy,G1386
data/processed/no_cyclone/NONCYCLONE_01461.png,0,,NI,north_indian_ocean,bay_of_bengal,2010-10-20T00:00:00Z,IMG2759,no_cyclone,,easy,G0498
data/processed/no_cyclone/NONCYCLONE_01704.png,0,,NI,north_indian_ocean,arabian_sea,2010-10-20T06:00:00Z,IMG2760,no_cyclone,,easy,G1387
data/processed/no_cyclone/NONCYCLONE_01597.png,0,,NI,north_indian_ocean,arabian_sea,2010-10-20T18:00:00Z,IMG2761,no_cyclone,,easy,G1387
data/processed/no_cyclone/NONCYCLONE_00696.png,0,,NI,north_indian_ocean,bay_of_bengal,2010-10-21T00:00:00Z,IMG2762,no_cyclone,,easy,G0498
data/processed/no_cyclone/NONCYCLONE_02626.png,0,,NI,north_indian_ocean,bay_of_bengal,2010-10-21T18:00:00Z,IMG2763,no_cyclone,,moderate,G0498
data/processed/no_cyclone/NONCYCLONE_01697.png,0,,NI,north_indian_ocean,arabian_sea,2010-10-22T00:00:00Z,IMG2764,no_cyclone,,moderate,G0498
data/processed/no_cyclone/NONCYCLONE_03481.png,0,,NI,north_indian_ocean,bay_of_bengal,2010-10-23T06:00:00Z,IMG2766,no_cyclone,,moderate,G0498
data/processed/no_cyclone/NONCYCLONE_02455.png,0,,NI,north_indian_ocean,bay_of_bengal,2010-10-23T18:00:00Z,IMG2767,no_cyclone,,moderate,G0498
data/processed/no_cyclone/NONCYCLONE_03477.png,0,,NI,north_indian_ocean,arabian_sea,2010-11-01T06:00:00Z,IMG2768,no_cyclone,,easy,G1389
data/processed/no_cyclone/NONCYCLONE_02748.png,0,,NI,north_indian_ocean,arabian_sea,2010-11-03T00:00:00Z,IMG2769,no_cyclone,,easy,G1390
data/processed/no_cyclone/NONCYCLONE_02480.png,0,,NI,north_indian_ocean,bay_of_bengal,2010-11-03T06:00:00Z,IMG2770,no_cyclone,,easy,G1390
data/processed/no_cyclone/NONCYCLONE_03753.png,0,,NI,north_indian_ocean,arabian_sea,2010-11-03T12:00:00Z,IMG2771,no_cyclone,,moderate,G1390
data/processed/no_cyclone/NONCYCLONE_04379.png,0,,NI,north_indian_ocean,bay_of_bengal,2010-11-03T18:00:00Z,IMG2772,no_cyclone,,easy,G1390
data/processed/no_cyclone/NONCYCLONE_01243.png,0,,NI,north_indian_ocean,bay_of_bengal,2010-11-04T06:00:00Z,IMG2773,no_cyclone,,easy,G1390
data/processed/no_cyclone/NONCYCLONE_02841.png,0,,NI,north_indian_ocean,bay_of_bengal,2010-11-04T18:00:00Z,IMG2775,no_cyclone,,easy,G1390
data/processed/no_cyclone/NONCYCLONE_02060.png,0,,NI,north_indian_ocean,bay_of_bengal,2010-11-06T00:00:00Z,IMG2777,no_cyclone,,hard,G0501
data/processed/no_cyclone/NONCYCLONE_00942.png,0,,NI,north_indian_ocean,bay_of_bengal,2010-11-06T12:00:00Z,IMG2778,no_cyclone,,easy,G1392
data/processed/no_cyclone/NONCYCLONE_04412.png,0,,NI,north_indian_ocean,arabian_sea,2010-11-07T06:00:00Z,IMG2779,no_cyclone,,moderate,G0501
data/processed/no_cyclone/NONCYCLONE_01460.png,0,,NI,north_indian_ocean,bay_of_bengal,2010-11-07T12:00:00Z,IMG2780,no_cyclone,,hard,G0501
data/processed/no_cyclone/NONCYCLONE_01982.png,0,,NI,north_indian_ocean,bay_of_bengal,2010-11-07T18:00:00Z,IMG2781,no_cyclone,,easy,G0501
data/processed/no_cyclone/NONCYCLONE_01133.png,0,,NI,north_indian_ocean,arabian_sea,2010-12-07T09:00:00Z,IMG2782,no_cyclone,,easy,G1393
data/processed/no_cyclone/NONCYCLONE_03916.png,0,,NI,north_indian_ocean,arabian_sea,2010-12-07T21:00:00Z,IMG2783,no_cyclone,,easy,G1393
data/processed/no_cyclone/NONCYCLONE_01422.png,0,,NI,north_indian_ocean,arabian_sea,2011-06-17T03:00:00Z,IMG2794,no_cyclone,,easy,G1395
data/processed/no_cyclone/NONCYCLONE_00091.png,0,,NI,north_indian_ocean,arabian_sea,2011-07-22T21:00:00Z,IMG2797,no_cyclone,,easy,G1396
data/processed/no_cyclone/NONCYCLONE_02734.png,0,,NI,north_indian_ocean,arabian_sea,2011-07-23T00:00:00Z,IMG2798,no_cyclone,,hard,G0527
data/processed/no_cyclone/NONCYCLONE_03197.png,0,,NI,north_indian_ocean,bay_of_bengal,2011-09-22T03:00:00Z,IMG2799,no_cyclone,,moderate,G1397
data/processed/no_cyclone/NONCYCLONE_04336.png,0,,NI,north_indian_ocean,arabian_sea,2011-09-22T15:00:00Z,IMG2800,no_cyclone,,easy,G1398
data/processed/no_cyclone/NONCYCLONE_02773.png,0,,NI,north_indian_ocean,bay_of_bengal,2011-09-22T21:00:00Z,IMG2801,no_cyclone,,hard,G0534
data/processed/no_cyclone/NONCYCLONE_01965.png,0,,NI,north_indian_ocean,bay_of_bengal,2011-10-17T00:00:00Z,IMG2802,no_cyclone,,moderate,G1399
data/processed/no_cyclone/NONCYCLONE_00016.png,0,,NI,north_indian_ocean,arabian_sea,2011-10-17T06:00:00Z,IMG2803,no_cyclone,,moderate,G1400
data/processed/no_cyclone/NONCYCLONE_00024.png,0,,NI,north_indian_ocean,arabian_sea,2011-10-17T18:00:00Z,IMG2804,no_cyclone,,moderate,G1400
data/processed/no_cyclone/NONCYCLONE_02301.png,0,,NI,north_indian_ocean,arabian_sea,2011-10-18T00:00:00Z,IMG2805,no_cyclone,,easy,G1400
data/processed/no_cyclone/NONCYCLONE_02876.png,0,,NI,north_indian_ocean,bay_of_bengal,2011-10-18T06:00:00Z,IMG2806,no_cyclone,,hard,G0539
data/processed/no_cyclone/NONCYCLONE_04181.png,0,,NI,north_indian_ocean,arabian_sea,2011-10-19T06:00:00Z,IMG2807,no_cyclone,,easy,G1401
data/processed/no_cyclone/NONCYCLONE_02471.png,0,,NI,north_indian_ocean,arabian_sea,2011-10-19T12:00:00Z,IMG2808,no_cyclone,,moderate,G1402
data/processed/no_cyclone/NONCYCLONE_04450.png,0,,NI,north_indian_ocean,bay_of_bengal,2011-10-29T06:00:00Z,IMG2809,no_cyclone,,easy,G1403
data/processed/no_cyclone/NONCYCLONE_03696.png,0,,NI,north_indian_ocean,bay_of_bengal,2011-10-30T18:00:00Z,IMG2811,no_cyclone,,easy,G1405
data/processed/no_cyclone/NONCYCLONE_00484.png,0,,NI,north_indian_ocean,bay_of_bengal,2011-11-01T00:00:00Z,IMG2812,no_cyclone,,easy,G1406
data/processed/no_cyclone/NONCYCLONE_00239.png,0,,NI,north_indian_ocean,bay_of_bengal,2011-11-01T12:00:00Z,IMG2813,no_cyclone,,easy,G1406
data/processed/no_cyclone/NONCYCLONE_03665.png,0,,NI,north_indian_ocean,arabian_sea,2011-11-01T18:00:00Z,IMG2814,no_cyclone,,hard,G1406
data/processed/no_cyclone/NONCYCLONE_00596.png,0,,NI,north_indian_ocean,bay_of_bengal,2011-11-02T00:00:00Z,IMG2815,no_cyclone,,moderate,G1406
data/processed/no_cyclone/NONCYCLONE_02833.png,0,,NI,north_indian_ocean,bay_of_bengal,2011-11-02T06:00:00Z,IMG2816,no_cyclone,,hard,G1406
data/processed/no_cyclone/NONCYCLONE_03046.png,0,,NI,north_indian_ocean,arabian_sea,2011-11-06T12:00:00Z,IMG2826,no_cyclone,,moderate,G0541
data/processed/no_cyclone/NONCYCLONE_00791.png,0,,NI,north_indian_ocean,arabian_sea,2011-11-07T12:00:00Z,IMG2827,no_cyclone,,easy,G1410
data/processed/no_cyclone/NONCYCLONE_02130.png,0,,NI,north_indian_ocean,bay_of_bengal,2011-11-07T18:00:00Z,IMG2828,no_cyclone,,easy,G1411
data/processed/no_cyclone/NONCYCLONE_03892.png,0,,NI,north_indian_ocean,arabian_sea,2011-11-08T00:00:00Z,IMG2829,no_cyclone,,moderate,G0541
data/processed/no_cyclone/NONCYCLONE_02784.png,0,,NI,north_indian_ocean,arabian_sea,2011-11-08T06:00:00Z,IMG2830,no_cyclone,,moderate,G0541
data/processed/no_cyclone/NONCYCLONE_03866.png,0,,NI,north_indian_ocean,bay_of_bengal,2011-11-08T12:00:00Z,IMG2831,no_cyclone,,moderate,G0541
data/processed/no_cyclone/NONCYCLONE_02661.png,0,,NI,north_indian_ocean,bay_of_bengal,2011-11-28T06:00:00Z,IMG2840,no_cyclone,,easy,G1414
data/processed/no_cyclone/NONCYCLONE_02184.png,0,,NI,north_indian_ocean,arabian_sea,2011-12-25T12:00:00Z,IMG2848,no_cyclone,,easy,G1415
data/processed/no_cyclone/NONCYCLONE_03285.png,0,,NI,north_indian_ocean,arabian_sea,2011-12-25T18:00:00Z,IMG2849,no_cyclone,,easy,G1415
data/processed/no_cyclone/NONCYCLONE_03382.png,0,,NI,north_indian_ocean,arabian_sea,2011-12-29T00:00:00Z,IMG2850,no_cyclone,,easy,G1416
data/processed/no_cyclone/NONCYCLONE_03622.png,0,,NI,north_indian_ocean,arabian_sea,2011-12-30T06:00:00Z,IMG2851,no_cyclone,,easy,G1417
data/processed/no_cyclone/NONCYCLONE_04160.png,0,,NI,north_indian_ocean,bay_of_bengal,2012-10-10T12:00:00Z,IMG2852,no_cyclone,,moderate,G0577
data/processed/no_cyclone/NONCYCLONE_00037.png,0,,NI,north_indian_ocean,bay_of_bengal,2012-10-22T15:00:00Z,IMG2853,no_cyclone,,easy,G1418
data/processed/no_cyclone/NONCYCLONE_01989.png,0,,NI,north_indian_ocean,bay_of_bengal,2012-10-22T21:00:00Z,IMG2854,no_cyclone,,moderate,G1418
data/processed/no_cyclone/NONCYCLONE_00316.png,0,,NI,north_indian_ocean,bay_of_bengal,2012-10-23T09:00:00Z,IMG2855,no_cyclone,,hard,G1418
data/processed/no_cyclone/NONCYCLONE_03949.png,0,,NI,north_indian_ocean,bay_of_bengal,2012-10-24T09:00:00Z,IMG2857,no_cyclone,,moderate,G1420
data/processed/no_cyclone/NONCYCLONE_01777.png,0,,NI,north_indian_ocean,bay_of_bengal,2012-10-24T15:00:00Z,IMG2858,no_cyclone,,moderate,G1420
data/processed/no_cyclone/NONCYCLONE_02344.png,0,,NI,north_indian_ocean,bay_of_bengal,2012-10-24T21:00:00Z,IMG2859,no_cyclone,,easy,G1420
data/processed/no_cyclone/NONCYCLONE_03550.png,0,,NI,north_indian_ocean,bay_of_bengal,2012-10-25T03:00:00Z,IMG2860,no_cyclone,,moderate,G1420
data/processed/no_cyclone/NONCYCLONE_03938.png,0,,NI,north_indian_ocean,arabian_sea,2012-10-25T09:00:00Z,IMG2861,no_cyclone,,moderate,G1420
data/processed/no_cyclone/NONCYCLONE_03593.png,0,,NI,north_indian_ocean,bay_of_bengal,2012-10-25T15:00:00Z,IMG2862,no_cyclone,,moderate,G1420
data/processed/no_cyclone/NONCYCLONE_00683.png,0,,NI,north_indian_ocean,bay_of_bengal,2012-10-25T21:00:00Z,IMG2863,no_cyclone,,moderate,G1420
data/processed/no_cyclone/NONCYCLONE_00377.png,0,,NI,north_indian_ocean,bay_of_bengal,2012-10-26T00:00:00Z,IMG2864,no_cyclone,,hard,G1420
data/processed/no_cyclone/NONCYCLONE_01294.png,0,,NI,north_indian_ocean,arabian_sea,2012-10-27T06:00:00Z,IMG2865,no_cyclone,,moderate,G0581
data/processed/no_cyclone/NONCYCLONE_04077.png,0,,NI,north_indian_ocean,bay_of_bengal,2012-10-27T12:00:00Z,IMG2866,no_cyclone,,easy,G1421
data/processed/no_cyclone/NONCYCLONE_01592.png,0,,NI,north_indian_ocean,arabian_sea,2012-10-27T18:00:00Z,IMG2867,no_cyclone,,easy,G0581
data/processed/no_cyclone/NONCYCLONE_01459.png,0,,NI,north_indian_ocean,arabian_sea,2012-10-28T06:00:00Z,IMG2868,no_cyclone,,easy,G0581
data/processed/no_cyclone/NONCYCLONE_04033.png,0,,NI,north_indian_ocean,arabian_sea,2012-10-28T12:00:00Z,IMG2869,no_cyclone,,moderate,G0581
data/processed/no_cyclone/NONCYCLONE_00770.png,0,,NI,north_indian_ocean,bay_of_bengal,2012-10-29T00:00:00Z,IMG2870,no_cyclone,,easy,G0581
data/processed/no_cyclone/NONCYCLONE_00883.png,0,,NI,north_indian_ocean,arabian_sea,2012-10-29T06:00:00Z,IMG2871,no_cyclone,,moderate,G0581
data/processed/no_cyclone/NONCYCLONE_02436.png,0,,NI,north_indian_ocean,arabian_sea,2012-10-30T12:00:00Z,IMG2873,no_cyclone,,easy,G0581
data/processed/no_cyclone/NONCYCLONE_02382.png,0,,NI,north_indian_ocean,arabian_sea,2012-10-31T00:00:00Z,IMG2875,no_cyclone,,moderate,G0581
data/processed/no_cyclone/NONCYCLONE_01132.png,0,,NI,north_indian_ocean,arabian_sea,2012-10-31T06:00:00Z,IMG2876,no_cyclone,,easy,G0581
data/processed/no_cyclone/NONCYCLONE_00250.png,0,,NI,north_indian_ocean,bay_of_bengal,2012-10-31T12:00:00Z,IMG2877,no_cyclone,,moderate,G0581
data/processed/no_cyclone/NONCYCLONE_01969.png,0,,NI,north_indian_ocean,bay_of_bengal,2012-11-01T00:00:00Z,IMG2878,no_cyclone,,moderate,G0581
data/processed/no_cyclone/NONCYCLONE_01593.png,0,,NI,north_indian_ocean,arabian_sea,2012-11-01T12:00:00Z,IMG2879,no_cyclone,,easy,G1424
data/processed/no_cyclone/NONCYCLONE_02728.png,0,,NI,north_indian_ocean,arabian_sea,2012-11-17T12:00:00Z,IMG2884,no_cyclone,,easy,G1427
data/processed/no_cyclone/NONCYCLONE_00396.png,0,,NI,north_indian_ocean,bay_of_bengal,2012-11-19T18:00:00Z,IMG2889,no_cyclone,,easy,G0584
data/processed/no_cyclone/NONCYCLONE_03290.png,0,,NI,north_indian_ocean,arabian_sea,2012-11-20T06:00:00Z,IMG2890,no_cyclone,,easy,G1431
data/processed/no_cyclone/NONCYCLONE_01252.png,0,,NI,north_indian_ocean,bay_of_bengal,2012-11-21T00:00:00Z,IMG2891,no_cyclone,,moderate,G1432
data/processed/no_cyclone/NONCYCLONE_00922.png,0,,NI,north_indian_ocean,bay_of_bengal,2012-11-22T18:00:00Z,IMG2895,no_cyclone,,easy,G0584
data/processed/no_cyclone/NONCYCLONE_01160.png,0,,NI,north_indian_ocean,bay_of_bengal,2012-12-22T06:00:00Z,IMG2897,no_cyclone,,easy,G1435
data/processed/no_cyclone/NONCYCLONE_02331.png,0,,NI,north_indian_ocean,bay_of_bengal,2012-12-22T12:00:00Z,IMG2898,no_cyclone,,hard,G1436
data/processed/no_cyclone/NONCYCLONE_03094.png,0,,NI,north_indian_ocean,bay_of_bengal,2012-12-23T18:00:00Z,IMG2899,no_cyclone,,easy,G1437
data/processed/no_cyclone/NONCYCLONE_03370.png,0,,NI,north_indian_ocean,bay_of_bengal,2012-12-24T00:00:00Z,IMG2900,no_cyclone,,moderate,G1437
data/processed/no_cyclone/NONCYCLONE_00117.png,0,,NI,north_indian_ocean,arabian_sea,2012-12-24T06:00:00Z,IMG2901,no_cyclone,,easy,G1437
data/processed/no_cyclone/NONCYCLONE_00455.png,0,,NI,north_indian_ocean,arabian_sea,2012-12-24T12:00:00Z,IMG2902,no_cyclone,,hard,G1437
data/processed/no_cyclone/NONCYCLONE_03071.png,0,,NI,north_indian_ocean,bay_of_bengal,2012-12-25T00:00:00Z,IMG2904,no_cyclone,,moderate,G1437
data/processed/no_cyclone/NONCYCLONE_02793.png,0,,NI,north_indian_ocean,bay_of_bengal,2013-05-12T06:00:00Z,IMG2907,no_cyclone,,easy,G0602
data/processed/no_cyclone/NONCYCLONE_02008.png,0,,NI,north_indian_ocean,arabian_sea,2013-05-12T12:00:00Z,IMG2908,no_cyclone,,hard,G1440
data/processed/no_cyclone/NONCYCLONE_01052.png,0,,NI,north_indian_ocean,arabian_sea,2013-05-12T18:00:00Z,IMG2909,no_cyclone,,hard,G1440
data/processed/no_cyclone/NONCYCLONE_00035.png,0,,NI,north_indian_ocean,arabian_sea,2013-05-13T12:00:00Z,IMG2910,no_cyclone,,hard,G1441
data/processed/no_cyclone/NONCYCLONE_00958.png,0,,NI,north_indian_ocean,bay_of_bengal,2013-05-14T00:00:00Z,IMG2911,no_cyclone,,moderate,G1442
data/processed/no_cyclone/NONCYCLONE_02054.png,0,,NI,north_indian_ocean,arabian_sea,2013-05-14T06:00:00Z,IMG2912,no_cyclone,,hard,G1443
data/processed/no_cyclone/NONCYCLONE_03008.png,0,,NI,north_indian_ocean,arabian_sea,2013-05-14T12:00:00Z,IMG2913,no_cyclone,,easy,G1444
data/processed/no_cyclone/NONCYCLONE_03162.png,0,,NI,north_indian_ocean,arabian_sea,2013-05-15T00:00:00Z,IMG2914,no_cyclone,,moderate,G1445
data/processed/no_cyclone/NONCYCLONE_04207.png,0,,NI,north_indian_ocean,bay_of_bengal,2013-05-15T06:00:00Z,IMG2915,no_cyclone,,easy,G1446
data/processed/no_cyclone/NONCYCLONE_00854.png,0,,NI,north_indian_ocean,bay_of_bengal,2013-05-29T15:00:00Z,IMG2917,no_cyclone,,moderate,G1448
data/processed/no_cyclone/NONCYCLONE_00953.png,0,,NI,north_indian_ocean,bay_of_bengal,2013-05-29T21:00:00Z,IMG2918,no_cyclone,,moderate,G1448
data/processed/no_cyclone/NONCYCLONE_01725.png,0,,NI,north_indian_ocean,arabian_sea,2013-05-30T09:00:00Z,IMG2919,no_cyclone,,moderate,G1449
data/processed/no_cyclone/NONCYCLONE_00998.png,0,,NI,north_indian_ocean,bay_of_bengal,2013-07-31T21:00:00Z,IMG2922,no_cyclone,,easy,G0608
data/processed/no_cyclone/NONCYCLONE_00555.png,0,,NI,north_indian_ocean,arabian_sea,2013-08-01T00:00:00Z,IMG2923,no_cyclone,,moderate,G1451
data/processed/no_cyclone/NONCYCLONE_02884.png,0,,NI,north_indian_ocean,bay_of_bengal,2013-08-20T18:00:00Z,IMG2924,no_cyclone,,easy,G1452
data/processed/no_cyclone/NONCYCLONE_01360.png,0,,NI,north_indian_ocean,bay_of_bengal,2013-08-21T00:00:00Z,IMG2925,no_cyclone,,moderate,G1452
data/processed/no_cyclone/NONCYCLONE_03509.png,0,,NI,north_indian_ocean,arabian_sea,2013-08-22T06:00:00Z,IMG2926,no_cyclone,,moderate,G1453
data/processed/no_cyclone/NONCYCLONE_02691.png,0,,NI,north_indian_ocean,bay_of_bengal,2013-08-22T18:00:00Z,IMG2927,no_cyclone,,moderate,G1454
data/processed/no_cyclone/NONCYCLONE_03657.png,0,,NI,north_indian_ocean,arabian_sea,2013-10-09T06:00:00Z,IMG2930,no_cyclone,,easy,G1455
data/processed/no_cyclone/NONCYCLONE_00606.png,0,,NI,north_indian_ocean,bay_of_bengal,2013-10-14T00:00:00Z,IMG2937,no_cyclone,,moderate,G1458
data/processed/no_cyclone/NONCYCLONE_04103.png,0,,NI,north_indian_ocean,bay_of_bengal,2013-11-01T12:00:00Z,IMG2938,no_cyclone,,moderate,G1459
data/processed/no_cyclone/NONCYCLONE_02451.png,0,,NI,north_indian_ocean,bay_of_bengal,2013-11-02T18:00:00Z,IMG2940,no_cyclone,,easy,G1461
data/processed/no_cyclone/NONCYCLONE_01382.png,0,,NI,north_indian_ocean,arabian_sea,2013-11-05T06:00:00Z,IMG2945,no_cyclone,,moderate,G1464
data/processed/no_cyclone/NONCYCLONE_00544.png,0,,NI,north_indian_ocean,arabian_sea,2013-11-05T12:00:00Z,IMG2946,no_cyclone,,moderate,G1464
data/processed/no_cyclone/NONCYCLONE_04614.png,0,,NI,north_indian_ocean,bay_of_bengal,2013-11-06T12:00:00Z,IMG2947,no_cyclone,,moderate,G1465
data/processed/no_cyclone/NONCYCLONE_02540.png,0,,NI,north_indian_ocean,arabian_sea,2013-11-06T18:00:00Z,IMG2948,no_cyclone,,moderate,G1466
data/processed/no_cyclone/NONCYCLONE_02799.png,0,,NI,north_indian_ocean,bay_of_bengal,2013-11-07T00:00:00Z,IMG2949,no_cyclone,,moderate,G1465
data/processed/no_cyclone/NONCYCLONE_02849.png,0,,NI,north_indian_ocean,arabian_sea,2013-11-07T06:00:00Z,IMG2950,no_cyclone,,easy,G1467
data/processed/no_cyclone/NONCYCLONE_03385.png,0,,NI,north_indian_ocean,arabian_sea,2013-11-08T06:00:00Z,IMG2951,no_cyclone,,moderate,G0626
data/processed/no_cyclone/NONCYCLONE_00870.png,0,,NI,north_indian_ocean,arabian_sea,2013-11-08T12:00:00Z,IMG2952,no_cyclone,,moderate,G0626
data/processed/no_cyclone/NONCYCLONE_03684.png,0,,NI,north_indian_ocean,arabian_sea,2013-11-09T00:00:00Z,IMG2953,no_cyclone,,moderate,G0626
data/processed/no_cyclone/NONCYCLONE_02019.png,0,,NI,north_indian_ocean,arabian_sea,2013-11-10T12:00:00Z,IMG2954,no_cyclone,,moderate,G0626
data/processed/no_cyclone/NONCYCLONE_04151.png,0,,NI,north_indian_ocean,bay_of_bengal,2013-11-11T00:00:00Z,IMG2955,no_cyclone,,easy,G0627
data/processed/no_cyclone/NONCYCLONE_04411.png,0,,NI,north_indian_ocean,arabian_sea,2013-11-13T18:00:00Z,IMG2959,no_cyclone,,easy,G1471
data/processed/no_cyclone/NONCYCLONE_01609.png,0,,NI,north_indian_ocean,bay_of_bengal,2013-11-14T06:00:00Z,IMG2960,no_cyclone,,hard,G0627
data/processed/no_cyclone/NONCYCLONE_02333.png,0,,NI,north_indian_ocean,arabian_sea,2013-11-16T18:00:00Z,IMG2961,no_cyclone,,easy,G1472
data/processed/no_cyclone/NONCYCLONE_00972.png,0,,NI,north_indian_ocean,arabian_sea,2013-11-19T06:00:00Z,IMG2965,no_cyclone,,easy,G0627
data/processed/no_cyclone/NONCYCLONE_02246.png,0,,NI,north_indian_ocean,arabian_sea,2013-11-20T00:00:00Z,IMG2966,no_cyclone,,moderate,G0627
data/processed/no_cyclone/NONCYCLONE_03420.png,0,,NI,north_indian_ocean,bay_of_bengal,2013-11-20T12:00:00Z,IMG2967,no_cyclone,,easy,G0629
data/processed/no_cyclone/NONCYCLONE_00704.png,0,,NI,north_indian_ocean,arabian_sea,2013-11-20T18:00:00Z,IMG2968,no_cyclone,,easy,G0629
data/processed/no_cyclone/NONCYCLONE_04324.png,0,,NI,north_indian_ocean,bay_of_bengal,2013-11-21T06:00:00Z,IMG2969,no_cyclone,,easy,G0629
data/processed/no_cyclone/NONCYCLONE_00452.png,0,,NI,north_indian_ocean,arabian_sea,2013-11-24T12:00:00Z,IMG2971,no_cyclone,,easy,G1477
data/processed/no_cyclone/NONCYCLONE_00302.png,0,,NI,north_indian_ocean,arabian_sea,2013-11-26T12:00:00Z,IMG2972,no_cyclone,,moderate,G1478
data/processed/no_cyclone/NONCYCLONE_01708.png,0,,NI,north_indian_ocean,bay_of_bengal,2013-11-27T12:00:00Z,IMG2973,no_cyclone,,easy,G0630
data/processed/no_cyclone/NONCYCLONE_04129.png,0,,NI,north_indian_ocean,arabian_sea,2013-11-28T06:00:00Z,IMG2974,no_cyclone,,moderate,G1479
data/processed/no_cyclone/NONCYCLONE_00717.png,0,,NI,north_indian_ocean,arabian_sea,2013-12-05T00:00:00Z,IMG2975,no_cyclone,,moderate,G1480
data/processed/no_cyclone/NONCYCLONE_02120.png,0,,NI,north_indian_ocean,bay_of_bengal,2013-12-06T06:00:00Z,IMG2977,no_cyclone,,moderate,G0632
data/processed/no_cyclone/NONCYCLONE_01149.png,0,,NI,north_indian_ocean,bay_of_bengal,2013-12-06T12:00:00Z,IMG2978,no_cyclone,,easy,G0632
data/processed/no_cyclone/NONCYCLONE_00247.png,0,,NI,north_indian_ocean,arabian_sea,2013-12-06T18:00:00Z,IMG2979,no_cyclone,,easy,G1482
data/processed/no_cyclone/NONCYCLONE_00465.png,0,,NI,north_indian_ocean,bay_of_bengal,2013-12-07T06:00:00Z,IMG2980,no_cyclone,,easy,G0632
data/processed/no_cyclone/NONCYCLONE_04361.png,0,,NI,north_indian_ocean,bay_of_bengal,2013-12-07T12:00:00Z,IMG2981,no_cyclone,,hard,G0632
data/processed/no_cyclone/NONCYCLONE_01101.png,0,,NI,north_indian_ocean,bay_of_bengal,2013-12-09T00:00:00Z,IMG2982,no_cyclone,,hard,G0632
data/processed/no_cyclone/NONCYCLONE_04473.png,0,,NI,north_indian_ocean,bay_of_bengal,2013-12-09T18:00:00Z,IMG2983,no_cyclone,,hard,G0632
data/processed/no_cyclone/NONCYCLONE_00345.png,0,,NI,north_indian_ocean,bay_of_bengal,2013-12-10T06:00:00Z,IMG2984,no_cyclone,,hard,G0632
data/processed/no_cyclone/NONCYCLONE_02762.png,0,,NI,north_indian_ocean,arabian_sea,2013-12-10T18:00:00Z,IMG2985,no_cyclone,,moderate,G0632
data/processed/no_cyclone/NONCYCLONE_00076.png,0,,NI,north_indian_ocean,arabian_sea,2013-12-11T00:00:00Z,IMG2986,no_cyclone,,moderate,G0632
data/processed/no_cyclone/NONCYCLONE_00688.png,0,,NI,north_indian_ocean,bay_of_bengal,2013-12-12T12:00:00Z,IMG2987,no_cyclone,,easy,G1483
data/processed/no_cyclone/NONCYCLONE_03709.png,0,,NI,north_indian_ocean,bay_of_bengal,2014-01-04T12:00:00Z,IMG2988,no_cyclone,,easy,G0636
data/processed/no_cyclone/NONCYCLONE_02327.png,0,,NI,north_indian_ocean,bay_of_bengal,2014-01-05T00:00:00Z,IMG2989,no_cyclone,,easy,G0636
data/processed/no_cyclone/NONCYCLONE_02717.png,0,,NI,north_indian_ocean,arabian_sea,2014-01-05T18:00:00Z,IMG2990,no_cyclone,,easy,G1484
data/processed/no_cyclone/NONCYCLONE_00364.png,0,,NI,north_indian_ocean,bay_of_bengal,2014-01-06T06:00:00Z,IMG2991,no_cyclone,,easy,G0636
data/processed/no_cyclone/NONCYCLONE_02645.png,0,,NI,north_indian_ocean,bay_of_bengal,2014-01-06T18:00:00Z,IMG2992,no_cyclone,,easy,G0636
data/processed/no_cyclone/NONCYCLONE_03664.png,0,,NI,north_indian_ocean,arabian_sea,2014-01-07T00:00:00Z,IMG2993,no_cyclone,,moderate,G1485
data/processed/no_cyclone/NONCYCLONE_00294.png,0,,NI,north_indian_ocean,bay_of_bengal,2014-01-07T06:00:00Z,IMG2994,no_cyclone,,moderate,G0636
data/processed/no_cyclone/NONCYCLONE_02928.png,0,,NI,north_indian_ocean,arabian_sea,2014-01-08T06:00:00Z,IMG2995,no_cyclone,,moderate,G1486
data/processed/no_cyclone/NONCYCLONE_00951.png,0,,NI,north_indian_ocean,arabian_sea,2014-05-22T15:00:00Z,IMG2997,no_cyclone,,moderate,G1488
data/processed/no_cyclone/NONCYCLONE_02342.png,0,,NI,north_indian_ocean,bay_of_bengal,2014-06-09T18:00:00Z,IMG2999,no_cyclone,,moderate,G0656
data/processed/no_cyclone/NONCYCLONE_00726.png,0,,NI,north_indian_ocean,bay_of_bengal,2014-06-10T06:00:00Z,IMG3001,no_cyclone,,moderate,G0656
data/processed/no_cyclone/NONCYCLONE_02805.png,0,,NI,north_indian_ocean,bay_of_bengal,2014-06-10T18:00:00Z,IMG3002,no_cyclone,,easy,G0656
data/processed/no_cyclone/NONCYCLONE_04519.png,0,,NI,north_indian_ocean,bay_of_bengal,2014-06-11T18:00:00Z,IMG3004,no_cyclone,,moderate,G0656
data/processed/no_cyclone/NONCYCLONE_02946.png,0,,NI,north_indian_ocean,bay_of_bengal,2014-06-12T00:00:00Z,IMG3005,no_cyclone,,easy,G0656
data/processed/no_cyclone/NONCYCLONE_04579.png,0,,NI,north_indian_ocean,arabian_sea,2014-06-12T06:00:00Z,IMG3006,no_cyclone,,easy,G0656
data/processed/no_cyclone/NONCYCLONE_02144.png,0,,NI,north_indian_ocean,bay_of_bengal,2014-06-12T12:00:00Z,IMG3007,no_cyclone,,hard,G0656
data/processed/no_cyclone/NONCYCLONE_01265.png,0,,NI,north_indian_ocean,bay_of_bengal,2014-06-12T18:00:00Z,IMG3008,no_cyclone,,easy,G0656
data/processed/no_cyclone/NONCYCLONE_02815.png,0,,NI,north_indian_ocean,bay_of_bengal,2014-06-13T00:00:00Z,IMG3009,no_cyclone,,moderate,G0656
data/processed/no_cyclone/NONCYCLONE_00084.png,0,,NI,north_indian_ocean,bay_of_bengal,2014-06-14T00:00:00Z,IMG3010,no_cyclone,,hard,G1492
data/processed/no_cyclone/NONCYCLONE_03207.png,0,,NI,north_indian_ocean,bay_of_bengal,2014-06-14T06:00:00Z,IMG3011,no_cyclone,,moderate,G1492
data/processed/no_cyclone/NONCYCLONE_01640.png,0,,NI,north_indian_ocean,arabian_sea,2014-07-21T09:00:00Z,IMG3012,no_cyclone,,moderate,G1493
data/processed/no_cyclone/NONCYCLONE_02312.png,0,,NI,north_indian_ocean,bay_of_bengal,2014-07-21T21:00:00Z,IMG3013,no_cyclone,,moderate,G1494
data/processed/no_cyclone/NONCYCLONE_02089.png,0,,NI,north_indian_ocean,arabian_sea,2014-07-22T03:00:00Z,IMG3014,no_cyclone,,easy,G0660
data/processed/no_cyclone/NONCYCLONE_04558.png,0,,NI,north_indian_ocean,arabian_sea,2014-07-22T15:00:00Z,IMG3015,no_cyclone,,moderate,G0660
data/processed/no_cyclone/NONCYCLONE_04079.png,0,,NI,north_indian_ocean,arabian_sea,2014-07-22T21:00:00Z,IMG3016,no_cyclone,,easy,G1495
data/processed/no_cyclone/NONCYCLONE_02110.png,0,,NI,north_indian_ocean,bay_of_bengal,2014-08-04T00:00:00Z,IMG3017,no_cyclone,,hard,G1496
data/processed/no_cyclone/NONCYCLONE_04492.png,0,,NI,north_indian_ocean,bay_of_bengal,2014-08-04T06:00:00Z,IMG3018,no_cyclone,,hard,G1496
data/processed/no_cyclone/NONCYCLONE_02029.png,0,,NI,north_indian_ocean,bay_of_bengal,2014-08-05T18:00:00Z,IMG3021,no_cyclone,,hard,G0662
data/processed/no_cyclone/NONCYCLONE_00314.png,0,,NI,north_indian_ocean,bay_of_bengal,2014-08-06T06:00:00Z,IMG3022,no_cyclone,,moderate,G0662
data/processed/no_cyclone/NONCYCLONE_02952.png,0,,NI,north_indian_ocean,arabian_sea,2014-08-06T18:00:00Z,IMG3023,no_cyclone,,moderate,G1499
data/processed/no_cyclone/NONCYCLONE_02230.png,0,,NI,north_indian_ocean,arabian_sea,2014-10-08T12:00:00Z,IMG3025,no_cyclone,,moderate,G1501
data/processed/no_cyclone/NONCYCLONE_04317.png,0,,NI,north_indian_ocean,arabian_sea,2014-10-09T06:00:00Z,IMG3026,no_cyclone,,easy,G1502
data/processed/no_cyclone/NONCYCLONE_02203.png,0,,NI,north_indian_ocean,bay_of_bengal,2014-10-10T06:00:00Z,IMG3027,no_cyclone,,easy,G0672
data/processed/no_cyclone/NONCYCLONE_03828.png,0,,NI,north_indian_ocean,arabian_sea,2014-10-10T12:00:00Z,IMG3028,no_cyclone,,hard,G0672
data/processed/no_cyclone/NONCYCLONE_00329.png,0,,NI,north_indian_ocean,arabian_sea,2014-10-10T18:00:00Z,IMG3029,no_cyclone,,moderate,G0672
data/processed/no_cyclone/NONCYCLONE_01523.png,0,,NI,north_indian_ocean,bay_of_bengal,2014-10-11T18:00:00Z,IMG3030,no_cyclone,,moderate,G0672
data/processed/no_cyclone/NONCYCLONE_02425.png,0,,NI,north_indian_ocean,arabian_sea,2014-10-12T00:00:00Z,IMG3031,no_cyclone,,easy,G1503
data/processed/no_cyclone/NONCYCLONE_04008.png,0,,NI,north_indian_ocean,arabian_sea,2014-10-13T18:00:00Z,IMG3032,no_cyclone,,moderate,G1504
data/processed/no_cyclone/NONCYCLONE_02198.png,0,,NI,north_indian_ocean,arabian_sea,2014-10-14T06:00:00Z,IMG3033,no_cyclone,,easy,G1504
data/processed/no_cyclone/NONCYCLONE_02297.png,0,,NI,north_indian_ocean,arabian_sea,2014-11-05T12:00:00Z,IMG3054,no_cyclone,,easy,G1506
data/processed/no_cyclone/NONCYCLONE_03203.png,0,,NI,north_indian_ocean,arabian_sea,2014-11-06T18:00:00Z,IMG3055,no_cyclone,,easy,G1507
data/processed/no_cyclone/NONCYCLONE_00782.png,0,,NI,north_indian_ocean,bay_of_bengal,2014-11-07T00:00:00Z,IMG3056,no_cyclone,,hard,G0676
data/processed/no_cyclone/NONCYCLONE_03913.png,0,,NI,north_indian_ocean,bay_of_bengal,2014-11-07T06:00:00Z,IMG3057,no_cyclone,,hard,G0676
data/processed/no_cyclone/NONCYCLONE_01315.png,0,,NI,north_indian_ocean,arabian_sea,2014-11-07T12:00:00Z,IMG3058,no_cyclone,,easy,G0676
data/processed/no_cyclone/NONCYCLONE_03321.png,0,,NI,north_indian_ocean,bay_of_bengal,2014-11-08T06:00:00Z,IMG3059,no_cyclone,,hard,G0676
data/processed/no_cyclone/NONCYCLONE_00573.png,0,,NI,north_indian_ocean,bay_of_bengal,2015-06-06T06:00:00Z,IMG3062,no_cyclone,,moderate,G0692
data/processed/no_cyclone/NONCYCLONE_00527.png,0,,NI,north_indian_ocean,arabian_sea,2015-06-06T12:00:00Z,IMG3063,no_cyclone,,easy,G0692
data/processed/no_cyclone/NONCYCLONE_04091.png,0,,NI,north_indian_ocean,bay_of_bengal,2015-06-07T12:00:00Z,IMG3064,no_cyclone,,hard,G0692
data/processed/no_cyclone/NONCYCLONE_04020.png,0,,NI,north_indian_ocean,arabian_sea,2015-06-07T18:00:00Z,IMG3065,no_cyclone,,hard,G0692
data/processed/no_cyclone/NONCYCLONE_03165.png,0,,NI,north_indian_ocean,bay_of_bengal,2015-06-09T00:00:00Z,IMG3066,no_cyclone,,moderate,G1509
data/processed/no_cyclone/NONCYCLONE_02872.png,0,,NI,north_indian_ocean,arabian_sea,2015-06-09T06:00:00Z,IMG3067,no_cyclone,,moderate,G1510
data/processed/no_cyclone/NONCYCLONE_04596.png,0,,NI,north_indian_ocean,bay_of_bengal,2015-06-10T06:00:00Z,IMG3068,no_cyclone,,moderate,G1511
data/processed/no_cyclone/NONCYCLONE_04515.png,0,,NI,north_indian_ocean,arabian_sea,2015-06-10T12:00:00Z,IMG3069,no_cyclone,,moderate,G0692
data/processed/no_cyclone/NONCYCLONE_02755.png,0,,NI,north_indian_ocean,arabian_sea,2015-06-10T18:00:00Z,IMG3070,no_cyclone,,easy,G0692
data/processed/no_cyclone/NONCYCLONE_00025.png,0,,NI,north_indian_ocean,bay_of_bengal,2015-06-11T00:00:00Z,IMG3071,no_cyclone,,moderate,G0692
data/processed/no_cyclone/NONCYCLONE_01961.png,0,,NI,north_indian_ocean,bay_of_bengal,2015-06-11T06:00:00Z,IMG3072,no_cyclone,,easy,G0692
data/processed/no_cyclone/NONCYCLONE_01541.png,0,,NI,north_indian_ocean,arabian_sea,2015-06-20T09:00:00Z,IMG3075,no_cyclone,,hard,G0695
data/processed/no_cyclone/NONCYCLONE_02406.png,0,,NI,north_indian_ocean,arabian_sea,2015-06-20T21:00:00Z,IMG3077,no_cyclone,,easy,G1514
data/processed/no_cyclone/NONCYCLONE_00275.png,0,,NI,north_indian_ocean,bay_of_bengal,2015-06-22T03:00:00Z,IMG3078,no_cyclone,,hard,G1515
data/processed/no_cyclone/NONCYCLONE_01618.png,0,,NI,north_indian_ocean,bay_of_bengal,2015-06-22T09:00:00Z,IMG3079,no_cyclone,,hard,G1515
data/processed/no_cyclone/NONCYCLONE_03694.png,0,,NI,north_indian_ocean,bay_of_bengal,2015-07-10T03:00:00Z,IMG3082,no_cyclone,,moderate,G1516
data/processed/no_cyclone/NONCYCLONE_02424.png,0,,NI,north_indian_ocean,arabian_sea,2015-07-10T09:00:00Z,IMG3083,no_cyclone,,moderate,G1517
data/processed/no_cyclone/NONCYCLONE_04359.png,0,,NI,north_indian_ocean,bay_of_bengal,2015-07-10T21:00:00Z,IMG3084,no_cyclone,,moderate,G1518
data/processed/no_cyclone/NONCYCLONE_01606.png,0,,NI,north_indian_ocean,arabian_sea,2015-07-11T03:00:00Z,IMG3085,no_cyclone,,hard,G1519
data/processed/no_cyclone/NONCYCLONE_00005.png,0,,NI,north_indian_ocean,bay_of_bengal,2015-07-11T09:00:00Z,IMG3086,no_cyclone,,moderate,G1518
data/processed/no_cyclone/NONCYCLONE_02076.png,0,,NI,north_indian_ocean,arabian_sea,2015-07-11T15:00:00Z,IMG3087,no_cyclone,,easy,G1520
data/processed/no_cyclone/NONCYCLONE_02133.png,0,,NI,north_indian_ocean,bay_of_bengal,2015-07-11T21:00:00Z,IMG3088,no_cyclone,,hard,G0699
data/processed/no_cyclone/NONCYCLONE_04164.png,0,,NI,north_indian_ocean,bay_of_bengal,2015-07-12T03:00:00Z,IMG3089,no_cyclone,,easy,G0699
data/processed/no_cyclone/NONCYCLONE_04466.png,0,,NI,north_indian_ocean,bay_of_bengal,2015-07-12T09:00:00Z,IMG3090,no_cyclone,,easy,G0699
data/processed/no_cyclone/NONCYCLONE_00291.png,0,,NI,north_indian_ocean,arabian_sea,2015-07-28T18:00:00Z,IMG3094,no_cyclone,,easy,G1523
data/processed/no_cyclone/NONCYCLONE_01818.png,0,,NI,north_indian_ocean,bay_of_bengal,2015-07-30T18:00:00Z,IMG3096,no_cyclone,,easy,G0702
data/processed/no_cyclone/NONCYCLONE_03957.png,0,,NI,north_indian_ocean,arabian_sea,2015-08-04T15:00:00Z,IMG3099,no_cyclone,,easy,G1526
data/processed/no_cyclone/NONCYCLONE_02239.png,0,,NI,north_indian_ocean,arabian_sea,2015-09-16T21:00:00Z,IMG3100,no_cyclone,,easy,G0714
data/processed/no_cyclone/NONCYCLONE_01231.png,0,,NI,north_indian_ocean,arabian_sea,2015-09-17T03:00:00Z,IMG3101,no_cyclone,,easy,G0714
data/processed/no_cyclone/NONCYCLONE_02568.png,0,,NI,north_indian_ocean,arabian_sea,2015-09-18T03:00:00Z,IMG3102,no_cyclone,,hard,G0714
data/processed/no_cyclone/NONCYCLONE_02688.png,0,,NI,north_indian_ocean,arabian_sea,2015-10-07T00:00:00Z,IMG3105,no_cyclone,,easy,G1528
data/processed/no_cyclone/NONCYCLONE_00445.png,0,,NI,north_indian_ocean,bay_of_bengal,2015-10-07T06:00:00Z,IMG3106,no_cyclone,,moderate,G1529
data/processed/no_cyclone/NONCYCLONE_02779.png,0,,NI,north_indian_ocean,arabian_sea,2015-10-07T12:00:00Z,IMG3107,no_cyclone,,moderate,G0718
data/processed/no_cyclone/NONCYCLONE_01878.png,0,,NI,north_indian_ocean,bay_of_bengal,2015-10-08T12:00:00Z,IMG3108,no_cyclone,,moderate,G0718
data/processed/no_cyclone/NONCYCLONE_03100.png,0,,NI,north_indian_ocean,arabian_sea,2015-10-09T00:00:00Z,IMG3109,no_cyclone,,easy,G0718
data/processed/no_cyclone/NONCYCLONE_01924.png,0,,NI,north_indian_ocean,bay_of_bengal,2015-10-09T06:00:00Z,IMG3110,no_cyclone,,hard,G0718
data/processed/no_cyclone/NONCYCLONE_01449.png,0,,NI,north_indian_ocean,bay_of_bengal,2015-10-09T12:00:00Z,IMG3111,no_cyclone,,easy,G0718
data/processed/no_cyclone/NONCYCLONE_00162.png,0,,NI,north_indian_ocean,bay_of_bengal,2015-10-09T18:00:00Z,IMG3112,no_cyclone,,easy,G0718
data/processed/no_cyclone/NONCYCLONE_01498.png,0,,NI,north_indian_ocean,arabian_sea,2015-10-10T06:00:00Z,IMG3113,no_cyclone,,easy,G0718
data/processed/no_cyclone/NONCYCLONE_00128.png,0,,NI,north_indian_ocean,arabian_sea,2015-10-10T12:00:00Z,IMG3114,no_cyclone,,easy,G0718
data/processed/no_cyclone/NONCYCLONE_03115.png,0,,NI,north_indian_ocean,bay_of_bengal,2015-10-10T18:00:00Z,IMG3115,no_cyclone,,moderate,G0718
data/processed/no_cyclone/NONCYCLONE_00590.png,0,,NI,north_indian_ocean,bay_of_bengal,2015-10-11T06:00:00Z,IMG3116,no_cyclone,,hard,G0718
data/processed/no_cyclone/NONCYCLONE_04314.png,0,,NI,north_indian_ocean,arabian_sea,2015-10-28T06:00:00Z,IMG3117,no_cyclone,,hard,G0721
data/processed/no_cyclone/NONCYCLONE_01288.png,0,,NI,north_indian_ocean,bay_of_bengal,2015-10-28T18:00:00Z,IMG3118,no_cyclone,,hard,G0721
data/processed/no_cyclone/NONCYCLONE_01719.png,0,,NI,north_indian_ocean,bay_of_bengal,2015-10-29T06:00:00Z,IMG3119,no_cyclone,,hard,G0721
data/processed/no_cyclone/NONCYCLONE_01169.png,0,,NI,north_indian_ocean,arabian_sea,2015-10-29T18:00:00Z,IMG3120,no_cyclone,,moderate,G0721
data/processed/no_cyclone/NONCYCLONE_00279.png,0,,NI,north_indian_ocean,bay_of_bengal,2015-10-30T00:00:00Z,IMG3121,no_cyclone,,hard,G0721
data/processed/no_cyclone/NONCYCLONE_04386.png,0,,NI,north_indian_ocean,bay_of_bengal,2015-10-30T12:00:00Z,IMG3122,no_cyclone,,hard,G0721
data/processed/no_cyclone/NONCYCLONE_01815.png,0,,NI,north_indian_ocean,arabian_sea,2015-10-31T06:00:00Z,IMG3123,no_cyclone,,hard,G0721
data/processed/no_cyclone/NONCYCLONE_03494.png,0,,NI,north_indian_ocean,bay_of_bengal,2015-10-31T18:00:00Z,IMG3124,no_cyclone,,hard,G0721
data/processed/no_cyclone/NONCYCLONE_04290.png,0,,NI,north_indian_ocean,arabian_sea,2015-11-01T06:00:00Z,IMG3125,no_cyclone,,moderate,G0721
data/processed/no_cyclone/NONCYCLONE_01245.png,0,,NI,north_indian_ocean,bay_of_bengal,2015-11-01T12:00:00Z,IMG3126,no_cyclone,,moderate,G0721
data/processed/no_cyclone/NONCYCLONE_00254.png,0,,NI,north_indian_ocean,arabian_sea,2015-11-01T18:00:00Z,IMG3127,no_cyclone,,moderate,G0721
data/processed/no_cyclone/NONCYCLONE_01380.png,0,,NI,north_indian_ocean,bay_of_bengal,2015-11-02T00:00:00Z,IMG3128,no_cyclone,,moderate,G0721
data/processed/no_cyclone/NONCYCLONE_02845.png,0,,NI,north_indian_ocean,arabian_sea,2015-11-02T06:00:00Z,IMG3129,no_cyclone,,moderate,G0721
data/processed/no_cyclone/NONCYCLONE_01841.png,0,,NI,north_indian_ocean,bay_of_bengal,2015-11-03T06:00:00Z,IMG3130,no_cyclone,,hard,G1530
data/processed/no_cyclone/NONCYCLONE_04268.png,0,,NI,north_indian_ocean,bay_of_bengal,2015-11-03T12:00:00Z,IMG3131,no_cyclone,,easy,G1530
data/processed/no_cyclone/NONCYCLONE_00439.png,0,,NI,north_indian_ocean,bay_of_bengal,2015-11-03T18:00:00Z,IMG3132,no_cyclone,,easy,G1530
data/processed/no_cyclone/NONCYCLONE_03845.png,0,,NI,north_indian_ocean,bay_of_bengal,2015-11-04T00:00:00Z,IMG3133,no_cyclone,,easy,G1530
data/processed/no_cyclone/NONCYCLONE_04440.png,0,,NI,north_indian_ocean,bay_of_bengal,2015-11-04T12:00:00Z,IMG3134,no_cyclone,,easy,G1530
data/processed/no_cyclone/NONCYCLONE_00480.png,0,,NI,north_indian_ocean,bay_of_bengal,2015-11-05T00:00:00Z,IMG3135,no_cyclone,,easy,G1530
data/processed/no_cyclone/NONCYCLONE_00758.png,0,,NI,north_indian_ocean,bay_of_bengal,2015-11-07T06:00:00Z,IMG3140,no_cyclone,,easy,G1532
data/processed/no_cyclone/NONCYCLONE_00336.png,0,,NI,north_indian_ocean,bay_of_bengal,2015-11-07T12:00:00Z,IMG3141,no_cyclone,,hard,G1533
data/processed/no_cyclone/NONCYCLONE_03061.png,0,,NI,north_indian_ocean,arabian_sea,2015-11-08T03:00:00Z,IMG3142,no_cyclone,,hard,G0722
data/processed/no_cyclone/NONCYCLONE_03795.png,0,,NI,north_indian_ocean,bay_of_bengal,2015-11-08T06:00:00Z,IMG3143,no_cyclone,,easy,G1534
data/processed/no_cyclone/NONCYCLONE_00509.png,0,,NI,north_indian_ocean,arabian_sea,2015-11-08T09:00:00Z,IMG3144,no_cyclone,,hard,G0722
data/processed/no_cyclone/NONCYCLONE_02979.png,0,,NI,north_indian_ocean,bay_of_bengal,2015-11-08T12:00:00Z,IMG3145,no_cyclone,,easy,G1534
data/processed/no_cyclone/NONCYCLONE_02475.png,0,,NI,north_indian_ocean,bay_of_bengal,2015-11-08T18:00:00Z,IMG3146,no_cyclone,,easy,G1534
data/processed/no_cyclone/NONCYCLONE_00451.png,0,,NI,north_indian_ocean,bay_of_bengal,2015-11-09T00:00:00Z,IMG3147,no_cyclone,,moderate,G0723
data/processed/no_cyclone/NONCYCLONE_01996.png,0,,NI,north_indian_ocean,arabian_sea,2015-11-09T06:00:00Z,IMG3148,no_cyclone,,hard,G0723
data/processed/no_cyclone/NONCYCLONE_03358.png,0,,NI,north_indian_ocean,bay_of_bengal,2015-11-09T15:00:00Z,IMG3149,no_cyclone,,moderate,G0723
data/processed/no_cyclone/NONCYCLONE_04585.png,0,,NI,north_indian_ocean,arabian_sea,2015-11-10T00:00:00Z,IMG3150,no_cyclone,,moderate,G0722
data/processed/no_cyclone/NONCYCLONE_03901.png,0,,NI,north_indian_ocean,bay_of_bengal,2015-11-10T03:00:00Z,IMG3151,no_cyclone,,easy,G1535
data/processed/no_cyclone/NONCYCLONE_00938.png,0,,NI,north_indian_ocean,arabian_sea,2015-11-10T06:00:00Z,IMG3152,no_cyclone,,easy,G0722
data/processed/no_cyclone/NONCYCLONE_03720.png,0,,NI,north_indian_ocean,bay_of_bengal,2016-05-18T06:00:00Z,IMG3155,no_cyclone,,moderate,G0742
data/processed/no_cyclone/NONCYCLONE_01268.png,0,,NI,north_indian_ocean,bay_of_bengal,2016-05-18T18:00:00Z,IMG3156,no_cyclone,,moderate,G0742
data/processed/no_cyclone/NONCYCLONE_03946.png,0,,NI,north_indian_ocean,arabian_sea,2016-05-19T00:00:00Z,IMG3157,no_cyclone,,moderate,G0742
data/processed/no_cyclone/NONCYCLONE_02983.png,0,,NI,north_indian_ocean,arabian_sea,2016-05-19T12:00:00Z,IMG3158,no_cyclone,,hard,G0742
data/processed/no_cyclone/NONCYCLONE_02514.png,0,,NI,north_indian_ocean,arabian_sea,2016-05-20T00:00:00Z,IMG3159,no_cyclone,,moderate,G0742
data/processed/no_cyclone/NONCYCLONE_04296.png,0,,NI,north_indian_ocean,arabian_sea,2016-05-21T00:00:00Z,IMG3160,no_cyclone,,hard,G1537
data/processed/no_cyclone/NONCYCLONE_04346.png,0,,NI,north_indian_ocean,arabian_sea,2016-05-21T06:00:00Z,IMG3161,no_cyclone,,moderate,G1537
data/processed/no_cyclone/NONCYCLONE_01168.png,0,,NI,north_indian_ocean,arabian_sea,2016-08-09T15:00:00Z,IMG3170,no_cyclone,,easy,G1538
data/processed/no_cyclone/NONCYCLONE_00478.png,0,,NI,north_indian_ocean,arabian_sea,2016-08-10T03:00:00Z,IMG3171,no_cyclone,,moderate,G1538
data/processed/no_cyclone/NONCYCLONE_04400.png,0,,NI,north_indian_ocean,arabian_sea,2016-08-10T09:00:00Z,IMG3172,no_cyclone,,moderate,G1539
data/processed/no_cyclone/NONCYCLONE_00794.png,0,,NI,north_indian_ocean,bay_of_bengal,2016-08-10T15:00:00Z,IMG3173,no_cyclone,,hard,G1540
data/processed/no_cyclone/NONCYCLONE_02624.png,0,,NI,north_indian_ocean,arabian_sea,2016-08-12T09:00:00Z,IMG3175,no_cyclone,,easy,G1542
data/processed/no_cyclone/NONCYCLONE_02085.png,0,,NI,north_indian_ocean,bay_of_bengal,2016-08-18T00:00:00Z,IMG3176,no_cyclone,,moderate,G1543
data/processed/no_cyclone/NONCYCLONE_03297.png,0,,NI,north_indian_ocean,bay_of_bengal,2016-08-18T12:00:00Z,IMG3177,no_cyclone,,moderate,G1543
data/processed/no_cyclone/NONCYCLONE_03396.png,0,,NI,north_indian_ocean,bay_of_bengal,2016-08-19T06:00:00Z,IMG3178,no_cyclone,,moderate,G0752
data/processed/no_cyclone/NONCYCLONE_02726.png,0,,NI,north_indian_ocean,bay_of_bengal,2016-08-19T12:00:00Z,IMG3179,no_cyclone,,moderate,G0752
data/processed/no_cyclone/NONCYCLONE_01540.png,0,,NI,north_indian_ocean,bay_of_bengal,2016-08-20T00:00:00Z,IMG3180,no_cyclone,,moderate,G0752
data/processed/no_cyclone/NONCYCLONE_02403.png,0,,NI,north_indian_ocean,bay_of_bengal,2016-08-20T06:00:00Z,IMG3181,no_cyclone,,hard,G0752
data/processed/no_cyclone/NONCYCLONE_03547.png,0,,NI,north_indian_ocean,bay_of_bengal,2016-08-20T12:00:00Z,IMG3182,no_cyclone,,moderate,G0752
data/processed/no_cyclone/NONCYCLONE_00066.png,0,,NI,north_indian_ocean,bay_of_bengal,2016-10-21T06:00:00Z,IMG3183,no_cyclone,,hard,G1544
data/processed/no_cyclone/NONCYCLONE_00514.png,0,,NI,north_indian_ocean,bay_of_bengal,2016-10-23T18:00:00Z,IMG3186,no_cyclone,,moderate,G1546
data/processed/no_cyclone/NONCYCLONE_03227.png,0,,NI,north_indian_ocean,arabian_sea,2016-10-25T12:00:00Z,IMG3187,no_cyclone,,easy,G1547
data/processed/no_cyclone/NONCYCLONE_04407.png,0,,NI,north_indian_ocean,bay_of_bengal,2016-11-02T18:00:00Z,IMG3192,no_cyclone,,easy,G1548
data/processed/no_cyclone/NONCYCLONE_04461.png,0,,NI,north_indian_ocean,bay_of_bengal,2016-11-04T06:00:00Z,IMG3193,no_cyclone,,hard,G0758
data/processed/no_cyclone/NONCYCLONE_02410.png,0,,NI,north_indian_ocean,bay_of_bengal,2016-11-04T18:00:00Z,IMG3194,no_cyclone,,hard,G0758
data/processed/no_cyclone/NONCYCLONE_01486.png,0,,NI,north_indian_ocean,bay_of_bengal,2016-11-05T06:00:00Z,IMG3195,no_cyclone,,moderate,G1549
data/processed/no_cyclone/NONCYCLONE_02174.png,0,,NI,north_indian_ocean,bay_of_bengal,2016-11-29T12:00:00Z,IMG3196,no_cyclone,,easy,G0761
data/processed/no_cyclone/NONCYCLONE_02668.png,0,,NI,north_indian_ocean,bay_of_bengal,2016-11-30T00:00:00Z,IMG3197,no_cyclone,,easy,G0761
data/processed/no_cyclone/NONCYCLONE_03951.png,0,,NI,north_indian_ocean,arabian_sea,2016-12-01T00:00:00Z,IMG3198,no_cyclone,,easy,G1550
data/processed/no_cyclone/NONCYCLONE_01795.png,0,,NI,north_indian_ocean,arabian_sea,2016-12-06T06:00:00Z,IMG3201,no_cyclone,,easy,G1553
data/processed/no_cyclone/NONCYCLONE_01463.png,0,,NI,north_indian_ocean,bay_of_bengal,2016-12-07T18:00:00Z,IMG3203,no_cyclone,,easy,G0762
data/processed/no_cyclone/NONCYCLONE_03614.png,0,,NI,north_indian_ocean,bay_of_bengal,2016-12-08T12:00:00Z,IMG3204,no_cyclone,,easy,G0762
data/processed/no_cyclone/NONCYCLONE_04003.png,0,,NI,north_indian_ocean,bay_of_bengal,2016-12-09T18:00:00Z,IMG3205,no_cyclone,,easy,G0762
data/processed/no_cyclone/NONCYCLONE_03342.png,0,,NI,north_indian_ocean,bay_of_bengal,2016-12-10T06:00:00Z,IMG3206,no_cyclone,,easy,G0762
data/processed/no_cyclone/NONCYCLONE_01137.png,0,,NI,north_indian_ocean,arabian_sea,2016-12-10T12:00:00Z,IMG3207,no_cyclone,,easy,G1555
data/processed/no_cyclone/NONCYCLONE_00521.png,0,,NI,north_indian_ocean,arabian_sea,2016-12-10T18:00:00Z,IMG3208,no_cyclone,,easy,G1555
data/processed/no_cyclone/NONCYCLONE_04458.png,0,,NI,north_indian_ocean,arabian_sea,2016-12-11T12:00:00Z,IMG3209,no_cyclone,,easy,G1556
data/processed/no_cyclone/NONCYCLONE_04320.png,0,,NI,north_indian_ocean,arabian_sea,2016-12-11T18:00:00Z,IMG3210,no_cyclone,,easy,G1556
data/processed/no_cyclone/NONCYCLONE_00437.png,0,,NI,north_indian_ocean,bay_of_bengal,2016-12-13T06:00:00Z,IMG3211,no_cyclone,,easy,G1557
data/processed/no_cyclone/NONCYCLONE_04586.png,0,,NI,north_indian_ocean,bay_of_bengal,2016-12-14T00:00:00Z,IMG3212,no_cyclone,,easy,G1558
data/processed/no_cyclone/NONCYCLONE_00899.png,0,,NI,north_indian_ocean,bay_of_bengal,2016-12-14T06:00:00Z,IMG3213,no_cyclone,,easy,G1558
data/processed/no_cyclone/NONCYCLONE_04430.png,0,,NI,north_indian_ocean,bay_of_bengal,2016-12-18T18:00:00Z,IMG3218,no_cyclone,,easy,G1560
data/processed/no_cyclone/NONCYCLONE_00978.png,0,,NI,north_indian_ocean,bay_of_bengal,2016-12-19T00:00:00Z,IMG3219,no_cyclone,,easy,G1561
data/processed/no_cyclone/NONCYCLONE_03435.png,0,,NI,north_indian_ocean,arabian_sea,2017-04-16T00:00:00Z,IMG3222,no_cyclone,,easy,G0771
data/processed/no_cyclone/NONCYCLONE_00678.png,0,,NI,north_indian_ocean,bay_of_bengal,2017-04-16T06:00:00Z,IMG3223,no_cyclone,,moderate,G0771
data/processed/no_cyclone/NONCYCLONE_04170.png,0,,NI,north_indian_ocean,bay_of_bengal,2017-05-27T18:00:00Z,IMG3225,no_cyclone,,moderate,G0773
data/processed/no_cyclone/NONCYCLONE_01868.png,0,,NI,north_indian_ocean,bay_of_bengal,2017-05-28T06:00:00Z,IMG3226,no_cyclone,,easy,G0773
data/processed/no_cyclone/NONCYCLONE_00105.png,0,,NI,north_indian_ocean,arabian_sea,2017-05-28T12:00:00Z,IMG3227,no_cyclone,,hard,G0773
data/processed/no_cyclone/NONCYCLONE_04057.png,0,,NI,north_indian_ocean,bay_of_bengal,2017-05-29T00:00:00Z,IMG3228,no_cyclone,,moderate,G0773
data/processed/no_cyclone/NONCYCLONE_04571.png,0,,NI,north_indian_ocean,bay_of_bengal,2017-05-29T06:00:00Z,IMG3229,no_cyclone,,moderate,G0773
data/processed/no_cyclone/NONCYCLONE_03383.png,0,,NI,north_indian_ocean,arabian_sea,2017-05-29T12:00:00Z,IMG3230,no_cyclone,,easy,G0773
data/processed/no_cyclone/NONCYCLONE_01753.png,0,,NI,north_indian_ocean,arabian_sea,2017-05-29T18:00:00Z,IMG3231,no_cyclone,,easy,G1565
data/processed/no_cyclone/NONCYCLONE_00906.png,0,,NI,north_indian_ocean,bay_of_bengal,2017-05-30T00:00:00Z,IMG3232,no_cyclone,,hard,G1566
data/processed/no_cyclone/NONCYCLONE_02346.png,0,,NI,north_indian_ocean,bay_of_bengal,2017-06-12T00:00:00Z,IMG3233,no_cyclone,,easy,G0775
data/processed/no_cyclone/NONCYCLONE_02380.png,0,,NI,north_indian_ocean,bay_of_bengal,2017-06-12T12:00:00Z,IMG3234,no_cyclone,,easy,G0775
data/processed/no_cyclone/NONCYCLONE_01744.png,0,,NI,north_indian_ocean,bay_of_bengal,2017-06-12T18:00:00Z,IMG3235,no_cyclone,,easy,G0775
data/processed/no_cyclone/NONCYCLONE_04429.png,0,,NI,north_indian_ocean,arabian_sea,2017-07-18T00:00:00Z,IMG3236,no_cyclone,,moderate,G1567
data/processed/no_cyclone/NONCYCLONE_02653.png,0,,NI,north_indian_ocean,arabian_sea,2017-07-18T18:00:00Z,IMG3237,no_cyclone,,hard,G1568
data/processed/no_cyclone/NONCYCLONE_01145.png,0,,NI,north_indian_ocean,arabian_sea,2017-07-26T12:00:00Z,IMG3239,no_cyclone,,hard,G0782
data/processed/no_cyclone/NONCYCLONE_00986.png,0,,NI,north_indian_ocean,bay_of_bengal,2017-08-19T12:00:00Z,IMG3240,no_cyclone,,moderate,G1569
data/processed/no_cyclone/NONCYCLONE_00775.png,0,,NI,north_indian_ocean,arabian_sea,2017-08-19T18:00:00Z,IMG3241,no_cyclone,,moderate,G1569
data/processed/no_cyclone/NONCYCLONE_04464.png,0,,NI,north_indian_ocean,bay_of_bengal,2017-08-20T00:00:00Z,IMG3242,no_cyclone,,hard,G1569
data/processed/no_cyclone/NONCYCLONE_00929.png,0,,NI,north_indian_ocean,bay_of_bengal,2017-08-20T06:00:00Z,IMG3243,no_cyclone,,moderate,G1569
data/processed/no_cyclone/NONCYCLONE_04084.png,0,,NI,north_indian_ocean,bay_of_bengal,2017-08-20T18:00:00Z,IMG3244,no_cyclone,,hard,G1569
data/processed/no_cyclone/NONCYCLONE_01400.png,0,,NI,north_indian_ocean,bay_of_bengal,2017-08-21T00:00:00Z,IMG3245,no_cyclone,,moderate,G1569
data/processed/no_cyclone/NONCYCLONE_00086.png,0,,NI,north_indian_ocean,arabian_sea,2017-08-21T12:00:00Z,IMG3246,no_cyclone,,easy,G1570
data/processed/no_cyclone/NONCYCLONE_02596.png,0,,NI,north_indian_ocean,bay_of_bengal,2017-08-22T18:00:00Z,IMG3248,no_cyclone,,hard,G1572
data/processed/no_cyclone/NONCYCLONE_00362.png,0,,NI,north_indian_ocean,arabian_sea,2017-10-09T00:00:00Z,IMG3253,no_cyclone,,hard,G0793
data/processed/no_cyclone/NONCYCLONE_04302.png,0,,NI,north_indian_ocean,arabian_sea,2017-10-09T12:00:00Z,IMG3254,no_cyclone,,easy,G0793
data/processed/no_cyclone/NONCYCLONE_00793.png,0,,NI,north_indian_ocean,arabian_sea,2017-10-09T18:00:00Z,IMG3255,no_cyclone,,moderate,G0793
data/processed/no_cyclone/NONCYCLONE_01432.png,0,,NI,north_indian_ocean,arabian_sea,2017-10-10T00:00:00Z,IMG3256,no_cyclone,,hard,G0793
data/processed/no_cyclone/NONCYCLONE_00707.png,0,,NI,north_indian_ocean,bay_of_bengal,2017-11-03T12:00:00Z,IMG3257,no_cyclone,,hard,G1575
data/processed/no_cyclone/NONCYCLONE_02081.png,0,,NI,north_indian_ocean,arabian_sea,2017-11-03T18:00:00Z,IMG3258,no_cyclone,,moderate,G1575
data/processed/no_cyclone/NONCYCLONE_01586.png,0,,NI,north_indian_ocean,arabian_sea,2017-11-04T00:00:00Z,IMG3259,no_cyclone,,moderate,G1575
data/processed/no_cyclone/NONCYCLONE_02102.png,0,,NI,north_indian_ocean,arabian_sea,2017-11-04T18:00:00Z,IMG3260,no_cyclone,,moderate,G1576
data/processed/no_cyclone/NONCYCLONE_00645.png,0,,NI,north_indian_ocean,arabian_sea,2017-11-05T00:00:00Z,IMG3261,no_cyclone,,easy,G1577
data/processed/no_cyclone/NONCYCLONE_01220.png,0,,NI,north_indian_ocean,bay_of_bengal,2017-11-05T06:00:00Z,IMG3262,no_cyclone,,easy,G1576
data/processed/no_cyclone/NONCYCLONE_02487.png,0,,NI,north_indian_ocean,bay_of_bengal,2017-11-05T12:00:00Z,IMG3263,no_cyclone,,hard,G1578
data/processed/no_cyclone/NONCYCLONE_03813.png,0,,NI,north_indian_ocean,arabian_sea,2017-11-06T00:00:00Z,IMG3264,no_cyclone,,moderate,G1578
data/processed/no_cyclone/NONCYCLONE_04316.png,0,,NI,north_indian_ocean,bay_of_bengal,2017-11-06T06:00:00Z,IMG3265,no_cyclone,,moderate,G0798
data/processed/no_cyclone/NONCYCLONE_00488.png,0,,NI,north_indian_ocean,arabian_sea,2017-11-06T12:00:00Z,IMG3266,no_cyclone,,easy,G1579
data/processed/no_cyclone/NONCYCLONE_02214.png,0,,NI,north_indian_ocean,bay_of_bengal,2017-11-15T15:00:00Z,IMG3269,no_cyclone,,moderate,G0799
data/processed/no_cyclone/NONCYCLONE_02458.png,0,,NI,north_indian_ocean,bay_of_bengal,2017-11-29T06:00:00Z,IMG3272,no_cyclone,,easy,G1582
data/processed/no_cyclone/NONCYCLONE_03056.png,0,,NI,north_indian_ocean,bay_of_bengal,2017-11-29T12:00:00Z,IMG3273,no_cyclone,,easy,G1582
data/processed/no_cyclone/NONCYCLONE_00253.png,0,,NI,north_indian_ocean,bay_of_bengal,2017-11-29T18:00:00Z,IMG3274,no_cyclone,,easy,G1582
data/processed/no_cyclone/NONCYCLONE_00196.png,0,,NI,north_indian_ocean,bay_of_bengal,2017-12-02T00:00:00Z,IMG3277,no_cyclone,,easy,G1584
data/processed/no_cyclone/NONCYCLONE_00476.png,0,,NI,north_indian_ocean,bay_of_bengal,2017-12-03T12:00:00Z,IMG3279,no_cyclone,,easy,G1586
data/processed/no_cyclone/NONCYCLONE_01578.png,0,,NI,north_indian_ocean,bay_of_bengal,2017-12-06T21:00:00Z,IMG3285,no_cyclone,,easy,G1588
data/processed/no_cyclone/NONCYCLONE_02971.png,0,,NI,north_indian_ocean,arabian_sea,2017-12-07T09:00:00Z,IMG3286,no_cyclone,,easy,G1589
data/processed/no_cyclone/NONCYCLONE_02887.png,0,,NI,north_indian_ocean,bay_of_bengal,2017-12-07T15:00:00Z,IMG3287,no_cyclone,,easy,G1590
data/processed/no_cyclone/NONCYCLONE_01789.png,0,,NI,north_indian_ocean,arabian_sea,2017-12-09T09:00:00Z,IMG3288,no_cyclone,,easy,G1591
data/processed/no_cyclone/NONCYCLONE_03284.png,0,,NI,north_indian_ocean,bay_of_bengal,2018-05-18T00:00:00Z,IMG3297,no_cyclone,,easy,G1596
data/processed/no_cyclone/NONCYCLONE_03630.png,0,,NI,north_indian_ocean,arabian_sea,2018-05-18T06:00:00Z,IMG3298,no_cyclone,,moderate,G1597
data/processed/no_cyclone/NONCYCLONE_00421.png,0,,NI,north_indian_ocean,arabian_sea,2018-05-18T12:00:00Z,IMG3299,no_cyclone,,hard,G1597
data/processed/no_cyclone/NONCYCLONE_01208.png,0,,NI,north_indian_ocean,bay_of_bengal,2018-05-18T18:00:00Z,IMG3300,no_cyclone,,moderate,G1597
data/processed/no_cyclone/NONCYCLONE_02506.png,0,,NI,north_indian_ocean,arabian_sea,2018-05-21T06:00:00Z,IMG3305,no_cyclone,,hard,G1600
data/processed/no_cyclone/NONCYCLONE_01494.png,0,,NI,north_indian_ocean,bay_of_bengal,2018-05-22T18:00:00Z,IMG3308,no_cyclone,,hard,G1601
data/processed/no_cyclone/NONCYCLONE_03514.png,0,,NI,north_indian_ocean,arabian_sea,2018-05-23T12:00:00Z,IMG3311,no_cyclone,,easy,G1602
data/processed/no_cyclone/NONCYCLONE_03747.png,0,,NI,north_indian_ocean,arabian_sea,2018-05-26T12:00:00Z,IMG3319,no_cyclone,,hard,G1604
data/processed/no_cyclone/NONCYCLONE_00615.png,0,,NI,north_indian_ocean,bay_of_bengal,2018-05-26T18:00:00Z,IMG3320,no_cyclone,,moderate,G1605
data/processed/no_cyclone/NONCYCLONE_00961.png,0,,NI,north_indian_ocean,bay_of_bengal,2018-05-27T00:00:00Z,IMG3321,no_cyclone,,moderate,G1605
data/processed/no_cyclone/NONCYCLONE_01538.png,0,,NI,north_indian_ocean,bay_of_bengal,2018-05-27T06:00:00Z,IMG3322,no_cyclone,,moderate,G1605
data/processed/no_cyclone/NONCYCLONE_00186.png,0,,NI,north_indian_ocean,arabian_sea,2018-05-28T18:00:00Z,IMG3324,no_cyclone,,easy,G1606
data/processed/no_cyclone/NONCYCLONE_03376.png,0,,NI,north_indian_ocean,bay_of_bengal,2018-05-29T18:00:00Z,IMG3327,no_cyclone,,hard,G1607
data/processed/no_cyclone/NONCYCLONE_00778.png,0,,NI,north_indian_ocean,arabian_sea,2018-06-10T18:00:00Z,IMG3328,no_cyclone,,moderate,G1608
data/processed/no_cyclone/NONCYCLONE_02509.png,0,,NI,north_indian_ocean,arabian_sea,2018-07-21T09:00:00Z,IMG3330,no_cyclone,,moderate,G1610
data/processed/no_cyclone/NONCYCLONE_03255.png,0,,NI,north_indian_ocean,arabian_sea,2018-07-22T21:00:00Z,IMG3331,no_cyclone,,easy,G1611
data/processed/no_cyclone/NONCYCLONE_03216.png,0,,NI,north_indian_ocean,arabian_sea,2018-08-15T03:00:00Z,IMG3332,no_cyclone,,easy,G1612
data/processed/no_cyclone/NONCYCLONE_01666.png,0,,NI,north_indian_ocean,bay_of_bengal,2018-08-15T15:00:00Z,IMG3333,no_cyclone,,moderate,G1613
data/processed/no_cyclone/NONCYCLONE_01333.png,0,,NI,north_indian_ocean,arabian_sea,2018-09-06T00:00:00Z,IMG3336,no_cyclone,,easy,G1616
data/processed/no_cyclone/NONCYCLONE_01566.png,0,,NI,north_indian_ocean,arabian_sea,2018-09-06T12:00:00Z,IMG3337,no_cyclone,,moderate,G1616
data/processed/no_cyclone/NONCYCLONE_03962.png,0,,NI,north_indian_ocean,bay_of_bengal,2018-09-06T18:00:00Z,IMG3338,no_cyclone,,easy,G0834
data/processed/no_cyclone/NONCYCLONE_00849.png,0,,NI,north_indian_ocean,bay_of_bengal,2018-10-05T18:00:00Z,IMG3340,no_cyclone,,moderate,G1618
data/processed/no_cyclone/NONCYCLONE_03607.png,0,,NI,north_indian_ocean,bay_of_bengal,2018-10-06T00:00:00Z,IMG3341,no_cyclone,,easy,G1618
data/processed/no_cyclone/NONCYCLONE_02795.png,0,,NI,north_indian_ocean,bay_of_bengal,2018-10-06T06:00:00Z,IMG3342,no_cyclone,,moderate,G1618
data/processed/no_cyclone/NONCYCLONE_04004.png,0,,NI,north_indian_ocean,arabian_sea,2018-10-06T12:00:00Z,IMG3343,no_cyclone,,easy,G1619
data/processed/no_cyclone/NONCYCLONE_00273.png,0,,NI,north_indian_ocean,arabian_sea,2018-10-06T18:00:00Z,IMG3344,no_cyclone,,easy,G1619
data/processed/no_cyclone/NONCYCLONE_00197.png,0,,NI,north_indian_ocean,bay_of_bengal,2018-10-12T00:00:00Z,IMG3354,no_cyclone,,hard,G1621
data/processed/no_cyclone/NONCYCLONE_04480.png,0,,NI,north_indian_ocean,bay_of_bengal,2018-10-14T06:00:00Z,IMG3357,no_cyclone,,easy,G1622
data/processed/no_cyclone/NONCYCLONE_01544.png,0,,NI,north_indian_ocean,arabian_sea,2018-10-14T18:00:00Z,IMG3358,no_cyclone,,easy,G1622
data/processed/no_cyclone/NONCYCLONE_02317.png,0,,NI,north_indian_ocean,bay_of_bengal,2018-10-15T00:00:00Z,IMG3359,no_cyclone,,easy,G1623
data/processed/no_cyclone/NONCYCLONE_03080.png,0,,NI,north_indian_ocean,arabian_sea,2018-11-10T15:00:00Z,IMG3360,no_cyclone,,easy,G1624
data/processed/no_cyclone/NONCYCLONE_02293.png,0,,NI,north_indian_ocean,arabian_sea,2018-11-13T03:00:00Z,IMG3362,no_cyclone,,easy,G1626
data/processed/no_cyclone/NONCYCLONE_03658.png,0,,NI,north_indian_ocean,arabian_sea,2018-11-15T03:00:00Z,IMG3366,no_cyclone,,easy,G1628
data/processed/no_cyclone/NONCYCLONE_02544.png,0,,NI,north_indian_ocean,bay_of_bengal,2018-11-17T03:00:00Z,IMG3369,no_cyclone,,easy,G1629
data/processed/no_cyclone/NONCYCLONE_01519.png,0,,NI,north_indian_ocean,arabian_sea,2018-12-13T12:00:00Z,IMG3371,no_cyclone,,moderate,G1631
data/processed/no_cyclone/NONCYCLONE_02500.png,0,,NI,north_indian_ocean,arabian_sea,2018-12-17T06:00:00Z,IMG3375,no_cyclone,,easy,G1633
data/processed/no_cyclone/NONCYCLONE_01163.png,0,,NI,north_indian_ocean,bay_of_bengal,2019-01-02T12:00:00Z,IMG3380,no_cyclone,,easy,G1636
data/processed/no_cyclone/NONCYCLONE_01564.png,0,,NI,north_indian_ocean,bay_of_bengal,2019-01-02T18:00:00Z,IMG3381,no_cyclone,,easy,G1636
data/processed/no_cyclone/NONCYCLONE_01471.png,0,,NI,north_indian_ocean,arabian_sea,2019-01-03T12:00:00Z,IMG3382,no_cyclone,,easy,G1637
data/processed/no_cyclone/NONCYCLONE_03159.png,0,,NI,north_indian_ocean,bay_of_bengal,2019-01-04T06:00:00Z,IMG3383,no_cyclone,,moderate,G1638
data/processed/no_cyclone/NONCYCLONE_02643.png,0,,NI,north_indian_ocean,arabian_sea,2019-01-07T18:00:00Z,IMG3384,no_cyclone,,easy,G1639
data/processed/no_cyclone/NONCYCLONE_02986.png,0,,NI,north_indian_ocean,bay_of_bengal,2019-04-27T12:00:00Z,IMG3385,no_cyclone,,easy,G0861
data/processed/no_cyclone/NONCYCLONE_01465.png,0,,NI,north_indian_ocean,bay_of_bengal,2019-04-29T00:00:00Z,IMG3386,no_cyclone,,easy,G0861
data/processed/no_cyclone/NONCYCLONE_00493.png,0,,NI,north_indian_ocean,bay_of_bengal,2019-04-29T12:00:00Z,IMG3387,no_cyclone,,easy,G0861
data/processed/no_cyclone/NONCYCLONE_04428.png,0,,NI,north_indian_ocean,arabian_sea,2019-04-30T00:00:00Z,IMG3388,no_cyclone,,easy,G1640
data/processed/no_cyclone/NONCYCLONE_00384.png,0,,NI,north_indian_ocean,bay_of_bengal,2019-05-03T06:00:00Z,IMG3391,no_cyclone,,hard,G0861
data/processed/no_cyclone/NONCYCLONE_02811.png,0,,NI,north_indian_ocean,bay_of_bengal,2019-05-04T00:00:00Z,IMG3393,no_cyclone,,easy,G0861
data/processed/no_cyclone/NONCYCLONE_02960.png,0,,NI,north_indian_ocean,arabian_sea,2019-05-04T06:00:00Z,IMG3394,no_cyclone,,easy,G0861
data/processed/no_cyclone/NONCYCLONE_00434.png,0,,NI,north_indian_ocean,bay_of_bengal,2019-05-04T12:00:00Z,IMG3395,no_cyclone,,hard,G0861
data/processed/no_cyclone/NONCYCLONE_02787.png,0,,NI,north_indian_ocean,arabian_sea,2019-06-08T18:00:00Z,IMG3396,no_cyclone,,moderate,G1644
data/processed/no_cyclone/NONCYCLONE_01553.png,0,,NI,north_indian_ocean,arabian_sea,2019-06-09T00:00:00Z,IMG3397,no_cyclone,,easy,G1644
data/processed/no_cyclone/NONCYCLONE_00813.png,0,,NI,north_indian_ocean,arabian_sea,2019-06-09T18:00:00Z,IMG3398,no_cyclone,,moderate,G1645
data/processed/no_cyclone/NONCYCLONE_01647.png,0,,NI,north_indian_ocean,arabian_sea,2019-06-10T06:00:00Z,IMG3399,no_cyclone,,moderate,G1645
data/processed/no_cyclone/NONCYCLONE_02905.png,0,,NI,north_indian_ocean,bay_of_bengal,2019-06-10T18:00:00Z,IMG3400,no_cyclone,,moderate,G1646
data/processed/no_cyclone/NONCYCLONE_03381.png,0,,NI,north_indian_ocean,bay_of_bengal,2019-06-11T12:00:00Z,IMG3401,no_cyclone,,hard,G1647
data/processed/no_cyclone/NONCYCLONE_00163.png,0,,NI,north_indian_ocean,bay_of_bengal,2019-06-11T18:00:00Z,IMG3402,no_cyclone,,hard,G1647
data/processed/no_cyclone/NONCYCLONE_04416.png,0,,NI,north_indian_ocean,bay_of_bengal,2019-06-12T06:00:00Z,IMG3403,no_cyclone,,hard,G1647
data/processed/no_cyclone/NONCYCLONE_01839.png,0,,NI,north_indian_ocean,bay_of_bengal,2019-06-12T12:00:00Z,IMG3404,no_cyclone,,moderate,G1647
data/processed/no_cyclone/NONCYCLONE_04475.png,0,,NI,north_indian_ocean,bay_of_bengal,2019-06-12T18:00:00Z,IMG3405,no_cyclone,,moderate,G1647
data/processed/no_cyclone/NONCYCLONE_02159.png,0,,NI,north_indian_ocean,arabian_sea,2019-06-13T00:00:00Z,IMG3406,no_cyclone,,moderate,G1648
data/processed/no_cyclone/NONCYCLONE_01988.png,0,,NI,north_indian_ocean,arabian_sea,2019-06-13T06:00:00Z,IMG3407,no_cyclone,,easy,G1648
data/processed/no_cyclone/NONCYCLONE_03814.png,0,,NI,north_indian_ocean,bay_of_bengal,2019-06-14T00:00:00Z,IMG3408,no_cyclone,,hard,G1649
data/processed/no_cyclone/NONCYCLONE_00241.png,0,,NI,north_indian_ocean,bay_of_bengal,2019-06-14T12:00:00Z,IMG3409,no_cyclone,,hard,G1649
data/processed/no_cyclone/NONCYCLONE_02722.png,0,,NI,north_indian_ocean,arabian_sea,2019-06-15T12:00:00Z,IMG3410,no_cyclone,,moderate,G0863
data/processed/no_cyclone/NONCYCLONE_01475.png,0,,NI,north_indian_ocean,arabian_sea,2019-06-16T18:00:00Z,IMG3412,no_cyclone,,moderate,G1651
data/processed/no_cyclone/NONCYCLONE_03315.png,0,,NI,north_indian_ocean,arabian_sea,2019-06-17T12:00:00Z,IMG3413,no_cyclone,,moderate,G0863
data/processed/no_cyclone/NONCYCLONE_00869.png,0,,NI,north_indian_ocean,arabian_sea,2019-06-18T00:00:00Z,IMG3414,no_cyclone,,moderate,G0863
data/processed/no_cyclone/NONCYCLONE_00710.png,0,,NI,north_indian_ocean,arabian_sea,2019-08-07T09:00:00Z,IMG3416,no_cyclone,,moderate,G0869
data/processed/no_cyclone/NONCYCLONE_00290.png,0,,NI,north_indian_ocean,bay_of_bengal,2019-08-07T15:00:00Z,IMG3417,no_cyclone,,moderate,G0869
data/processed/no_cyclone/NONCYCLONE_00844.png,0,,NI,north_indian_ocean,bay_of_bengal,2019-08-08T21:00:00Z,IMG3420,no_cyclone,,hard,G0869
data/processed/no_cyclone/NONCYCLONE_00194.png,0,,NI,north_indian_ocean,arabian_sea,2019-08-09T03:00:00Z,IMG3421,no_cyclone,,moderate,G0869
data/processed/no_cyclone/NONCYCLONE_02892.png,0,,NI,north_indian_ocean,bay_of_bengal,2019-09-21T12:00:00Z,IMG3422,no_cyclone,,moderate,G1654
data/processed/no_cyclone/NONCYCLONE_01433.png,0,,NI,north_indian_ocean,bay_of_bengal,2019-09-22T12:00:00Z,IMG3423,no_cyclone,,moderate,G1655
data/processed/no_cyclone/NONCYCLONE_04261.png,0,,NI,north_indian_ocean,bay_of_bengal,2019-09-22T18:00:00Z,IMG3424,no_cyclone,,hard,G1655
data/processed/no_cyclone/NONCYCLONE_02910.png,0,,NI,north_indian_ocean,arabian_sea,2019-09-23T00:00:00Z,IMG3425,no_cyclone,,hard,G1655
data/processed/no_cyclone/NONCYCLONE_00020.png,0,,NI,north_indian_ocean,arabian_sea,2019-09-24T18:00:00Z,IMG3429,no_cyclone,,moderate,G1658
data/processed/no_cyclone/NONCYCLONE_03762.png,0,,NI,north_indian_ocean,arabian_sea,2019-09-30T00:00:00Z,IMG3435,no_cyclone,,hard,G0874
data/processed/no_cyclone/NONCYCLONE_00931.png,0,,NI,north_indian_ocean,arabian_sea,2019-09-30T06:00:00Z,IMG3436,no_cyclone,,easy,G0874
data/processed/no_cyclone/NONCYCLONE_03130.png,0,,NI,north_indian_ocean,arabian_sea,2019-09-30T12:00:00Z,IMG3437,no_cyclone,,moderate,G0874
data/processed/no_cyclone/NONCYCLONE_01159.png,0,,NI,north_indian_ocean,bay_of_bengal,2019-10-22T18:00:00Z,IMG3438,no_cyclone,,hard,G1659
data/processed/no_cyclone/NONCYCLONE_01872.png,0,,NI,north_indian_ocean,bay_of_bengal,2019-10-23T06:00:00Z,IMG3439,no_cyclone,,hard,G1659
data/processed/no_cyclone/NONCYCLONE_02489.png,0,,NI,north_indian_ocean,bay_of_bengal,2019-10-23T12:00:00Z,IMG3440,no_cyclone,,hard,G1659
data/processed/no_cyclone/NONCYCLONE_04319.png,0,,NI,north_indian_ocean,bay_of_bengal,2019-10-23T18:00:00Z,IMG3441,no_cyclone,,moderate,G1659
data/processed/no_cyclone/NONCYCLONE_00433.png,0,,NI,north_indian_ocean,arabian_sea,2019-10-24T00:00:00Z,IMG3442,no_cyclone,,moderate,G1659
data/processed/no_cyclone/NONCYCLONE_00799.png,0,,NI,north_indian_ocean,bay_of_bengal,2019-10-24T06:00:00Z,IMG3443,no_cyclone,,hard,G1659
data/processed/no_cyclone/NONCYCLONE_01146.png,0,,NI,north_indian_ocean,arabian_sea,2019-10-25T00:00:00Z,IMG3444,no_cyclone,,easy,G0876
data/processed/no_cyclone/NONCYCLONE_03505.png,0,,NI,north_indian_ocean,bay_of_bengal,2019-10-25T18:00:00Z,IMG3445,no_cyclone,,hard,G1660
data/processed/no_cyclone/NONCYCLONE_03446.png,0,,NI,north_indian_ocean,bay_of_bengal,2019-10-26T06:00:00Z,IMG3446,no_cyclone,,hard,G1660
data/processed/no_cyclone/NONCYCLONE_04609.png,0,,NI,north_indian_ocean,bay_of_bengal,2019-10-29T00:00:00Z,IMG3448,no_cyclone,,moderate,G1662
data/processed/no_cyclone/NONCYCLONE_00585.png,0,,NI,north_indian_ocean,bay_of_bengal,2019-10-30T00:00:00Z,IMG3449,no_cyclone,,easy,G1663
data/processed/no_cyclone/NONCYCLONE_03562.png,0,,NI,north_indian_ocean,arabian_sea,2019-10-30T06:00:00Z,IMG3450,no_cyclone,,moderate,G0876
data/processed/no_cyclone/NONCYCLONE_00839.png,0,,NI,north_indian_ocean,bay_of_bengal,2019-10-31T18:00:00Z,IMG3451,no_cyclone,,hard,G0876
data/processed/no_cyclone/NONCYCLONE_00431.png,0,,NI,north_indian_ocean,arabian_sea,2019-11-01T06:00:00Z,IMG3452,no_cyclone,,moderate,G0876
data/processed/no_cyclone/NONCYCLONE_01873.png,0,,NI,north_indian_ocean,arabian_sea,2019-11-03T00:00:00Z,IMG3453,no_cyclone,,moderate,G0876
data/processed/no_cyclone/NONCYCLONE_00335.png,0,,NI,north_indian_ocean,bay_of_bengal,2019-11-03T18:00:00Z,IMG3456,no_cyclone,,hard,G1665
data/processed/no_cyclone/NONCYCLONE_03035.png,0,,NI,north_indian_ocean,arabian_sea,2019-11-06T06:00:00Z,IMG3457,no_cyclone,,easy,G1666
data/processed/no_cyclone/NONCYCLONE_00068.png,0,,NI,north_indian_ocean,arabian_sea,2019-11-06T12:00:00Z,IMG3458,no_cyclone,,easy,G1666
data/processed/no_cyclone/NONCYCLONE_01412.png,0,,NI,north_indian_ocean,bay_of_bengal,2019-11-06T18:00:00Z,IMG3459,no_cyclone,,hard,G0876
data/processed/no_cyclone/NONCYCLONE_04522.png,0,,NI,north_indian_ocean,arabian_sea,2019-11-07T18:00:00Z,IMG3460,no_cyclone,,moderate,G0876
data/processed/no_cyclone/NONCYCLONE_03181.png,0,,NI,north_indian_ocean,arabian_sea,2019-11-08T06:00:00Z,IMG3461,no_cyclone,,hard,G0876
data/processed/no_cyclone/NONCYCLONE_01929.png,0,,NI,north_indian_ocean,bay_of_bengal,2019-11-10T18:00:00Z,IMG3463,no_cyclone,,easy,G1668
data/processed/no_cyclone/NONCYCLONE_00569.png,0,,NI,north_indian_ocean,arabian_sea,2019-12-01T12:00:00Z,IMG3464,no_cyclone,,hard,G1669
data/processed/no_cyclone/NONCYCLONE_00140.png,0,,NI,north_indian_ocean,bay_of_bengal,2019-12-01T18:00:00Z,IMG3465,no_cyclone,,easy,G1669
data/processed/no_cyclone/NONCYCLONE_00600.png,0,,NI,north_indian_ocean,bay_of_bengal,2019-12-02T00:00:00Z,IMG3466,no_cyclone,,moderate,G1669
data/processed/no_cyclone/NONCYCLONE_02093.png,0,,NI,north_indian_ocean,bay_of_bengal,2019-12-02T12:00:00Z,IMG3467,no_cyclone,,hard,G1669
data/processed/no_cyclone/NONCYCLONE_04027.png,0,,NI,north_indian_ocean,bay_of_bengal,2019-12-07T06:00:00Z,IMG3476,no_cyclone,,easy,G1672
data/processed/no_cyclone/NONCYCLONE_01383.png,0,,NI,north_indian_ocean,arabian_sea,2019-12-07T12:00:00Z,IMG3477,no_cyclone,,moderate,G1673
data/processed/no_cyclone/NONCYCLONE_01848.png,0,,NI,north_indian_ocean,arabian_sea,2019-12-07T18:00:00Z,IMG3478,no_cyclone,,moderate,G1673
data/processed/no_cyclone/NONCYCLONE_03976.png,0,,NI,north_indian_ocean,bay_of_bengal,2019-12-08T15:00:00Z,IMG3479,no_cyclone,,easy,G1674
data/processed/no_cyclone/NONCYCLONE_00081.png,0,,NI,north_indian_ocean,arabian_sea,2019-12-10T03:00:00Z,IMG3481,no_cyclone,,easy,G0879
data/processed/no_cyclone/NONCYCLONE_03513.png,0,,NI,north_indian_ocean,arabian_sea,2020-05-17T06:00:00Z,IMG3484,no_cyclone,,easy,G1677
data/processed/no_cyclone/NONCYCLONE_00423.png,0,,NI,north_indian_ocean,arabian_sea,2020-05-20T06:00:00Z,IMG3488,no_cyclone,,moderate,G1678
data/processed/no_cyclone/NONCYCLONE_04225.png,0,,NI,north_indian_ocean,arabian_sea,2020-05-20T18:00:00Z,IMG3489,no_cyclone,,easy,G1678
data/processed/no_cyclone/NONCYCLONE_02610.png,0,,NI,north_indian_ocean,arabian_sea,2020-05-21T00:00:00Z,IMG3490,no_cyclone,,hard,G1679
data/processed/no_cyclone/NONCYCLONE_00847.png,0,,NI,north_indian_ocean,bay_of_bengal,2020-05-29T09:00:00Z,IMG3493,no_cyclone,,hard,G1681
data/processed/no_cyclone/NONCYCLONE_02747.png,0,,NI,north_indian_ocean,bay_of_bengal,2020-05-29T15:00:00Z,IMG3494,no_cyclone,,hard,G1681
data/processed/no_cyclone/NONCYCLONE_01571.png,0,,NI,north_indian_ocean,bay_of_bengal,2020-05-29T21:00:00Z,IMG3495,no_cyclone,,moderate,G1681
data/processed/no_cyclone/NONCYCLONE_04258.png,0,,NI,north_indian_ocean,bay_of_bengal,2020-05-30T03:00:00Z,IMG3496,no_cyclone,,moderate,G1681
data/processed/no_cyclone/NONCYCLONE_03409.png,0,,NI,north_indian_ocean,bay_of_bengal,2020-05-30T09:00:00Z,IMG3497,no_cyclone,,moderate,G1681
data/processed/no_cyclone/NONCYCLONE_03571.png,0,,NI,north_indian_ocean,bay_of_bengal,2020-05-30T15:00:00Z,IMG3498,no_cyclone,,moderate,G1681
data/processed/no_cyclone/NONCYCLONE_02497.png,0,,NI,north_indian_ocean,bay_of_bengal,2020-05-31T09:00:00Z,IMG3499,no_cyclone,,moderate,G1682
data/processed/no_cyclone/NONCYCLONE_00494.png,0,,NI,north_indian_ocean,bay_of_bengal,2020-05-31T18:00:00Z,IMG3500,no_cyclone,,hard,G0894
data/processed/no_cyclone/NONCYCLONE_02185.png,0,,NI,north_indian_ocean,bay_of_bengal,2020-06-01T06:00:00Z,IMG3501,no_cyclone,,easy,G0894
data/processed/no_cyclone/NONCYCLONE_04539.png,0,,NI,north_indian_ocean,bay_of_bengal,2020-06-01T12:00:00Z,IMG3502,no_cyclone,,hard,G0894
data/processed/no_cyclone/NONCYCLONE_03875.png,0,,NI,north_indian_ocean,bay_of_bengal,2020-06-01T18:00:00Z,IMG3503,no_cyclone,,easy,G0894
data/processed/no_cyclone/NONCYCLONE_03804.png,0,,NI,north_indian_ocean,bay_of_bengal,2020-06-02T00:00:00Z,IMG3504,no_cyclone,,moderate,G0894
data/processed/no_cyclone/NONCYCLONE_02281.png,0,,NI,north_indian_ocean,arabian_sea,2020-06-02T12:00:00Z,IMG3505,no_cyclone,,hard,G0894
data/processed/no_cyclone/NONCYCLONE_00109.png,0,,NI,north_indian_ocean,arabian_sea,2020-10-11T12:00:00Z,IMG3509,no_cyclone,,moderate,G1685
data/processed/no_cyclone/NONCYCLONE_01359.png,0,,NI,north_indian_ocean,arabian_sea,2020-10-11T18:00:00Z,IMG3510,no_cyclone,,easy,G1686
data/processed/no_cyclone/NONCYCLONE_03239.png,0,,NI,north_indian_ocean,bay_of_bengal,2020-10-12T06:00:00Z,IMG3511,no_cyclone,,hard,G1687
data/processed/no_cyclone/NONCYCLONE_01539.png,0,,NI,north_indian_ocean,bay_of_bengal,2020-10-12T12:00:00Z,IMG3512,no_cyclone,,hard,G1687
data/processed/no_cyclone/NONCYCLONE_04312.png,0,,NI,north_indian_ocean,bay_of_bengal,2020-10-22T03:00:00Z,IMG3522,no_cyclone,,moderate,G0906
data/processed/no_cyclone/NONCYCLONE_03731.png,0,,NI,north_indian_ocean,arabian_sea,2020-10-22T09:00:00Z,IMG3523,no_cyclone,,easy,G1688
data/processed/no_cyclone/NONCYCLONE_02957.png,0,,NI,north_indian_ocean,bay_of_bengal,2020-11-21T00:00:00Z,IMG3524,no_cyclone,,easy,G1689
data/processed/no_cyclone/NONCYCLONE_03761.png,0,,NI,north_indian_ocean,arabian_sea,2020-11-21T06:00:00Z,IMG3525,no_cyclone,,moderate,G1690
data/processed/no_cyclone/NONCYCLONE_00742.png,0,,NI,north_indian_ocean,bay_of_bengal,2020-11-22T00:00:00Z,IMG3526,no_cyclone,,hard,G1691
data/processed/no_cyclone/NONCYCLONE_00662.png,0,,NI,north_indian_ocean,bay_of_bengal,2020-11-24T18:00:00Z,IMG3529,no_cyclone,,easy,G0909
data/processed/no_cyclone/NONCYCLONE_03371.png,0,,NI,north_indian_ocean,bay_of_bengal,2020-11-25T06:00:00Z,IMG3530,no_cyclone,,hard,G0909
data/processed/no_cyclone/NONCYCLONE_01981.png,0,,NI,north_indian_ocean,bay_of_bengal,2020-11-25T12:00:00Z,IMG3531,no_cyclone,,moderate,G0909
data/processed/no_cyclone/NONCYCLONE_03735.png,0,,NI,north_indian_ocean,arabian_sea,2020-11-26T06:00:00Z,IMG3532,no_cyclone,,easy,G0909
data/processed/no_cyclone/NONCYCLONE_01118.png,0,,NI,north_indian_ocean,arabian_sea,2020-11-26T18:00:00Z,IMG3533,no_cyclone,,easy,G1693
data/processed/no_cyclone/NONCYCLONE_00690.png,0,,NI,north_indian_ocean,bay_of_bengal,2020-11-27T06:00:00Z,IMG3534,no_cyclone,,hard,G1694
data/processed/no_cyclone/NONCYCLONE_00718.png,0,,NI,north_indian_ocean,bay_of_bengal,2020-11-27T12:00:00Z,IMG3535,no_cyclone,,easy,G1695
data/processed/no_cyclone/NONCYCLONE_01954.png,0,,NI,north_indian_ocean,arabian_sea,2020-12-01T00:00:00Z,IMG3537,no_cyclone,,easy,G1697
data/processed/no_cyclone/NONCYCLONE_01240.png,0,,NI,north_indian_ocean,bay_of_bengal,2020-12-18T06:00:00Z,IMG3543,no_cyclone,,hard,G1698
data/processed/no_cyclone/NONCYCLONE_04576.png,0,,NI,north_indian_ocean,bay_of_bengal,2020-12-18T12:00:00Z,IMG3544,no_cyclone,,easy,G1698
data/processed/no_cyclone/NONCYCLONE_02103.png,0,,NI,north_indian_ocean,arabian_sea,2020-12-19T06:00:00Z,IMG3545,no_cyclone,,easy,G1699
data/processed/no_cyclone/NONCYCLONE_01688.png,0,,NI,north_indian_ocean,bay_of_bengal,2020-12-20T00:00:00Z,IMG3546,no_cyclone,,hard,G1700
data/processed/no_cyclone/NONCYCLONE_02877.png,0,,NI,north_indian_ocean,arabian_sea,2020-12-21T12:00:00Z,IMG3547,no_cyclone,,moderate,G1701
data/processed/no_cyclone/NONCYCLONE_00363.png,0,,NI,north_indian_ocean,bay_of_bengal,2020-12-22T18:00:00Z,IMG3550,no_cyclone,,moderate,G1703
data/processed/no_cyclone/NONCYCLONE_02350.png,0,,NI,north_indian_ocean,bay_of_bengal,2020-12-23T00:00:00Z,IMG3551,no_cyclone,,moderate,G1703
data/processed/no_cyclone/NONCYCLONE_01628.png,0,,NI,north_indian_ocean,arabian_sea,2020-12-23T06:00:00Z,IMG3552,no_cyclone,,easy,G1704
data/processed/no_cyclone/NONCYCLONE_03816.png,0,,NI,north_indian_ocean,bay_of_bengal,2020-12-24T00:00:00Z,IMG3553,no_cyclone,,easy,G0913
data/processed/no_cyclone/NONCYCLONE_01441.png,0,,NI,north_indian_ocean,arabian_sea,2020-12-24T06:00:00Z,IMG3554,no_cyclone,,easy,G0913
data/processed/no_cyclone/NONCYCLONE_02105.png,0,,NI,north_indian_ocean,arabian_sea,2020-12-24T12:00:00Z,IMG3555,no_cyclone,,easy,G1705
data/processed/no_cyclone/NONCYCLONE_01344.png,0,,NI,north_indian_ocean,bay_of_bengal,2020-12-24T18:00:00Z,IMG3556,no_cyclone,,easy,G0913
data/processed/no_cyclone/NONCYCLONE_02320.png,0,,NI,north_indian_ocean,bay_of_bengal,2020-12-25T06:00:00Z,IMG3557,no_cyclone,,easy,G0913
data/processed/no_cyclone/NONCYCLONE_02655.png,0,,NI,north_indian_ocean,bay_of_bengal,2020-12-25T12:00:00Z,IMG3558,no_cyclone,,easy,G0913
data/processed/no_cyclone/NONCYCLONE_03931.png,0,,NI,north_indian_ocean,bay_of_bengal,2021-04-03T00:00:00Z,IMG3559,no_cyclone,,moderate,G1706
data/processed/no_cyclone/NONCYCLONE_00603.png,0,,NI,north_indian_ocean,bay_of_bengal,2021-05-13T06:00:00Z,IMG3560,no_cyclone,,easy,G1707
data/processed/no_cyclone/NONCYCLONE_00267.png,0,,NI,north_indian_ocean,arabian_sea,2021-05-13T12:00:00Z,IMG3561,no_cyclone,,moderate,G1708
data/processed/no_cyclone/NONCYCLONE_03878.png,0,,NI,north_indian_ocean,arabian_sea,2021-05-13T18:00:00Z,IMG3562,no_cyclone,,hard,G1708
data/processed/no_cyclone/NONCYCLONE_02623.png,0,,NI,north_indian_ocean,arabian_sea,2021-05-14T00:00:00Z,IMG3563,no_cyclone,,moderate,G1708
data/processed/no_cyclone/NONCYCLONE_00894.png,0,,NI,north_indian_ocean,arabian_sea,2021-05-15T06:00:00Z,IMG3564,no_cyclone,,easy,G0925
data/processed/no_cyclone/NONCYCLONE_00507.png,0,,NI,north_indian_ocean,bay_of_bengal,2021-05-15T18:00:00Z,IMG3565,no_cyclone,,easy,G0925
data/processed/no_cyclone/NONCYCLONE_04391.png,0,,NI,north_indian_ocean,arabian_sea,2021-05-16T18:00:00Z,IMG3566,no_cyclone,,hard,G0925
data/processed/no_cyclone/NONCYCLONE_04172.png,0,,NI,north_indian_ocean,arabian_sea,2021-05-17T06:00:00Z,IMG3568,no_cyclone,,moderate,G0925
data/processed/no_cyclone/NONCYCLONE_03499.png,0,,NI,north_indian_ocean,arabian_sea,2021-05-17T12:00:00Z,IMG3569,no_cyclone,,easy,G0925
data/processed/no_cyclone/NONCYCLONE_00412.png,0,,NI,north_indian_ocean,bay_of_bengal,2021-05-18T06:00:00Z,IMG3570,no_cyclone,,moderate,G0925
data/processed/no_cyclone/NONCYCLONE_02438.png,0,,NI,north_indian_ocean,bay_of_bengal,2021-05-18T18:00:00Z,IMG3571,no_cyclone,,hard,G0925
data/processed/no_cyclone/NONCYCLONE_02071.png,0,,NI,north_indian_ocean,arabian_sea,2021-05-23T12:00:00Z,IMG3572,no_cyclone,,easy,G1710
data/processed/no_cyclone/NONCYCLONE_03004.png,0,,NI,north_indian_ocean,arabian_sea,2021-05-23T18:00:00Z,IMG3573,no_cyclone,,easy,G1710
data/processed/no_cyclone/NONCYCLONE_01912.png,0,,NI,north_indian_ocean,bay_of_bengal,2021-05-24T06:00:00Z,IMG3574,no_cyclone,,hard,G1711
data/processed/no_cyclone/NONCYCLONE_00762.png,0,,NI,north_indian_ocean,arabian_sea,2021-05-25T06:00:00Z,IMG3575,no_cyclone,,hard,G1712
data/processed/no_cyclone/NONCYCLONE_02277.png,0,,NI,north_indian_ocean,bay_of_bengal,2021-05-25T18:00:00Z,IMG3576,no_cyclone,,hard,G1712
data/processed/no_cyclone/NONCYCLONE_03394.png,0,,NI,north_indian_ocean,arabian_sea,2021-05-26T18:00:00Z,IMG3577,no_cyclone,,moderate,G0926
data/processed/no_cyclone/NONCYCLONE_00524.png,0,,NI,north_indian_ocean,bay_of_bengal,2021-05-27T06:00:00Z,IMG3578,no_cyclone,,moderate,G0926
data/processed/no_cyclone/NONCYCLONE_02195.png,0,,NI,north_indian_ocean,bay_of_bengal,2021-05-27T12:00:00Z,IMG3579,no_cyclone,,hard,G0926
data/processed/no_cyclone/NONCYCLONE_03151.png,0,,NI,north_indian_ocean,bay_of_bengal,2021-05-27T18:00:00Z,IMG3580,no_cyclone,,easy,G0926
data/processed/no_cyclone/NONCYCLONE_04251.png,0,,NI,north_indian_ocean,arabian_sea,2021-09-12T18:00:00Z,IMG3581,no_cyclone,,moderate,G1713
data/processed/no_cyclone/NONCYCLONE_03768.png,0,,NI,north_indian_ocean,bay_of_bengal,2021-09-13T06:00:00Z,IMG3582,no_cyclone,,easy,G1714
data/processed/no_cyclone/NONCYCLONE_00321.png,0,,NI,north_indian_ocean,arabian_sea,2021-09-13T12:00:00Z,IMG3583,no_cyclone,,moderate,G0933
data/processed/no_cyclone/NONCYCLONE_00803.png,0,,NI,north_indian_ocean,arabian_sea,2021-09-14T12:00:00Z,IMG3584,no_cyclone,,moderate,G1715
data/processed/no_cyclone/NONCYCLONE_02551.png,0,,NI,north_indian_ocean,bay_of_bengal,2021-09-14T18:00:00Z,IMG3585,no_cyclone,,hard,G0933
data/processed/no_cyclone/NONCYCLONE_03600.png,0,,NI,north_indian_ocean,bay_of_bengal,2021-09-21T12:00:00Z,IMG3586,no_cyclone,,hard,G1716
data/processed/no_cyclone/NONCYCLONE_02205.png,0,,NI,north_indian_ocean,bay_of_bengal,2021-09-22T00:00:00Z,IMG3587,no_cyclone,,hard,G1716
data/processed/no_cyclone/NONCYCLONE_01514.png,0,,NI,north_indian_ocean,arabian_sea,2021-09-23T00:00:00Z,IMG3588,no_cyclone,,hard,G1717
data/processed/no_cyclone/NONCYCLONE_00750.png,0,,NI,north_indian_ocean,arabian_sea,2021-09-23T12:00:00Z,IMG3590,no_cyclone,,moderate,G1717
data/processed/no_cyclone/NONCYCLONE_04096.png,0,,NI,north_indian_ocean,arabian_sea,2021-09-24T00:00:00Z,IMG3591,no_cyclone,,easy,G1717
data/processed/no_cyclone/NONCYCLONE_01214.png,0,,NI,north_indian_ocean,arabian_sea,2021-09-24T12:00:00Z,IMG3592,no_cyclone,,easy,G1717
data/processed/no_cyclone/NONCYCLONE_02015.png,0,,NI,north_indian_ocean,arabian_sea,2021-09-25T12:00:00Z,IMG3595,no_cyclone,,hard,G1719
data/processed/no_cyclone/NONCYCLONE_02842.png,0,,NI,north_indian_ocean,bay_of_bengal,2021-09-26T06:00:00Z,IMG3596,no_cyclone,,hard,G1720
data/processed/no_cyclone/NONCYCLONE_01283.png,0,,NI,north_indian_ocean,arabian_sea,2021-09-26T12:00:00Z,IMG3597,no_cyclone,,moderate,G1721
data/processed/no_cyclone/NONCYCLONE_02924.png,0,,NI,north_indian_ocean,bay_of_bengal,2021-09-27T06:00:00Z,IMG3598,no_cyclone,,hard,G1722
data/processed/no_cyclone/NONCYCLONE_03528.png,0,,NI,north_indian_ocean,arabian_sea,2021-09-27T12:00:00Z,IMG3599,no_cyclone,,hard,G1722
data/processed/no_cyclone/NONCYCLONE_02298.png,0,,NI,north_indian_ocean,bay_of_bengal,2021-09-27T18:00:00Z,IMG3600,no_cyclone,,moderate,G1722
data/processed/no_cyclone/NONCYCLONE_02521.png,0,,NI,north_indian_ocean,bay_of_bengal,2021-09-28T06:00:00Z,IMG3601,no_cyclone,,moderate,G1722
data/processed/no_cyclone/NONCYCLONE_02968.png,0,,NI,north_indian_ocean,bay_of_bengal,2021-09-29T06:00:00Z,IMG3602,no_cyclone,,moderate,G1723
data/processed/no_cyclone/NONCYCLONE_00530.png,0,,NI,north_indian_ocean,bay_of_bengal,2021-09-29T12:00:00Z,IMG3603,no_cyclone,,moderate,G1724
data/processed/no_cyclone/NONCYCLONE_00152.png,0,,NI,north_indian_ocean,bay_of_bengal,2021-10-01T00:00:00Z,IMG3604,no_cyclone,,easy,G1725
data/processed/no_cyclone/NONCYCLONE_01682.png,0,,NI,north_indian_ocean,arabian_sea,2021-10-01T06:00:00Z,IMG3605,no_cyclone,,easy,G1726
data/processed/no_cyclone/NONCYCLONE_04212.png,0,,NI,north_indian_ocean,arabian_sea,2021-10-01T12:00:00Z,IMG3606,no_cyclone,,hard,G1727
data/processed/no_cyclone/NONCYCLONE_02061.png,0,,NI,north_indian_ocean,bay_of_bengal,2021-10-02T06:00:00Z,IMG3607,no_cyclone,,easy,G1728
data/processed/no_cyclone/NONCYCLONE_00679.png,0,,NI,north_indian_ocean,bay_of_bengal,2021-10-02T12:00:00Z,IMG3608,no_cyclone,,moderate,G1728
data/processed/no_cyclone/NONCYCLONE_03686.png,0,,NI,north_indian_ocean,arabian_sea,2021-10-04T06:00:00Z,IMG3613,no_cyclone,,hard,G1729
data/processed/no_cyclone/NONCYCLONE_01520.png,0,,NI,north_indian_ocean,bay_of_bengal,2021-10-08T09:00:00Z,IMG3617,no_cyclone,,moderate,G0936
data/processed/no_cyclone/NONCYCLONE_04333.png,0,,NI,north_indian_ocean,arabian_sea,2021-10-08T15:00:00Z,IMG3618,no_cyclone,,hard,G0936
data/processed/no_cyclone/NONCYCLONE_04087.png,0,,NI,north_indian_ocean,bay_of_bengal,2021-11-08T06:00:00Z,IMG3619,no_cyclone,,easy,G1731
data/processed/no_cyclone/NONCYCLONE_00545.png,0,,NI,north_indian_ocean,arabian_sea,2021-11-08T18:00:00Z,IMG3620,no_cyclone,,easy,G1732
data/processed/no_cyclone/NONCYCLONE_04489.png,0,,NI,north_indian_ocean,arabian_sea,2021-11-09T18:00:00Z,IMG3621,no_cyclone,,easy,G1733
data/processed/no_cyclone/NONCYCLONE_02778.png,0,,NI,north_indian_ocean,bay_of_bengal,2021-11-10T00:00:00Z,IMG3622,no_cyclone,,easy,G1734
data/processed/no_cyclone/NONCYCLONE_00080.png,0,,NI,north_indian_ocean,bay_of_bengal,2021-11-10T06:00:00Z,IMG3623,no_cyclone,,easy,G1734
data/processed/no_cyclone/NONCYCLONE_03987.png,0,,NI,north_indian_ocean,bay_of_bengal,2021-11-10T18:00:00Z,IMG3624,no_cyclone,,moderate,G1734
data/processed/no_cyclone/NONCYCLONE_01651.png,0,,NI,north_indian_ocean,arabian_sea,2021-11-11T00:00:00Z,IMG3625,no_cyclone,,moderate,G1735
data/processed/no_cyclone/NONCYCLONE_02104.png,0,,NI,north_indian_ocean,bay_of_bengal,2021-11-11T06:00:00Z,IMG3626,no_cyclone,,easy,G1734
data/processed/no_cyclone/NONCYCLONE_02938.png,0,,NI,north_indian_ocean,bay_of_bengal,2021-11-18T03:00:00Z,IMG3627,no_cyclone,,hard,G1736
data/processed/no_cyclone/NONCYCLONE_02943.png,0,,NI,north_indian_ocean,arabian_sea,2021-11-18T09:00:00Z,IMG3628,no_cyclone,,moderate,G0938
data/processed/no_cyclone/NONCYCLONE_01518.png,0,,NI,north_indian_ocean,bay_of_bengal,2021-12-01T12:00:00Z,IMG3629,no_cyclone,,easy,G1737
data/processed/no_cyclone/NONCYCLONE_03498.png,0,,NI,north_indian_ocean,bay_of_bengal,2021-12-04T12:00:00Z,IMG3633,no_cyclone,,easy,G0939
data/processed/no_cyclone/NONCYCLONE_00983.png,0,,NI,north_indian_ocean,bay_of_bengal,2021-12-04T18:00:00Z,IMG3634,no_cyclone,,easy,G0939
data/processed/no_cyclone/NONCYCLONE_04582.png,0,,NI,north_indian_ocean,bay_of_bengal,2021-12-06T00:00:00Z,IMG3637,no_cyclone,,moderate,G1741
data/processed/no_cyclone/NONCYCLONE_04284.png,0,,NI,north_indian_ocean,arabian_sea,2022-03-03T12:00:00Z,IMG3638,no_cyclone,,easy,G1742
data/processed/no_cyclone/NONCYCLONE_04294.png,0,,NI,north_indian_ocean,bay_of_bengal,2022-03-03T18:00:00Z,IMG3639,no_cyclone,,moderate,G0948
data/processed/no_cyclone/NONCYCLONE_00835.png,0,,NI,north_indian_ocean,bay_of_bengal,2022-03-04T00:00:00Z,IMG3640,no_cyclone,,easy,G0948
data/processed/no_cyclone/NONCYCLONE_01111.png,0,,NI,north_indian_ocean,bay_of_bengal,2022-03-04T12:00:00Z,IMG3641,no_cyclone,,moderate,G0948
data/processed/no_cyclone/NONCYCLONE_01911.png,0,,NI,north_indian_ocean,arabian_sea,2022-03-06T18:00:00Z,IMG3642,no_cyclone,,easy,G1743
data/processed/no_cyclone/NONCYCLONE_01457.png,0,,NI,north_indian_ocean,arabian_sea,2022-05-05T18:00:00Z,IMG3649,no_cyclone,,hard,G1745
data/processed/no_cyclone/NONCYCLONE_02189.png,0,,NI,north_indian_ocean,arabian_sea,2022-05-06T00:00:00Z,IMG3650,no_cyclone,,moderate,G1745
data/processed/no_cyclone/NONCYCLONE_02016.png,0,,NI,north_indian_ocean,arabian_sea,2022-05-06T12:00:00Z,IMG3651,no_cyclone,,moderate,G1745
data/processed/no_cyclone/NONCYCLONE_02575.png,0,,NI,north_indian_ocean,bay_of_bengal,2022-05-09T06:00:00Z,IMG3653,no_cyclone,,moderate,G1747
data/processed/no_cyclone/NONCYCLONE_02709.png,0,,NI,north_indian_ocean,bay_of_bengal,2022-05-10T06:00:00Z,IMG3654,no_cyclone,,hard,G1748
data/processed/no_cyclone/NONCYCLONE_02264.png,0,,NI,north_indian_ocean,arabian_sea,2022-05-10T18:00:00Z,IMG3655,no_cyclone,,moderate,G1748
data/processed/no_cyclone/NONCYCLONE_00649.png,0,,NI,north_indian_ocean,arabian_sea,2022-05-11T00:00:00Z,IMG3656,no_cyclone,,easy,G1749
data/processed/no_cyclone/NONCYCLONE_03205.png,0,,NI,north_indian_ocean,bay_of_bengal,2022-05-11T06:00:00Z,IMG3657,no_cyclone,,moderate,G0954
data/processed/no_cyclone/NONCYCLONE_04372.png,0,,NI,north_indian_ocean,bay_of_bengal,2022-05-11T12:00:00Z,IMG3658,no_cyclone,,hard,G0954
data/processed/no_cyclone/NONCYCLONE_01814.png,0,,NI,north_indian_ocean,bay_of_bengal,2022-05-12T06:00:00Z,IMG3659,no_cyclone,,easy,G1750
data/processed/no_cyclone/NONCYCLONE_02463.png,0,,NI,north_indian_ocean,bay_of_bengal,2022-07-16T03:00:00Z,IMG3663,no_cyclone,,moderate,G1752
data/processed/no_cyclone/NONCYCLONE_00221.png,0,,NI,north_indian_ocean,bay_of_bengal,2022-07-16T09:00:00Z,IMG3664,no_cyclone,,hard,G1752
data/processed/no_cyclone/NONCYCLONE_01354.png,0,,NI,north_indian_ocean,arabian_sea,2022-07-16T15:00:00Z,IMG3665,no_cyclone,,moderate,G0958
data/processed/no_cyclone/NONCYCLONE_03969.png,0,,NI,north_indian_ocean,arabian_sea,2022-07-16T21:00:00Z,IMG3666,no_cyclone,,hard,G0958
data/processed/no_cyclone/NONCYCLONE_00842.png,0,,NI,north_indian_ocean,arabian_sea,2022-07-17T03:00:00Z,IMG3667,no_cyclone,,hard,G0958
data/processed/no_cyclone/NONCYCLONE_04565.png,0,,NI,north_indian_ocean,bay_of_bengal,2022-07-17T09:00:00Z,IMG3668,no_cyclone,,hard,G0958
data/processed/no_cyclone/NONCYCLONE_01177.png,0,,NI,north_indian_ocean,arabian_sea,2022-08-09T09:00:00Z,IMG3669,no_cyclone,,moderate,G1753
data/processed/no_cyclone/NONCYCLONE_01107.png,0,,NI,north_indian_ocean,arabian_sea,2022-08-11T18:00:00Z,IMG3670,no_cyclone,,moderate,G0965
data/processed/no_cyclone/NONCYCLONE_04415.png,0,,NI,north_indian_ocean,bay_of_bengal,2022-08-12T00:00:00Z,IMG3671,no_cyclone,,hard,G1754
data/processed/no_cyclone/NONCYCLONE_02002.png,0,,NI,north_indian_ocean,bay_of_bengal,2022-08-12T12:00:00Z,IMG3672,no_cyclone,,hard,G1754
data/processed/no_cyclone/NONCYCLONE_03230.png,0,,NI,north_indian_ocean,arabian_sea,2022-08-12T18:00:00Z,IMG3673,no_cyclone,,easy,G0965
data/processed/no_cyclone/NONCYCLONE_01144.png,0,,NI,north_indian_ocean,bay_of_bengal,2022-08-13T00:00:00Z,IMG3674,no_cyclone,,hard,G1754
data/processed/no_cyclone/NONCYCLONE_02618.png,0,,NI,north_indian_ocean,arabian_sea,2022-08-13T12:00:00Z,IMG3675,no_cyclone,,moderate,G0965
data/processed/no_cyclone/NONCYCLONE_02765.png,0,,NI,north_indian_ocean,bay_of_bengal,2022-08-14T00:00:00Z,IMG3676,no_cyclone,,hard,G0965
data/processed/no_cyclone/NONCYCLONE_02699.png,0,,NI,north_indian_ocean,arabian_sea,2022-08-15T03:00:00Z,IMG3678,no_cyclone,,moderate,G1756
data/processed/no_cyclone/NONCYCLONE_00231.png,0,,NI,north_indian_ocean,arabian_sea,2022-08-15T09:00:00Z,IMG3679,no_cyclone,,hard,G1756
data/processed/no_cyclone/NONCYCLONE_04535.png,0,,NI,north_indian_ocean,bay_of_bengal,2022-08-15T15:00:00Z,IMG3680,no_cyclone,,hard,G0966
data/processed/no_cyclone/NONCYCLONE_00192.png,0,,NI,north_indian_ocean,arabian_sea,2022-08-15T21:00:00Z,IMG3681,no_cyclone,,hard,G1756
data/processed/no_cyclone/NONCYCLONE_00309.png,0,,NI,north_indian_ocean,bay_of_bengal,2022-08-16T03:00:00Z,IMG3682,no_cyclone,,moderate,G0966
data/processed/no_cyclone/NONCYCLONE_03403.png,0,,NI,north_indian_ocean,arabian_sea,2022-08-17T12:00:00Z,IMG3683,no_cyclone,,moderate,G1757
data/processed/no_cyclone/NONCYCLONE_00031.png,0,,NI,north_indian_ocean,bay_of_bengal,2022-08-19T00:00:00Z,IMG3685,no_cyclone,,moderate,G1759
data/processed/no_cyclone/NONCYCLONE_03623.png,0,,NI,north_indian_ocean,arabian_sea,2022-08-19T12:00:00Z,IMG3686,no_cyclone,,moderate,G1760
data/processed/no_cyclone/NONCYCLONE_00115.png,0,,NI,north_indian_ocean,arabian_sea,2022-08-19T18:00:00Z,IMG3687,no_cyclone,,moderate,G1760
data/processed/no_cyclone/NONCYCLONE_00795.png,0,,NI,north_indian_ocean,arabian_sea,2022-08-20T00:00:00Z,IMG3688,no_cyclone,,moderate,G1760
data/processed/no_cyclone/NONCYCLONE_00666.png,0,,NI,north_indian_ocean,arabian_sea,2022-08-20T06:00:00Z,IMG3689,no_cyclone,,easy,G1760
data/processed/no_cyclone/NONCYCLONE_02405.png,0,,NI,north_indian_ocean,arabian_sea,2022-08-21T06:00:00Z,IMG3691,no_cyclone,,easy,G1762
data/processed/no_cyclone/NONCYCLONE_02039.png,0,,NI,north_indian_ocean,arabian_sea,2022-08-21T12:00:00Z,IMG3692,no_cyclone,,hard,G1763
data/processed/no_cyclone/NONCYCLONE_01059.png,0,,NI,north_indian_ocean,bay_of_bengal,2022-08-21T18:00:00Z,IMG3693,no_cyclone,,moderate,G0967
data/processed/no_cyclone/NONCYCLONE_01080.png,0,,NI,north_indian_ocean,bay_of_bengal,2022-08-22T00:00:00Z,IMG3694,no_cyclone,,hard,G0967
data/processed/no_cyclone/NONCYCLONE_01649.png,0,,NI,north_indian_ocean,bay_of_bengal,2022-08-22T12:00:00Z,IMG3695,no_cyclone,,moderate,G0967
data/processed/no_cyclone/NONCYCLONE_04583.png,0,,NI,north_indian_ocean,bay_of_bengal,2022-08-23T00:00:00Z,IMG3696,no_cyclone,,hard,G0967
data/processed/no_cyclone/NONCYCLONE_02821.png,0,,NI,north_indian_ocean,arabian_sea,2022-09-11T06:00:00Z,IMG3697,no_cyclone,,hard,G0969
data/processed/no_cyclone/NONCYCLONE_00985.png,0,,NI,north_indian_ocean,arabian_sea,2022-09-11T18:00:00Z,IMG3698,no_cyclone,,moderate,G0969
data/processed/no_cyclone/NONCYCLONE_00565.png,0,,NI,north_indian_ocean,arabian_sea,2022-10-22T00:00:00Z,IMG3699,no_cyclone,,easy,G1764
data/processed/no_cyclone/NONCYCLONE_00153.png,0,,NI,north_indian_ocean,bay_of_bengal,2022-10-22T06:00:00Z,IMG3700,no_cyclone,,easy,G0974
data/processed/no_cyclone/NONCYCLONE_01831.png,0,,NI,north_indian_ocean,bay_of_bengal,2022-10-22T12:00:00Z,IMG3701,no_cyclone,,hard,G0974
data/processed/no_cyclone/NONCYCLONE_00368.png,0,,NI,north_indian_ocean,bay_of_bengal,2022-10-23T12:00:00Z,IMG3702,no_cyclone,,moderate,G0974
data/processed/no_cyclone/NONCYCLONE_00385.png,0,,NI,north_indian_ocean,bay_of_bengal,2022-10-23T18:00:00Z,IMG3703,no_cyclone,,moderate,G0974
data/processed/no_cyclone/NONCYCLONE_01905.png,0,,NI,north_indian_ocean,arabian_sea,2022-10-24T00:00:00Z,IMG3704,no_cyclone,,moderate,G1765
data/processed/no_cyclone/NONCYCLONE_01136.png,0,,NI,north_indian_ocean,arabian_sea,2022-10-24T06:00:00Z,IMG3705,no_cyclone,,moderate,G1765
data/processed/no_cyclone/NONCYCLONE_03575.png,0,,NI,north_indian_ocean,arabian_sea,2022-10-24T18:00:00Z,IMG3706,no_cyclone,,moderate,G1765
data/processed/no_cyclone/NONCYCLONE_03998.png,0,,NI,north_indian_ocean,arabian_sea,2022-11-20T00:00:00Z,IMG3707,no_cyclone,,easy,G1766
data/processed/no_cyclone/NONCYCLONE_00595.png,0,,NI,north_indian_ocean,arabian_sea,2022-11-20T18:00:00Z,IMG3709,no_cyclone,,easy,G1767
data/processed/no_cyclone/NONCYCLONE_01776.png,0,,NI,north_indian_ocean,arabian_sea,2022-12-04T00:00:00Z,IMG3711,no_cyclone,,moderate,G1769
data/processed/no_cyclone/NONCYCLONE_03500.png,0,,NI,north_indian_ocean,bay_of_bengal,2022-12-04T18:00:00Z,IMG3712,no_cyclone,,easy,G1770
data/processed/no_cyclone/NONCYCLONE_02493.png,0,,NI,north_indian_ocean,arabian_sea,2022-12-05T06:00:00Z,IMG3713,no_cyclone,,hard,G1771
data/processed/no_cyclone/NONCYCLONE_03521.png,0,,NI,north_indian_ocean,arabian_sea,2022-12-05T18:00:00Z,IMG3714,no_cyclone,,easy,G1772
data/processed/no_cyclone/NONCYCLONE_02792.png,0,,NI,north_indian_ocean,arabian_sea,2022-12-06T00:00:00Z,IMG3715,no_cyclone,,moderate,G0976
data/processed/no_cyclone/NONCYCLONE_04425.png,0,,NI,north_indian_ocean,arabian_sea,2022-12-06T12:00:00Z,IMG3716,no_cyclone,,moderate,G0976
data/processed/no_cyclone/NONCYCLONE_04340.png,0,,NI,north_indian_ocean,arabian_sea,2022-12-06T18:00:00Z,IMG3717,no_cyclone,,moderate,G0976
data/processed/no_cyclone/NONCYCLONE_00845.png,0,,NI,north_indian_ocean,bay_of_bengal,2022-12-07T00:00:00Z,IMG3718,no_cyclone,,easy,G0976
data/processed/no_cyclone/NONCYCLONE_00695.png,0,,NI,north_indian_ocean,bay_of_bengal,2022-12-07T12:00:00Z,IMG3719,no_cyclone,,moderate,G0976
data/processed/no_cyclone/NONCYCLONE_03074.png,0,,NI,north_indian_ocean,bay_of_bengal,2022-12-08T12:00:00Z,IMG3720,no_cyclone,,easy,G1773
data/processed/no_cyclone/NONCYCLONE_00902.png,0,,NI,north_indian_ocean,arabian_sea,2022-12-10T12:00:00Z,IMG3721,no_cyclone,,easy,G1774
data/processed/no_cyclone/NONCYCLONE_00944.png,0,,NI,north_indian_ocean,arabian_sea,2022-12-12T18:00:00Z,IMG3722,no_cyclone,,easy,G1775
data/processed/no_cyclone/NONCYCLONE_02070.png,0,,NI,north_indian_ocean,arabian_sea,2022-12-13T00:00:00Z,IMG3723,no_cyclone,,moderate,G0977
data/processed/no_cyclone/NONCYCLONE_03418.png,0,,NI,north_indian_ocean,bay_of_bengal,2022-12-13T18:00:00Z,IMG3724,no_cyclone,,moderate,G1776
data/processed/no_cyclone/NONCYCLONE_00265.png,0,,NI,north_indian_ocean,bay_of_bengal,2022-12-14T00:00:00Z,IMG3725,no_cyclone,,easy,G1776
data/processed/no_cyclone/NONCYCLONE_03228.png,0,,NI,north_indian_ocean,bay_of_bengal,2022-12-15T06:00:00Z,IMG3727,no_cyclone,,easy,G0977
data/processed/no_cyclone/NONCYCLONE_00032.png,0,,NI,north_indian_ocean,bay_of_bengal,2022-12-15T18:00:00Z,IMG3728,no_cyclone,,easy,G0977
data/processed/no_cyclone/NONCYCLONE_03333.png,0,,NI,north_indian_ocean,bay_of_bengal,2022-12-17T12:00:00Z,IMG3730,no_cyclone,,hard,G1779
data/processed/no_cyclone/NONCYCLONE_03922.png,0,,NI,north_indian_ocean,bay_of_bengal,2022-12-18T00:00:00Z,IMG3731,no_cyclone,,hard,G1779
data/processed/no_cyclone/NONCYCLONE_03670.png,0,,NI,north_indian_ocean,bay_of_bengal,2022-12-18T18:00:00Z,IMG3732,no_cyclone,,easy,G1780
data/processed/no_cyclone/NONCYCLONE_01078.png,0,,NI,north_indian_ocean,arabian_sea,2022-12-23T03:00:00Z,IMG3733,no_cyclone,,easy,G1781
data/processed/no_cyclone/NONCYCLONE_01067.png,0,,NI,north_indian_ocean,bay_of_bengal,2022-12-23T15:00:00Z,IMG3734,no_cyclone,,moderate,G1782
data/processed/no_cyclone/NONCYCLONE_00386.png,0,,NI,north_indian_ocean,bay_of_bengal,2023-02-01T21:00:00Z,IMG3742,no_cyclone,,easy,G1784
data/processed/no_cyclone/NONCYCLONE_02361.png,0,,NI,north_indian_ocean,arabian_sea,2023-05-09T12:00:00Z,IMG3744,no_cyclone,,moderate,G1786
data/processed/no_cyclone/NONCYCLONE_01348.png,0,,NI,north_indian_ocean,bay_of_bengal,2023-05-10T18:00:00Z,IMG3745,no_cyclone,,easy,G0986
data/processed/no_cyclone/NONCYCLONE_00176.png,0,,NI,north_indian_ocean,arabian_sea,2023-05-11T06:00:00Z,IMG3746,no_cyclone,,moderate,G1787
data/processed/no_cyclone/NONCYCLONE_01365.png,0,,NI,north_indian_ocean,bay_of_bengal,2023-05-12T00:00:00Z,IMG3747,no_cyclone,,moderate,G0986
data/processed/no_cyclone/NONCYCLONE_02670.png,0,,NI,north_indian_ocean,arabian_sea,2023-05-12T12:00:00Z,IMG3748,no_cyclone,,easy,G1788
data/processed/no_cyclone/NONCYCLONE_01387.png,0,,NI,north_indian_ocean,arabian_sea,2023-05-13T06:00:00Z,IMG3749,no_cyclone,,easy,G1789
data/processed/no_cyclone/NONCYCLONE_03492.png,0,,NI,north_indian_ocean,bay_of_bengal,2023-06-05T00:00:00Z,IMG3753,no_cyclone,,hard,G1791
data/processed/no_cyclone/NONCYCLONE_03251.png,0,,NI,north_indian_ocean,arabian_sea,2023-06-05T06:00:00Z,IMG3754,no_cyclone,,hard,G1791
data/processed/no_cyclone/NONCYCLONE_01041.png,0,,NI,north_indian_ocean,bay_of_bengal,2023-06-05T12:00:00Z,IMG3755,no_cyclone,,moderate,G1791
data/processed/no_cyclone/NONCYCLONE_02363.png,0,,NI,north_indian_ocean,arabian_sea,2023-06-05T18:00:00Z,IMG3756,no_cyclone,,easy,G1791
data/processed/no_cyclone/NONCYCLONE_02738.png,0,,NI,north_indian_ocean,bay_of_bengal,2023-06-06T00:00:00Z,IMG3757,no_cyclone,,hard,G1791
data/processed/no_cyclone/NONCYCLONE_01664.png,0,,NI,north_indian_ocean,bay_of_bengal,2023-06-06T18:00:00Z,IMG3758,no_cyclone,,hard,G1792
data/processed/no_cyclone/NONCYCLONE_00751.png,0,,NI,north_indian_ocean,arabian_sea,2023-06-10T12:00:00Z,IMG3763,no_cyclone,,moderate,G0988
data/processed/no_cyclone/NONCYCLONE_03397.png,0,,NI,north_indian_ocean,arabian_sea,2023-06-10T18:00:00Z,IMG3764,no_cyclone,,moderate,G0988
data/processed/no_cyclone/NONCYCLONE_00171.png,0,,NI,north_indian_ocean,bay_of_bengal,2023-06-11T00:00:00Z,IMG3765,no_cyclone,,moderate,G0988
data/processed/no_cyclone/NONCYCLONE_03096.png,0,,NI,north_indian_ocean,bay_of_bengal,2023-06-11T12:00:00Z,IMG3766,no_cyclone,,moderate,G0988
data/processed/no_cyclone/NONCYCLONE_02978.png,0,,NI,north_indian_ocean,bay_of_bengal,2023-06-11T18:00:00Z,IMG3767,no_cyclone,,moderate,G0988
data/processed/no_cyclone/NONCYCLONE_03865.png,0,,NI,north_indian_ocean,bay_of_bengal,2023-06-12T00:00:00Z,IMG3768,no_cyclone,,moderate,G0988
data/processed/no_cyclone/NONCYCLONE_04457.png,0,,NI,north_indian_ocean,bay_of_bengal,2023-06-13T12:00:00Z,IMG3770,no_cyclone,,moderate,G0988
data/processed/no_cyclone/NONCYCLONE_00417.png,0,,NI,north_indian_ocean,arabian_sea,2023-06-13T18:00:00Z,IMG3771,no_cyclone,,moderate,G0988
data/processed/no_cyclone/NONCYCLONE_01361.png,0,,NI,north_indian_ocean,arabian_sea,2023-06-14T06:00:00Z,IMG3772,no_cyclone,,moderate,G0988
data/processed/no_cyclone/NONCYCLONE_04509.png,0,,NI,north_indian_ocean,bay_of_bengal,2023-06-15T12:00:00Z,IMG3773,no_cyclone,,hard,G1796
data/processed/no_cyclone/NONCYCLONE_00501.png,0,,NI,north_indian_ocean,bay_of_bengal,2023-06-16T00:00:00Z,IMG3774,no_cyclone,,moderate,G1796
data/processed/no_cyclone/NONCYCLONE_03688.png,0,,NI,north_indian_ocean,bay_of_bengal,2023-06-16T06:00:00Z,IMG3775,no_cyclone,,easy,G0988
data/processed/no_cyclone/NONCYCLONE_02965.png,0,,NI,north_indian_ocean,bay_of_bengal,2023-06-16T12:00:00Z,IMG3776,no_cyclone,,easy,G0988
data/processed/no_cyclone/NONCYCLONE_00667.png,0,,NI,north_indian_ocean,bay_of_bengal,2023-06-17T06:00:00Z,IMG3777,no_cyclone,,easy,G1797
data/processed/no_cyclone/NONCYCLONE_01804.png,0,,NI,north_indian_ocean,bay_of_bengal,2023-06-17T12:00:00Z,IMG3778,no_cyclone,,hard,G1797
data/processed/no_cyclone/NONCYCLONE_00425.png,0,,NI,north_indian_ocean,bay_of_bengal,2023-06-18T00:00:00Z,IMG3779,no_cyclone,,hard,G1797
data/processed/no_cyclone/NONCYCLONE_02791.png,0,,NI,north_indian_ocean,bay_of_bengal,2023-06-18T06:00:00Z,IMG3780,no_cyclone,,hard,G1797
data/processed/no_cyclone/NONCYCLONE_02557.png,0,,NI,north_indian_ocean,arabian_sea,2023-07-31T06:00:00Z,IMG3782,no_cyclone,,easy,G1799
data/processed/no_cyclone/NONCYCLONE_02267.png,0,,NI,north_indian_ocean,bay_of_bengal,2023-07-31T12:00:00Z,IMG3783,no_cyclone,,hard,G1800
data/processed/no_cyclone/NONCYCLONE_00584.png,0,,NI,north_indian_ocean,bay_of_bengal,2023-08-02T12:00:00Z,IMG3785,no_cyclone,,hard,G0991
data/processed/no_cyclone/NONCYCLONE_03452.png,0,,NI,north_indian_ocean,arabian_sea,2023-08-02T18:00:00Z,IMG3786,no_cyclone,,easy,G1802
data/processed/no_cyclone/NONCYCLONE_00428.png,0,,NI,north_indian_ocean,arabian_sea,2023-08-03T00:00:00Z,IMG3787,no_cyclone,,moderate,G1802
data/processed/no_cyclone/NONCYCLONE_02882.png,0,,NI,north_indian_ocean,arabian_sea,2023-08-03T06:00:00Z,IMG3788,no_cyclone,,easy,G1803
data/processed/no_cyclone/NONCYCLONE_01713.png,0,,NI,north_indian_ocean,arabian_sea,2023-09-30T09:00:00Z,IMG3789,no_cyclone,,easy,G1804
data/processed/no_cyclone/NONCYCLONE_03661.png,0,,NI,north_indian_ocean,bay_of_bengal,2023-10-01T00:00:00Z,IMG3790,no_cyclone,,hard,G1805
data/processed/no_cyclone/NONCYCLONE_01326.png,0,,NI,north_indian_ocean,bay_of_bengal,2023-10-19T06:00:00Z,IMG3791,no_cyclone,,moderate,G1806
data/processed/no_cyclone/NONCYCLONE_01316.png,0,,NI,north_indian_ocean,bay_of_bengal,2023-10-20T00:00:00Z,IMG3793,no_cyclone,,easy,G1808
data/processed/no_cyclone/NONCYCLONE_00812.png,0,,NI,north_indian_ocean,bay_of_bengal,2023-10-20T06:00:00Z,IMG3794,no_cyclone,,easy,G1809
data/processed/no_cyclone/NONCYCLONE_03794.png,0,,NI,north_indian_ocean,arabian_sea,2023-10-24T00:00:00Z,IMG3796,no_cyclone,,easy,G1002
data/processed/no_cyclone/NONCYCLONE_03666.png,0,,NI,north_indian_ocean,arabian_sea,2023-10-24T06:00:00Z,IMG3797,no_cyclone,,easy,G1002
data/processed/no_cyclone/NONCYCLONE_02570.png,0,,NI,north_indian_ocean,bay_of_bengal,2023-10-25T00:00:00Z,IMG3798,no_cyclone,,easy,G1810
data/processed/no_cyclone/NONCYCLONE_02163.png,0,,NI,north_indian_ocean,arabian_sea,2023-11-13T06:00:00Z,IMG3799,no_cyclone,,moderate,G1811
data/processed/no_cyclone/NONCYCLONE_02383.png,0,,NI,north_indian_ocean,arabian_sea,2023-11-15T06:00:00Z,IMG3800,no_cyclone,,moderate,G1812
data/processed/no_cyclone/NONCYCLONE_04551.png,0,,NI,north_indian_ocean,bay_of_bengal,2023-11-15T18:00:00Z,IMG3801,no_cyclone,,moderate,G1813
data/processed/no_cyclone/NONCYCLONE_02788.png,0,,NI,north_indian_ocean,bay_of_bengal,2023-11-17T06:00:00Z,IMG3802,no_cyclone,,hard,G1814
data/processed/no_cyclone/NONCYCLONE_01754.png,0,,NI,north_indian_ocean,bay_of_bengal,2023-11-18T00:00:00Z,IMG3803,no_cyclone,,moderate,G1815
data/processed/no_cyclone/NONCYCLONE_02857.png,0,,NI,north_indian_ocean,arabian_sea,2023-11-30T12:00:00Z,IMG3804,no_cyclone,,moderate,G1816
data/processed/no_cyclone/NONCYCLONE_01007.png,0,,NI,north_indian_ocean,arabian_sea,2023-11-30T18:00:00Z,IMG3805,no_cyclone,,easy,G1816
data/processed/no_cyclone/NONCYCLONE_02095.png,0,,NI,north_indian_ocean,bay_of_bengal,2023-12-01T06:00:00Z,IMG3806,no_cyclone,,easy,G1817
data/processed/no_cyclone/NONCYCLONE_02270.png,0,,NI,north_indian_ocean,bay_of_bengal,2023-12-04T00:00:00Z,IMG3810,no_cyclone,,moderate,G1818
data/processed/no_cyclone/NONCYCLONE_04418.png,0,,NI,north_indian_ocean,arabian_sea,2023-12-04T06:00:00Z,IMG3811,no_cyclone,,easy,G1819
data/processed/no_cyclone/NONCYCLONE_01018.png,0,,NI,north_indian_ocean,arabian_sea,2023-12-05T06:00:00Z,IMG3813,no_cyclone,,moderate,G1820
data/processed/no_cyclone/NONCYCLONE_03631.png,0,,NI,north_indian_ocean,arabian_sea,2024-05-23T12:00:00Z,IMG3814,no_cyclone,,easy,G1821
data/processed/no_cyclone/NONCYCLONE_00462.png,0,,NI,north_indian_ocean,arabian_sea,2024-05-23T18:00:00Z,IMG3815,no_cyclone,,moderate,G1821
data/processed/no_cyclone/NONCYCLONE_01726.png,0,,NI,north_indian_ocean,arabian_sea,2024-05-24T06:00:00Z,IMG3816,no_cyclone,,easy,G1821
data/processed/no_cyclone/NONCYCLONE_03082.png,0,,NI,north_indian_ocean,arabian_sea,2024-05-24T18:00:00Z,IMG3817,no_cyclone,,hard,G1822
data/processed/no_cyclone/NONCYCLONE_00827.png,0,,NI,north_indian_ocean,arabian_sea,2024-05-25T00:00:00Z,IMG3818,no_cyclone,,moderate,G1823
data/processed/no_cyclone/NONCYCLONE_01427.png,0,,NI,north_indian_ocean,arabian_sea,2024-05-26T12:00:00Z,IMG3821,no_cyclone,,moderate,G1825
data/processed/no_cyclone/NONCYCLONE_01622.png,0,,NI,north_indian_ocean,bay_of_bengal,2024-05-26T18:00:00Z,IMG3822,no_cyclone,,moderate,G1825
data/processed/no_cyclone/NONCYCLONE_01974.png,0,,NI,north_indian_ocean,arabian_sea,2024-05-27T12:00:00Z,IMG3823,no_cyclone,,moderate,G1826
data/processed/no_cyclone/NONCYCLONE_03896.png,0,,NI,north_indian_ocean,arabian_sea,2024-05-27T18:00:00Z,IMG3824,no_cyclone,,moderate,G1826
data/processed/no_cyclone/NONCYCLONE_00215.png,0,,NI,north_indian_ocean,bay_of_bengal,2024-05-28T00:00:00Z,IMG3825,no_cyclone,,easy,G1826
data/processed/no_cyclone/NONCYCLONE_03604.png,0,,NI,north_indian_ocean,arabian_sea,2024-05-28T06:00:00Z,IMG3826,no_cyclone,,hard,G1826
data/processed/no_cyclone/NONCYCLONE_01775.png,0,,NI,north_indian_ocean,arabian_sea,2024-08-02T12:00:00Z,IMG3830,no_cyclone,,moderate,G1022
data/processed/no_cyclone/NONCYCLONE_01122.png,0,,NI,north_indian_ocean,bay_of_bengal,2024-08-02T18:00:00Z,IMG3831,no_cyclone,,moderate,G1022
data/processed/no_cyclone/NONCYCLONE_03163.png,0,,NI,north_indian_ocean,arabian_sea,2024-08-03T00:00:00Z,IMG3832,no_cyclone,,hard,G1022
data/processed/no_cyclone/NONCYCLONE_01097.png,0,,NI,north_indian_ocean,arabian_sea,2024-08-03T06:00:00Z,IMG3833,no_cyclone,,hard,G1022
data/processed/no_cyclone/NONCYCLONE_03416.png,0,,NI,north_indian_ocean,arabian_sea,2024-08-03T12:00:00Z,IMG3834,no_cyclone,,moderate,G1022
data/processed/no_cyclone/NONCYCLONE_01286.png,0,,NI,north_indian_ocean,bay_of_bengal,2024-08-03T18:00:00Z,IMG3835,no_cyclone,,hard,G1022
data/processed/no_cyclone/NONCYCLONE_02633.png,0,,NI,north_indian_ocean,arabian_sea,2024-08-05T00:00:00Z,IMG3836,no_cyclone,,easy,G1829
data/processed/no_cyclone/NONCYCLONE_02798.png,0,,NI,north_indian_ocean,bay_of_bengal,2024-08-05T12:00:00Z,IMG3837,no_cyclone,,hard,G1022
data/processed/no_cyclone/NONCYCLONE_02170.png,0,,NI,north_indian_ocean,arabian_sea,2024-08-05T18:00:00Z,IMG3838,no_cyclone,,moderate,G1022
data/processed/no_cyclone/NONCYCLONE_02589.png,0,,NI,north_indian_ocean,arabian_sea,2024-08-28T12:00:00Z,IMG3845,no_cyclone,,moderate,G1832
data/processed/no_cyclone/NONCYCLONE_01785.png,0,,NI,north_indian_ocean,bay_of_bengal,2024-08-29T06:00:00Z,IMG3846,no_cyclone,,hard,G1025
data/processed/no_cyclone/NONCYCLONE_02303.png,0,,NI,north_indian_ocean,bay_of_bengal,2024-08-29T18:00:00Z,IMG3847,no_cyclone,,hard,G1025
data/processed/no_cyclone/NONCYCLONE_01757.png,0,,NI,north_indian_ocean,bay_of_bengal,2024-08-30T06:00:00Z,IMG3848,no_cyclone,,hard,G1025
data/processed/no_cyclone/NONCYCLONE_01645.png,0,,NI,north_indian_ocean,bay_of_bengal,2024-08-31T12:00:00Z,IMG3849,no_cyclone,,moderate,G1028
data/processed/no_cyclone/NONCYCLONE_02193.png,0,,NI,north_indian_ocean,bay_of_bengal,2024-09-01T00:00:00Z,IMG3851,no_cyclone,,hard,G1028
data/processed/no_cyclone/NONCYCLONE_04577.png,0,,NI,north_indian_ocean,bay_of_bengal,2024-09-01T12:00:00Z,IMG3852,no_cyclone,,hard,G1028
data/processed/no_cyclone/NONCYCLONE_01370.png,0,,NI,north_indian_ocean,arabian_sea,2024-09-02T00:00:00Z,IMG3853,no_cyclone,,moderate,G1025
data/processed/no_cyclone/NONCYCLONE_00546.png,0,,NI,north_indian_ocean,bay_of_bengal,2024-09-02T12:00:00Z,IMG3854,no_cyclone,,moderate,G1025
data/processed/no_cyclone/NONCYCLONE_01512.png,0,,NI,north_indian_ocean,bay_of_bengal,2024-09-03T00:00:00Z,IMG3855,no_cyclone,,moderate,G1025
data/processed/no_cyclone/NONCYCLONE_04131.png,0,,NI,north_indian_ocean,bay_of_bengal,2024-09-03T06:00:00Z,IMG3856,no_cyclone,,hard,G1025
data/processed/no_cyclone/NONCYCLONE_00041.png,0,,NI,north_indian_ocean,bay_of_bengal,2024-09-11T03:00:00Z,IMG3859,no_cyclone,,moderate,G1031
data/processed/no_cyclone/NONCYCLONE_02859.png,0,,NI,north_indian_ocean,bay_of_bengal,2024-09-11T15:00:00Z,IMG3860,no_cyclone,,hard,G1031
data/processed/no_cyclone/NONCYCLONE_04274.png,0,,NI,north_indian_ocean,bay_of_bengal,2024-09-12T03:00:00Z,IMG3861,no_cyclone,,hard,G1031
data/processed/no_cyclone/NONCYCLONE_00429.png,0,,NI,north_indian_ocean,bay_of_bengal,2024-09-12T09:00:00Z,IMG3862,no_cyclone,,easy,G1031
data/processed/no_cyclone/NONCYCLONE_00828.png,0,,NI,north_indian_ocean,bay_of_bengal,2024-09-12T15:00:00Z,IMG3863,no_cyclone,,easy,G1031
data/processed/no_cyclone/NONCYCLONE_02820.png,0,,NI,north_indian_ocean,bay_of_bengal,2024-09-13T00:00:00Z,IMG3864,no_cyclone,,hard,G1031
data/processed/no_cyclone/NONCYCLONE_04254.png,0,,NI,north_indian_ocean,arabian_sea,2024-09-15T06:00:00Z,IMG3867,no_cyclone,,easy,G1835
data/processed/no_cyclone/NONCYCLONE_01024.png,0,,NI,north_indian_ocean,bay_of_bengal,2024-09-15T12:00:00Z,IMG3868,no_cyclone,,easy,G1835
data/processed/no_cyclone/NONCYCLONE_03248.png,0,,NI,north_indian_ocean,bay_of_bengal,2024-09-16T12:00:00Z,IMG3870,no_cyclone,,moderate,G1837
data/processed/no_cyclone/NONCYCLONE_03680.png,0,,NI,north_indian_ocean,bay_of_bengal,2024-10-21T06:00:00Z,IMG3882,no_cyclone,,easy,G1840
data/processed/no_cyclone/NONCYCLONE_00860.png,0,,NI,north_indian_ocean,arabian_sea,2024-10-21T12:00:00Z,IMG3883,no_cyclone,,moderate,G1840
data/processed/no_cyclone/NONCYCLONE_03675.png,0,,NI,north_indian_ocean,bay_of_bengal,2024-10-21T18:00:00Z,IMG3884,no_cyclone,,easy,G1840
data/processed/no_cyclone/NONCYCLONE_03541.png,0,,NI,north_indian_ocean,bay_of_bengal,2024-10-23T06:00:00Z,IMG3885,no_cyclone,,moderate,G1841
data/processed/no_cyclone/NONCYCLONE_02235.png,0,,NI,north_indian_ocean,bay_of_bengal,2024-10-24T12:00:00Z,IMG3886,no_cyclone,,moderate,G1842
data/processed/no_cyclone/NONCYCLONE_04230.png,0,,NI,north_indian_ocean,arabian_sea,2024-10-26T00:00:00Z,IMG3887,no_cyclone,,easy,G1843
data/processed/no_cyclone/NONCYCLONE_01938.png,0,,NI,north_indian_ocean,bay_of_bengal,2024-11-26T06:00:00Z,IMG3893,no_cyclone,,hard,G1845
data/processed/no_cyclone/NONCYCLONE_02283.png,0,,NI,north_indian_ocean,bay_of_bengal,2024-11-29T06:00:00Z,IMG3897,no_cyclone,,easy,G1846
data/processed/no_cyclone/NONCYCLONE_04384.png,0,,NI,north_indian_ocean,arabian_sea,2024-11-29T18:00:00Z,IMG3898,no_cyclone,,easy,G1847
data/processed/no_cyclone/NONCYCLONE_03176.png,0,,NI,north_indian_ocean,bay_of_bengal,2024-11-30T00:00:00Z,IMG3899,no_cyclone,,moderate,G1848
data/processed/no_cyclone/NONCYCLONE_04369.png,0,,NI,north_indian_ocean,arabian_sea,2024-12-02T18:00:00Z,IMG3900,no_cyclone,,easy,G1849
data/processed/no_cyclone/NONCYCLONE_03377.png,0,,NI,north_indian_ocean,bay_of_bengal,2024-12-03T06:00:00Z,IMG3901,no_cyclone,,easy,G1849
data/processed/no_cyclone/NONCYCLONE_04600.png,0,,NI,north_indian_ocean,arabian_sea,2024-12-03T18:00:00Z,IMG3902,no_cyclone,,easy,G1850
data/processed/no_cyclone/NONCYCLONE_00141.png,0,,NI,north_indian_ocean,bay_of_bengal,2024-12-04T00:00:00Z,IMG3903,no_cyclone,,hard,G1851
data/processed/no_cyclone/NONCYCLONE_04095.png,0,,NI,north_indian_ocean,bay_of_bengal,2024-12-21T06:00:00Z,IMG3905,no_cyclone,,easy,G1043
data/processed/no_cyclone/NONCYCLONE_03444.png,0,,NI,north_indian_ocean,arabian_sea,2025-05-29T06:00:00Z,IMG3909,no_cyclone,,hard,G1853
data/processed/no_cyclone/NONCYCLONE_02020.png,0,,NI,north_indian_ocean,arabian_sea,2025-05-30T06:00:00Z,IMG3910,no_cyclone,,hard,G1854
data/processed/no_cyclone/NONCYCLONE_00991.png,0,,NI,north_indian_ocean,bay_of_bengal,2025-07-14T12:00:00Z,IMG3911,no_cyclone,,moderate,G1061
data/processed/no_cyclone/NONCYCLONE_01194.png,0,,NI,north_indian_ocean,bay_of_bengal,2025-07-15T00:00:00Z,IMG3912,no_cyclone,,hard,G1061
data/processed/no_cyclone/NONCYCLONE_02083.png,0,,NI,north_indian_ocean,bay_of_bengal,2025-07-15T03:00:00Z,IMG3913,no_cyclone,,moderate,G1061
data/processed/no_cyclone/NONCYCLONE_02617.png,0,,NI,north_indian_ocean,bay_of_bengal,2025-07-15T09:00:00Z,IMG3914,no_cyclone,,hard,G1061
data/processed/no_cyclone/NONCYCLONE_04282.png,0,,NI,north_indian_ocean,bay_of_bengal,2025-07-15T15:00:00Z,IMG3915,no_cyclone,,hard,G1061
data/processed/no_cyclone/NONCYCLONE_00592.png,0,,NI,north_indian_ocean,bay_of_bengal,2025-07-17T00:00:00Z,IMG3916,no_cyclone,,hard,G1855
data/processed/no_cyclone/NONCYCLONE_00819.png,0,,NI,north_indian_ocean,bay_of_bengal,2025-07-25T00:00:00Z,IMG3920,no_cyclone,,hard,G1063
data/processed/no_cyclone/NONCYCLONE_03772.png,0,,NI,north_indian_ocean,arabian_sea,2025-07-25T06:00:00Z,IMG3921,no_cyclone,,moderate,G1063
data/processed/no_cyclone/NONCYCLONE_02067.png,0,,NI,north_indian_ocean,arabian_sea,2025-07-26T12:00:00Z,IMG3922,no_cyclone,,moderate,G1063
data/processed/no_cyclone/NONCYCLONE_01327.png,0,,NI,north_indian_ocean,arabian_sea,2025-08-22T12:00:00Z,IMG3925,no_cyclone,,moderate,G1857
data/processed/no_cyclone/NONCYCLONE_01076.png,0,,NI,north_indian_ocean,arabian_sea,2025-08-22T18:00:00Z,IMG3926,no_cyclone,,moderate,G1857
data/processed/no_cyclone/NONCYCLONE_04323.png,0,,NI,north_indian_ocean,bay_of_bengal,2025-08-24T00:00:00Z,IMG3927,no_cyclone,,hard,G1858
data/processed/no_cyclone/NONCYCLONE_00924.png,0,,NI,north_indian_ocean,bay_of_bengal,2025-08-24T06:00:00Z,IMG3928,no_cyclone,,easy,G1858
data/processed/no_cyclone/NONCYCLONE_02279.png,0,,NI,north_indian_ocean,bay_of_bengal,2025-08-24T12:00:00Z,IMG3929,no_cyclone,,hard,G1858
data/processed/no_cyclone/NONCYCLONE_01154.png,0,,NI,north_indian_ocean,bay_of_bengal,2025-08-25T00:00:00Z,IMG3930,no_cyclone,,hard,G1858
data/processed/no_cyclone/NONCYCLONE_01095.png,0,,NI,north_indian_ocean,arabian_sea,2025-08-25T06:00:00Z,IMG3931,no_cyclone,,easy,G1859
data/processed/no_cyclone/NONCYCLONE_02818.png,0,,NI,north_indian_ocean,bay_of_bengal,2025-08-25T12:00:00Z,IMG3932,no_cyclone,,hard,G1858
data/processed/no_cyclone/NONCYCLONE_01497.png,0,,NI,north_indian_ocean,bay_of_bengal,2025-08-25T18:00:00Z,IMG3933,no_cyclone,,hard,G1858
data/processed/no_cyclone/NONCYCLONE_02874.png,0,,NI,north_indian_ocean,bay_of_bengal,2025-08-26T00:00:00Z,IMG3934,no_cyclone,,hard,G1858
data/processed/no_cyclone/NONCYCLONE_00375.png,0,,NI,north_indian_ocean,arabian_sea,2025-08-26T12:00:00Z,IMG3935,no_cyclone,,moderate,G1860
data/processed/no_cyclone/NONCYCLONE_01142.png,0,,NI,north_indian_ocean,bay_of_bengal,2025-08-26T18:00:00Z,IMG3936,no_cyclone,,moderate,G1861
data/processed/no_cyclone/NONCYCLONE_01951.png,0,,NI,north_indian_ocean,arabian_sea,2025-08-27T00:00:00Z,IMG3937,no_cyclone,,moderate,G1860
data/processed/no_cyclone/NONCYCLONE_01493.png,0,,NI,north_indian_ocean,bay_of_bengal,2025-09-07T00:00:00Z,IMG3938,no_cyclone,,moderate,G1068
data/processed/no_cyclone/NONCYCLONE_04248.png,0,,NI,north_indian_ocean,bay_of_bengal,2025-09-07T12:00:00Z,IMG3939,no_cyclone,,hard,G1068
data/processed/no_cyclone/NONCYCLONE_01491.png,0,,NI,north_indian_ocean,arabian_sea,2025-09-07T18:00:00Z,IMG3940,no_cyclone,,moderate,G1862
data/processed/no_cyclone/NONCYCLONE_04506.png,0,,NI,north_indian_ocean,bay_of_bengal,2025-09-08T00:00:00Z,IMG3941,no_cyclone,,easy,G1068
data/processed/no_cyclone/NONCYCLONE_01391.png,0,,NI,north_indian_ocean,bay_of_bengal,2025-09-08T06:00:00Z,IMG3942,no_cyclone,,moderate,G1862
data/processed/no_cyclone/NONCYCLONE_02580.png,0,,NI,north_indian_ocean,arabian_sea,2025-09-08T18:00:00Z,IMG3943,no_cyclone,,easy,G1068
data/processed/no_cyclone/NONCYCLONE_04240.png,0,,NI,north_indian_ocean,arabian_sea,2025-09-25T12:00:00Z,IMG3949,no_cyclone,,moderate,G1866
data/processed/no_cyclone/NONCYCLONE_00927.png,0,,NI,north_indian_ocean,arabian_sea,2025-09-30T00:00:00Z,IMG3955,no_cyclone,,hard,G1867
data/processed/no_cyclone/NONCYCLONE_02496.png,0,,NI,north_indian_ocean,bay_of_bengal,2025-09-30T12:00:00Z,IMG3956,no_cyclone,,hard,G1868
data/processed/no_cyclone/NONCYCLONE_01060.png,0,,NI,north_indian_ocean,arabian_sea,2025-10-01T06:00:00Z,IMG3957,no_cyclone,,moderate,G1073
data/processed/no_cyclone/NONCYCLONE_01694.png,0,,NI,north_indian_ocean,bay_of_bengal,2025-10-02T12:00:00Z,IMG3958,no_cyclone,,moderate,G1073
data/processed/no_cyclone/NONCYCLONE_01314.png,0,,NI,north_indian_ocean,bay_of_bengal,2025-10-03T18:00:00Z,IMG3959,no_cyclone,,moderate,G1073
data/processed/no_cyclone/NONCYCLONE_04351.png,0,,NI,north_indian_ocean,bay_of_bengal,2025-10-04T00:00:00Z,IMG3960,no_cyclone,,moderate,G1073
data/processed/no_cyclone/NONCYCLONE_01735.png,0,,NI,north_indian_ocean,bay_of_bengal,2025-10-05T12:00:00Z,IMG3961,no_cyclone,,moderate,G1869
data/processed/no_cyclone/NONCYCLONE_00962.png,0,,NI,north_indian_ocean,bay_of_bengal,2025-10-06T12:00:00Z,IMG3962,no_cyclone,,moderate,G1870
data/processed/no_cyclone/NONCYCLONE_03667.png,0,,NI,north_indian_ocean,bay_of_bengal,2025-10-06T18:00:00Z,IMG3963,no_cyclone,,hard,G1870
data/processed/no_cyclone/NONCYCLONE_01598.png,0,,NI,north_indian_ocean,arabian_sea,2025-10-22T06:00:00Z,IMG3965,no_cyclone,,moderate,G1075
data/processed/no_cyclone/NONCYCLONE_03746.png,0,,NI,north_indian_ocean,arabian_sea,2025-10-22T12:00:00Z,IMG3966,no_cyclone,,moderate,G1075
data/processed/no_cyclone/NONCYCLONE_00903.png,0,,NI,north_indian_ocean,bay_of_bengal,2025-10-22T18:00:00Z,IMG3967,no_cyclone,,easy,G1872
data/processed/no_cyclone/NONCYCLONE_01109.png,0,,NI,north_indian_ocean,arabian_sea,2025-10-23T12:00:00Z,IMG3968,no_cyclone,,moderate,G1075
data/processed/no_cyclone/NONCYCLONE_01916.png,0,,NI,north_indian_ocean,bay_of_bengal,2025-10-23T18:00:00Z,IMG3969,no_cyclone,,hard,G1075
data/processed/no_cyclone/NONCYCLONE_04426.png,0,,NI,north_indian_ocean,arabian_sea,2025-10-24T00:00:00Z,IMG3970,no_cyclone,,moderate,G1075
data/processed/no_cyclone/NONCYCLONE_02510.png,0,,NI,north_indian_ocean,arabian_sea,2025-10-24T12:00:00Z,IMG3971,no_cyclone,,moderate,G1075
data/processed/no_cyclone/NONCYCLONE_02862.png,0,,NI,north_indian_ocean,arabian_sea,2025-10-24T18:00:00Z,IMG3972,no_cyclone,,moderate,G1075
data/processed/no_cyclone/NONCYCLONE_00409.png,0,,NI,north_indian_ocean,arabian_sea,2025-10-26T00:00:00Z,IMG3973,no_cyclone,,easy,G1075
data/processed/no_cyclone/NONCYCLONE_01151.png,0,,NI,north_indian_ocean,bay_of_bengal,2025-10-26T06:00:00Z,IMG3974,no_cyclone,,moderate,G1075
data/processed/no_cyclone/NONCYCLONE_00621.png,0,,NI,north_indian_ocean,bay_of_bengal,2025-10-28T12:00:00Z,IMG3977,no_cyclone,,moderate,G1075
data/processed/no_cyclone/NONCYCLONE_02157.png,0,,NI,north_indian_ocean,arabian_sea,2025-10-28T18:00:00Z,IMG3978,no_cyclone,,easy,G1874
data/processed/no_cyclone/NONCYCLONE_04353.png,0,,NI,north_indian_ocean,bay_of_bengal,2025-10-29T12:00:00Z,IMG3979,no_cyclone,,moderate,G1075
data/processed/no_cyclone/NONCYCLONE_00205.png,0,,NI,north_indian_ocean,bay_of_bengal,2025-10-30T06:00:00Z,IMG3980,no_cyclone,,easy,G1075
data/processed/no_cyclone/NONCYCLONE_03663.png,0,,NI,north_indian_ocean,arabian_sea,2025-10-30T18:00:00Z,IMG3981,no_cyclone,,easy,G1075
data/processed/no_cyclone/NONCYCLONE_03328.png,0,,NI,north_indian_ocean,arabian_sea,2025-10-31T00:00:00Z,IMG3982,no_cyclone,,easy,G1075
data/processed/no_cyclone/NONCYCLONE_02685.png,0,,NI,north_indian_ocean,arabian_sea,2025-10-31T06:00:00Z,IMG3983,no_cyclone,,easy,G1075
data/processed/no_cyclone/NONCYCLONE_03079.png,0,,NI,north_indian_ocean,bay_of_bengal,2025-11-26T03:00:00Z,IMG3986,no_cyclone,,easy,G1076
data/processed/no_cyclone/NONCYCLONE_01830.png,0,,NI,north_indian_ocean,bay_of_bengal,2025-11-26T09:00:00Z,IMG3987,no_cyclone,,moderate,G1076
data/processed/no_cyclone/NONCYCLONE_01068.png,0,,NI,north_indian_ocean,arabian_sea,2025-11-26T18:00:00Z,IMG3988,no_cyclone,,moderate,G1076
data/processed/no_cyclone/NONCYCLONE_03859.png,0,,NI,north_indian_ocean,bay_of_bengal,2025-11-26T21:00:00Z,IMG3989,no_cyclone,,easy,G1076
data/processed/no_cyclone/NONCYCLONE_01012.png,0,,NI,north_indian_ocean,bay_of_bengal,2025-11-27T00:00:00Z,IMG3990,no_cyclone,,easy,G1076
data/processed/no_cyclone/NONCYCLONE_03879.png,0,,NI,north_indian_ocean,bay_of_bengal,2025-11-27T06:00:00Z,IMG3991,no_cyclone,,easy,G1076
data/processed/no_cyclone/NONCYCLONE_01957.png,0,,NI,north_indian_ocean,arabian_sea,2025-11-27T09:00:00Z,IMG3992,no_cyclone,,easy,G1076
data/processed/no_cyclone/NONCYCLONE_02546.png,0,,NI,north_indian_ocean,bay_of_bengal,2025-11-27T12:00:00Z,IMG3993,no_cyclone,,easy,G1076
data/processed/no_cyclone/NONCYCLONE_03276.png,0,,NI,north_indian_ocean,arabian_sea,2025-11-27T21:00:00Z,IMG3994,no_cyclone,,easy,G1076
data/processed/no_cyclone/NONCYCLONE_03138.png,0,,NI,north_indian_ocean,arabian_sea,2025-11-28T03:00:00Z,IMG3995,no_cyclone,,easy,G1076
data/processed/no_cyclone/NONCYCLONE_01802.png,0,,NI,north_indian_ocean,arabian_sea,2025-11-28T09:00:00Z,IMG3996,no_cyclone,,easy,G1076
data/processed/no_cyclone/NONCYCLONE_02291.png,0,,NI,north_indian_ocean,bay_of_bengal,2025-12-01T06:00:00Z,IMG3999,no_cyclone,,easy,G1877
